nominal_pred,guardian_pred,nominal_conf,guardian_conf,nominal_anom_prob,guardian_anom_prob,prob_diff_anomaly,detected,reason
1,0,14.504829406738281,6.754858016967773,14.504829406738281,-6.820339679718018,-21.32516860961914,True,disagreement
1,0,21.023326873779297,7.507303237915039,21.023326873779297,-7.55876350402832,-28.582090377807617,True,disagreement
1,0,5.2361860275268555,10.107873916625977,5.2361860275268555,-10.157439231872559,-15.393625259399414,True,disagreement
0,1,7.541995048522949,4.035400867462158,-7.579833030700684,4.035400867462158,11.615234375,True,"disagreement,high_confidence_disagreement"
1,0,12.934854507446289,6.760514736175537,12.934854507446289,-6.814157009124756,-19.749011993408203,True,disagreement
1,0,6.495241165161133,7.991855144500732,6.495241165161133,-8.04333782196045,-14.538578987121582,True,disagreement
1,0,3.804471969604492,9.094316482543945,3.804471969604492,-9.14862060546875,-12.953092575073242,True,disagreement
0,0,2.7497100830078125,9.26069450378418,-2.786254405975342,-9.278664588928223,-6.492410182952881,False,none
1,0,3.8399817943573,6.273412704467773,3.8399817943573,-6.312252998352051,-10.15223503112793,True,disagreement
1,0,5.825405120849609,11.749329566955566,5.825405120849609,-11.796735763549805,-17.622140884399414,True,disagreement
1,0,8.767853736877441,5.885681629180908,8.767853736877441,-5.9418439865112305,-14.709697723388672,True,disagreement
1,0,13.722814559936523,5.25044584274292,13.722814559936523,-5.327037811279297,-19.04985237121582,True,disagreement
1,0,9.556734085083008,9.065312385559082,9.556734085083008,-9.107320785522461,-18.66405487060547,True,disagreement
0,1,5.878660678863525,6.5180792808532715,-5.915900230407715,6.5180792808532715,12.433979034423828,True,"disagreement,high_confidence_disagreement"
1,0,11.999165534973145,7.41140604019165,11.999165534973145,-7.463335037231445,-19.462501525878906,True,disagreement
1,0,14.283968925476074,5.127477169036865,14.283968925476074,-5.203571319580078,-19.48754119873047,True,disagreement
1,0,14.043444633483887,6.270122051239014,14.043444633483887,-6.326539516448975,-20.369983673095703,True,disagreement
1,0,4.303135871887207,4.599133014678955,4.303135871887207,-4.6532464027404785,-8.956382751464844,True,disagreement
1,0,8.062594413757324,7.301387310028076,8.062594413757324,-7.355489730834961,-15.418084144592285,True,disagreement
1,0,1.295143485069275,6.393563747406006,1.295143485069275,-6.4306535720825195,-7.725797176361084,True,disagreement
1,0,1.8609205484390259,4.861196041107178,1.8609205484390259,-4.9157586097717285,-6.776679039001465,True,disagreement
0,1,0.3417808413505554,8.750592231750488,-0.3763754963874817,8.750592231750488,9.126967430114746,True,"disagreement,high_confidence_disagreement"
1,0,4.168208122253418,2.3546805381774902,4.168208122253418,-2.4233522415161133,-6.591560363769531,True,disagreement
1,0,12.725001335144043,7.271852016448975,12.725001335144043,-7.323460102081299,-20.0484619140625,True,disagreement
1,1,30.076074600219727,31.01289939880371,30.076074600219727,31.01289939880371,0.9368247985839844,False,none
1,0,6.240629196166992,10.483898162841797,6.240629196166992,-10.526213645935059,-16.766841888427734,True,disagreement
1,0,1.1732380390167236,5.366063594818115,1.1732380390167236,-5.414523124694824,-6.587760925292969,True,disagreement
1,0,4.618022918701172,6.152102947235107,4.618022918701172,-6.191738128662109,-10.809761047363281,True,disagreement
1,0,4.713223457336426,14.592578887939453,4.713223457336426,-14.602197647094727,-19.31542205810547,True,disagreement
1,0,2.401773452758789,2.459644079208374,2.401773452758789,-2.5340752601623535,-4.935848712921143,True,disagreement
1,0,12.715842247009277,5.817678928375244,12.715842247009277,-5.890407562255859,-18.606250762939453,True,disagreement
1,0,13.887548446655273,6.405770778656006,13.887548446655273,-6.461644172668457,-20.349193572998047,True,disagreement
1,0,13.175080299377441,10.627144813537598,13.175080299377441,-10.65390682220459,-23.82898712158203,True,disagreement
1,0,2.6966280937194824,6.638857841491699,2.6966280937194824,-6.688180446624756,-9.384808540344238,True,disagreement
0,1,3.8017637729644775,7.6376142501831055,-3.8387868404388428,7.6376142501831055,11.476401329040527,True,"disagreement,high_confidence_disagreement"
1,0,11.618257522583008,4.082927703857422,11.618257522583008,-4.156251907348633,-15.77450942993164,True,disagreement
1,0,8.253684997558594,7.697292804718018,8.253684997558594,-7.749456882476807,-16.003141403198242,True,disagreement
1,0,6.975674629211426,15.119924545288086,6.975674629211426,-15.124022483825684,-22.09969711303711,True,disagreement
0,1,5.431983947753906,4.532367706298828,-5.469285011291504,4.532367706298828,10.001652717590332,True,"disagreement,high_confidence_disagreement"
1,0,1.377900242805481,5.91893196105957,1.377900242805481,-5.960583686828613,-7.338483810424805,True,disagreement
1,0,8.030743598937988,12.485013961791992,8.030743598937988,-12.50847053527832,-20.539215087890625,True,disagreement
1,0,13.160609245300293,7.579206943511963,13.160609245300293,-7.629372596740723,-20.789981842041016,True,disagreement
1,0,13.427642822265625,8.548843383789062,13.427642822265625,-8.59026050567627,-22.017902374267578,True,disagreement
1,0,3.4794387817382812,8.092055320739746,3.4794387817382812,-8.15117359161377,-11.63061237335205,True,disagreement
1,0,4.145028114318848,7.087612628936768,4.145028114318848,-7.1409406661987305,-11.285968780517578,True,disagreement
1,0,15.928610801696777,2.094735860824585,15.928610801696777,-2.187053680419922,-18.115665435791016,True,disagreement
1,0,1.5634191036224365,5.873417377471924,1.5634191036224365,-5.940319061279297,-7.5037384033203125,True,disagreement
0,0,0.8034769296646118,11.263650894165039,-0.836222231388092,-11.254473686218262,-10.418251037597656,False,none
1,0,13.859539031982422,2.748086929321289,13.859539031982422,-2.832211494445801,-16.691749572753906,True,disagreement
1,0,13.90534496307373,6.425404071807861,13.90534496307373,-6.480833530426025,-20.386178970336914,True,disagreement
1,0,12.281189918518066,7.470500946044922,12.281189918518066,-7.521895408630371,-19.803085327148438,True,disagreement
1,0,1.693444848060608,13.872751235961914,1.693444848060608,-13.9093017578125,-15.602746963500977,True,disagreement
1,0,12.086065292358398,7.310303688049316,12.086065292358398,-7.362425804138184,-19.448490142822266,True,disagreement
1,0,12.626988410949707,8.132172584533691,12.626988410949707,-8.18237590789795,-20.809364318847656,True,disagreement
1,1,14.323569297790527,8.81128978729248,14.323569297790527,8.81128978729248,-5.512279510498047,False,none
1,0,0.013166666030883789,11.318836212158203,0.013166666030883789,-11.324751853942871,-11.337918281555176,True,disagreement
1,0,15.630158424377441,5.725479602813721,15.630158424377441,-5.78767204284668,-21.417831420898438,True,disagreement
1,0,12.70695686340332,7.581575870513916,12.70695686340332,-7.6380462646484375,-20.345003128051758,True,disagreement
0,0,8.150290489196777,0.04108574986457825,-8.187556266784668,-0.1411464512348175,8.046409606933594,False,none
1,1,8.087994575500488,10.292109489440918,8.087994575500488,10.292109489440918,2.2041149139404297,False,none
1,0,8.806952476501465,5.235678195953369,8.806952476501465,-5.311125755310059,-14.118078231811523,True,disagreement
1,0,10.710518836975098,7.2549967765808105,10.710518836975098,-7.3096160888671875,-18.02013397216797,True,disagreement
1,0,10.818572044372559,6.10930871963501,10.818572044372559,-6.169693946838379,-16.988265991210938,True,disagreement
0,1,3.374119997024536,5.466532230377197,-3.409775495529175,5.466532230377197,8.876307487487793,True,"disagreement,high_confidence_disagreement"
1,0,13.045042991638184,4.71329927444458,13.045042991638184,-4.791025638580322,-17.836069107055664,True,disagreement
1,0,5.472431182861328,5.779882431030273,5.472431182861328,-5.844539165496826,-11.316970825195312,True,disagreement
1,0,6.393754959106445,8.11911392211914,6.393754959106445,-8.164745330810547,-14.558500289916992,True,disagreement
1,0,0.23399555683135986,14.261503219604492,0.23399555683135986,-14.295971870422363,-14.529967308044434,True,disagreement
1,0,5.924393653869629,16.26323127746582,5.924393653869629,-16.258493423461914,-22.18288803100586,True,disagreement
1,0,21.613487243652344,6.937738418579102,21.613487243652344,-6.991974830627441,-28.60546112060547,True,disagreement
1,0,9.475412368774414,8.583147048950195,9.475412368774414,-8.62506103515625,-18.100473403930664,True,disagreement
1,0,13.822672843933105,6.6336445808410645,13.822672843933105,-6.689049243927002,-20.511722564697266,True,disagreement
1,0,14.823395729064941,7.6852288246154785,14.823395729064941,-7.744759559631348,-22.56815528869629,True,disagreement
0,1,3.8975396156311035,7.526447296142578,-3.934800386428833,7.526447296142578,11.461247444152832,True,"disagreement,high_confidence_disagreement"
1,0,18.416322708129883,5.639276027679443,18.416322708129883,-5.702205657958984,-24.118528366088867,True,disagreement
1,0,7.061001777648926,8.931377410888672,7.061001777648926,-8.970379829406738,-16.031381607055664,True,disagreement
1,0,12.889853477478027,8.334885597229004,12.889853477478027,-8.394561767578125,-21.28441619873047,True,disagreement
1,0,13.448773384094238,7.012491703033447,13.448773384094238,-7.067829132080078,-20.5166015625,True,disagreement
1,0,10.53850269317627,6.091500759124756,10.53850269317627,-6.14842414855957,-16.686927795410156,True,disagreement
1,0,17.020620346069336,6.860671520233154,17.020620346069336,-6.919007301330566,-23.93962860107422,True,disagreement
1,0,3.6176087856292725,5.755762577056885,3.6176087856292725,-5.806756973266602,-9.424365997314453,True,disagreement
1,0,13.58861255645752,7.7177300453186035,13.58861255645752,-7.781002998352051,-21.36961555480957,True,disagreement
1,0,1.2324275970458984,7.584000587463379,1.2324275970458984,-7.613576412200928,-8.846004486083984,True,disagreement
1,0,8.238426208496094,9.001630783081055,8.238426208496094,-9.050358772277832,-17.28878402709961,True,disagreement
1,0,2.4864118099212646,12.855135917663574,2.4864118099212646,-12.89794635772705,-15.384358406066895,True,disagreement
1,0,13.653437614440918,5.894444942474365,13.653437614440918,-5.954313278198242,-19.607749938964844,True,disagreement
1,0,11.840678215026855,4.995500087738037,11.840678215026855,-5.071199893951416,-16.91187858581543,True,disagreement
1,0,14.367709159851074,6.3750433921813965,14.367709159851074,-6.4309587478637695,-20.798667907714844,True,disagreement
1,0,4.279959678649902,5.78856897354126,4.279959678649902,-5.850388526916504,-10.130348205566406,True,disagreement
1,0,4.081601142883301,6.32059907913208,4.081601142883301,-6.362322807312012,-10.443923950195312,True,disagreement
1,0,13.952685356140137,4.071394443511963,13.952685356140137,-4.151778221130371,-18.104463577270508,True,disagreement
1,0,3.983928918838501,5.406638145446777,3.983928918838501,-5.462882041931152,-9.446810722351074,True,disagreement
0,1,6.5850324630737305,2.682997703552246,-6.621913909912109,2.682997703552246,9.304911613464355,True,"disagreement,high_confidence_disagreement"
0,0,6.122251510620117,15.242376327514648,-6.161108016967773,-15.195392608642578,-9.034284591674805,False,none
1,1,25.9531307220459,26.37706756591797,25.9531307220459,26.37706756591797,0.4239368438720703,False,none
1,0,13.766767501831055,2.750852346420288,13.766767501831055,-2.7885913848876953,-16.55535888671875,True,disagreement
1,0,4.105541229248047,6.438101291656494,4.105541229248047,-6.474749565124512,-10.580290794372559,True,disagreement
1,0,2.5797643661499023,7.416564464569092,2.5797643661499023,-7.461463928222656,-10.041228294372559,True,disagreement
1,0,12.240139961242676,7.355870246887207,12.240139961242676,-7.407924652099609,-19.64806365966797,True,disagreement
1,0,4.101842880249023,2.954286575317383,4.101842880249023,-3.0224413871765137,-7.124284267425537,True,disagreement
1,0,3.997263193130493,6.4017863273620605,3.997263193130493,-6.445171356201172,-10.442434310913086,True,disagreement
1,1,0.0479276180267334,8.747983932495117,0.0479276180267334,8.747983932495117,8.700056076049805,False,none
0,1,5.980953216552734,5.862226963043213,-6.018284797668457,5.862226963043213,11.880512237548828,True,"disagreement,high_confidence_disagreement"
1,0,12.908234596252441,6.753610610961914,12.908234596252441,-6.807231903076172,-19.715465545654297,True,disagreement
1,0,12.719709396362305,8.863485336303711,12.719709396362305,-8.904825210571289,-21.624534606933594,True,disagreement
1,0,4.525128364562988,9.10729694366455,4.525128364562988,-9.16401195526123,-13.689140319824219,True,disagreement
1,0,4.726523399353027,5.734274864196777,4.726523399353027,-5.7775983810424805,-10.504121780395508,True,disagreement
1,0,16.023408889770508,10.801271438598633,16.023408889770508,-10.832112312316895,-26.85552215576172,True,disagreement
1,0,7.0604658126831055,5.638393402099609,7.0604658126831055,-5.706294059753418,-12.766759872436523,True,disagreement
1,0,15.600377082824707,6.6500563621521,15.600377082824707,-6.715828895568848,-22.316205978393555,True,disagreement
1,0,10.152721405029297,5.6644368171691895,10.152721405029297,-5.736732482910156,-15.889453887939453,True,disagreement
1,0,12.611788749694824,6.665987491607666,12.611788749694824,-6.725632667541504,-19.337421417236328,True,disagreement
1,0,13.781871795654297,5.412624835968018,13.781871795654297,-5.488393783569336,-19.270265579223633,True,disagreement
0,1,0.17259572446346283,6.386688709259033,-0.207147479057312,6.386688709259033,6.593836307525635,True,disagreement
1,0,2.264906883239746,5.935723781585693,2.264906883239746,-5.9771728515625,-8.242079734802246,True,disagreement
1,1,19.981924057006836,2.8872904777526855,19.981924057006836,2.8872904777526855,-17.094633102416992,False,none
1,0,12.538610458374023,6.919727802276611,12.538610458374023,-6.982789993286133,-19.521400451660156,True,disagreement
1,0,3.9741199016571045,5.236367225646973,3.9741199016571045,-5.2845458984375,-9.258666038513184,True,disagreement
1,0,8.446045875549316,13.093534469604492,8.446045875549316,-13.114142417907715,-21.56018829345703,True,disagreement
1,0,6.272223472595215,6.797482013702393,6.272223472595215,-6.863401412963867,-13.135624885559082,True,disagreement
1,0,8.537799835205078,8.550239562988281,8.537799835205078,-8.607475280761719,-17.145275115966797,True,disagreement
1,0,0.4552057385444641,10.715425491333008,0.4552057385444641,-10.711321830749512,-11.16652774810791,True,disagreement
1,0,4.906166076660156,5.395132541656494,4.906166076660156,-5.441735744476318,-10.347902297973633,True,disagreement
1,0,6.159771919250488,4.871896266937256,6.159771919250488,-4.940302848815918,-11.100074768066406,True,disagreement
1,0,13.871716499328613,5.2808451652526855,13.871716499328613,-5.357126235961914,-19.228843688964844,True,disagreement
1,1,90.47067260742188,1.8702584505081177,90.47067260742188,1.8702584505081177,-88.60041046142578,False,none
1,0,8.29436206817627,7.360579013824463,8.29436206817627,-7.413363456726074,-15.707725524902344,True,disagreement
1,0,16.95720863342285,8.610501289367676,16.95720863342285,-8.659661293029785,-25.616870880126953,True,disagreement
1,0,12.19602108001709,6.171247482299805,12.19602108001709,-6.242231845855713,-18.43825340270996,True,disagreement
0,1,4.230959892272949,5.357081413269043,-4.268378257751465,5.357081413269043,9.625459671020508,True,"disagreement,high_confidence_disagreement"
1,1,12.751193046569824,23.182788848876953,12.751193046569824,23.182788848876953,10.431595802307129,False,none
1,0,3.9343416690826416,5.14811372756958,3.9343416690826416,-5.196964740753174,-9.131306648254395,True,disagreement
1,0,14.597603797912598,6.804350852966309,14.597603797912598,-6.857059001922607,-21.454662322998047,True,disagreement
1,0,3.535085916519165,4.06636381149292,3.535085916519165,-4.128228187561035,-7.663313865661621,True,disagreement
1,0,14.633270263671875,5.769500255584717,14.633270263671875,-5.8349199295043945,-20.468189239501953,True,disagreement
0,0,2.6384670734405518,10.252828598022461,-2.6721417903900146,-10.25352954864502,-7.581387519836426,False,none
0,1,7.1960296630859375,4.733763694763184,-7.233738899230957,4.733763694763184,11.96750259399414,True,"disagreement,high_confidence_disagreement"
1,0,11.586987495422363,7.578111171722412,11.586987495422363,-7.637278079986572,-19.224266052246094,True,disagreement
1,0,1.6261615753173828,6.534271717071533,1.6261615753173828,-6.570051193237305,-8.196212768554688,True,disagreement
0,1,10.703269004821777,2.010326862335205,-10.741630554199219,2.010326862335205,12.751956939697266,True,"disagreement,high_confidence_disagreement"
1,0,14.612526893615723,6.084663391113281,14.612526893615723,-6.14120626449585,-20.753732681274414,True,disagreement
1,0,14.445772171020508,6.281424045562744,14.445772171020508,-6.3395280838012695,-20.785301208496094,True,disagreement
1,0,4.635272026062012,4.359867572784424,4.635272026062012,-4.416299819946289,-9.0515718460083,True,disagreement
1,0,8.35381031036377,7.648838520050049,8.35381031036377,-7.701016426086426,-16.054826736450195,True,disagreement
1,0,12.34793472290039,7.539186954498291,12.34793472290039,-7.590160369873047,-19.938095092773438,True,disagreement
0,1,7.61729621887207,3.2269067764282227,-7.656034469604492,3.2269067764282227,10.882941246032715,True,"disagreement,high_confidence_disagreement"
1,0,10.813409805297852,6.1631293296813965,10.813409805297852,-6.2231526374816895,-17.036561965942383,True,disagreement
1,0,14.289772987365723,6.932754039764404,14.289772987365723,-6.990133285522461,-21.2799072265625,True,disagreement
1,0,11.991646766662598,9.81121826171875,11.991646766662598,-9.86142635345459,-21.853073120117188,True,disagreement
1,0,13.458361625671387,6.713171005249023,13.458361625671387,-6.770318984985352,-20.228679656982422,True,disagreement
1,0,14.06885814666748,6.595083713531494,14.06885814666748,-6.649810791015625,-20.718669891357422,True,disagreement
1,0,11.728124618530273,4.262363433837891,11.728124618530273,-4.336655616760254,-16.064781188964844,True,disagreement
1,0,13.49338436126709,6.391826152801514,13.49338436126709,-6.447820663452148,-19.941204071044922,True,disagreement
1,0,12.677460670471191,9.583266258239746,12.677460670471191,-9.619274139404297,-22.296733856201172,True,disagreement
1,0,2.272420644760132,3.851609468460083,2.272420644760132,-3.9137353897094727,-6.186156272888184,True,disagreement
1,0,7.770286560058594,6.287461757659912,7.770286560058594,-6.356722831726074,-14.127009391784668,True,disagreement
0,0,8.657918930053711,8.767772674560547,-8.697928428649902,-8.809881210327148,-0.1119527816772461,False,none
0,0,1.9039204120635986,10.962475776672363,-1.9386909008026123,-10.976140022277832,-9.03744888305664,False,none
1,0,8.592692375183105,5.290646076202393,8.592692375183105,-5.357332229614258,-13.950024604797363,True,disagreement
1,0,4.705362319946289,4.947474002838135,4.705362319946289,-5.012930393218994,-9.718292236328125,True,disagreement
1,0,13.089720726013184,6.884843349456787,13.089720726013184,-6.941064834594727,-20.030784606933594,True,disagreement
1,0,7.036033630371094,10.016575813293457,7.036033630371094,-10.071675300598145,-17.107707977294922,True,disagreement
1,0,14.29623794555664,6.413686275482178,14.29623794555664,-6.474501609802246,-20.770740509033203,True,disagreement
1,0,0.14389517903327942,7.184709072113037,0.14389517903327942,-7.214367866516113,-7.35826301574707,True,disagreement
1,0,13.53166675567627,8.937479019165039,13.53166675567627,-8.979266166687012,-22.51093292236328,True,disagreement
1,0,14.263864517211914,6.42026948928833,14.263864517211914,-6.475436210632324,-20.739299774169922,True,disagreement
1,0,13.370805740356445,5.070105075836182,13.370805740356445,-5.147732734680176,-18.518539428710938,True,disagreement
1,0,6.295864105224609,6.9032135009765625,6.295864105224609,-6.964035511016846,-13.259899139404297,True,disagreement
1,0,12.225214004516602,7.320046901702881,12.225214004516602,-7.3723063468933105,-19.59752082824707,True,disagreement
1,0,13.533780097961426,6.990969181060791,13.533780097961426,-7.046358108520508,-20.58013916015625,True,disagreement
0,1,7.76566219329834,4.532762050628662,-7.803504943847656,4.532762050628662,12.336267471313477,True,"disagreement,high_confidence_disagreement"
1,0,18.179656982421875,9.759289741516113,18.179656982421875,-9.7985258102417,-27.97818374633789,True,disagreement
0,1,3.209672689437866,5.643659591674805,-3.2460458278656006,5.643659591674805,8.889705657958984,True,"disagreement,high_confidence_disagreement"
1,0,13.45732593536377,6.666061878204346,13.45732593536377,-6.720549583435059,-20.177875518798828,True,disagreement
1,0,12.524105072021484,6.645304203033447,12.524105072021484,-6.704986095428467,-19.22909164428711,True,disagreement
1,0,12.863877296447754,4.4919257164001465,12.863877296447754,-4.566770553588867,-17.430648803710938,True,disagreement
1,0,2.4926280975341797,8.158758163452148,2.4926280975341797,-8.178811073303223,-10.671439170837402,True,disagreement
1,0,5.029321670532227,6.839304447174072,5.029321670532227,-6.891046524047852,-11.920368194580078,True,disagreement
1,0,13.762785911560059,6.409341335296631,13.762785911560059,-6.479325294494629,-20.242111206054688,True,disagreement
1,0,4.724384307861328,5.589222431182861,4.724384307861328,-5.633955478668213,-10.358339309692383,True,disagreement
0,1,3.9132864475250244,4.769638538360596,-3.950233221054077,4.769638538360596,8.719871520996094,True,"disagreement,high_confidence_disagreement"
1,0,13.546638488769531,6.711151123046875,13.546638488769531,-6.768360614776611,-20.314998626708984,True,disagreement
1,0,13.375529289245605,7.560873031616211,13.375529289245605,-7.610050201416016,-20.985580444335938,True,disagreement
1,0,6.9317731857299805,9.452301025390625,6.9317731857299805,-9.505256652832031,-16.437030792236328,True,disagreement
1,0,1.4426219463348389,4.8874430656433105,1.4426219463348389,-4.940342903137207,-6.382965087890625,True,disagreement
1,0,6.6848602294921875,5.703827857971191,6.6848602294921875,-5.776411056518555,-12.461271286010742,True,disagreement
0,0,0.4242706298828125,9.652217864990234,-0.4568936228752136,-9.658380508422852,-9.201486587524414,False,none
1,0,0.6975594758987427,3.8970515727996826,0.6975594758987427,-3.9578638076782227,-4.655423164367676,True,disagreement
1,0,12.228991508483887,7.643804550170898,12.228991508483887,-7.694158554077148,-19.92314910888672,True,disagreement
1,0,15.651041984558105,6.857410907745361,15.651041984558105,-6.914957046508789,-22.565998077392578,True,disagreement
1,0,13.067143440246582,2.0707478523254395,13.067143440246582,-2.1507630348205566,-15.217906951904297,True,disagreement
0,0,3.2370269298553467,8.792251586914062,-3.2743256092071533,-8.818558692932129,-5.544233322143555,False,none
1,0,12.748621940612793,6.834780216217041,12.748621940612793,-6.893126487731934,-19.641748428344727,True,disagreement
0,0,0.94608074426651,11.285103797912598,-0.9787032604217529,-11.275763511657715,-10.297060012817383,False,none
1,1,15.187847137451172,11.506507873535156,15.187847137451172,11.506507873535156,-3.6813392639160156,False,none
1,0,12.347986221313477,7.307679176330566,12.347986221313477,-7.359805107116699,-19.70779037475586,True,disagreement
1,1,5.133282661437988,8.502470970153809,5.133282661437988,8.502470970153809,3.3691883087158203,False,none
1,0,4.522205352783203,5.8327717781066895,4.522205352783203,-5.875163555145264,-10.397369384765625,True,disagreement
0,1,5.086434364318848,4.994365692138672,-5.1239423751831055,4.994365692138672,10.118308067321777,True,"disagreement,high_confidence_disagreement"
1,1,0.30926644802093506,6.574842929840088,0.30926644802093506,6.574842929840088,6.265576362609863,False,none
1,0,14.002297401428223,6.091558933258057,14.002297401428223,-6.154166221618652,-20.156463623046875,True,disagreement
1,0,14.954764366149902,6.22999906539917,14.954764366149902,-6.287567615509033,-21.242332458496094,True,disagreement
0,1,0.5150421857833862,8.144173622131348,-0.5498476028442383,8.144173622131348,8.694021224975586,True,"disagreement,high_confidence_disagreement"
1,0,4.833168029785156,5.696219444274902,4.833168029785156,-5.739912509918213,-10.573080062866211,True,disagreement
1,0,12.827263832092285,5.809075832366943,12.827263832092285,-5.88300895690918,-18.71027374267578,True,disagreement
0,0,4.691547870635986,14.25765609741211,-4.730084419250488,-14.219531059265137,-9.489446640014648,False,none
1,0,15.15451717376709,5.33877420425415,15.15451717376709,-5.4003586769104,-20.55487632751465,True,disagreement
1,0,14.140142440795898,5.509036064147949,14.140142440795898,-5.5711517333984375,-19.711294174194336,True,disagreement
1,0,14.070001602172852,8.950313568115234,14.070001602172852,-8.99089527130127,-23.060897827148438,True,disagreement
1,0,16.253801345825195,5.72783899307251,16.253801345825195,-5.802054405212402,-22.05585479736328,True,disagreement
1,0,14.735441207885742,6.4870524406433105,14.735441207885742,-6.541656494140625,-21.277097702026367,True,disagreement
1,0,11.687601089477539,8.540611267089844,11.687601089477539,-8.60163402557373,-20.289234161376953,True,disagreement
0,1,9.487298965454102,3.711470603942871,-9.525362968444824,3.711470603942871,13.236833572387695,True,"disagreement,high_confidence_disagreement"
1,0,12.932987213134766,6.765296459197998,12.932987213134766,-6.818908214569092,-19.751895904541016,True,disagreement
0,1,7.104921817779541,4.989768028259277,-7.1431474685668945,4.989768028259277,12.132915496826172,True,"disagreement,high_confidence_disagreement"
1,0,18.087068557739258,7.5859456062316895,18.087068557739258,-7.637373924255371,-25.724441528320312,True,disagreement
1,0,4.73551082611084,6.505978107452393,4.73551082611084,-6.560400485992432,-11.29591178894043,True,disagreement
1,0,8.058857917785645,7.459269046783447,8.058857917785645,-7.511797904968262,-15.570655822753906,True,disagreement
1,0,12.86305046081543,2.6720449924468994,12.86305046081543,-2.745321273803711,-15.60837173461914,True,disagreement
1,0,3.0492706298828125,13.316356658935547,3.0492706298828125,-13.357589721679688,-16.4068603515625,True,disagreement
1,0,14.121624946594238,6.232861042022705,14.121624946594238,-6.2893242835998535,-20.41094970703125,True,disagreement
1,0,5.27177619934082,6.994277477264404,5.27177619934082,-7.048470973968506,-12.320247650146484,True,disagreement
1,0,12.273991584777832,8.09886360168457,12.273991584777832,-8.149105072021484,-20.423095703125,True,disagreement
1,0,2.411289691925049,12.617368698120117,2.411289691925049,-12.660553932189941,-15.071844100952148,True,disagreement
1,1,1.2206698656082153,9.073652267456055,1.2206698656082153,9.073652267456055,7.852982521057129,False,none
1,0,11.502652168273926,7.271395683288574,11.502652168273926,-7.334161281585693,-18.83681297302246,True,disagreement
1,0,13.744549751281738,6.115159511566162,13.744549751281738,-6.177974224090576,-19.922523498535156,True,disagreement
1,0,13.54722785949707,5.834035396575928,13.54722785949707,-5.905547142028809,-19.452774047851562,True,disagreement
0,0,0.617504358291626,8.939382553100586,-0.6510121822357178,-8.952229499816895,-8.301217079162598,False,none
1,0,8.047111511230469,7.394839286804199,8.047111511230469,-7.448917865753174,-15.496028900146484,True,disagreement
1,0,12.428484916687012,7.264963150024414,12.428484916687012,-7.317156791687012,-19.745641708374023,True,disagreement
1,0,6.993834495544434,10.104817390441895,6.993834495544434,-10.151001930236816,-17.14483642578125,True,disagreement
1,0,11.587384223937988,7.299147129058838,11.587384223937988,-7.356484413146973,-18.94386863708496,True,disagreement
1,0,11.42413330078125,6.308987140655518,11.42413330078125,-6.378503799438477,-17.802637100219727,True,disagreement
1,0,2.946155309677124,6.470316410064697,2.946155309677124,-6.521457672119141,-9.467613220214844,True,disagreement
1,1,10.865935325622559,10.174598693847656,10.865935325622559,10.174598693847656,-0.6913366317749023,False,none
1,0,10.34408187866211,6.465348720550537,10.34408187866211,-6.519444465637207,-16.863525390625,True,disagreement
1,0,0.6880263090133667,3.8576748371124268,0.6880263090133667,-3.918886661529541,-4.606913089752197,True,disagreement
1,0,13.671032905578613,4.975744724273682,13.671032905578613,-5.051560401916504,-18.722593307495117,True,disagreement
1,0,8.61023235321045,9.606627464294434,8.61023235321045,-9.640868186950684,-18.251100540161133,True,disagreement
1,0,13.69394302368164,6.253089427947998,13.69394302368164,-6.32474422454834,-20.018688201904297,True,disagreement
0,0,1.8307474851608276,9.746789932250977,-1.866708755493164,-9.751580238342285,-7.884871482849121,False,none
1,0,12.0440034866333,7.524518966674805,12.0440034866333,-7.575787544250488,-19.61979103088379,True,disagreement
1,0,13.932687759399414,6.869011402130127,13.932687759399414,-6.92250919342041,-20.85519790649414,True,disagreement
1,0,4.41660213470459,6.045777797698975,4.41660213470459,-6.086535453796387,-10.503137588500977,True,disagreement
1,0,4.554198265075684,5.937901020050049,4.554198265075684,-5.979258060455322,-10.533456802368164,True,disagreement
1,0,12.221125602722168,7.291519641876221,12.221125602722168,-7.343941688537598,-19.565067291259766,True,disagreement
1,0,12.081738471984863,7.485106468200684,12.081738471984863,-7.536436080932617,-19.618175506591797,True,disagreement
1,0,13.992942810058594,5.064386367797852,13.992942810058594,-5.140989303588867,-19.13393211364746,True,disagreement
1,0,9.905388832092285,5.840179920196533,9.905388832092285,-5.897885322570801,-15.803274154663086,True,disagreement
0,1,3.438544511795044,8.049857139587402,-3.474818468093872,8.049857139587402,11.524675369262695,True,"disagreement,high_confidence_disagreement"
1,0,1.4130570888519287,10.482524871826172,1.4130570888519287,-10.480544090270996,-11.893601417541504,True,disagreement
1,0,14.667631149291992,7.69658899307251,14.667631149291992,-7.754878044128418,-22.422508239746094,True,disagreement
1,0,12.153618812561035,3.9009783267974854,12.153618812561035,-3.976088047027588,-16.12970733642578,True,disagreement
1,0,12.727431297302246,9.30788516998291,12.727431297302246,-9.36207103729248,-22.089502334594727,True,disagreement
1,0,13.110047340393066,9.11728572845459,13.110047340393066,-9.171011924743652,-22.28105926513672,True,disagreement
1,0,18.0907039642334,8.568770408630371,18.0907039642334,-8.628793716430664,-26.719497680664062,True,disagreement
1,0,12.254711151123047,9.523605346679688,12.254711151123047,-9.56221866607666,-21.81692886352539,True,disagreement
1,0,21.90966796875,6.3085198402404785,21.90966796875,-6.3652238845825195,-28.274890899658203,True,disagreement
1,1,7.898672103881836,1.3621525764465332,7.898672103881836,1.3621525764465332,-6.536519527435303,False,none
0,1,7.998833656311035,8.323020935058594,-8.035828590393066,8.323020935058594,16.358848571777344,True,"disagreement,high_confidence_disagreement"
0,0,3.819096803665161,13.395550727844238,-3.8570148944854736,-13.365426063537598,-9.508411407470703,False,none
1,0,7.560321807861328,8.598658561706543,7.560321807861328,-8.651686668395996,-16.21200942993164,True,disagreement
1,0,12.743940353393555,6.6934123039245605,12.743940353393555,-6.752460479736328,-19.496400833129883,True,disagreement
1,0,4.192517280578613,6.203320026397705,4.192517280578613,-6.246452331542969,-10.438969612121582,True,disagreement
1,0,7.096687316894531,8.484081268310547,7.096687316894531,-8.538761138916016,-15.635448455810547,True,disagreement
1,0,10.104401588439941,6.538244724273682,10.104401588439941,-6.59199857711792,-16.696399688720703,True,disagreement
1,0,4.583707809448242,5.281851291656494,4.583707809448242,-5.329549789428711,-9.913257598876953,True,disagreement
1,0,7.486509323120117,13.55052661895752,7.486509323120117,-13.566256523132324,-21.052764892578125,True,disagreement
1,0,12.951836585998535,6.4280595779418945,12.951836585998535,-6.483035564422607,-19.434871673583984,True,disagreement
1,0,5.2721757888793945,3.696286916732788,5.2721757888793945,-3.760417938232422,-9.032593727111816,True,disagreement
1,0,12.418268203735352,6.8614821434021,12.418268203735352,-6.914571762084961,-19.332839965820312,True,disagreement
1,0,14.449865341186523,7.0550761222839355,14.449865341186523,-7.111200332641602,-21.561065673828125,True,disagreement
1,0,6.097053527832031,6.105490207672119,6.097053527832031,-6.159503936767578,-12.25655746459961,True,disagreement
1,0,15.391409873962402,4.024777412414551,15.391409873962402,-4.105625152587891,-19.49703598022461,True,disagreement
1,0,12.186138153076172,7.38607931137085,12.186138153076172,-7.437987327575684,-19.624126434326172,True,disagreement
1,0,0.21663299202919006,9.922784805297852,0.21663299202919006,-9.92640209197998,-10.143034934997559,True,disagreement
1,0,6.257041931152344,9.577886581420898,6.257041931152344,-9.628504753112793,-15.885546684265137,True,disagreement
1,0,14.125407218933105,7.222383975982666,14.125407218933105,-7.277622699737549,-21.403030395507812,True,disagreement
0,0,1.955026626586914,9.863313674926758,-1.9903533458709717,-9.867098808288574,-7.876745223999023,False,none
1,1,3.070542573928833,7.01414155960083,3.070542573928833,7.01414155960083,3.943598985671997,False,none
1,0,10.591153144836426,6.201026439666748,10.591153144836426,-6.2573466300964355,-16.848499298095703,True,disagreement
1,0,12.196663856506348,9.459526062011719,12.196663856506348,-9.4974946975708,-21.69415855407715,True,disagreement
0,1,4.6818976402282715,1.6560405492782593,-4.71961784362793,1.6560405492782593,6.3756585121154785,True,"disagreement,high_confidence_disagreement"
1,0,14.479174613952637,6.075991630554199,14.479174613952637,-6.132808685302734,-20.611984252929688,True,disagreement
1,0,9.153114318847656,5.650278568267822,9.153114318847656,-5.712594509124756,-14.86570930480957,True,disagreement
1,0,2.483016014099121,6.322412967681885,2.483016014099121,-6.372666358947754,-8.855682373046875,True,disagreement
1,0,13.224926948547363,5.727075099945068,13.224926948547363,-5.801355838775635,-19.026283264160156,True,disagreement
0,0,2.6893203258514404,12.480217933654785,-2.7253177165985107,-12.459122657775879,-9.733804702758789,False,none
1,0,51.04512023925781,14.38237476348877,51.04512023925781,-14.272826194763184,-65.31794738769531,True,disagreement
1,0,12.897296905517578,6.751504421234131,12.897296905517578,-6.80863618850708,-19.7059326171875,True,disagreement
1,0,1.1568477153778076,6.708342552185059,1.1568477153778076,-6.743433952331543,-7.90028190612793,True,disagreement
1,0,13.616999626159668,8.798232078552246,13.616999626159668,-8.84144401550293,-22.45844268798828,True,disagreement
1,1,13.218338966369629,11.367077827453613,13.218338966369629,11.367077827453613,-1.8512611389160156,False,none
1,0,13.312647819519043,8.936504364013672,13.312647819519043,-9.000595092773438,-22.313243865966797,True,disagreement
0,0,2.7714197635650635,7.976959705352783,-2.808560848236084,-7.998749732971191,-5.190188884735107,False,none
0,1,3.340353012084961,4.422000885009766,-3.3761045932769775,4.422000885009766,7.798105239868164,True,"disagreement,high_confidence_disagreement"
0,0,0.24240635335445404,7.198001861572266,-0.2755078375339508,-7.227350234985352,-6.951842308044434,False,none
1,0,1.110722303390503,9.122917175292969,1.110722303390503,-9.179766654968262,-10.290489196777344,True,disagreement
1,0,4.322059631347656,4.341037273406982,4.322059631347656,-4.403905868530273,-8.72596549987793,True,disagreement
1,0,13.73659896850586,1.9818763732910156,13.73659896850586,-2.0669517517089844,-15.803550720214844,True,disagreement
1,0,13.918595314025879,6.503392696380615,13.918595314025879,-6.558621406555176,-20.477216720581055,True,disagreement
1,0,15.039283752441406,7.275248050689697,15.039283752441406,-7.337489128112793,-22.376773834228516,True,disagreement
0,1,5.783409595489502,5.139289855957031,-5.820058822631836,5.139289855957031,10.959348678588867,True,"disagreement,high_confidence_disagreement"
1,0,14.26094913482666,7.50143575668335,14.26094913482666,-7.566546440124512,-21.827495574951172,True,disagreement
1,0,10.611977577209473,2.7941815853118896,10.611977577209473,-2.874497890472412,-13.486474990844727,True,disagreement
1,0,6.439436912536621,8.661974906921387,6.439436912536621,-8.709994316101074,-15.149431228637695,True,disagreement
1,0,11.098998069763184,5.664008617401123,11.098998069763184,-5.735374927520752,-16.834373474121094,True,disagreement
1,0,12.077706336975098,7.487978458404541,12.077706336975098,-7.53929328918457,-19.617000579833984,True,disagreement
1,0,14.705647468566895,6.42745304107666,14.705647468566895,-6.484086036682129,-21.189733505249023,True,disagreement
1,0,1.8425430059432983,6.375158786773682,1.8425430059432983,-6.42623233795166,-8.26877498626709,True,disagreement
1,0,14.627779960632324,5.979429721832275,14.627779960632324,-6.037083625793457,-20.66486358642578,True,disagreement
1,0,13.970332145690918,7.014420032501221,13.970332145690918,-7.071335792541504,-21.041667938232422,True,disagreement
1,0,13.674784660339355,6.600175380706787,13.674784660339355,-6.65498685836792,-20.329771041870117,True,disagreement
1,0,12.324349403381348,7.054943561553955,12.324349403381348,-7.108434200286865,-19.432783126831055,True,disagreement
1,0,12.31637191772461,7.606043338775635,12.31637191772461,-7.656642913818359,-19.97301483154297,True,disagreement
1,0,14.577126502990723,6.246460437774658,14.577126502990723,-6.3019537925720215,-20.879079818725586,True,disagreement
1,0,14.888936042785645,5.53314208984375,14.888936042785645,-5.594330787658691,-20.483266830444336,True,disagreement
1,0,4.145684242248535,6.227807521820068,4.145684242248535,-6.269717216491699,-10.415401458740234,True,disagreement
1,0,0.26882120966911316,8.83544921875,0.26882120966911316,-8.849392890930176,-9.118213653564453,True,disagreement
0,0,0.03190779685974121,6.676197528839111,-0.0653550773859024,-6.710519790649414,-6.645164489746094,False,none
1,0,12.315422058105469,7.4726691246032715,12.315422058105469,-7.524036884307861,-19.839458465576172,True,disagreement
1,0,13.497391700744629,6.423348426818848,13.497391700744629,-6.490257263183594,-19.987648010253906,True,disagreement
1,0,13.837201118469238,6.8896565437316895,13.837201118469238,-6.945529460906982,-20.782730102539062,True,disagreement
1,0,12.284018516540527,5.235960483551025,12.284018516540527,-5.303913116455078,-17.587932586669922,True,disagreement
1,0,13.427367210388184,7.113048076629639,13.427367210388184,-7.166018486022949,-20.593385696411133,True,disagreement
0,1,1.43259859085083,8.692564964294434,-1.4678131341934204,8.692564964294434,10.160378456115723,True,"disagreement,high_confidence_disagreement"
1,0,14.604039192199707,4.928889751434326,14.604039192199707,-4.994207382202148,-19.598247528076172,True,disagreement
1,0,4.21470832824707,6.281628131866455,4.21470832824707,-6.324850082397461,-10.539558410644531,True,disagreement
0,1,4.2744832038879395,5.292828559875488,-4.311943054199219,5.292828559875488,9.604771614074707,True,"disagreement,high_confidence_disagreement"
1,0,5.165931701660156,5.619640827178955,5.165931701660156,-5.689732551574707,-10.855664253234863,True,disagreement
1,0,11.35918140411377,6.699990749359131,11.35918140411377,-6.757577419281006,-18.116758346557617,True,disagreement
0,0,1.063325047492981,8.66919994354248,-1.096976637840271,-8.684542655944824,-7.587565898895264,False,none
1,0,12.462492942810059,2.471663475036621,12.462492942810059,-2.550776481628418,-15.013269424438477,True,disagreement
1,0,12.021135330200195,8.796355247497559,12.021135330200195,-8.841622352600098,-20.86275863647461,True,disagreement
1,0,12.571487426757812,7.27970027923584,12.571487426757812,-7.335249423980713,-19.906736373901367,True,disagreement
1,0,15.231045722961426,7.283749580383301,15.231045722961426,-7.322696685791016,-22.553741455078125,True,disagreement
1,0,11.949807167053223,3.148585319519043,11.949807167053223,-3.2250733375549316,-15.174880981445312,True,disagreement
1,0,10.765313148498535,3.5024001598358154,10.765313148498535,-3.579371929168701,-14.344684600830078,True,disagreement
1,0,3.8135907649993896,9.599493980407715,3.8135907649993896,-9.653348922729492,-13.466939926147461,True,disagreement
1,0,14.665482521057129,5.364169597625732,14.665482521057129,-5.426229476928711,-20.091712951660156,True,disagreement
1,0,13.475078582763672,7.041203498840332,13.475078582763672,-7.097874164581299,-20.572952270507812,True,disagreement
1,0,3.7106778621673584,4.201430797576904,3.7106778621673584,-4.263483047485352,-7.974161148071289,True,disagreement
1,0,12.967287063598633,6.447362422943115,12.967287063598633,-6.502145767211914,-19.469432830810547,True,disagreement
1,0,0.3506775498390198,7.608227252960205,0.3506775498390198,-7.6338701248168945,-7.9845476150512695,True,disagreement
0,1,4.760953903198242,8.724122047424316,-4.796854019165039,8.724122047424316,13.520976066589355,True,"disagreement,high_confidence_disagreement"
1,0,1.1836001873016357,3.106069326400757,1.1836001873016357,-3.1781973838806152,-4.361797332763672,True,disagreement
1,0,0.2502949833869934,11.936180114746094,0.2502949833869934,-11.920310974121094,-12.170605659484863,True,disagreement
1,1,7.686115264892578,10.325032234191895,7.686115264892578,10.325032234191895,2.6389169692993164,False,none
0,0,2.191828966140747,12.519392013549805,-2.2260701656341553,-12.498200416564941,-10.272130012512207,False,none
1,0,15.080143928527832,6.817871570587158,15.080143928527832,-6.885307788848877,-21.965452194213867,True,disagreement
1,0,8.469942092895508,5.280730724334717,8.469942092895508,-5.3441386222839355,-13.814081192016602,True,disagreement
1,0,8.007146835327148,7.5407891273498535,8.007146835327148,-7.593300819396973,-15.600447654724121,True,disagreement
1,0,14.357958793640137,6.810225009918213,14.357958793640137,-6.863604545593262,-21.2215633392334,True,disagreement
1,0,3.248427152633667,14.399492263793945,3.248427152633667,-14.434748649597168,-17.683176040649414,True,disagreement
1,0,4.194911956787109,13.968801498413086,4.194911956787109,-13.974902153015137,-18.169815063476562,True,disagreement
1,0,13.666520118713379,5.89534854888916,13.666520118713379,-5.96824836730957,-19.634769439697266,True,disagreement
1,0,13.008746147155762,4.537301540374756,13.008746147155762,-4.612115859985352,-17.620861053466797,True,disagreement
1,0,2.62811017036438,3.9339563846588135,2.62811017036438,-3.9944539070129395,-6.622564315795898,True,disagreement
1,0,12.754616737365723,6.01344633102417,12.754616737365723,-6.083858966827393,-18.838476181030273,True,disagreement
1,0,12.705950736999512,6.721495151519775,12.705950736999512,-6.778891563415527,-19.48484230041504,True,disagreement
0,0,3.1680572032928467,12.19781494140625,-3.205275297164917,-12.179303169250488,-8.974027633666992,False,none
1,0,13.322749137878418,6.34904146194458,13.322749137878418,-6.4058427810668945,-19.728591918945312,True,disagreement
1,0,19.219385147094727,7.2755255699157715,19.219385147094727,-7.328610897064209,-26.547996520996094,True,disagreement
1,1,1.4436490535736084,9.43873119354248,1.4436490535736084,9.43873119354248,7.995081901550293,False,none
0,0,0.38100355863571167,7.217245578765869,-0.4142262041568756,-7.24643087387085,-6.832204818725586,False,none
1,0,12.774483680725098,7.49463415145874,12.774483680725098,-7.545314788818359,-20.31979751586914,True,disagreement
1,0,8.005849838256836,7.4499640464782715,8.005849838256836,-7.503310203552246,-15.509160041809082,True,disagreement
1,0,14.144403457641602,7.78378438949585,14.144403457641602,-7.833914756774902,-21.978317260742188,True,disagreement
0,1,3.0864040851593018,4.642722129821777,-3.122110366821289,4.642722129821777,7.764832496643066,True,"disagreement,high_confidence_disagreement"
1,0,4.8885087966918945,4.3556742668151855,4.8885087966918945,-4.411977767944336,-9.30048656463623,True,disagreement
1,0,9.460967063903809,9.316071510314941,9.460967063903809,-9.375515937805176,-18.836483001708984,True,disagreement
1,0,13.320125579833984,6.837836742401123,13.320125579833984,-6.891814231872559,-20.21194076538086,True,disagreement
1,0,14.514050483703613,6.761306285858154,14.514050483703613,-6.815383434295654,-21.32943344116211,True,disagreement
1,1,5.465505599975586,9.848273277282715,5.465505599975586,9.848273277282715,4.382767677307129,False,none
1,0,14.44782543182373,6.1864166259765625,14.44782543182373,-6.242515563964844,-20.69034194946289,True,disagreement
1,0,11.50917911529541,6.55082368850708,11.50917911529541,-6.617819786071777,-18.126998901367188,True,disagreement
1,0,12.207132339477539,7.160472393035889,12.207132339477539,-7.213215351104736,-19.420347213745117,True,disagreement
1,0,11.349895477294922,3.147303342819214,11.349895477294922,-3.222378730773926,-14.572274208068848,True,disagreement
1,0,18.33980941772461,2.720571756362915,18.33980941772461,-2.7953591346740723,-21.135168075561523,True,disagreement
1,0,14.618160247802734,6.155372619628906,14.618160247802734,-6.224592208862305,-20.84275245666504,True,disagreement
1,0,12.91452407836914,6.720285892486572,12.91452407836914,-6.77421760559082,-19.68874168395996,True,disagreement
0,0,6.444704055786133,0.3123423159122467,-6.481266975402832,-0.4097334146499634,6.071533679962158,False,none
1,0,13.138647079467773,6.458375453948975,13.138647079467773,-6.516892910003662,-19.655540466308594,True,disagreement
0,1,3.5624475479125977,5.24764347076416,-3.597368001937866,5.24764347076416,8.845011711120605,True,"disagreement,high_confidence_disagreement"
1,1,13.291296005249023,18.14210319519043,13.291296005249023,18.14210319519043,4.850807189941406,False,none
1,0,4.084451675415039,4.536299228668213,4.084451675415039,-4.604020118713379,-8.688471794128418,True,disagreement
1,0,4.1135711669921875,15.648406028747559,4.1135711669921875,-15.635666847229004,-19.749237060546875,True,disagreement
1,1,5.736917495727539,4.858516693115234,5.736917495727539,4.858516693115234,-0.8784008026123047,False,none
1,0,7.296603202819824,12.545381546020508,7.296603202819824,-12.568819999694824,-19.86542320251465,True,disagreement
1,0,12.737467765808105,4.990362644195557,12.737467765808105,-5.066652297973633,-17.804119110107422,True,disagreement
1,0,4.748933792114258,6.916356563568115,4.748933792114258,-6.970590591430664,-11.719524383544922,True,disagreement
1,0,14.958812713623047,6.6011552810668945,14.958812713623047,-6.668306827545166,-21.627119064331055,True,disagreement
1,0,12.527297019958496,6.59452486038208,12.527297019958496,-6.654444694519043,-19.18174171447754,True,disagreement
1,0,16.581348419189453,7.721625804901123,16.581348419189453,-7.771689414978027,-24.353038787841797,True,disagreement
1,0,4.6002960205078125,5.201605796813965,4.6002960205078125,-5.250069618225098,-9.85036563873291,True,disagreement
1,0,13.365921020507812,6.785042762756348,13.365921020507812,-6.839240074157715,-20.205162048339844,True,disagreement
1,0,14.915730476379395,6.943167209625244,14.915730476379395,-6.995779991149902,-21.911510467529297,True,disagreement
1,0,13.567620277404785,9.089200019836426,13.567620277404785,-9.15098762512207,-22.718608856201172,True,disagreement
0,1,9.451370239257812,4.230630397796631,-9.489632606506348,4.230630397796631,13.72026252746582,True,"disagreement,high_confidence_disagreement"
1,0,14.665224075317383,5.9193034172058105,14.665224075317383,-5.976893424987793,-20.64211654663086,True,disagreement
1,0,12.31663703918457,9.980415344238281,12.31663703918457,-10.032397270202637,-22.34903335571289,True,disagreement
0,0,0.2402477115392685,11.591931343078613,-0.2720077335834503,-11.6266450881958,-11.354637145996094,False,none
0,1,4.269512176513672,5.316902160644531,-4.306960105895996,5.316902160644531,9.623862266540527,True,"disagreement,high_confidence_disagreement"
0,1,10.47049331665039,2.2583913803100586,-10.507905006408691,2.2583913803100586,12.76629638671875,True,"disagreement,high_confidence_disagreement"
1,0,17.0351619720459,8.769478797912598,17.0351619720459,-8.81914234161377,-25.854305267333984,True,disagreement
1,0,14.42549991607666,6.240848541259766,14.42549991607666,-6.29694938659668,-20.722450256347656,True,disagreement
1,0,0.772392988204956,5.105809688568115,0.772392988204956,-5.155057430267334,-5.927450180053711,True,disagreement
1,0,12.779781341552734,3.344280958175659,12.779781341552734,-3.4202589988708496,-16.200040817260742,True,disagreement
1,0,2.3724606037139893,10.28670597076416,2.3724606037139893,-10.331583976745605,-12.704044342041016,True,disagreement
0,1,5.489017486572266,6.458277702331543,-5.527799606323242,6.458277702331543,11.986077308654785,True,"disagreement,high_confidence_disagreement"
1,0,8.184489250183105,5.09751558303833,8.184489250183105,-5.166994094848633,-13.351483345031738,True,disagreement
1,0,7.770669937133789,8.430948257446289,7.770669937133789,-8.489575386047363,-16.26024627685547,True,disagreement
0,1,1.2884719371795654,4.596990585327148,-1.321321725845337,4.596990585327148,5.918312072753906,True,"disagreement,high_confidence_disagreement"
1,0,12.188572883605957,7.3644585609436035,12.188572883605957,-7.416485786437988,-19.605058670043945,True,disagreement
1,0,13.464231491088867,6.857680797576904,13.464231491088867,-6.911314964294434,-20.375545501708984,True,disagreement
1,1,20.240522384643555,4.659552097320557,20.240522384643555,4.659552097320557,-15.580970764160156,False,none
1,0,11.702492713928223,7.2076239585876465,11.702492713928223,-7.280354022979736,-18.982847213745117,True,disagreement
1,0,13.82505989074707,6.661789894104004,13.82505989074707,-6.716228008270264,-20.541288375854492,True,disagreement
0,1,9.130656242370605,1.0793336629867554,-9.16785717010498,1.0793336629867554,10.247190475463867,True,"disagreement,high_confidence_disagreement"
0,0,2.4872868061065674,8.107340812683105,-2.5232632160186768,-8.13149356842041,-5.6082305908203125,False,none
1,0,12.55260181427002,4.787423610687256,12.55260181427002,-4.860577583312988,-17.413179397583008,True,disagreement
1,0,4.743279457092285,5.54928731918335,4.743279457092285,-5.594396591186523,-10.337676048278809,True,disagreement
1,0,1.7086763381958008,13.650225639343262,1.7086763381958008,-13.687772750854492,-15.396449089050293,True,disagreement
1,0,13.802054405212402,8.635168075561523,13.802054405212402,-8.68019962310791,-22.482254028320312,True,disagreement
1,0,5.379940986633301,4.774829387664795,5.379940986633301,-4.8273162841796875,-10.207257270812988,True,disagreement
0,1,0.8172192573547363,5.985287189483643,-0.8515530824661255,5.985287189483643,6.8368401527404785,True,"disagreement,high_confidence_disagreement"
1,0,4.818171501159668,4.653076171875,4.818171501159668,-4.706701278686523,-9.524872779846191,True,disagreement
1,1,7.520366668701172,10.672905921936035,7.520366668701172,10.672905921936035,3.1525392532348633,False,none
1,0,13.033812522888184,7.011552333831787,13.033812522888184,-7.0684967041015625,-20.102310180664062,True,disagreement
0,1,10.460967063903809,10.186491966247559,-10.512876510620117,10.186491966247559,20.69936752319336,True,"disagreement,high_confidence_disagreement"
1,0,8.238429069519043,5.0523858070373535,8.238429069519043,-5.122963905334473,-13.361392974853516,True,disagreement
1,0,12.006630897521973,7.423483848571777,12.006630897521973,-7.475342273712158,-19.48197364807129,True,disagreement
1,0,12.359150886535645,5.561526775360107,12.359150886535645,-5.637216091156006,-17.996366500854492,True,disagreement
1,0,13.686574935913086,7.200245380401611,13.686574935913086,-7.255976676940918,-20.942550659179688,True,disagreement
1,0,14.991753578186035,6.579502582550049,14.991753578186035,-6.638762950897217,-21.630516052246094,True,disagreement
1,0,13.884814262390137,6.956110000610352,13.884814262390137,-7.009344100952148,-20.89415740966797,True,disagreement
1,0,7.389744758605957,8.020990371704102,7.389744758605957,-8.081011772155762,-15.470756530761719,True,disagreement
1,0,13.65366268157959,6.782922267913818,13.65366268157959,-6.836517333984375,-20.49018096923828,True,disagreement
1,0,14.205467224121094,7.18610143661499,14.205467224121094,-7.237618446350098,-21.443084716796875,True,disagreement
1,0,5.452533721923828,10.009344100952148,5.452533721923828,-10.06290340423584,-15.515437126159668,True,disagreement
1,0,15.202153205871582,6.900131702423096,15.202153205871582,-6.957357406616211,-22.15951156616211,True,disagreement
1,0,9.020350456237793,5.0825018882751465,9.020350456237793,-5.152836799621582,-14.173187255859375,True,disagreement
0,0,11.065181732177734,0.1916029155254364,-11.1057767868042,-0.28197580575942993,10.823801040649414,False,none
1,0,14.529195785522461,7.330196857452393,14.529195785522461,-7.381191253662109,-21.91038703918457,True,disagreement
1,0,13.246335983276367,6.051041126251221,13.246335983276367,-6.123319625854492,-19.36965560913086,True,disagreement
1,0,1.9180805683135986,6.809149265289307,1.9180805683135986,-6.853791236877441,-8.771871566772461,True,disagreement
1,0,13.803278923034668,6.539438247680664,13.803278923034668,-6.594779968261719,-20.398059844970703,True,disagreement
1,0,8.687106132507324,12.559789657592773,8.687106132507324,-12.585173606872559,-21.272279739379883,True,disagreement
0,1,10.266958236694336,4.344029903411865,-10.30419921875,4.344029903411865,14.648229598999023,True,"disagreement,high_confidence_disagreement"
1,0,5.013129234313965,12.452367782592773,5.013129234313965,-12.497653007507324,-17.51078224182129,True,disagreement
1,0,12.144464492797852,7.5457844734191895,12.144464492797852,-7.596893787384033,-19.741357803344727,True,disagreement
1,0,9.64574146270752,6.829666614532471,9.64574146270752,-6.894623756408691,-16.54036521911621,True,disagreement
0,1,7.0571441650390625,9.625959396362305,-7.097082138061523,9.625959396362305,16.723041534423828,True,"disagreement,high_confidence_disagreement"
0,1,2.118972063064575,5.873628616333008,-2.1544182300567627,5.873628616333008,8.028046607971191,True,"disagreement,high_confidence_disagreement"
1,0,11.72523021697998,8.235414505004883,11.72523021697998,-8.283647537231445,-20.00887680053711,True,disagreement
1,0,11.802922248840332,4.324929237365723,11.802922248840332,-4.39631462097168,-16.199237823486328,True,disagreement
1,0,10.936724662780762,10.020849227905273,10.936724662780762,-10.05488109588623,-20.991605758666992,True,disagreement
0,0,0.11825446784496307,9.717033386230469,-0.15030145645141602,-9.722588539123535,-9.572286605834961,False,none
0,1,8.729976654052734,1.7837203741073608,-8.769941329956055,1.7837203741073608,10.553661346435547,True,"disagreement,high_confidence_disagreement"
1,0,14.204428672790527,6.488890171051025,14.204428672790527,-6.544011116027832,-20.74843978881836,True,disagreement
0,0,0.13064606487751007,4.974501609802246,-0.15928444266319275,-5.023195266723633,-4.863910675048828,False,none
1,0,1.0602974891662598,5.241307735443115,1.0602974891662598,-5.291884422302246,-6.352181911468506,True,disagreement
1,0,3.7795369625091553,6.558068752288818,3.7795369625091553,-6.601056098937988,-10.380593299865723,True,disagreement
1,0,13.306427001953125,6.718441009521484,13.306427001953125,-6.773024559020996,-20.079452514648438,True,disagreement
1,0,12.787894248962402,6.600216388702393,12.787894248962402,-6.654482364654541,-19.4423770904541,True,disagreement
0,1,4.064691066741943,5.50266170501709,-4.101565361022949,5.50266170501709,9.604227066040039,True,"disagreement,high_confidence_disagreement"
1,0,10.89754581451416,6.1666083335876465,10.89754581451416,-6.232931137084961,-17.130477905273438,True,disagreement
1,0,13.396485328674316,6.899610996246338,13.396485328674316,-6.955594062805176,-20.352079391479492,True,disagreement
1,0,13.129700660705566,6.100070953369141,13.129700660705566,-6.16912841796875,-19.298828125,True,disagreement
1,0,10.131535530090332,14.700932502746582,10.131535530090332,-14.704567909240723,-24.836103439331055,True,disagreement
1,0,13.795345306396484,6.540481090545654,13.795345306396484,-6.5955281257629395,-20.390872955322266,True,disagreement
1,0,14.107317924499512,4.289791107177734,14.107317924499512,-4.3693623542785645,-18.476680755615234,True,disagreement
0,1,7.37533712387085,3.433652877807617,-7.413760185241699,3.433652877807617,10.847413063049316,True,"disagreement,high_confidence_disagreement"
1,0,21.670072555541992,7.267914295196533,21.670072555541992,-7.320330619812012,-28.990402221679688,True,disagreement
0,0,1.2826520204544067,1.9064052104949951,-1.317477822303772,-1.9866398572921753,-0.6691620349884033,False,none
1,0,7.448136329650879,9.905745506286621,7.448136329650879,-9.962006568908691,-17.41014289855957,True,disagreement
1,0,12.009716987609863,7.509823799133301,12.009716987609863,-7.561190605163574,-19.570907592773438,True,disagreement
1,0,9.993929862976074,6.3381428718566895,9.993929862976074,-6.392555236816406,-16.386486053466797,True,disagreement
1,0,16.68910026550293,4.866067886352539,16.68910026550293,-4.946597576141357,-21.635698318481445,True,disagreement
1,0,7.345259666442871,7.714494228363037,7.345259666442871,-7.763001441955566,-15.108261108398438,True,disagreement
1,0,4.806280136108398,5.501608848571777,4.806280136108398,-5.547186851501465,-10.353466987609863,True,disagreement
1,0,14.506653785705566,5.972352504730225,14.506653785705566,-6.03207540512085,-20.538728713989258,True,disagreement
1,0,0.26294052600860596,14.872419357299805,0.26294052600860596,-14.904339790344238,-15.167280197143555,True,disagreement
1,0,4.886651992797852,4.611867904663086,4.886651992797852,-4.665901184082031,-9.552553176879883,True,disagreement
1,0,8.20854663848877,11.646934509277344,8.20854663848877,-11.693097114562988,-19.901643753051758,True,disagreement
1,0,0.31060075759887695,4.036159515380859,0.31060075759887695,-4.095632553100586,-4.406233310699463,True,disagreement
1,0,5.66861629486084,5.060075283050537,5.66861629486084,-5.109807968139648,-10.778424263000488,True,disagreement
0,1,7.417464256286621,7.182262420654297,-7.456459045410156,7.182262420654297,14.638721466064453,True,"disagreement,high_confidence_disagreement"
1,0,1.6404097080230713,6.127856731414795,1.6404097080230713,-6.167448997497559,-7.807858467102051,True,disagreement
1,0,11.995070457458496,9.118579864501953,11.995070457458496,-9.155555725097656,-21.15062713623047,True,disagreement
0,1,7.274033546447754,3.486137866973877,-7.311131477355957,3.486137866973877,10.797269821166992,True,"disagreement,high_confidence_disagreement"
1,0,14.004068374633789,8.567192077636719,14.004068374633789,-8.590520858764648,-22.594589233398438,True,disagreement
0,1,3.880439043045044,3.995887279510498,-3.917146682739258,3.995887279510498,7.913033962249756,True,"disagreement,high_confidence_disagreement"
1,0,12.975934982299805,4.193416595458984,12.975934982299805,-4.272241592407227,-17.24817657470703,True,disagreement
1,0,11.801716804504395,6.650853633880615,11.801716804504395,-6.706348419189453,-18.50806427001953,True,disagreement
1,0,12.348807334899902,7.154965877532959,12.348807334899902,-7.207901954650879,-19.55670928955078,True,disagreement
1,0,12.23169231414795,8.881196975708008,12.23169231414795,-8.920883178710938,-21.152576446533203,True,disagreement
0,0,1.8834857940673828,7.188368797302246,-1.919381856918335,-7.217796325683594,-5.29841423034668,False,none
1,0,8.778040885925293,5.5164570808410645,8.778040885925293,-5.58367395401001,-14.361715316772461,True,disagreement
1,0,5.718867301940918,11.663103103637695,5.718867301940918,-11.696520805358887,-17.415388107299805,True,disagreement
1,0,1.4195330142974854,6.211833477020264,1.4195330142974854,-6.255482196807861,-7.675015449523926,True,disagreement
1,1,7.733889579772949,6.111374855041504,7.733889579772949,6.111374855041504,-1.6225147247314453,False,none
1,0,8.64982795715332,5.1191840171813965,8.64982795715332,-5.18434476852417,-13.834173202514648,True,disagreement
0,1,5.854489326477051,3.538971424102783,-5.89239501953125,3.538971424102783,9.431365966796875,True,"disagreement,high_confidence_disagreement"
1,0,13.537153244018555,6.537275791168213,13.537153244018555,-6.597015380859375,-20.13416862487793,True,disagreement
1,0,3.797731637954712,7.197729587554932,3.797731637954712,-7.25035285949707,-11.048084259033203,True,disagreement
1,0,14.659286499023438,5.769432544708252,14.659286499023438,-5.829231262207031,-20.48851776123047,True,disagreement
1,0,8.006997108459473,7.3378005027771,8.006997108459473,-7.390656471252441,-15.397653579711914,True,disagreement
1,0,5.524992942810059,12.590555191040039,5.524992942810059,-12.61912727355957,-18.144119262695312,True,disagreement
0,1,5.382821083068848,4.040886402130127,-5.422443389892578,4.040886402130127,9.463329315185547,True,"disagreement,high_confidence_disagreement"
1,0,14.272991180419922,6.172878742218018,14.272991180419922,-6.229440212249756,-20.502431869506836,True,disagreement
1,0,4.656489372253418,10.940511703491211,4.656489372253418,-10.980849266052246,-15.637338638305664,True,disagreement
1,0,14.919085502624512,9.998356819152832,14.919085502624512,-10.029172897338867,-24.948257446289062,True,disagreement
0,1,8.65755844116211,5.1093244552612305,-8.694857597351074,5.1093244552612305,13.804182052612305,True,"disagreement,high_confidence_disagreement"
0,1,3.181234121322632,3.9468579292297363,-3.2191920280456543,3.9468579292297363,7.166049957275391,True,"disagreement,high_confidence_disagreement"
1,0,14.48242473602295,6.539920330047607,14.48242473602295,-6.594878196716309,-21.077302932739258,True,disagreement
1,0,17.741323471069336,7.490602970123291,17.741323471069336,-7.542015075683594,-25.28333854675293,True,disagreement
1,0,18.800424575805664,3.677415132522583,18.800424575805664,-3.7480530738830566,-22.548477172851562,True,disagreement
1,0,6.889500617980957,8.93769359588623,6.889500617980957,-8.98263931274414,-15.872139930725098,True,disagreement
1,0,9.056645393371582,5.619628429412842,9.056645393371582,-5.686203956604004,-14.742849349975586,True,disagreement
1,0,4.172276496887207,6.471405982971191,4.172276496887207,-6.507754325866699,-10.680030822753906,True,disagreement
0,0,2.0778160095214844,11.305463790893555,-2.111665725708008,-11.295788764953613,-9.184123039245605,False,none
1,0,0.7000922560691833,7.496743202209473,0.7000922560691833,-7.5233659744262695,-8.223458290100098,True,disagreement
1,0,9.812291145324707,8.658345222473145,9.812291145324707,-8.70023250579834,-18.512523651123047,True,disagreement
1,0,12.24504566192627,7.381633281707764,12.24504566192627,-7.433540344238281,-19.678585052490234,True,disagreement
0,1,3.2962138652801514,2.443875312805176,-3.3329081535339355,2.443875312805176,5.776783466339111,True,"disagreement,high_confidence_disagreement"
1,0,8.217247009277344,6.382837772369385,8.217247009277344,-6.452945232391357,-14.67019271850586,True,disagreement
1,0,0.8463057279586792,8.035562515258789,0.8463057279586792,-8.056922912597656,-8.903228759765625,True,disagreement
1,0,12.361017227172852,7.2460198402404785,12.361017227172852,-7.298482894897461,-19.659500122070312,True,disagreement
1,0,15.197304725646973,3.1208178997039795,15.197304725646973,-3.20198917388916,-18.399293899536133,True,disagreement
1,0,10.11372184753418,9.61262321472168,10.11372184753418,-9.640734672546387,-19.75445556640625,True,disagreement
0,1,9.238317489624023,6.296510219573975,-9.275859832763672,6.296510219573975,15.572370529174805,True,"disagreement,high_confidence_disagreement"
1,0,14.862711906433105,6.535684108734131,14.862711906433105,-6.589958667755127,-21.45267105102539,True,disagreement
1,0,14.330291748046875,7.4927449226379395,14.330291748046875,-7.546838760375977,-21.87713050842285,True,disagreement
1,0,4.701035499572754,4.482021331787109,4.701035499572754,-4.544297218322754,-9.245332717895508,True,disagreement
1,0,3.7134287357330322,4.469937801361084,3.7134287357330322,-4.525369167327881,-8.238798141479492,True,disagreement
0,1,9.553874969482422,3.153980255126953,-9.592023849487305,3.153980255126953,12.746004104614258,True,"disagreement,high_confidence_disagreement"
1,0,13.871113777160645,6.4749274253845215,13.871113777160645,-6.532681465148926,-20.40379524230957,True,disagreement
1,0,2.869384765625,6.283865451812744,2.869384765625,-6.330543518066406,-9.199928283691406,True,disagreement
1,0,3.9626758098602295,6.4309163093566895,3.9626758098602295,-6.473639965057373,-10.436315536499023,True,disagreement
0,0,6.339025497436523,0.19510671496391296,-6.375585556030273,-0.2923074960708618,6.083278179168701,False,none
0,1,4.128309726715088,5.946290493011475,-4.165522575378418,5.946290493011475,10.111812591552734,True,"disagreement,high_confidence_disagreement"
1,0,13.821474075317383,6.396162509918213,13.821474075317383,-6.451987266540527,-20.273460388183594,True,disagreement
1,0,14.24457836151123,6.011324405670166,14.24457836151123,-6.07084846496582,-20.315425872802734,True,disagreement
1,0,5.8989763259887695,6.347771167755127,5.8989763259887695,-6.407754898071289,-12.306731224060059,True,disagreement
1,0,11.058778762817383,6.049536228179932,11.058778762817383,-6.110365867614746,-17.169143676757812,True,disagreement
1,0,12.482029914855957,7.445327281951904,12.482029914855957,-7.496691703796387,-19.978721618652344,True,disagreement
1,0,4.106071472167969,5.231266498565674,4.106071472167969,-5.2858452796936035,-9.391916275024414,True,disagreement
1,0,16.984233856201172,6.885656833648682,16.984233856201172,-6.943719387054443,-23.927953720092773,True,disagreement
1,0,13.117511749267578,6.496835231781006,13.117511749267578,-6.551653861999512,-19.669166564941406,True,disagreement
1,0,12.7052583694458,7.167623043060303,12.7052583694458,-7.219690322875977,-19.924949645996094,True,disagreement
0,1,6.442512512207031,7.873053550720215,-6.479484558105469,7.873053550720215,14.352538108825684,True,"disagreement,high_confidence_disagreement"
0,1,4.267605781555176,6.151396751403809,-4.304861068725586,6.151396751403809,10.456257820129395,True,"disagreement,high_confidence_disagreement"
1,0,7.724891662597656,14.56723690032959,7.724891662597656,-14.575823783874512,-22.300716400146484,True,disagreement
1,0,13.12987232208252,6.9149675369262695,13.12987232208252,-6.972835540771484,-20.102706909179688,True,disagreement
1,0,11.467995643615723,9.243892669677734,11.467995643615723,-9.281373023986816,-20.74936866760254,True,disagreement
0,1,4.001405239105225,6.180753707885742,-4.038418769836426,6.180753707885742,10.219172477722168,True,"disagreement,high_confidence_disagreement"
1,0,10.669881820678711,9.84800910949707,10.669881820678711,-9.897749900817871,-20.567630767822266,True,disagreement
1,0,11.237833976745605,6.239177703857422,11.237833976745605,-6.298610687255859,-17.53644561767578,True,disagreement
1,1,27.353410720825195,27.33113670349121,27.353410720825195,27.33113670349121,-0.022274017333984375,False,none
0,1,6.213576316833496,0.46781209111213684,-6.251702308654785,0.46781209111213684,6.7195143699646,True,"disagreement,high_confidence_disagreement"
0,1,3.604478597640991,5.016365051269531,-3.6410295963287354,5.016365051269531,8.657394409179688,True,"disagreement,high_confidence_disagreement"
1,0,5.040717124938965,4.452542781829834,5.040717124938965,-4.514750003814697,-9.55546760559082,True,disagreement
1,0,13.419114112854004,5.916204929351807,13.419114112854004,-5.981808662414551,-19.400922775268555,True,disagreement
1,0,14.879891395568848,7.8533501625061035,14.879891395568848,-7.911459922790527,-22.791351318359375,True,disagreement
1,0,8.7758150100708,6.075313568115234,8.7758150100708,-6.137526035308838,-14.913341522216797,True,disagreement
1,0,1.2808223962783813,6.679011344909668,1.2808223962783813,-6.713447570800781,-7.994269847869873,True,disagreement
1,0,1.5305492877960205,5.9284234046936035,1.5305492877960205,-5.969964981079102,-7.500514030456543,True,disagreement
1,0,13.67110824584961,7.260463714599609,13.67110824584961,-7.315701484680176,-20.98680877685547,True,disagreement
1,1,7.016671180725098,14.494898796081543,7.016671180725098,14.494898796081543,7.478227615356445,False,none
1,0,6.0929670333862305,8.177242279052734,6.0929670333862305,-8.215537071228027,-14.308504104614258,True,disagreement
1,0,4.37473201751709,3.9678709506988525,4.37473201751709,-4.028103351593018,-8.402835845947266,True,disagreement
1,0,14.022933959960938,7.038003444671631,14.022933959960938,-7.094806671142578,-21.117740631103516,True,disagreement
1,0,14.767882347106934,7.921072483062744,14.767882347106934,-7.971517562866211,-22.739398956298828,True,disagreement
1,0,5.15572452545166,6.80971097946167,5.15572452545166,-6.873937606811523,-12.029662132263184,True,disagreement
1,0,4.608619689941406,4.4333367347717285,4.608619689941406,-4.502486705780029,-9.111106872558594,True,disagreement
1,0,12.06523609161377,6.259194850921631,12.06523609161377,-6.330972194671631,-18.396207809448242,True,disagreement
1,0,14.784029960632324,6.097426414489746,14.784029960632324,-6.168412685394287,-20.952442169189453,True,disagreement
1,0,11.706526756286621,7.298900604248047,11.706526756286621,-7.362084865570068,-19.06861114501953,True,disagreement
1,1,4.518662452697754,11.436610221862793,4.518662452697754,11.436610221862793,6.917947769165039,False,none
1,0,4.143105506896973,6.442215442657471,4.143105506896973,-6.478816986083984,-10.621922492980957,True,disagreement
1,0,4.027929306030273,5.151609897613525,4.027929306030273,-5.200587272644043,-9.228516578674316,True,disagreement
1,0,13.204039573669434,5.870188236236572,13.204039573669434,-5.94279670715332,-19.146835327148438,True,disagreement
0,0,1.708864450454712,9.932823181152344,-1.7430388927459717,-9.936119079589844,-8.193079948425293,False,none
0,0,1.1219487190246582,11.695073127746582,-1.1547160148620605,-11.681827545166016,-10.527111053466797,False,none
1,1,5.345019340515137,12.67180061340332,5.345019340515137,12.67180061340332,7.326781272888184,False,none
1,0,1.565736174583435,8.55573844909668,1.565736174583435,-8.610548973083496,-10.176284790039062,True,disagreement
1,0,4.822690010070801,5.3187150955200195,4.822690010070801,-5.366036415100098,-10.188726425170898,True,disagreement
1,0,4.365046501159668,6.40596342086792,4.365046501159668,-6.442897796630859,-10.807944297790527,True,disagreement
1,0,14.019020080566406,6.403716564178467,14.019020080566406,-6.459342956542969,-20.478363037109375,True,disagreement
1,0,13.684611320495605,6.501866340637207,13.684611320495605,-6.55710506439209,-20.241716384887695,True,disagreement
1,0,7.581199645996094,10.65292739868164,7.581199645996094,-10.705375671386719,-18.286575317382812,True,disagreement
1,0,17.763282775878906,3.47186541557312,17.763282775878906,-3.544149875640869,-21.307432174682617,True,disagreement
1,0,19.300939559936523,3.1595332622528076,19.300939559936523,-3.242640972137451,-22.543581008911133,True,disagreement
0,1,2.8317508697509766,5.710792064666748,-2.867443323135376,5.710792064666748,8.578235626220703,True,"disagreement,high_confidence_disagreement"
1,0,8.139284133911133,9.693473815917969,8.139284133911133,-9.751782417297363,-17.891067504882812,True,disagreement
1,0,15.070965766906738,6.390942573547363,15.070965766906738,-6.448005199432373,-21.518970489501953,True,disagreement
1,0,6.264070510864258,6.52631139755249,6.264070510864258,-6.576775550842285,-12.840846061706543,True,disagreement
1,0,3.251561403274536,4.456421375274658,3.251561403274536,-4.520849704742432,-7.772411346435547,True,disagreement
1,0,5.234409332275391,12.877525329589844,5.234409332275391,-12.920615196228027,-18.155025482177734,True,disagreement
1,0,5.062132835388184,17.136371612548828,5.062132835388184,-17.122072219848633,-22.1842041015625,True,disagreement
1,0,15.703787803649902,6.736479759216309,15.703787803649902,-6.801551342010498,-22.505338668823242,True,disagreement
1,0,14.037845611572266,7.353292942047119,14.037845611572266,-7.419392108917236,-21.457237243652344,True,disagreement
1,0,12.666122436523438,7.073627948760986,12.666122436523438,-7.126319408416748,-19.792442321777344,True,disagreement
1,0,1.0988582372665405,5.282893180847168,1.0988582372665405,-5.332383155822754,-6.431241512298584,True,disagreement
1,0,7.341264724731445,6.785334587097168,7.341264724731445,-6.847396373748779,-14.188661575317383,True,disagreement
1,0,13.274333953857422,6.464601993560791,13.274333953857422,-6.522337913513184,-19.796672821044922,True,disagreement
1,0,13.68470573425293,6.532893657684326,13.68470573425293,-6.588210105895996,-20.27291488647461,True,disagreement
0,1,2.5152223110198975,11.643156051635742,-2.5508861541748047,11.643156051635742,14.194042205810547,True,"disagreement,high_confidence_disagreement"
1,0,1.7218616008758545,19.066505432128906,1.7218616008758545,-19.04285430908203,-20.76471519470215,True,disagreement
1,0,0.5716198682785034,3.9088990688323975,0.5716198682785034,-3.969585418701172,-4.541205406188965,True,disagreement
1,0,13.030204772949219,7.86663293838501,13.030204772949219,-7.929125785827637,-20.959331512451172,True,disagreement
0,1,1.4816044569015503,6.8916215896606445,-1.5168200731277466,6.8916215896606445,8.408441543579102,True,"disagreement,high_confidence_disagreement"
1,0,12.380972862243652,7.182637691497803,12.380972862243652,-7.235476970672607,-19.6164493560791,True,disagreement
1,0,12.837313652038574,6.572750091552734,12.837313652038574,-6.627315521240234,-19.464630126953125,True,disagreement
1,0,12.189492225646973,7.505702495574951,12.189492225646973,-7.556927680969238,-19.74641990661621,True,disagreement
1,1,4.640013694763184,13.48803424835205,4.640013694763184,13.48803424835205,8.848020553588867,False,none
0,1,4.913154602050781,4.830616474151611,-4.9497833251953125,4.830616474151611,9.780399322509766,True,"disagreement,high_confidence_disagreement"
1,0,15.153149604797363,2.173490524291992,15.153149604797363,-2.2586116790771484,-17.411762237548828,True,disagreement
1,0,16.192609786987305,6.093103408813477,16.192609786987305,-6.162724018096924,-22.35533332824707,True,disagreement
1,0,4.347245216369629,5.233686447143555,4.347245216369629,-5.281817436218262,-9.62906265258789,True,disagreement
1,0,8.258652687072754,5.024566173553467,8.258652687072754,-5.094992637634277,-13.353645324707031,True,disagreement
1,0,12.778696060180664,6.883891582489014,12.778696060180664,-6.9478044509887695,-19.72650146484375,True,disagreement
1,0,13.001250267028809,5.761516094207764,13.001250267028809,-5.8318634033203125,-18.833114624023438,True,disagreement
1,0,14.319071769714355,6.991208553314209,14.319071769714355,-7.0440874099731445,-21.3631591796875,True,disagreement
1,0,11.219056129455566,9.74539566040039,11.219056129455566,-9.781460762023926,-21.000516891479492,True,disagreement
1,0,12.466703414916992,6.636917591094971,12.466703414916992,-6.696528911590576,-19.163232803344727,True,disagreement
1,1,7.647914886474609,4.820945739746094,7.647914886474609,4.820945739746094,-2.8269691467285156,False,none
1,0,0.7335880398750305,9.794944763183594,0.7335880398750305,-9.822308540344238,-10.555896759033203,True,disagreement
0,1,7.749800682067871,12.606287956237793,-7.786910057067871,12.606287956237793,20.393198013305664,True,"disagreement,high_confidence_disagreement"
1,0,17.70709800720215,6.1440911293029785,17.70709800720215,-6.205551624298096,-23.912649154663086,True,disagreement
0,1,6.810606956481934,5.504047393798828,-6.848380088806152,5.504047393798828,12.35242748260498,True,"disagreement,high_confidence_disagreement"
1,0,18.340822219848633,5.736603736877441,18.340822219848633,-5.799245834350586,-24.14006805419922,True,disagreement
0,1,8.545825958251953,5.48659610748291,-8.583062171936035,5.48659610748291,14.069658279418945,True,"disagreement,high_confidence_disagreement"
1,0,11.847548484802246,8.96170425415039,11.847548484802246,-9.015658378601074,-20.86320686340332,True,disagreement
1,0,14.478468894958496,6.4124531745910645,14.478468894958496,-6.46798849105835,-20.946456909179688,True,disagreement
1,0,11.734981536865234,7.255753993988037,11.734981536865234,-7.308750152587891,-19.043731689453125,True,disagreement
0,0,5.617815971374512,3.545941114425659,-5.656985282897949,-3.609285831451416,2.047699451446533,False,none
1,0,13.012688636779785,7.349463939666748,13.012688636779785,-7.400565147399902,-20.413253784179688,True,disagreement
1,0,1.521237850189209,11.150430679321289,1.521237850189209,-11.182072639465332,-12.703310012817383,True,disagreement
0,1,2.579334020614624,5.903891563415527,-2.6154162883758545,5.903891563415527,8.519308090209961,True,"disagreement,high_confidence_disagreement"
1,0,13.696706771850586,10.762601852416992,13.696706771850586,-10.791028022766113,-24.487735748291016,True,disagreement
1,0,0.8386902213096619,6.949459552764893,0.8386902213096619,-6.981350898742676,-7.820041179656982,True,disagreement
1,0,14.213583946228027,7.740667819976807,14.213583946228027,-7.792621612548828,-22.006206512451172,True,disagreement
1,0,11.443181037902832,7.689789295196533,11.443181037902832,-7.753594398498535,-19.196775436401367,True,disagreement
1,0,1.4203433990478516,6.7276787757873535,1.4203433990478516,-6.76153564453125,-8.181879043579102,True,disagreement
1,0,10.32258129119873,8.567669868469238,10.32258129119873,-8.613424301147461,-18.936004638671875,True,disagreement
1,0,10.176955223083496,5.749905109405518,10.176955223083496,-5.808882713317871,-15.985837936401367,True,disagreement
0,0,0.93852698802948,6.42654275894165,-0.9744876623153687,-6.432147979736328,-5.45766019821167,False,none
1,1,12.105264663696289,14.243232727050781,12.105264663696289,14.243232727050781,2.137968063354492,False,none
1,0,12.514871597290039,9.30006217956543,12.514871597290039,-9.339797019958496,-21.85466766357422,True,disagreement
1,0,13.997727394104004,6.344131946563721,13.997727394104004,-6.399961948394775,-20.397689819335938,True,disagreement
1,1,17.4581241607666,18.766586303710938,17.4581241607666,18.766586303710938,1.308462142944336,False,none
0,0,0.11462028324604034,9.077960968017578,-0.14693668484687805,-9.089568138122559,-8.942631721496582,False,none
1,0,12.839764595031738,6.666254043579102,12.839764595031738,-6.720211982727051,-19.55997657775879,True,disagreement
1,0,13.317015647888184,1.638110637664795,13.317015647888184,-1.725142240524292,-15.042158126831055,True,disagreement
1,0,13.030135154724121,3.2060601711273193,13.030135154724121,-3.2822093963623047,-16.31234359741211,True,disagreement
1,0,8.09489917755127,7.492952823638916,8.09489917755127,-7.544574737548828,-15.639473915100098,True,disagreement
1,0,12.173221588134766,7.2850165367126465,12.173221588134766,-7.337495803833008,-19.510717391967773,True,disagreement
0,1,4.401054382324219,6.587798118591309,-4.438352584838867,6.587798118591309,11.026150703430176,True,"disagreement,high_confidence_disagreement"
1,0,13.584891319274902,8.284414291381836,13.584891319274902,-8.331888198852539,-21.916778564453125,True,disagreement
1,0,4.983027458190918,4.164392948150635,4.983027458190918,-4.228171348571777,-9.211198806762695,True,disagreement
1,0,14.443963050842285,7.369100093841553,14.443963050842285,-7.423586845397949,-21.867549896240234,True,disagreement
1,0,6.599028587341309,7.451839447021484,6.599028587341309,-7.505549430847168,-14.104578018188477,True,disagreement
1,0,14.780543327331543,7.498751640319824,14.780543327331543,-7.558767318725586,-22.339309692382812,True,disagreement
0,1,9.4000244140625,4.850669860839844,-9.43721866607666,4.850669860839844,14.287888526916504,True,"disagreement,high_confidence_disagreement"
0,0,0.9396600723266602,13.605592727661133,-0.9713916778564453,-13.589705467224121,-12.618313789367676,False,none
1,0,12.8960599899292,6.6816487312316895,12.8960599899292,-6.735713005065918,-19.631772994995117,True,disagreement
1,0,4.127748489379883,6.386117458343506,4.127748489379883,-6.427142143249512,-10.554890632629395,True,disagreement
1,0,4.529073715209961,5.819273471832275,4.529073715209961,-5.8617472648620605,-10.39082145690918,True,disagreement
1,0,4.174053192138672,6.056945323944092,4.174053192138672,-6.097162246704102,-10.271215438842773,True,disagreement
1,0,8.316604614257812,5.475406169891357,8.316604614257812,-5.53847074508667,-13.85507583618164,True,disagreement
1,0,7.137090682983398,8.894588470458984,7.137090682983398,-8.941094398498535,-16.07818603515625,True,disagreement
1,0,12.884919166564941,7.892557621002197,12.884919166564941,-7.944445610046387,-20.829364776611328,True,disagreement
0,0,1.7596392631530762,7.129358768463135,-1.7953189611434937,-7.1593475341796875,-5.364028453826904,False,none
1,0,4.64710807800293,7.122926235198975,4.64710807800293,-7.176724433898926,-11.823832511901855,True,disagreement
1,0,4.246137619018555,4.177602291107178,4.246137619018555,-4.239678859710693,-8.485816955566406,True,disagreement
1,0,13.927343368530273,7.224162578582764,13.927343368530273,-7.276044845581055,-21.203388214111328,True,disagreement
1,0,14.545968055725098,7.293188571929932,14.545968055725098,-7.344503402709961,-21.890472412109375,True,disagreement
1,0,12.36672592163086,5.942099094390869,12.36672592163086,-6.0141072273254395,-18.38083267211914,True,disagreement
1,0,0.8723867535591125,12.791309356689453,0.8723867535591125,-12.831901550292969,-13.704288482666016,True,disagreement
1,0,5.775246620178223,4.779362201690674,5.775246620178223,-4.8318376541137695,-10.607084274291992,True,disagreement
1,1,2.655562400817871,9.256242752075195,2.655562400817871,9.256242752075195,6.600680351257324,False,none
0,1,7.987411022186279,0.050676167011260986,-8.028763771057129,0.050676167011260986,8.079440116882324,True,disagreement
1,0,13.102005004882812,6.428589820861816,13.102005004882812,-6.483573913574219,-19.58557891845703,True,disagreement
0,0,1.5463167428970337,10.062987327575684,-1.579953670501709,-10.065106391906738,-8.485153198242188,False,none
1,0,1.2888484001159668,5.152492046356201,1.2888484001159668,-5.201760292053223,-6.4906086921691895,True,disagreement
1,0,12.529570579528809,7.142202854156494,12.529570579528809,-7.194911003112793,-19.7244815826416,True,disagreement
1,0,13.347532272338867,6.33462381362915,13.347532272338867,-6.4037017822265625,-19.75123405456543,True,disagreement
1,0,13.919827461242676,5.485522747039795,13.919827461242676,-5.561098098754883,-19.480926513671875,True,disagreement
1,0,12.237655639648438,7.36115837097168,12.237655639648438,-7.413183689117432,-19.65083885192871,True,disagreement
1,0,13.602860450744629,7.490251064300537,13.602860450744629,-7.554243087768555,-21.1571044921875,True,disagreement
0,0,0.05653415620326996,0.5739060640335083,-0.09109830856323242,-0.6664024591445923,-0.5753041505813599,False,none
1,0,3.6146128177642822,2.33113169670105,3.6146128177642822,-2.398615837097168,-6.013228416442871,True,disagreement
1,1,5.323701858520508,10.273350715637207,5.323701858520508,10.273350715637207,4.949648857116699,False,none
1,0,13.428638458251953,7.590532302856445,13.428638458251953,-7.647612571716309,-21.076251983642578,True,disagreement
1,1,3.594919443130493,6.313347816467285,3.594919443130493,6.313347816467285,2.718428373336792,False,none
0,1,2.9357283115386963,6.448034763336182,-2.971503496170044,6.448034763336182,9.419538497924805,True,"disagreement,high_confidence_disagreement"
1,0,4.679587364196777,9.401576042175293,4.679587364196777,-9.455474853515625,-14.135062217712402,True,disagreement
1,0,12.972943305969238,6.276809215545654,12.972943305969238,-6.338457107543945,-19.3114013671875,True,disagreement
1,0,21.822343826293945,5.143881797790527,21.822343826293945,-5.206499099731445,-27.02884292602539,True,disagreement
1,0,17.874507904052734,8.954870223999023,17.874507904052734,-9.000458717346191,-26.87496566772461,True,disagreement
1,0,15.131762504577637,6.304523944854736,15.131762504577637,-6.361813545227051,-21.493576049804688,True,disagreement
0,0,0.7655097246170044,11.689205169677734,-0.7975380420684814,-11.676050186157227,-10.878512382507324,False,none
1,0,11.091535568237305,12.485767364501953,11.091535568237305,-12.53153133392334,-23.623065948486328,True,disagreement
1,0,12.328909873962402,3.322709798812866,12.328909873962402,-3.4040513038635254,-15.732961654663086,True,disagreement
1,0,9.20119571685791,5.865002155303955,9.20119571685791,-5.921184062957764,-15.122379302978516,True,disagreement
0,1,4.28944206237793,5.961158752441406,-4.326738357543945,5.961158752441406,10.287897109985352,True,"disagreement,high_confidence_disagreement"
1,0,4.738462448120117,5.208411693572998,4.738462448120117,-5.256830215454102,-9.995292663574219,True,disagreement
0,1,10.777575492858887,3.9038548469543457,-10.814826965332031,3.9038548469543457,14.718681335449219,True,"disagreement,high_confidence_disagreement"
0,0,2.863506555557251,12.072813034057617,-2.900651693344116,-12.069706916809082,-9.169054985046387,False,none
1,0,9.52446460723877,11.082490921020508,9.52446460723877,-11.134757995605469,-20.659221649169922,True,disagreement
1,0,13.741167068481445,6.235630512237549,13.741167068481445,-6.293944358825684,-20.035110473632812,True,disagreement
1,0,14.332340240478516,6.650822162628174,14.332340240478516,-6.716592788696289,-21.048933029174805,True,disagreement
1,0,12.616217613220215,6.183638572692871,12.616217613220215,-6.246124267578125,-18.862342834472656,True,disagreement
1,0,13.96226692199707,5.476559162139893,13.96226692199707,-5.538877010345459,-19.501144409179688,True,disagreement
1,0,2.825225591659546,13.477518081665039,2.825225591659546,-13.518818855285645,-16.344043731689453,True,disagreement
1,0,14.093413352966309,6.6239728927612305,14.093413352966309,-6.678206920623779,-20.77161979675293,True,disagreement
1,0,4.390913009643555,5.384210109710693,4.390913009643555,-5.430899620056152,-9.821812629699707,True,disagreement
1,0,11.027899742126465,9.191963195800781,11.027899742126465,-9.22999095916748,-20.257890701293945,True,disagreement
1,0,12.830143928527832,5.6919708251953125,12.830143928527832,-5.755472183227539,-18.585617065429688,True,disagreement
1,0,4.846269607543945,5.521433353424072,4.846269607543945,-5.566819667816162,-10.413089752197266,True,disagreement
1,0,14.362906455993652,4.905220031738281,14.362906455993652,-4.982329368591309,-19.34523582458496,True,disagreement
1,0,13.098352432250977,5.658393383026123,13.098352432250977,-5.73304557800293,-18.831398010253906,True,disagreement
1,0,4.714385986328125,10.092226028442383,4.714385986328125,-10.137862205505371,-14.852248191833496,True,disagreement
1,0,14.133696556091309,6.5848469734191895,14.133696556091309,-6.639703750610352,-20.773399353027344,True,disagreement
1,0,5.233294486999512,3.9782254695892334,5.233294486999512,-4.038374900817871,-9.271669387817383,True,disagreement
1,0,15.284974098205566,6.819215297698975,15.284974098205566,-6.8835601806640625,-22.168533325195312,True,disagreement
1,0,8.183579444885254,5.1346821784973145,8.183579444885254,-5.2028679847717285,-13.38644790649414,True,disagreement
1,0,0.09319373965263367,8.990457534790039,0.09319373965263367,-9.043928146362305,-9.13712215423584,True,disagreement
1,0,12.132708549499512,4.3487935066223145,12.132708549499512,-4.42382287979126,-16.55653190612793,True,disagreement
1,0,6.154727935791016,7.254231929779053,6.154727935791016,-7.3117547035217285,-13.466482162475586,True,disagreement
1,1,0.22759246826171875,6.507542610168457,0.22759246826171875,6.507542610168457,6.279950141906738,False,none
1,0,5.432181358337402,11.955463409423828,5.432181358337402,-12.00127124786377,-17.433452606201172,True,disagreement
1,0,11.932068824768066,4.485867977142334,11.932068824768066,-4.559290885925293,-16.49135971069336,True,disagreement
1,0,6.099846839904785,4.780001163482666,6.099846839904785,-4.853312969207764,-10.95315933227539,True,disagreement
1,0,12.453877449035645,8.770856857299805,12.453877449035645,-8.811688423156738,-21.265565872192383,True,disagreement
1,0,22.125486373901367,5.714443683624268,22.125486373901367,-5.7741851806640625,-27.89967155456543,True,disagreement
1,0,12.62513256072998,8.169042587280273,12.62513256072998,-8.217426300048828,-20.842559814453125,True,disagreement
1,0,12.820992469787598,6.63211727142334,12.820992469787598,-6.686238765716553,-19.507230758666992,True,disagreement
1,0,14.73145580291748,5.947640895843506,14.73145580291748,-6.004886150360107,-20.73634147644043,True,disagreement
1,0,16.00560760498047,4.930461883544922,16.00560760498047,-4.9933180809021,-20.998926162719727,True,disagreement
1,0,14.488913536071777,4.856474876403809,14.488913536071777,-4.932612895965576,-19.421525955200195,True,disagreement
1,0,13.86626148223877,7.3258957862854,13.86626148223877,-7.3773369789123535,-21.24359893798828,True,disagreement
1,1,5.548134803771973,7.55128812789917,5.548134803771973,7.55128812789917,2.0031533241271973,False,none
1,0,4.552385330200195,5.176951885223389,4.552385330200195,-5.225665092468262,-9.778050422668457,True,disagreement
1,0,7.797110557556152,5.2081475257873535,7.797110557556152,-5.272295951843262,-13.069406509399414,True,disagreement
1,0,3.373181104660034,5.640063762664795,3.373181104660034,-5.684330940246582,-9.057512283325195,True,disagreement
1,0,14.297281265258789,5.96665620803833,14.297281265258789,-6.031047821044922,-20.32832908630371,True,disagreement
1,0,13.018328666687012,6.287042140960693,13.018328666687012,-6.342747688293457,-19.36107635498047,True,disagreement
1,0,4.815753936767578,4.418892860412598,4.815753936767578,-4.474773406982422,-9.29052734375,True,disagreement
1,0,7.012189865112305,14.802413940429688,7.012189865112305,-14.809014320373535,-21.821205139160156,True,disagreement
1,0,10.30344009399414,6.149408340454102,10.30344009399414,-6.205595970153809,-16.509037017822266,True,disagreement
1,0,18.31789207458496,5.663819789886475,18.31789207458496,-5.726790904998779,-24.0446834564209,True,disagreement
1,0,12.62052059173584,7.078397274017334,12.62052059173584,-7.130791664123535,-19.751312255859375,True,disagreement
0,1,2.8046071529388428,4.883817195892334,-2.840538740158081,4.883817195892334,7.724355697631836,True,"disagreement,high_confidence_disagreement"
1,0,11.032831192016602,8.461283683776855,11.032831192016602,-8.520386695861816,-19.553218841552734,True,disagreement
1,0,4.842325210571289,5.442142009735107,4.842325210571289,-5.488276481628418,-10.330601692199707,True,disagreement
1,0,14.656525611877441,5.781778812408447,14.656525611877441,-5.841874122619629,-20.49839973449707,True,disagreement
0,1,5.3191986083984375,1.5603102445602417,-5.356509208679199,1.5603102445602417,6.9168195724487305,True,"disagreement,high_confidence_disagreement"
1,0,4.641839027404785,16.90094757080078,4.641839027404785,-16.892478942871094,-21.534317016601562,True,disagreement
0,1,3.7933497428894043,8.251397132873535,-3.83034348487854,8.251397132873535,12.081740379333496,True,"disagreement,high_confidence_disagreement"
1,0,7.5250749588012695,6.755868434906006,7.5250749588012695,-6.816051483154297,-14.341126441955566,True,disagreement
1,0,12.222567558288574,6.82106351852417,12.222567558288574,-6.879899024963379,-19.102466583251953,True,disagreement
0,1,4.023240566253662,1.662523865699768,-4.060678482055664,1.662523865699768,5.723202228546143,True,"disagreement,high_confidence_disagreement"
1,0,10.15355396270752,3.794487714767456,10.15355396270752,-3.8639822006225586,-14.017536163330078,True,disagreement
0,1,9.792841911315918,1.626292109489441,-9.827857971191406,1.626292109489441,11.454150199890137,True,"disagreement,high_confidence_disagreement"
1,0,1.6311421394348145,6.764089107513428,1.6311421394348145,-6.806784629821777,-8.43792724609375,True,disagreement
1,0,3.0842506885528564,1.8136637210845947,3.0842506885528564,-1.887949824333191,-4.972200393676758,True,disagreement
0,0,0.2360958606004715,7.249985218048096,-0.2703809142112732,-7.278858184814453,-7.008477210998535,False,none
1,0,12.172104835510254,7.28578519821167,12.172104835510254,-7.338258743286133,-19.510364532470703,True,disagreement
1,0,13.112776756286621,6.839038848876953,13.112776756286621,-6.902590751647949,-20.01536750793457,True,disagreement
1,1,4.232541084289551,9.289641380310059,4.232541084289551,9.289641380310059,5.057100296020508,False,none
1,0,15.777055740356445,6.373289585113525,15.777055740356445,-6.4448628425598145,-22.2219181060791,True,disagreement
1,0,13.884451866149902,5.516796588897705,13.884451866149902,-5.591955184936523,-19.47640609741211,True,disagreement
1,1,12.260774612426758,11.221912384033203,12.260774612426758,11.221912384033203,-1.0388622283935547,False,none
1,0,3.4811267852783203,5.6524176597595215,3.4811267852783203,-5.696623802185059,-9.177750587463379,True,disagreement
1,1,2.2521493434906006,8.716597557067871,2.2521493434906006,8.716597557067871,6.464447975158691,False,none
1,0,2.537832260131836,6.286726474761963,2.537832260131836,-6.335812568664551,-8.873644828796387,True,disagreement
0,1,5.548232078552246,7.001474380493164,-5.585598945617676,7.001474380493164,12.58707332611084,True,"disagreement,high_confidence_disagreement"
1,0,13.38333797454834,6.159999847412109,13.38333797454834,-6.229486465454102,-19.612823486328125,True,disagreement
1,0,13.706530570983887,5.529048442840576,13.706530570983887,-5.602631092071533,-19.309162139892578,True,disagreement
1,0,13.011561393737793,2.1376137733459473,13.011561393737793,-2.218188762664795,-15.22974967956543,True,disagreement
1,0,0.9122729301452637,10.47337532043457,0.9122729301452637,-10.49306869506836,-11.405342102050781,True,disagreement
1,0,14.246920585632324,6.343892574310303,14.246920585632324,-6.401950836181641,-20.64887237548828,True,disagreement
1,0,15.513604164123535,4.941283702850342,15.513604164123535,-5.004427433013916,-20.51803207397461,True,disagreement
1,0,6.556544303894043,7.974101543426514,6.556544303894043,-8.0231351852417,-14.579679489135742,True,disagreement
1,0,7.5326032638549805,4.956162452697754,7.5326032638549805,-5.021150588989258,-12.553753852844238,True,disagreement
1,0,13.45586109161377,6.320141315460205,13.45586109161377,-6.381443977355957,-19.837305068969727,True,disagreement
1,0,3.8878824710845947,2.667530059814453,3.8878824710845947,-2.7344837188720703,-6.622365951538086,True,disagreement
1,0,2.362156629562378,9.418045043945312,2.362156629562378,-9.441768646240234,-11.803925514221191,True,disagreement
1,0,6.003569602966309,15.929658889770508,6.003569602966309,-15.92812442779541,-21.93169403076172,True,disagreement
1,0,13.325126647949219,6.071649074554443,13.325126647949219,-6.131447792053223,-19.456573486328125,True,disagreement
1,0,15.078373908996582,5.9395751953125,15.078373908996582,-5.998754501342773,-21.077129364013672,True,disagreement
1,0,4.950532913208008,6.141331195831299,4.950532913208008,-6.180696487426758,-11.131229400634766,True,disagreement
0,0,7.096311569213867,0.27543923258781433,-7.133204460144043,-0.37242239713668823,6.760782241821289,False,none
1,0,4.315422058105469,3.1098062992095947,4.315422058105469,-3.175334930419922,-7.490756988525391,True,disagreement
1,0,13.386154174804688,6.327952861785889,13.386154174804688,-6.389256000518799,-19.775409698486328,True,disagreement
1,1,2.598682403564453,4.2402567863464355,2.598682403564453,4.2402567863464355,1.6415743827819824,False,none
0,1,3.9083380699157715,8.02418327331543,-3.9452054500579834,8.02418327331543,11.969388961791992,True,"disagreement,high_confidence_disagreement"
1,0,12.175164222717285,5.50290060043335,12.175164222717285,-5.576173305511475,-17.7513370513916,True,disagreement
0,1,11.4041748046875,3.822970390319824,-11.44326400756836,3.822970390319824,15.266234397888184,True,"disagreement,high_confidence_disagreement"
1,0,5.311376571655273,16.359481811523438,5.311376571655273,-16.355510711669922,-21.666887283325195,True,disagreement
1,0,15.641009330749512,7.858327388763428,15.641009330749512,-7.920160293579102,-23.561168670654297,True,disagreement
1,0,8.141884803771973,8.364945411682129,8.141884803771973,-8.424077987670898,-16.565963745117188,True,disagreement
1,0,13.682012557983398,5.584113597869873,13.682012557983398,-5.659254550933838,-19.341266632080078,True,disagreement
1,0,11.828903198242188,8.813401222229004,11.828903198242188,-8.86811637878418,-20.697019577026367,True,disagreement
1,1,1.8589962720870972,9.192508697509766,1.8589962720870972,9.192508697509766,7.333512306213379,False,none
1,0,11.886455535888672,5.80376672744751,11.886455535888672,-5.877479553222656,-17.763935089111328,True,disagreement
1,0,3.566258668899536,10.225790023803711,3.566258668899536,-10.278243064880371,-13.844501495361328,True,disagreement
1,1,12.272767066955566,14.000326156616211,12.272767066955566,14.000326156616211,1.7275590896606445,False,none
1,0,4.501641273498535,5.579433441162109,4.501641273498535,-5.624242782592773,-10.125884056091309,True,disagreement
0,1,5.65833044052124,2.2530856132507324,-5.695086479187012,2.2530856132507324,7.948172092437744,True,"disagreement,high_confidence_disagreement"
1,0,13.40766716003418,6.648910999298096,13.40766716003418,-6.706369400024414,-20.114036560058594,True,disagreement
1,0,13.55559253692627,6.854654312133789,13.55559253692627,-6.908542633056641,-20.464134216308594,True,disagreement
0,1,7.002524375915527,0.7396625876426697,-7.0401506423950195,0.7396625876426697,7.779813289642334,True,"disagreement,high_confidence_disagreement"
0,0,6.661721229553223,0.3098757565021515,-6.698248863220215,-0.3998432159423828,6.298405647277832,False,none
1,0,11.658411026000977,5.167325496673584,11.658411026000977,-5.242807388305664,-16.90121841430664,True,disagreement
1,0,6.415177345275879,11.175878524780273,6.415177345275879,-11.22614574432373,-17.64132308959961,True,disagreement
1,0,14.19300365447998,5.5416035652160645,14.19300365447998,-5.603457450866699,-19.79646110534668,True,disagreement
1,0,13.27639102935791,9.363351821899414,13.27639102935791,-9.413094520568848,-22.689485549926758,True,disagreement
0,1,2.5001587867736816,5.400091171264648,-2.535932779312134,5.400091171264648,7.936023712158203,True,"disagreement,high_confidence_disagreement"
0,1,2.2509732246398926,5.419975280761719,-2.286801815032959,5.419975280761719,7.706777095794678,True,"disagreement,high_confidence_disagreement"
1,0,14.857989311218262,5.742428779602051,14.857989311218262,-5.802617073059082,-20.660606384277344,True,disagreement
1,0,13.889286994934082,6.312431812286377,13.889286994934082,-6.368796348571777,-20.25808334350586,True,disagreement
1,0,6.44011116027832,8.226696014404297,6.44011116027832,-8.273844718933105,-14.713955879211426,True,disagreement
1,0,8.657784461975098,5.422027587890625,8.657784461975098,-5.489510536193848,-14.147294998168945,True,disagreement
1,0,14.516009330749512,6.202480792999268,14.516009330749512,-6.258574485778809,-20.77458381652832,True,disagreement
1,0,9.56680679321289,5.008510112762451,9.56680679321289,-5.083498477935791,-14.650304794311523,True,disagreement
1,0,10.654597282409668,9.552739143371582,10.654597282409668,-9.583086013793945,-20.237682342529297,True,disagreement
1,0,7.596247673034668,6.887098789215088,7.596247673034668,-6.943111419677734,-14.539359092712402,True,disagreement
0,1,3.657186269760132,5.1441144943237305,-3.6928367614746094,5.1441144943237305,8.83695125579834,True,"disagreement,high_confidence_disagreement"
1,0,14.827701568603516,6.162968158721924,14.827701568603516,-6.2214250564575195,-21.04912567138672,True,disagreement
1,0,15.916739463806152,5.7462358474731445,15.916739463806152,-5.805668830871582,-21.722408294677734,True,disagreement
1,0,11.94709587097168,8.155797004699707,11.94709587097168,-8.216699600219727,-20.163795471191406,True,disagreement
1,0,1.1622445583343506,4.9563469886779785,1.1622445583343506,-5.007026195526123,-6.1692705154418945,True,disagreement
1,0,3.2226550579071045,6.423925876617432,3.2226550579071045,-6.468300819396973,-9.690956115722656,True,disagreement
1,0,15.865642547607422,8.507207870483398,15.865642547607422,-8.558165550231934,-24.423809051513672,True,disagreement
1,0,9.083005905151367,5.823225975036621,9.083005905151367,-5.880358695983887,-14.963364601135254,True,disagreement
1,1,0.3639228940010071,9.319181442260742,0.3639228940010071,9.319181442260742,8.9552583694458,False,none
1,1,13.515049934387207,6.824859142303467,13.515049934387207,6.824859142303467,-6.69019079208374,False,none
1,0,13.385245323181152,6.915494441986084,13.385245323181152,-6.973074913024902,-20.358320236206055,True,disagreement
1,0,10.480152130126953,5.333837509155273,10.480152130126953,-5.405437469482422,-15.885589599609375,True,disagreement
1,0,14.063262939453125,6.645735263824463,14.063262939453125,-6.704875946044922,-20.768138885498047,True,disagreement
1,0,7.532304763793945,10.333096504211426,7.532304763793945,-10.360199928283691,-17.892505645751953,True,disagreement
1,0,4.774626731872559,4.883340358734131,4.774626731872559,-4.9550065994262695,-9.729633331298828,True,disagreement
1,0,12.327296257019043,6.884626865386963,12.327296257019043,-6.952763557434082,-19.280059814453125,True,disagreement
1,0,13.798056602478027,6.45460844039917,13.798056602478027,-6.511940956115723,-20.30999755859375,True,disagreement
1,0,5.1427717208862305,5.919329643249512,5.1427717208862305,-5.960860252380371,-11.103631973266602,True,disagreement
1,0,9.628186225891113,6.088511943817139,9.628186225891113,-6.145175933837891,-15.773362159729004,True,disagreement
0,1,5.05120325088501,4.322294235229492,-5.087864875793457,4.322294235229492,9.41015911102295,True,"disagreement,high_confidence_disagreement"
1,0,16.585229873657227,7.000405788421631,16.585229873657227,-7.062724590301514,-23.6479549407959,True,disagreement
1,0,6.246218681335449,8.564212799072266,6.246218681335449,-8.619722366333008,-14.865941047668457,True,disagreement
1,0,12.312005996704102,6.311054706573486,12.312005996704102,-6.3819499015808105,-18.69395637512207,True,disagreement
1,1,12.03743839263916,12.400704383850098,12.03743839263916,12.400704383850098,0.3632659912109375,False,none
1,0,17.119945526123047,6.885961055755615,17.119945526123047,-6.944009780883789,-24.063955307006836,True,disagreement
1,0,13.724559783935547,6.1586809158325195,13.724559783935547,-6.230707168579102,-19.95526695251465,True,disagreement
1,0,12.439620971679688,7.04014253616333,12.439620971679688,-7.09304666519165,-19.53266716003418,True,disagreement
1,0,12.556621551513672,7.286929607391357,12.556621551513672,-7.338697910308838,-19.89531898498535,True,disagreement
1,0,11.71601676940918,9.304256439208984,11.71601676940918,-9.343945503234863,-21.05996322631836,True,disagreement
1,0,14.390206336975098,2.5789668560028076,14.390206336975098,-2.6623172760009766,-17.05252456665039,True,disagreement
1,1,7.049196243286133,2.538595676422119,7.049196243286133,2.538595676422119,-4.510600566864014,False,none
0,0,1.7061591148376465,12.616653442382812,-1.740423560142517,-12.614439964294434,-10.874016761779785,False,none
1,0,12.461180686950684,7.300853252410889,12.461180686950684,-7.353017807006836,-19.814197540283203,True,disagreement
1,0,17.65423583984375,9.129219055175781,17.65423583984375,-9.167191505432129,-26.821426391601562,True,disagreement
1,0,9.953319549560547,8.575496673583984,9.953319549560547,-8.633362770080566,-18.586681365966797,True,disagreement
1,0,13.612472534179688,4.818514347076416,13.612472534179688,-4.895327568054199,-18.507801055908203,True,disagreement
0,1,5.781737804412842,4.956467628479004,-5.818854331970215,4.956467628479004,10.775321960449219,True,"disagreement,high_confidence_disagreement"
0,1,7.776188850402832,4.300607681274414,-7.813873291015625,4.300607681274414,12.114480972290039,True,"disagreement,high_confidence_disagreement"
1,0,11.073538780212402,2.5535809993743896,11.073538780212402,-2.6301679611206055,-13.703706741333008,True,disagreement
1,0,5.898037910461426,11.244895935058594,5.898037910461426,-11.289427757263184,-17.18746566772461,True,disagreement
1,0,14.317121505737305,7.301485538482666,14.317121505737305,-7.353080749511719,-21.670202255249023,True,disagreement
0,1,4.840169906616211,1.600433111190796,-4.877229690551758,1.600433111190796,6.477663040161133,True,"disagreement,high_confidence_disagreement"
1,0,0.8792151212692261,5.828274250030518,0.8792151212692261,-5.871742248535156,-6.750957489013672,True,disagreement
1,0,12.835256576538086,6.767300128936768,12.835256576538086,-6.8263258934021,-19.661582946777344,True,disagreement
1,0,14.62617015838623,5.902814865112305,14.62617015838623,-5.962623119354248,-20.58879280090332,True,disagreement
0,0,0.8906980752944946,11.125785827636719,-0.9232314825057983,-11.117968559265137,-10.194737434387207,False,none
0,1,4.0392842292785645,5.419722557067871,-4.076648235321045,5.419722557067871,9.496370315551758,True,"disagreement,high_confidence_disagreement"
1,0,10.629044532775879,7.44365930557251,10.629044532775879,-7.509306907653809,-18.138351440429688,True,disagreement
1,1,3.1554653644561768,9.149754524230957,3.1554653644561768,9.149754524230957,5.994289398193359,False,none
1,0,1.7097735404968262,4.924978733062744,1.7097735404968262,-4.977221488952637,-6.686995029449463,True,disagreement
0,0,0.028970569372177124,6.748636722564697,-0.06262651085853577,-6.782224655151367,-6.719598293304443,False,none
1,1,24.60020637512207,20.68496322631836,24.60020637512207,20.68496322631836,-3.915243148803711,False,none
1,0,7.808699607849121,8.298166275024414,7.808699607849121,-8.356400489807129,-16.16510009765625,True,disagreement
0,0,3.638739585876465,11.325660705566406,-3.6742470264434814,-11.315999984741211,-7.641753196716309,False,none
1,0,5.811821937561035,7.652987957000732,5.811821937561035,-7.697249889373779,-13.509071350097656,True,disagreement
1,0,9.365812301635742,6.110387802124023,9.365812301635742,-6.166534423828125,-15.532346725463867,True,disagreement
1,0,8.320565223693848,6.187387943267822,8.320565223693848,-6.257303237915039,-14.577868461608887,True,disagreement
1,0,11.798364639282227,5.823913097381592,11.798364639282227,-5.895212173461914,-17.69357681274414,True,disagreement
1,0,13.674874305725098,5.891420841217041,13.674874305725098,-5.951138496398926,-19.626012802124023,True,disagreement
1,0,3.8681106567382812,4.6461501121521,3.8681106567382812,-4.712174415588379,-8.58028507232666,True,disagreement
1,0,3.2195379734039307,7.781965732574463,3.2195379734039307,-7.846923828125,-11.066461563110352,True,disagreement
1,0,14.728270530700684,6.262017726898193,14.728270530700684,-6.3235554695129395,-21.05182647705078,True,disagreement
1,0,10.172006607055664,6.418893337249756,10.172006607055664,-6.473147392272949,-16.645153045654297,True,disagreement
1,0,0.6687608957290649,3.969346284866333,0.6687608957290649,-4.029461860656738,-4.698222637176514,True,disagreement
1,0,12.495268821716309,7.335573673248291,12.495268821716309,-7.3875250816345215,-19.882793426513672,True,disagreement
0,1,2.9711971282958984,5.106378555297852,-3.006866216659546,5.106378555297852,8.113245010375977,True,"disagreement,high_confidence_disagreement"
1,0,12.959527015686035,6.837806224822998,12.959527015686035,-6.891068458557129,-19.850595474243164,True,disagreement
1,0,2.21821665763855,12.18130111694336,2.21821665763855,-12.219229698181152,-14.437446594238281,True,disagreement
1,0,5.378927230834961,9.805545806884766,5.378927230834961,-9.861830711364746,-15.240757942199707,True,disagreement
1,0,13.357609748840332,6.70320463180542,13.357609748840332,-6.757917404174805,-20.115528106689453,True,disagreement
1,0,13.524432182312012,7.244073390960693,13.524432182312012,-7.299756050109863,-20.824188232421875,True,disagreement
1,0,8.421939849853516,5.229380130767822,8.421939849853516,-5.293801307678223,-13.715741157531738,True,disagreement
1,0,8.298004150390625,10.056917190551758,8.298004150390625,-10.112025260925293,-18.410030364990234,True,disagreement
1,0,11.429587364196777,9.32437801361084,11.429587364196777,-9.3638334274292,-20.793420791625977,True,disagreement
1,0,12.287044525146484,7.475692272186279,12.287044525146484,-7.527054309844971,-19.814098358154297,True,disagreement
1,0,15.006157875061035,8.676321983337402,15.006157875061035,-8.727015495300293,-23.733173370361328,True,disagreement
1,0,12.647340774536133,7.088874816894531,12.647340774536133,-7.141254425048828,-19.78859519958496,True,disagreement
0,1,2.9462296962738037,2.9449996948242188,-2.982410192489624,2.9449996948242188,5.927410125732422,True,"disagreement,high_confidence_disagreement"
1,0,5.58643913269043,6.079526901245117,5.58643913269043,-6.131636619567871,-11.7180757522583,True,disagreement
1,0,1.4512684345245361,4.789262771606445,1.4512684345245361,-4.843656539916992,-6.294924736022949,True,disagreement
1,0,51.1814079284668,7.497003078460693,51.1814079284668,-7.419472694396973,-58.60087966918945,True,disagreement
1,0,4.685975074768066,5.437550067901611,4.685975074768066,-5.483740329742432,-10.169715881347656,True,disagreement
0,0,7.856113433837891,2.3423361778259277,-7.8945207595825195,-2.418111801147461,5.476408958435059,False,none
1,0,6.645301818847656,8.149991989135742,6.645301818847656,-8.19632625579834,-14.841628074645996,True,disagreement
0,0,1.5458869934082031,9.672784805297852,-1.5813677310943604,-9.678357124328613,-8.096989631652832,False,none
1,0,12.799153327941895,6.653598308563232,12.799153327941895,-6.707597732543945,-19.506752014160156,True,disagreement
1,0,12.058752059936523,7.456911087036133,12.058752059936523,-7.5085601806640625,-19.567312240600586,True,disagreement
1,0,4.4965057373046875,6.3164472579956055,4.4965057373046875,-6.354287147521973,-10.85079288482666,True,disagreement
1,0,5.5912017822265625,15.517354011535645,5.5912017822265625,-15.5194730758667,-21.110675811767578,True,disagreement
0,1,2.598768711090088,5.905837059020996,-2.634338855743408,5.905837059020996,8.540176391601562,True,"disagreement,high_confidence_disagreement"
1,0,17.447547912597656,7.359389781951904,17.447547912597656,-7.406047821044922,-24.853595733642578,True,disagreement
1,0,12.928374290466309,6.737685680389404,12.928374290466309,-6.791443824768066,-19.719818115234375,True,disagreement
1,1,9.702911376953125,20.89544677734375,9.702911376953125,20.89544677734375,11.192535400390625,False,none
1,0,3.303495168685913,3.9070632457733154,3.303495168685913,-3.975860595703125,-7.279356002807617,True,disagreement
1,0,12.552130699157715,7.126996040344238,12.552130699157715,-7.179840564727783,-19.731971740722656,True,disagreement
1,1,2.854064464569092,9.327042579650879,2.854064464569092,9.327042579650879,6.472978115081787,False,none
1,0,8.356793403625488,6.167190074920654,8.356793403625488,-6.236992359161377,-14.593786239624023,True,disagreement
1,0,4.904191017150879,9.302604675292969,4.904191017150879,-9.359014511108398,-14.263205528259277,True,disagreement
1,0,10.841605186462402,10.353934288024902,10.841605186462402,-10.411551475524902,-21.253156661987305,True,disagreement
1,0,4.697223663330078,4.610773086547852,4.697223663330078,-4.664803504943848,-9.362027168273926,True,disagreement
1,0,12.555963516235352,2.971263885498047,12.555963516235352,-3.0460734367370605,-15.60203742980957,True,disagreement
1,0,6.29941463470459,6.98134708404541,6.29941463470459,-7.040278434753418,-13.339693069458008,True,disagreement
1,0,1.7218430042266846,6.4638776779174805,1.7218430042266846,-6.500339508056641,-8.222182273864746,True,disagreement
1,0,17.0460262298584,4.662344932556152,17.0460262298584,-4.744019508361816,-21.79004669189453,True,disagreement
0,1,1.7031813859939575,4.242922782897949,-1.7386585474014282,4.242922782897949,5.981581211090088,True,"disagreement,high_confidence_disagreement"
1,0,4.1225481033325195,6.28992223739624,4.1225481033325195,-6.331682205200195,-10.454230308532715,True,disagreement
1,0,11.133512496948242,8.326696395874023,11.133512496948242,-8.385485649108887,-19.518997192382812,True,disagreement
1,0,12.418586730957031,8.00182056427002,12.418586730957031,-8.050540924072266,-20.469127655029297,True,disagreement
1,0,13.424718856811523,6.933895587921143,13.424718856811523,-6.987239360809326,-20.411958694458008,True,disagreement
1,0,11.896111488342285,5.684926509857178,11.896111488342285,-5.754804611206055,-17.650917053222656,True,disagreement
1,0,14.487133979797363,6.864759922027588,14.487133979797363,-6.9298553466796875,-21.416988372802734,True,disagreement
1,0,3.2404937744140625,7.170588970184326,3.2404937744140625,-7.223156929016113,-10.463650703430176,True,disagreement
0,1,4.110263347625732,6.302245140075684,-4.147489547729492,6.302245140075684,10.449734687805176,True,"disagreement,high_confidence_disagreement"
1,0,14.534688949584961,6.819177627563477,14.534688949584961,-6.872380256652832,-21.40707015991211,True,disagreement
1,0,3.433748483657837,16.122299194335938,3.433748483657837,-16.11994743347168,-19.553695678710938,True,disagreement
1,0,13.749707221984863,6.5181145668029785,13.749707221984863,-6.573406219482422,-20.32311248779297,True,disagreement
1,0,15.751215934753418,7.181540012359619,15.751215934753418,-7.236664772033691,-22.98788070678711,True,disagreement
1,0,5.1614837646484375,4.708530902862549,5.1614837646484375,-4.761645317077637,-9.923129081726074,True,disagreement
1,0,13.275901794433594,3.4165661334991455,13.275901794433594,-3.4936490058898926,-16.769550323486328,True,disagreement
1,0,16.793542861938477,11.234460830688477,16.793542861938477,-11.261261940002441,-28.054805755615234,True,disagreement
1,0,1.7796909809112549,3.9632227420806885,1.7796909809112549,-4.0297040939331055,-5.809394836425781,True,disagreement
1,1,11.297340393066406,0.31875908374786377,11.297340393066406,0.31875908374786377,-10.978581428527832,False,none
1,0,14.968221664428711,6.587186813354492,14.968221664428711,-6.655235290527344,-21.623456954956055,True,disagreement
1,1,8.687447547912598,15.349907875061035,8.687447547912598,15.349907875061035,6.6624603271484375,False,none
1,0,13.797822952270508,7.2938923835754395,13.797822952270508,-7.345560550689697,-21.143383026123047,True,disagreement
1,0,6.753678321838379,4.555709362030029,6.753678321838379,-4.62031364440918,-11.373991966247559,True,disagreement
1,0,13.638068199157715,6.971879482269287,13.638068199157715,-7.025497913360596,-20.66356658935547,True,disagreement
1,0,15.288620948791504,6.038170337677002,15.288620948791504,-6.096700668334961,-21.38532257080078,True,disagreement
1,0,12.925766944885254,6.40244197845459,12.925766944885254,-6.457641124725342,-19.383407592773438,True,disagreement
0,0,0.18301282823085785,8.383932113647461,-0.21531683206558228,-8.401959419250488,-8.18664264678955,False,none
1,0,12.701695442199707,1.64400315284729,12.701695442199707,-1.7223302125930786,-14.424025535583496,True,disagreement
1,1,26.942115783691406,20.711994171142578,26.942115783691406,20.711994171142578,-6.230121612548828,False,none
1,0,5.222569465637207,4.493873119354248,5.222569465637207,-4.555744171142578,-9.778313636779785,True,disagreement
0,1,4.082005500793457,5.822989463806152,-4.1192474365234375,5.822989463806152,9.94223690032959,True,"disagreement,high_confidence_disagreement"
1,0,1.3722119331359863,6.181192874908447,1.3722119331359863,-6.220259666442871,-7.592471599578857,True,disagreement
1,0,16.623117446899414,6.933902263641357,16.623117446899414,-6.99749755859375,-23.620615005493164,True,disagreement
1,0,12.004888534545898,6.492846965789795,12.004888534545898,-6.562877178192139,-18.567766189575195,True,disagreement
1,0,1.4078370332717896,5.855546474456787,1.4078370332717896,-5.897921562194824,-7.305758476257324,True,disagreement
1,0,12.629388809204102,5.821165084838867,12.629388809204102,-5.894452095031738,-18.523841857910156,True,disagreement
1,0,1.3106282949447632,4.959948539733887,1.3106282949447632,-5.011584758758545,-6.322213172912598,True,disagreement
1,0,14.17932415008545,7.518090724945068,14.17932415008545,-7.571516990661621,-21.75084114074707,True,disagreement
1,0,14.495402336120605,6.215364456176758,14.495402336120605,-6.273929595947266,-20.769332885742188,True,disagreement
1,0,10.926051139831543,6.201870441436768,10.926051139831543,-6.261685848236084,-17.18773651123047,True,disagreement
1,1,9.558342933654785,10.552714347839355,9.558342933654785,10.552714347839355,0.9943714141845703,False,none
1,0,6.4945268630981445,12.162485122680664,6.4945268630981445,-12.2092866897583,-18.703813552856445,True,disagreement
0,1,6.465904235839844,6.245162010192871,-6.502983093261719,6.245162010192871,12.74814510345459,True,"disagreement,high_confidence_disagreement"
1,0,7.976462364196777,9.486547470092773,7.976462364196777,-9.543944358825684,-17.52040672302246,True,disagreement
1,0,12.101259231567383,5.811970233917236,12.101259231567383,-5.884814262390137,-17.986072540283203,True,disagreement
1,0,3.730862617492676,6.391037940979004,3.730862617492676,-6.436601638793945,-10.167464256286621,True,disagreement
1,0,11.282524108886719,3.418267011642456,11.282524108886719,-3.498577117919922,-14.78110122680664,True,disagreement
1,0,15.168145179748535,7.1771392822265625,15.168145179748535,-7.230588912963867,-22.39873504638672,True,disagreement
0,1,8.430304527282715,4.440202236175537,-8.467596054077148,4.440202236175537,12.907798767089844,True,"disagreement,high_confidence_disagreement"
1,0,19.297639846801758,7.519818305969238,19.297639846801758,-7.581954002380371,-26.879592895507812,True,disagreement
1,0,9.887186050415039,6.149192810058594,9.887186050415039,-6.204846382141113,-16.09203338623047,True,disagreement
0,1,2.737020492553711,5.043333053588867,-2.7725813388824463,5.043333053588867,7.815914154052734,True,"disagreement,high_confidence_disagreement"
1,0,15.812623023986816,6.425450801849365,15.812623023986816,-6.4967169761657715,-22.30933952331543,True,disagreement
1,0,3.3106729984283447,6.630245685577393,3.3106729984283447,-6.676292419433594,-9.98696517944336,True,disagreement
0,1,10.181766510009766,5.450494766235352,-10.219382286071777,5.450494766235352,15.669877052307129,True,"disagreement,high_confidence_disagreement"
1,0,16.526145935058594,3.332613706588745,16.526145935058594,-3.40687894821167,-19.933025360107422,True,disagreement
1,0,12.465802192687988,6.985783100128174,12.465802192687988,-7.03923225402832,-19.505035400390625,True,disagreement
1,0,17.429344177246094,7.5214524269104,17.429344177246094,-7.575319290161133,-25.004663467407227,True,disagreement
1,1,2.0336148738861084,9.281831741333008,2.0336148738861084,9.281831741333008,7.24821662902832,False,none
1,0,10.23816204071045,6.541044235229492,10.23816204071045,-6.594771385192871,-16.83293342590332,True,disagreement
1,0,12.948979377746582,6.8318772315979,12.948979377746582,-6.890507221221924,-19.839487075805664,True,disagreement
1,0,3.7525761127471924,13.518157005310059,3.7525761127471924,-13.557766914367676,-17.31034278869629,True,disagreement
1,0,14.305922508239746,6.865164756774902,14.305922508239746,-6.918404579162598,-21.224327087402344,True,disagreement
1,0,5.011386871337891,4.470694065093994,5.011386871337891,-4.533565521240234,-9.544952392578125,True,disagreement
1,0,8.621346473693848,5.192028045654297,8.621346473693848,-5.261472702026367,-13.882819175720215,True,disagreement
1,0,6.1254072189331055,9.660492897033691,6.1254072189331055,-9.70982837677002,-15.835235595703125,True,disagreement
0,0,1.012510895729065,11.473302841186523,-1.0454151630401611,-11.46212387084961,-10.416708946228027,False,none
1,0,14.157722473144531,6.222740173339844,14.157722473144531,-6.291975498199463,-20.449697494506836,True,disagreement
1,0,2.0432686805725098,14.32278060913086,2.0432686805725098,-14.358080863952637,-16.401350021362305,True,disagreement
1,0,12.873019218444824,7.110851764678955,12.873019218444824,-7.162903785705566,-20.03592300415039,True,disagreement
1,0,1.2081458568572998,5.8261399269104,1.2081458568572998,-5.87225866317749,-7.080404281616211,True,disagreement
1,0,0.5228015184402466,4.0625081062316895,0.5228015184402466,-4.121732711791992,-4.644534111022949,True,disagreement
1,0,12.211626052856445,7.306276798248291,12.211626052856445,-7.358619689941406,-19.57024574279785,True,disagreement
1,0,4.092767715454102,6.362804889678955,4.092767715454102,-6.40618896484375,-10.498956680297852,True,disagreement
1,0,12.923274040222168,6.373124122619629,12.923274040222168,-6.428332328796387,-19.351606369018555,True,disagreement
1,0,7.492545127868652,9.82943344116211,7.492545127868652,-9.88050365447998,-17.373048782348633,True,disagreement
0,1,1.7064611911773682,6.459566116333008,-1.741729497909546,6.459566116333008,8.201295852661133,True,"disagreement,high_confidence_disagreement"
1,0,12.204972267150879,7.338672161102295,12.204972267150879,-7.390836715698242,-19.595809936523438,True,disagreement
1,1,7.373529434204102,8.631206512451172,7.373529434204102,8.631206512451172,1.2576770782470703,False,none
1,0,3.65901780128479,8.308526992797852,3.65901780128479,-8.349397659301758,-12.008415222167969,True,disagreement
0,0,0.20100383460521698,9.822151184082031,-0.23282188177108765,-9.826662063598633,-9.593840599060059,False,none
1,0,12.886298179626465,6.0048909187316895,12.886298179626465,-6.07766056060791,-18.963958740234375,True,disagreement
1,1,11.089940071105957,2.2529029846191406,11.089940071105957,2.2529029846191406,-8.837037086486816,False,none
0,1,12.26174545288086,1.0306872129440308,-12.298906326293945,1.0306872129440308,13.329593658447266,True,"disagreement,high_confidence_disagreement"
1,0,14.082423210144043,7.471828460693359,14.082423210144043,-7.526131629943848,-21.60855484008789,True,disagreement
1,0,11.934273719787598,8.6068115234375,11.934273719787598,-8.65190601348877,-20.586179733276367,True,disagreement
1,0,14.852195739746094,8.496098518371582,14.852195739746094,-8.548822402954102,-23.401018142700195,True,disagreement
1,0,9.145654678344727,8.806083679199219,9.145654678344727,-8.852229118347168,-17.997882843017578,True,disagreement
1,0,5.307421684265137,6.225596904754639,5.307421684265137,-6.292320728302002,-11.599742889404297,True,disagreement
1,0,7.875329971313477,5.488218307495117,7.875329971313477,-5.556248664855957,-13.431578636169434,True,disagreement
0,1,9.001626968383789,3.877732753753662,-9.038594245910645,3.877732753753662,12.916326522827148,True,"disagreement,high_confidence_disagreement"
1,0,11.337411880493164,6.030918598175049,11.337411880493164,-6.091772556304932,-17.429183959960938,True,disagreement
1,0,19.40355110168457,3.1886255741119385,19.40355110168457,-3.2600111961364746,-22.663562774658203,True,disagreement
0,0,1.2477428913116455,4.377652645111084,-1.2822349071502686,-4.433839321136475,-3.151604413986206,False,none
1,0,1.0263473987579346,6.965059757232666,1.0263473987579346,-6.996652603149414,-8.02299976348877,True,disagreement
0,1,3.395589828491211,5.721887588500977,-3.431856155395508,5.721887588500977,9.153743743896484,True,"disagreement,high_confidence_disagreement"
1,0,5.108298301696777,13.727304458618164,5.108298301696777,-13.742769241333008,-18.85106658935547,True,disagreement
0,1,4.5967583656311035,4.740030765533447,-4.63419246673584,4.740030765533447,9.374223709106445,True,"disagreement,high_confidence_disagreement"
1,0,15.23952865600586,6.932427406311035,15.23952865600586,-6.999807357788086,-22.239336013793945,True,disagreement
1,0,18.17096710205078,18.832767486572266,18.17096710205078,-18.71704864501953,-36.88801574707031,True,disagreement
0,0,2.434443712234497,9.193233489990234,-2.4716289043426514,-9.203254699707031,-6.731625556945801,False,none
0,1,5.8226237297058105,12.44841480255127,-5.859650611877441,12.44841480255127,18.30806541442871,True,"disagreement,high_confidence_disagreement"
1,0,14.6963529586792,6.688209533691406,14.6963529586792,-6.747040748596191,-21.44339370727539,True,disagreement
1,0,13.346179008483887,7.201043128967285,13.346179008483887,-7.256735801696777,-20.602914810180664,True,disagreement
1,0,12.517481803894043,4.737797260284424,12.517481803894043,-4.8153486251831055,-17.33283042907715,True,disagreement
1,0,17.414241790771484,7.5279388427734375,17.414241790771484,-7.581664085388184,-24.995906829833984,True,disagreement
1,0,18.907827377319336,7.916944980621338,18.907827377319336,-7.975759506225586,-26.883586883544922,True,disagreement
1,0,3.9849588871002197,6.454164028167725,3.9849588871002197,-6.497170925140381,-10.48213005065918,True,disagreement
1,1,10.805292129516602,11.327254295349121,10.805292129516602,11.327254295349121,0.5219621658325195,False,none
1,0,1.6804765462875366,4.12041711807251,1.6804765462875366,-4.187377452850342,-5.867854118347168,True,disagreement
1,0,13.647162437438965,5.916966438293457,13.647162437438965,-5.988764762878418,-19.635927200317383,True,disagreement
0,1,5.585279941558838,5.287966728210449,-5.622128486633301,5.287966728210449,10.91009521484375,True,"disagreement,high_confidence_disagreement"
1,0,13.273052215576172,7.276871204376221,13.273052215576172,-7.341801643371582,-20.614852905273438,True,disagreement
1,0,14.277726173400879,6.484395980834961,14.277726173400879,-6.539383888244629,-20.817110061645508,True,disagreement
0,0,0.5784761905670166,7.6430463790893555,-0.6120159029960632,-7.668064117431641,-7.056048393249512,False,none
0,1,7.216657638549805,4.893280506134033,-7.256481170654297,4.893280506134033,12.149761199951172,True,"disagreement,high_confidence_disagreement"
1,0,16.527332305908203,6.27461576461792,16.527332305908203,-6.334403991699219,-22.861736297607422,True,disagreement
0,1,7.367086410522461,3.430777072906494,-7.403735160827637,3.430777072906494,10.834512710571289,True,"disagreement,high_confidence_disagreement"
1,0,11.952323913574219,3.8132917881011963,11.952323913574219,-3.8901305198669434,-15.84245491027832,True,disagreement
0,1,10.849260330200195,3.657327175140381,-10.88652515411377,3.657327175140381,14.543851852416992,True,"disagreement,high_confidence_disagreement"
1,0,13.565037727355957,7.004262447357178,13.565037727355957,-7.056903839111328,-20.62194061279297,True,disagreement
1,0,1.7153704166412354,4.89205265045166,1.7153704166412354,-4.946104049682617,-6.661474227905273,True,disagreement
1,0,12.986150741577148,6.112105369567871,12.986150741577148,-6.174818992614746,-19.160968780517578,True,disagreement
1,0,13.766148567199707,6.864529609680176,13.766148567199707,-6.92026424407959,-20.686412811279297,True,disagreement
1,0,7.9789838790893555,5.579272270202637,7.9789838790893555,-5.652914524078369,-13.631898880004883,True,disagreement
1,0,6.0040082931518555,6.317469120025635,6.0040082931518555,-6.37764835357666,-12.381656646728516,True,disagreement
1,0,1.5570741891860962,3.7481939792633057,1.5570741891860962,-3.8178257942199707,-5.374899864196777,True,disagreement
1,1,7.678056716918945,14.910712242126465,7.678056716918945,14.910712242126465,7.2326555252075195,False,none
1,0,13.739309310913086,6.141361236572266,13.739309310913086,-6.212396621704102,-19.951705932617188,True,disagreement
1,0,11.170177459716797,3.2793610095977783,11.170177459716797,-3.359219551086426,-14.529397010803223,True,disagreement
0,1,9.477987289428711,0.11999090015888214,-9.516566276550293,0.11999090015888214,9.636557579040527,True,disagreement
0,0,0.039076581597328186,10.992374420166016,-0.07062706351280212,-11.031109809875488,-10.960482597351074,False,none
1,0,13.54348087310791,7.119171619415283,13.54348087310791,-7.171950340270996,-20.715431213378906,True,disagreement
0,1,3.066783905029297,3.9302525520324707,-3.102299690246582,3.9302525520324707,7.032552242279053,True,"disagreement,high_confidence_disagreement"
1,0,5.2777099609375,12.592849731445312,5.2777099609375,-12.636775016784668,-17.914485931396484,True,disagreement
1,0,10.310763359069824,4.63983678817749,10.310763359069824,-4.71730899810791,-15.028072357177734,True,disagreement
0,0,2.1061627864837646,7.563924312591553,-2.1426331996917725,-7.589626789093018,-5.446993827819824,False,none
1,0,12.774635314941406,6.744801044464111,12.774635314941406,-6.803289890289307,-19.577924728393555,True,disagreement
1,0,12.32157039642334,7.050541877746582,12.32157039642334,-7.104048728942871,-19.42561912536621,True,disagreement
1,0,13.028548240661621,4.574147701263428,13.028548240661621,-4.648591995239258,-17.677139282226562,True,disagreement
1,0,14.06041431427002,4.920048236846924,14.06041431427002,-4.997898101806641,-19.058311462402344,True,disagreement
1,0,9.593149185180664,8.027872085571289,9.593149185180664,-8.088272094726562,-17.681421279907227,True,disagreement
1,0,12.874049186706543,6.980294704437256,12.874049186706543,-7.043588638305664,-19.91763687133789,True,disagreement
1,0,9.456183433532715,13.266871452331543,9.456183433532715,-13.28468132019043,-22.740863800048828,True,disagreement
0,0,0.4950783848762512,7.6070237159729,-0.5282990336418152,-7.632472038269043,-7.104173183441162,False,none
1,0,12.160813331604004,7.172560214996338,12.160813331604004,-7.225661277770996,-19.386474609375,True,disagreement
1,0,6.278034210205078,7.044621467590332,6.278034210205078,-7.091568946838379,-13.369603157043457,True,disagreement
1,0,12.203718185424805,7.291306972503662,12.203718185424805,-7.343738079071045,-19.547456741333008,True,disagreement
1,0,3.7316737174987793,8.054166793823242,3.7316737174987793,-8.095398902893066,-11.827072143554688,True,disagreement
1,0,5.621630668640137,7.065372943878174,5.621630668640137,-7.1157379150390625,-12.7373685836792,True,disagreement
1,0,7.99814510345459,7.414819240570068,7.99814510345459,-7.469002723693848,-15.467147827148438,True,disagreement
1,0,12.5869779586792,6.199260234832764,12.5869779586792,-6.270263671875,-18.857242584228516,True,disagreement
1,0,13.615633010864258,6.564023971557617,13.615633010864258,-6.619165420532227,-20.234798431396484,True,disagreement
1,0,0.855291485786438,5.057165622711182,0.855291485786438,-5.106914520263672,-5.96220588684082,True,disagreement
1,0,16.492284774780273,8.453045845031738,16.492284774780273,-8.504939079284668,-24.997222900390625,True,disagreement
1,0,3.3380863666534424,9.839836120605469,3.3380863666534424,-9.883221626281738,-13.221307754516602,True,disagreement
1,0,13.42860221862793,8.724605560302734,13.42860221862793,-8.767848014831543,-22.196449279785156,True,disagreement
0,0,2.5590803623199463,12.06618881225586,-2.5932040214538574,-12.04931926727295,-9.45611572265625,False,none
0,0,0.4393675923347473,15.20285415649414,-0.47567886114120483,-15.231804847717285,-14.756126403808594,False,none
1,0,1.8010214567184448,4.801860809326172,1.8010214567184448,-4.855853080749512,-6.656874656677246,True,disagreement
1,0,11.84483814239502,9.32961654663086,11.84483814239502,-9.366958618164062,-21.211795806884766,True,disagreement
0,0,0.14719033241271973,6.171731472015381,-0.1804777979850769,-6.210597991943359,-6.030120372772217,False,none
0,1,3.8335840702056885,6.537694931030273,-3.871044874191284,6.537694931030273,10.408740043640137,True,"disagreement,high_confidence_disagreement"
1,0,16.657007217407227,6.914501190185547,16.657007217407227,-6.971524238586426,-23.62853240966797,True,disagreement
1,0,15.20898151397705,5.888359546661377,15.20898151397705,-5.945572853088379,-21.15455436706543,True,disagreement
1,0,7.006548881530762,8.495813369750977,7.006548881530762,-8.541909217834473,-15.548458099365234,True,disagreement
1,0,12.869108200073242,8.0755033493042,12.869108200073242,-8.124452590942383,-20.993560791015625,True,disagreement
1,0,13.075889587402344,6.801550388336182,13.075889587402344,-6.858232498168945,-19.93412208557129,True,disagreement
1,0,19.63732147216797,7.730738162994385,19.63732147216797,-7.779726982116699,-27.417049407958984,True,disagreement
1,0,14.58838939666748,5.821875095367432,14.58838939666748,-5.881507873535156,-20.469898223876953,True,disagreement
1,0,3.7283718585968018,8.9555025100708,3.7283718585968018,-9.013772964477539,-12.742144584655762,True,disagreement
1,0,17.0129451751709,10.533935546875,17.0129451751709,-10.566283226013184,-27.579227447509766,True,disagreement
1,0,13.15244197845459,6.814042568206787,13.15244197845459,-6.870530128479004,-20.022972106933594,True,disagreement
1,0,4.167208671569824,6.198422431945801,4.167208671569824,-6.245753288269043,-10.412961959838867,True,disagreement
1,0,9.718070030212402,9.583259582519531,9.718070030212402,-9.616483688354492,-19.334552764892578,True,disagreement
1,0,4.393331527709961,7.042722702026367,4.393331527709961,-7.096324920654297,-11.489656448364258,True,disagreement
1,0,7.410062789916992,9.82907485961914,7.410062789916992,-9.886399269104004,-17.296463012695312,True,disagreement
1,0,1.2220786809921265,6.099454402923584,1.2220786809921265,-6.139335632324219,-7.361414432525635,True,disagreement
1,0,12.657065391540527,4.859897136688232,12.657065391540527,-4.934482574462891,-17.591548919677734,True,disagreement
1,0,13.051803588867188,6.2921462059021,13.051803588867188,-6.347601890563965,-19.39940643310547,True,disagreement
1,0,6.6622114181518555,14.439836502075195,6.6622114181518555,-14.448190689086914,-21.110401153564453,True,disagreement
1,0,13.533148765563965,6.643590450286865,13.533148765563965,-6.698620319366455,-20.231769561767578,True,disagreement
0,1,5.825493335723877,11.923441886901855,-5.862497329711914,11.923441886901855,17.785938262939453,True,"disagreement,high_confidence_disagreement"
1,1,4.226217269897461,9.806428909301758,4.226217269897461,9.806428909301758,5.580211639404297,False,none
1,0,13.76289176940918,5.711855411529541,13.76289176940918,-5.784420013427734,-19.547311782836914,True,disagreement
1,0,14.059383392333984,6.579195976257324,14.059383392333984,-6.6339850425720215,-20.693368911743164,True,disagreement
1,0,13.328965187072754,6.89285945892334,13.328965187072754,-6.947010040283203,-20.27597427368164,True,disagreement
1,0,95.3448715209961,45.90768814086914,95.3448715209961,-45.52069854736328,-140.86557006835938,True,disagreement
1,0,14.199520111083984,6.882975101470947,14.199520111083984,-6.940439224243164,-21.13995933532715,True,disagreement
1,0,4.272764205932617,7.197876453399658,4.272764205932617,-7.250907897949219,-11.523672103881836,True,disagreement
1,0,11.798064231872559,4.0671844482421875,11.798064231872559,-4.142670631408691,-15.94073486328125,True,disagreement
1,0,4.862262725830078,5.587403774261475,4.862262725830078,-5.633049011230469,-10.495311737060547,True,disagreement
1,0,11.836018562316895,7.3850603103637695,11.836018562316895,-7.449949741363525,-19.285968780517578,True,disagreement
1,0,13.669230461120605,6.450214862823486,13.669230461120605,-6.506054878234863,-20.17528533935547,True,disagreement
1,0,13.328091621398926,6.976762294769287,13.328091621398926,-7.034309387207031,-20.36240005493164,True,disagreement
0,0,1.3990085124969482,9.512012481689453,-1.4326632022857666,-9.519371032714844,-8.086708068847656,False,none
1,0,18.393735885620117,9.237171173095703,18.393735885620117,-9.27977180480957,-27.673507690429688,True,disagreement
1,0,1.3882358074188232,4.8132643699646,1.3882358074188232,-4.8664398193359375,-6.25467586517334,True,disagreement
1,0,2.3417465686798096,7.214684963226318,2.3417465686798096,-7.2439069747924805,-9.585653305053711,True,disagreement
0,1,3.7505290508270264,5.435245513916016,-3.786437511444092,5.435245513916016,9.221683502197266,True,"disagreement,high_confidence_disagreement"
1,0,4.466209411621094,1.887066125869751,4.466209411621094,-1.9573324918746948,-6.423542022705078,True,disagreement
1,0,4.0577850341796875,6.006371021270752,4.0577850341796875,-6.047089576721191,-10.104874610900879,True,disagreement
1,0,12.868349075317383,6.6310601234436035,12.868349075317383,-6.685364723205566,-19.553714752197266,True,disagreement
1,0,5.282011032104492,7.072499752044678,5.282011032104492,-7.129449844360352,-12.411460876464844,True,disagreement
1,0,7.070016860961914,7.613720417022705,7.070016860961914,-7.661348342895508,-14.731365203857422,True,disagreement
1,0,7.345399856567383,4.981227397918701,7.345399856567383,-5.045901298522949,-12.391301155090332,True,disagreement
1,1,8.654417037963867,14.336762428283691,8.654417037963867,14.336762428283691,5.682345390319824,False,none
1,0,3.590632200241089,3.5664284229278564,3.590632200241089,-3.6329002380371094,-7.223532676696777,True,disagreement
1,0,11.599021911621094,5.205362319946289,11.599021911621094,-5.281329154968262,-16.880352020263672,True,disagreement
0,1,1.6262214183807373,4.969722747802734,-1.660408854484558,4.969722747802734,6.630131721496582,True,"disagreement,high_confidence_disagreement"
1,0,8.944952964782715,9.254402160644531,8.944952964782715,-9.3085355758667,-18.253488540649414,True,disagreement
1,0,17.42669105529785,7.385305881500244,17.42669105529785,-7.437353134155273,-24.864044189453125,True,disagreement
1,0,12.282525062561035,8.870696067810059,12.282525062561035,-8.928099632263184,-21.21062469482422,True,disagreement
1,0,11.361977577209473,2.0969669818878174,11.361977577209473,-2.179725170135498,-13.541702270507812,True,disagreement
1,0,13.943586349487305,5.265255928039551,13.943586349487305,-5.339135646820068,-19.28272247314453,True,disagreement
1,0,14.55102825164795,6.046729564666748,14.55102825164795,-6.105827331542969,-20.656856536865234,True,disagreement
0,0,7.247250080108643,17.17279624938965,-7.286928176879883,-17.107486724853516,-9.820558547973633,False,none
0,0,3.23272442817688,0.27132561802864075,-3.2683091163635254,-0.3607710599899292,2.9075379371643066,False,none
1,0,12.347622871398926,7.2962470054626465,12.347622871398926,-7.348432540893555,-19.696056365966797,True,disagreement
1,0,3.629194974899292,6.645177841186523,3.629194974899292,-6.688542366027832,-10.317737579345703,True,disagreement
0,1,6.011291027069092,6.6937947273254395,-6.048518180847168,6.6937947273254395,12.742313385009766,True,"disagreement,high_confidence_disagreement"
1,0,10.046906471252441,11.09641170501709,10.046906471252441,-11.1461181640625,-21.193023681640625,True,disagreement
1,0,8.205977439880371,5.059414863586426,8.205977439880371,-5.129816055297852,-13.335793495178223,True,disagreement
1,0,4.529112815856934,5.262983798980713,4.529112815856934,-5.310842037200928,-9.839954376220703,True,disagreement
0,0,1.6088799238204956,9.273628234863281,-1.64441978931427,-9.283085823059082,-7.638666152954102,False,none
1,0,3.457547903060913,8.151997566223145,3.457547903060913,-8.210251808166504,-11.667799949645996,True,disagreement
1,0,14.529006004333496,5.913053512573242,14.529006004333496,-5.985237121582031,-20.514244079589844,True,disagreement
1,0,12.424537658691406,7.376525402069092,12.424537658691406,-7.428300857543945,-19.85283851623535,True,disagreement
1,0,9.985630989074707,10.179713249206543,9.985630989074707,-10.210405349731445,-20.19603729248047,True,disagreement
1,0,12.414701461791992,7.243807315826416,12.414701461791992,-7.2963151931762695,-19.711017608642578,True,disagreement
1,0,15.559825897216797,6.353878021240234,15.559825897216797,-6.425742149353027,-21.98556900024414,True,disagreement
1,0,7.187745094299316,9.225791931152344,7.187745094299316,-9.264476776123047,-16.452220916748047,True,disagreement
0,1,1.3037126064300537,7.998661041259766,-1.3384222984313965,7.998661041259766,9.33708381652832,True,"disagreement,high_confidence_disagreement"
0,1,5.252272605895996,3.7008748054504395,-5.288718223571777,3.7008748054504395,8.989593505859375,True,"disagreement,high_confidence_disagreement"
1,0,0.6148476004600525,8.896636962890625,0.6148476004600525,-8.9237642288208,-9.53861141204834,True,disagreement
0,1,3.545820951461792,8.92778491973877,-3.5821211338043213,8.92778491973877,12.509905815124512,True,"disagreement,high_confidence_disagreement"
0,1,0.41246867179870605,10.741006851196289,-0.4486374855041504,10.741006851196289,11.189643859863281,True,"disagreement,high_confidence_disagreement"
1,0,5.465831756591797,12.988470077514648,5.465831756591797,-13.032154083251953,-18.49798583984375,True,disagreement
1,0,14.527436256408691,7.68381929397583,14.527436256408691,-7.736095428466797,-22.263530731201172,True,disagreement
1,0,12.49498176574707,7.528900146484375,12.49498176574707,-7.579780101776123,-20.07476234436035,True,disagreement
0,1,8.418804168701172,4.810777187347412,-8.456839561462402,4.810777187347412,13.267616271972656,True,"disagreement,high_confidence_disagreement"
1,0,12.249678611755371,7.360152721405029,12.249678611755371,-7.412178993225098,-19.66185760498047,True,disagreement
1,0,12.553105354309082,7.124278545379639,12.553105354309082,-7.177140235900879,-19.73024559020996,True,disagreement
1,0,3.6473562717437744,12.874466896057129,3.6473562717437744,-12.9174165725708,-16.564773559570312,True,disagreement
1,0,16.73643684387207,5.43595552444458,16.73643684387207,-5.501152038574219,-22.23758888244629,True,disagreement
1,0,0.5080690383911133,5.699435710906982,0.5080690383911133,-5.742987632751465,-6.251056671142578,True,disagreement
1,0,2.879462242126465,6.257273197174072,2.879462242126465,-6.304300308227539,-9.183762550354004,True,disagreement
1,0,1.2165786027908325,3.4700582027435303,1.2165786027908325,-3.524468421936035,-4.741046905517578,True,disagreement
1,0,4.315357208251953,7.464150905609131,4.315357208251953,-7.525325298309326,-11.840682983398438,True,disagreement
1,0,13.984496116638184,6.534638404846191,13.984496116638184,-6.6021013259887695,-20.586597442626953,True,disagreement
1,0,12.320582389831543,5.9651570320129395,12.320582389831543,-6.035955429077148,-18.356536865234375,True,disagreement
1,0,12.530534744262695,2.895050287246704,12.530534744262695,-2.967136859893799,-15.497671127319336,True,disagreement
0,0,2.504345417022705,11.420808792114258,-2.5410232543945312,-11.409686088562012,-8.86866283416748,False,none
1,0,14.1469087600708,8.865468978881836,14.1469087600708,-8.906359672546387,-23.053268432617188,True,disagreement
1,0,12.476059913635254,6.984571933746338,12.476059913635254,-7.038119316101074,-19.514179229736328,True,disagreement
1,0,12.138997077941895,7.499037742614746,12.138997077941895,-7.554976463317871,-19.693973541259766,True,disagreement
1,0,7.069130897521973,4.369660377502441,7.069130897521973,-4.441741943359375,-11.510872840881348,True,disagreement
1,0,13.02457046508789,7.326634883880615,13.02457046508789,-7.381580352783203,-20.406150817871094,True,disagreement
1,0,13.096097946166992,6.942895889282227,13.096097946166992,-7.000668525695801,-20.09676742553711,True,disagreement
1,0,4.4775800704956055,5.885926723480225,4.4775800704956055,-5.927790641784668,-10.405370712280273,True,disagreement
1,0,1.4616855382919312,8.61471939086914,1.4616855382919312,-8.651254653930664,-10.112939834594727,True,disagreement
1,0,11.21764850616455,7.008274555206299,11.21764850616455,-7.0757551193237305,-18.29340362548828,True,disagreement
1,0,1.1410632133483887,14.183225631713867,1.1410632133483887,-14.219344139099121,-15.360406875610352,True,disagreement
1,0,14.82663631439209,6.057427883148193,14.82663631439209,-6.116543769836426,-20.943180084228516,True,disagreement
1,0,6.655294418334961,8.772438049316406,6.655294418334961,-8.826478958129883,-15.481773376464844,True,disagreement
1,0,5.159640312194824,10.571243286132812,5.159640312194824,-10.608855247497559,-15.768495559692383,True,disagreement
0,0,3.228769063949585,3.7621634006500244,-3.2647764682769775,-3.8247480392456055,-0.5599715709686279,False,none
1,0,10.788241386413574,3.9390347003936768,10.788241386413574,-4.012887001037598,-14.801128387451172,True,disagreement
1,0,12.947030067443848,8.962459564208984,12.947030067443848,-9.004655838012695,-21.95168685913086,True,disagreement
1,0,2.113194704055786,6.505873203277588,2.113194704055786,-6.559755325317383,-8.67294979095459,True,disagreement
1,0,12.223149299621582,7.452090740203857,12.223149299621582,-7.5036139488220215,-19.726762771606445,True,disagreement
1,0,9.913557052612305,8.723882675170898,9.913557052612305,-8.785689353942871,-18.69924545288086,True,disagreement
1,0,13.360957145690918,6.828640460968018,13.360957145690918,-6.882524490356445,-20.243480682373047,True,disagreement
1,0,13.384054183959961,6.281816005706787,13.384054183959961,-6.350934028625488,-19.734989166259766,True,disagreement
1,0,4.683313369750977,5.406846523284912,4.683313369750977,-5.4533257484436035,-10.136638641357422,True,disagreement
1,0,11.701627731323242,6.745053768157959,11.701627731323242,-6.8134918212890625,-18.515119552612305,True,disagreement
0,1,8.711908340454102,3.5202770233154297,-8.748867988586426,3.5202770233154297,12.269145011901855,True,"disagreement,high_confidence_disagreement"
0,1,10.185378074645996,3.637031078338623,-10.223870277404785,3.637031078338623,13.86090087890625,True,"disagreement,high_confidence_disagreement"
0,1,4.249309539794922,5.264142036437988,-4.286744117736816,5.264142036437988,9.550886154174805,True,"disagreement,high_confidence_disagreement"
1,0,7.556697845458984,4.955090045928955,7.556697845458984,-5.020219326019287,-12.57691764831543,True,disagreement
0,1,9.597339630126953,3.638340950012207,-9.634724617004395,3.638340950012207,13.273065567016602,True,"disagreement,high_confidence_disagreement"
1,0,7.18991756439209,10.008317947387695,7.18991756439209,-10.051719665527344,-17.24163818359375,True,disagreement
1,0,2.3618452548980713,17.22136116027832,2.3618452548980713,-17.211448669433594,-19.573293685913086,True,disagreement
1,0,4.764530181884766,5.717209815979004,4.764530181884766,-5.760693550109863,-10.525223731994629,True,disagreement
1,0,12.715886116027832,1.0567349195480347,12.715886116027832,-1.1348246335983276,-13.85071086883545,True,disagreement
1,0,12.494059562683105,6.605338096618652,12.494059562683105,-6.665180206298828,-19.15924072265625,True,disagreement
0,1,7.226325035095215,3.7012486457824707,-7.2637834548950195,3.7012486457824707,10.965032577514648,True,"disagreement,high_confidence_disagreement"
1,0,8.80835247039795,5.166807651519775,8.80835247039795,-5.236845016479492,-14.045197486877441,True,disagreement
1,0,0.5595040321350098,8.155271530151367,0.5595040321350098,-8.175663948059082,-8.73516845703125,True,disagreement
1,0,12.815055847167969,2.257638692855835,12.815055847167969,-2.334273338317871,-15.14932918548584,True,disagreement
1,0,11.17897891998291,6.095082759857178,11.17897891998291,-6.155547142028809,-17.33452606201172,True,disagreement
1,0,3.823122501373291,6.255677223205566,3.823122501373291,-6.3035736083984375,-10.12669563293457,True,disagreement
1,0,0.33130115270614624,12.341129302978516,0.33130115270614624,-12.383576393127441,-12.714877128601074,True,disagreement
1,0,11.691123962402344,7.13478422164917,11.691123962402344,-7.194352626800537,-18.88547706604004,True,disagreement
1,0,13.32544231414795,6.650806427001953,13.32544231414795,-6.708487033843994,-20.0339298248291,True,disagreement
1,0,11.964325904846191,6.757326126098633,11.964325904846191,-6.812134742736816,-18.776460647583008,True,disagreement
1,0,8.247711181640625,5.114964962005615,8.247711181640625,-5.1849870681762695,-13.432698249816895,True,disagreement
1,0,15.675036430358887,4.821906089782715,15.675036430358887,-4.902522087097168,-20.577558517456055,True,disagreement
1,0,13.738682746887207,6.564821720123291,13.738682746887207,-6.619749069213867,-20.35843276977539,True,disagreement
0,1,5.628450870513916,12.556750297546387,-5.665571212768555,12.556750297546387,18.222320556640625,True,"disagreement,high_confidence_disagreement"
0,1,4.4061598777771,8.340373039245605,-4.443982124328613,8.340373039245605,12.784355163574219,True,"disagreement,high_confidence_disagreement"
1,0,14.547030448913574,6.70525598526001,14.547030448913574,-6.758966445922852,-21.30599594116211,True,disagreement
0,1,4.788048267364502,1.447529673576355,-4.825385093688965,1.447529673576355,6.272914886474609,True,"disagreement,high_confidence_disagreement"
1,0,9.544509887695312,5.823886394500732,9.544509887695312,-5.895857810974121,-15.440367698669434,True,disagreement
1,0,8.503605842590332,4.250739574432373,8.503605842590332,-4.32589054107666,-12.829496383666992,True,disagreement
1,0,6.190956115722656,15.78982925415039,6.190956115722656,-15.788935661315918,-21.97989273071289,True,disagreement
0,1,7.330409049987793,2.229341983795166,-7.3689165115356445,2.229341983795166,9.598258972167969,True,"disagreement,high_confidence_disagreement"
0,0,6.162484169006348,2.3571877479553223,-6.199036598205566,-2.450807571411133,3.7482290267944336,False,none
0,1,9.623520851135254,3.975884437561035,-9.660893440246582,3.975884437561035,13.636777877807617,True,"disagreement,high_confidence_disagreement"
1,0,13.380518913269043,6.880288124084473,13.380518913269043,-6.944021224975586,-20.324539184570312,True,disagreement
1,0,6.3968610763549805,7.849910259246826,6.3968610763549805,-7.8968305587768555,-14.293691635131836,True,disagreement
1,0,16.785165786743164,9.289345741271973,16.785165786743164,-9.333415031433105,-26.118579864501953,True,disagreement
1,0,15.667941093444824,5.856045722961426,15.667941093444824,-5.915226459503174,-21.583168029785156,True,disagreement
1,0,0.7166577577590942,5.096526622772217,0.7166577577590942,-5.145862579345703,-5.862520217895508,True,disagreement
0,0,1.014230728149414,10.695657730102539,-1.0476157665252686,-10.691824913024902,-9.644208908081055,False,none
0,0,6.714435577392578,2.7112486362457275,-6.753183364868164,-2.7841615676879883,3.969021797180176,False,none
1,1,3.4367501735687256,5.7813191413879395,3.4367501735687256,5.7813191413879395,2.344568967819214,False,none
0,0,0.22938983142375946,14.36983871459961,-0.261099636554718,-14.346819877624512,-14.08572006225586,False,none
1,0,3.401805877685547,12.939896583557129,3.401805877685547,-12.979720115661621,-16.381526947021484,True,disagreement
1,0,9.702143669128418,6.039219379425049,9.702143669128418,-6.0953874588012695,-15.797531127929688,True,disagreement
1,0,16.634843826293945,6.660370826721191,16.634843826293945,-6.719964981079102,-23.354808807373047,True,disagreement
1,0,13.4257173538208,7.019895553588867,13.4257173538208,-7.0751543045043945,-20.500871658325195,True,disagreement
0,0,15.860725402832031,3.4792754650115967,-15.898736000061035,-3.5710067749023438,12.327729225158691,False,none
1,0,5.507808685302734,14.352684020996094,5.507808685302734,-14.362929344177246,-19.870738983154297,True,disagreement
1,0,1.5276609659194946,3.851760149002075,1.5276609659194946,-3.9241256713867188,-5.451786518096924,True,disagreement
1,0,3.5055325031280518,7.290107250213623,3.5055325031280518,-7.342335224151611,-10.847867965698242,True,disagreement
0,1,10.176020622253418,4.660712242126465,-10.213101387023926,4.660712242126465,14.87381362915039,True,"disagreement,high_confidence_disagreement"
0,1,6.664282321929932,5.909862518310547,-6.701332092285156,5.909862518310547,12.611194610595703,True,"disagreement,high_confidence_disagreement"
1,0,18.764724731445312,3.515598773956299,18.764724731445312,-3.586139678955078,-22.35086441040039,True,disagreement
1,1,1.0086140632629395,8.248525619506836,1.0086140632629395,8.248525619506836,7.2399115562438965,False,none
1,0,5.844522476196289,6.39656400680542,5.844522476196289,-6.446500778198242,-12.291023254394531,True,disagreement
0,1,2.476531505584717,2.4487829208374023,-2.5115628242492676,2.4487829208374023,4.96034574508667,True,"disagreement,high_confidence_disagreement"
0,0,0.019925788044929504,6.650619029998779,-0.053606897592544556,-6.685144424438477,-6.631537437438965,False,none
1,0,14.82955265045166,5.771576404571533,14.82955265045166,-5.831238746643066,-20.660791397094727,True,disagreement
0,1,4.616284370422363,12.366448402404785,-4.656203269958496,12.366448402404785,17.02265167236328,True,"disagreement,high_confidence_disagreement"
0,0,6.71627140045166,5.308722496032715,-6.753418922424316,-5.394808292388916,1.3586106300354004,False,none
1,1,4.465421676635742,9.712347984313965,4.465421676635742,9.712347984313965,5.246926307678223,False,none
1,0,15.013002395629883,5.905167579650879,15.013002395629883,-5.962429046630859,-20.975431442260742,True,disagreement
0,1,7.126534461975098,5.784236907958984,-7.163369178771973,5.784236907958984,12.947606086730957,True,"disagreement,high_confidence_disagreement"
