nominal_pred,guardian_pred,nominal_conf,guardian_conf,nominal_anom_prob,guardian_anom_prob,prob_diff_anomaly,detected,reason
1,1,1.0,0.5525716543197632,1.0,0.5525716543197632,-0.4474283456802368,False,none
1,1,1.0,0.942444384098053,1.0,0.942444384098053,-0.05755561590194702,False,none
1,1,1.0,0.5015119314193726,1.0,0.5015119314193726,-0.49848806858062744,False,none
0,1,1.0,0.5231418609619141,1.732543886134863e-08,0.5231418609619141,0.5231418609619141,True,disagreement
1,1,1.0,0.5099814534187317,1.0,0.5099814534187317,-0.4900185465812683,False,none
1,1,1.0,0.5166453123092651,1.0,0.5166453123092651,-0.48335468769073486,False,none
1,1,0.9999829530715942,0.5135365128517151,0.9999829530715942,0.5135365128517151,-0.48644644021987915,False,none
1,1,0.9950834512710571,0.5504161715507507,0.9950834512710571,0.5504161715507507,-0.4446672797203064,False,none
1,0,0.5019439458847046,0.6011704206466675,0.5019439458847046,0.3988296389579773,-0.1031143069267273,True,disagreement
1,1,1.0,0.5212632417678833,1.0,0.5212632417678833,-0.4787367582321167,False,none
1,1,1.0,0.5109530091285706,1.0,0.5109530091285706,-0.48904699087142944,False,none
1,0,1.0,0.5024039149284363,1.0,0.49759605526924133,-0.502403974533081,True,disagreement
1,1,1.0,0.5082598328590393,1.0,0.5082598328590393,-0.4917401671409607,False,none
1,1,1.0,0.9991726279258728,1.0,0.9991726279258728,-0.0008273720741271973,False,none
1,1,1.0,0.5099814534187317,1.0,0.5099814534187317,-0.4900185465812683,False,none
1,0,1.0,0.5024039149284363,1.0,0.49759605526924133,-0.502403974533081,True,disagreement
1,1,1.0,0.5109530091285706,1.0,0.5109530091285706,-0.48904699087142944,False,none
1,1,1.0,0.5167196989059448,1.0,0.5167196989059448,-0.4832803010940552,False,none
1,1,1.0,0.5082352757453918,1.0,0.5082352757453918,-0.49176472425460815,False,none
0,1,0.5000094175338745,0.5384593605995178,0.4999905824661255,0.5384593605995178,0.038468778133392334,True,disagreement
1,1,1.0,0.5179773569107056,1.0,0.5179773569107056,-0.48202264308929443,False,none
1,1,1.0,0.8514368534088135,1.0,0.8514368534088135,-0.14856314659118652,False,none
1,1,1.0,0.5142862796783447,1.0,0.5142862796783447,-0.4857137203216553,False,none
1,1,1.0,0.5099814534187317,1.0,0.5099814534187317,-0.4900185465812683,False,none
1,1,1.0,0.998261034488678,1.0,0.998261034488678,-0.0017389655113220215,False,none
1,1,1.0,0.5107941627502441,1.0,0.5107941627502441,-0.48920583724975586,False,none
1,1,0.9604532122612,0.5555527806282043,0.9604532122612,0.5555527806282043,-0.4049004316329956,False,none
1,1,0.9891245365142822,0.5607212781906128,0.9891245365142822,0.5607212781906128,-0.42840325832366943,False,none
1,1,1.0,0.5015119314193726,1.0,0.5015119314193726,-0.49848806858062744,False,none
1,1,1.0,0.5410692095756531,1.0,0.5410692095756531,-0.4589307904243469,False,none
1,1,1.0,0.5111141204833984,1.0,0.5111141204833984,-0.48888587951660156,False,none
1,1,1.0,0.5109530091285706,1.0,0.5109530091285706,-0.48904699087142944,False,none
0,1,0.6789346933364868,0.5202866196632385,0.3210653066635132,0.5202866196632385,0.19922131299972534,True,disagreement
1,1,0.9604532122612,0.5555527806282043,0.9604532122612,0.5555527806282043,-0.4049004316329956,False,none
0,1,0.9999887943267822,0.780080258846283,1.11580484372098e-05,0.780080258846283,0.78006911277771,True,"disagreement,high_confidence_disagreement"
1,1,1.0,0.5252899527549744,1.0,0.5252899527549744,-0.47471004724502563,False,none
1,1,1.0,0.5067499876022339,1.0,0.5067499876022339,-0.4932500123977661,False,none
1,0,1.0,0.5024039149284363,1.0,0.49759605526924133,-0.502403974533081,True,disagreement
0,1,0.9999994039535522,0.5095505118370056,6.447724558711343e-07,0.5095505118370056,0.5095498561859131,True,disagreement
1,1,1.0,0.5266715288162231,1.0,0.5266715288162231,-0.47332847118377686,False,none
1,1,1.0,0.5028032064437866,1.0,0.5028032064437866,-0.4971967935562134,False,none
1,1,1.0,0.5109530091285706,1.0,0.5109530091285706,-0.48904699087142944,False,none
1,1,1.0,0.5074779391288757,1.0,0.5074779391288757,-0.49252206087112427,False,none
1,1,1.0,0.5212632417678833,1.0,0.5212632417678833,-0.4787367582321167,False,none
1,1,1.0,0.5109530091285706,1.0,0.5109530091285706,-0.48904699087142944,False,none
1,0,1.0,0.5024039149284363,1.0,0.49759605526924133,-0.502403974533081,True,disagreement
1,0,1.0,0.501395583152771,1.0,0.498604416847229,-0.501395583152771,True,disagreement
1,1,1.0,0.5266715288162231,1.0,0.5266715288162231,-0.47332847118377686,False,none
1,1,1.0,0.5118681192398071,1.0,0.5118681192398071,-0.48813188076019287,False,none
1,1,1.0,0.5109530091285706,1.0,0.5109530091285706,-0.48904699087142944,False,none
1,1,1.0,0.5099814534187317,1.0,0.5099814534187317,-0.4900185465812683,False,none
1,1,0.5002665519714355,0.5425079464912415,0.5002665519714355,0.5425079464912415,0.04224139451980591,False,none
1,1,1.0,0.5099814534187317,1.0,0.5099814534187317,-0.4900185465812683,False,none
1,1,1.0,0.5102631449699402,1.0,0.5102631449699402,-0.4897368550300598,False,none
1,1,1.0,0.52425217628479,1.0,0.52425217628479,-0.47574782371520996,False,none
1,1,0.9999895095825195,0.507822573184967,0.9999895095825195,0.507822573184967,-0.4921669363975525,False,none
1,1,1.0,0.5099814534187317,1.0,0.5099814534187317,-0.4900185465812683,False,none
1,1,1.0,0.5049330592155457,1.0,0.5049330592155457,-0.49506694078445435,False,none
1,0,1.0,0.5016442537307739,1.0,0.4983556568622589,-0.5016443729400635,True,disagreement
1,1,1.0,0.997490644454956,1.0,0.997490644454956,-0.0025093555450439453,False,none
1,0,1.0,0.5024039149284363,1.0,0.49759605526924133,-0.502403974533081,True,disagreement
1,1,1.0,0.8425723910331726,1.0,0.8425723910331726,-0.1574276089668274,False,none
1,1,1.0,0.5109530091285706,1.0,0.5109530091285706,-0.48904699087142944,False,none
0,1,1.0,0.5513038039207458,1.4955475080569158e-08,0.5513038039207458,0.5513038039207458,True,disagreement
1,1,1.0,0.5395939946174622,1.0,0.5395939946174622,-0.46040600538253784,False,none
1,1,1.0,0.536919355392456,1.0,0.536919355392456,-0.46308064460754395,False,none
1,1,1.0,0.5121094584465027,1.0,0.5121094584465027,-0.4878905415534973,False,none
1,1,1.0,0.5445184111595154,1.0,0.5445184111595154,-0.4554815888404846,False,none
1,1,1.0,0.5015119314193726,1.0,0.5015119314193726,-0.49848806858062744,False,none
1,0,0.5000001192092896,0.9476248025894165,0.5000001192092896,0.05237516015768051,-0.44762495160102844,True,disagreement
1,1,1.0,0.5067341923713684,1.0,0.5067341923713684,-0.4932658076286316,False,none
1,1,1.0,0.5109530091285706,1.0,0.5109530091285706,-0.48904699087142944,False,none
1,1,1.0,0.5107941627502441,1.0,0.5107941627502441,-0.48920583724975586,False,none
0,1,1.0,0.5513038039207458,1.4955475080569158e-08,0.5513038039207458,0.5513038039207458,True,disagreement
1,1,1.0,0.5045219659805298,1.0,0.5045219659805298,-0.4954780340194702,False,none
1,1,1.0,0.5012814402580261,1.0,0.5012814402580261,-0.4987185597419739,False,none
1,1,0.9867048263549805,0.5204681754112244,0.9867048263549805,0.5204681754112244,-0.4662366509437561,False,none
1,1,1.0,0.5099814534187317,1.0,0.5099814534187317,-0.4900185465812683,False,none
1,1,1.0,0.5109530091285706,1.0,0.5109530091285706,-0.48904699087142944,False,none
1,1,1.0,0.5053251385688782,1.0,0.5053251385688782,-0.4946748614311218,False,none
1,1,1.0,0.5271929502487183,1.0,0.5271929502487183,-0.47280704975128174,False,none
1,1,1.0,0.5263350009918213,1.0,0.5263350009918213,-0.4736649990081787,False,none
0,1,0.5000060796737671,0.5358185768127441,0.4999939203262329,0.5358185768127441,0.03582465648651123,True,disagreement
0,0,0.9207128882408142,0.8558613657951355,0.07928711920976639,0.1441386640071869,0.0648515447974205,False,none
1,1,1.0,0.5365623831748962,1.0,0.5365623831748962,-0.46343761682510376,False,none
1,1,1.0,0.5099814534187317,1.0,0.5099814534187317,-0.4900185465812683,False,none
1,1,0.9999998807907104,0.507937490940094,0.9999998807907104,0.507937490940094,-0.49206238985061646,False,none
1,1,1.0,0.5109530091285706,1.0,0.5109530091285706,-0.48904699087142944,False,none
1,1,1.0,0.5166453123092651,1.0,0.5166453123092651,-0.48335468769073486,False,none
1,1,1.0,0.5143496990203857,1.0,0.5143496990203857,-0.48565030097961426,False,none
1,0,1.0,0.5024039149284363,1.0,0.49759605526924133,-0.502403974533081,True,disagreement
1,1,1.0,0.5109530091285706,1.0,0.5109530091285706,-0.48904699087142944,False,none
1,1,0.9996389150619507,0.9480515122413635,0.9996389150619507,0.9480515122413635,-0.05158740282058716,False,none
1,1,1.0,0.5266715288162231,1.0,0.5266715288162231,-0.47332847118377686,False,none
1,1,1.0,0.9997045397758484,1.0,0.9997045397758484,-0.00029546022415161133,False,none
1,1,1.0,0.5432894229888916,1.0,0.5432894229888916,-0.4567105770111084,False,none
1,1,0.9604532122612,0.5555527806282043,0.9604532122612,0.5555527806282043,-0.4049004316329956,False,none
1,1,0.9999998807907104,0.5108682513237,0.9999998807907104,0.5108682513237,-0.4891316294670105,False,none
1,1,1.0,0.5099814534187317,1.0,0.5099814534187317,-0.4900185465812683,False,none
0,0,0.996705949306488,0.632998526096344,0.0032940262462943792,0.36700141429901123,0.36370739340782166,False,none
1,0,0.9255404472351074,0.8495537042617798,0.9255404472351074,0.1504463106393814,-0.7750941514968872,True,disagreement
1,1,1.0,0.9998893737792969,1.0,0.9998893737792969,-0.000110626220703125,False,none
0,1,1.0,0.5513038039207458,1.4955475080569158e-08,0.5513038039207458,0.5513038039207458,True,disagreement
1,1,1.0,0.5099814534187317,1.0,0.5099814534187317,-0.4900185465812683,False,none
1,1,1.0,0.5118686556816101,1.0,0.5118686556816101,-0.4881313443183899,False,none
1,1,0.9999829530715942,0.5135365128517151,0.9999829530715942,0.5135365128517151,-0.48644644021987915,False,none
1,1,1.0,0.5089865326881409,1.0,0.5089865326881409,-0.49101346731185913,False,none
1,0,1.0,0.5024039149284363,1.0,0.49759605526924133,-0.502403974533081,True,disagreement
1,1,1.0,0.5389615893363953,1.0,0.5389615893363953,-0.46103841066360474,False,none
1,1,1.0,0.5107941627502441,1.0,0.5107941627502441,-0.48920583724975586,False,none
1,1,0.9999998807907104,0.507937490940094,0.9999998807907104,0.507937490940094,-0.49206238985061646,False,none
1,1,1.0,0.5099814534187317,1.0,0.5099814534187317,-0.4900185465812683,False,none
1,1,1.0,0.5364078283309937,1.0,0.5364078283309937,-0.46359217166900635,False,none
0,1,0.9999977350234985,0.5019962787628174,2.227344793936936e-06,0.5019962787628174,0.5019940733909607,True,disagreement
1,1,1.0,0.5266715288162231,1.0,0.5266715288162231,-0.47332847118377686,False,none
1,1,1.0,0.6324487328529358,1.0,0.6324487328529358,-0.3675512671470642,False,none
1,1,1.0,0.5540975332260132,1.0,0.5540975332260132,-0.4459024667739868,False,none
1,1,0.9604532122612,0.5555527806282043,0.9604532122612,0.5555527806282043,-0.4049004316329956,False,none
1,1,1.0,0.5005095601081848,1.0,0.5005095601081848,-0.4994904398918152,False,none
1,1,1.0,0.5361729860305786,1.0,0.5361729860305786,-0.4638270139694214,False,none
1,1,1.0,0.5466293096542358,1.0,0.5466293096542358,-0.45337069034576416,False,none
1,1,1.0,0.5246846675872803,1.0,0.5246846675872803,-0.4753153324127197,False,none
1,1,1.0,0.5100342035293579,1.0,0.5100342035293579,-0.4899657964706421,False,none
1,0,1.0,0.5003637671470642,1.0,0.499636173248291,-0.500363826751709,True,disagreement
1,1,1.0,0.5110782980918884,1.0,0.5110782980918884,-0.4889217019081116,False,none
1,1,1.0,0.5458757877349854,1.0,0.5458757877349854,-0.45412421226501465,False,none
1,1,1.0,0.5099814534187317,1.0,0.5099814534187317,-0.4900185465812683,False,none
1,0,1.0,0.5024039149284363,1.0,0.49759605526924133,-0.502403974533081,True,disagreement
1,1,1.0,0.5252899527549744,1.0,0.5252899527549744,-0.47471004724502563,False,none
0,1,1.0,0.5513038039207458,1.4955475080569158e-08,0.5513038039207458,0.5513038039207458,True,disagreement
1,1,1.0,0.5374644994735718,1.0,0.5374644994735718,-0.4625355005264282,False,none
0,1,0.5000079870223999,0.5391524434089661,0.4999920129776001,0.5391524434089661,0.03916043043136597,True,disagreement
1,1,1.0,0.5099814534187317,1.0,0.5099814534187317,-0.4900185465812683,False,none
1,1,1.0,0.5170761346817017,1.0,0.5170761346817017,-0.48292386531829834,False,none
1,1,1.0,0.5110257863998413,1.0,0.5110257863998413,-0.4889742136001587,False,none
1,1,1.0,0.5266715288162231,1.0,0.5266715288162231,-0.47332847118377686,False,none
0,1,0.9709601402282715,0.5163320302963257,0.029039932414889336,0.5163320302963257,0.4872921109199524,True,disagreement
1,1,1.0,0.5640819072723389,1.0,0.5640819072723389,-0.43591809272766113,False,none
1,1,0.9604532122612,0.5555527806282043,0.9604532122612,0.5555527806282043,-0.4049004316329956,False,none
1,1,0.5957831144332886,0.9773107171058655,0.5957831144332886,0.9773107171058655,0.3815276026725769,False,none
1,1,1.0,0.5109530091285706,1.0,0.5109530091285706,-0.48904699087142944,False,none
1,1,1.0,0.5109530091285706,1.0,0.5109530091285706,-0.48904699087142944,False,none
1,0,1.0,0.5024039149284363,1.0,0.49759605526924133,-0.502403974533081,True,disagreement
1,1,1.0,0.5076993703842163,1.0,0.5076993703842163,-0.4923006296157837,False,none
1,1,1.0,0.5099814534187317,1.0,0.5099814534187317,-0.4900185465812683,False,none
0,1,0.9999998807907104,0.55205899477005,8.131371487252181e-08,0.55205899477005,0.5520589351654053,True,disagreement
1,1,1.0,0.5109530091285706,1.0,0.5109530091285706,-0.48904699087142944,False,none
1,1,1.0,0.5053151845932007,1.0,0.5053151845932007,-0.4946848154067993,False,none
1,1,1.0,0.5275526642799377,1.0,0.5275526642799377,-0.47244733572006226,False,none
1,1,1.0,0.5099814534187317,1.0,0.5099814534187317,-0.4900185465812683,False,none
1,1,1.0,0.5109530091285706,1.0,0.5109530091285706,-0.48904699087142944,False,none
1,1,1.0,0.5252899527549744,1.0,0.5252899527549744,-0.47471004724502563,False,none
1,1,1.0,0.5109530091285706,1.0,0.5109530091285706,-0.48904699087142944,False,none
1,0,1.0,0.5013106465339661,1.0,0.49868935346603394,-0.5013106465339661,True,disagreement
1,0,1.0,0.5024039149284363,1.0,0.49759605526924133,-0.502403974533081,True,disagreement
1,1,1.0,0.5094092488288879,1.0,0.5094092488288879,-0.49059075117111206,False,none
0,0,1.0,0.5013970136642456,1.2603556219514811e-11,0.4986030161380768,0.4986030161380768,False,none
1,0,0.5000002384185791,0.8982704281806946,0.5000002384185791,0.10172952711582184,-0.39827072620391846,True,disagreement
1,1,1.0,0.5505925416946411,1.0,0.5505925416946411,-0.4494074583053589,False,none
1,1,0.9995793700218201,0.5029314756393433,0.9995793700218201,0.5029314756393433,-0.4966478943824768,False,none
1,1,1.0,0.5099814534187317,1.0,0.5099814534187317,-0.4900185465812683,False,none
1,1,1.0,0.539264440536499,1.0,0.539264440536499,-0.460735559463501,False,none
1,1,1.0,0.5187954306602478,1.0,0.5187954306602478,-0.4812045693397522,False,none
1,1,1.0,0.5266715288162231,1.0,0.5266715288162231,-0.47332847118377686,False,none
1,0,1.0,0.5024039149284363,1.0,0.49759605526924133,-0.502403974533081,True,disagreement
1,1,1.0,0.5109530091285706,1.0,0.5109530091285706,-0.48904699087142944,False,none
1,0,1.0,0.5024039149284363,1.0,0.49759605526924133,-0.502403974533081,True,disagreement
1,1,1.0,0.5364078283309937,1.0,0.5364078283309937,-0.46359217166900635,False,none
1,1,1.0,0.5099814534187317,1.0,0.5099814534187317,-0.4900185465812683,False,none
1,1,1.0,0.5099814534187317,1.0,0.5099814534187317,-0.4900185465812683,False,none
0,1,0.5000004768371582,0.7373687624931335,0.4999995231628418,0.7373687624931335,0.23736923933029175,True,disagreement
1,1,1.0,0.5013949275016785,1.0,0.5013949275016785,-0.49860507249832153,False,none
0,1,0.6107655167579651,0.9979349374771118,0.3892344534397125,0.9979349374771118,0.6087005138397217,True,"disagreement,high_confidence_disagreement"
1,1,1.0,0.5109530091285706,1.0,0.5109530091285706,-0.48904699087142944,False,none
1,1,1.0,0.5099814534187317,1.0,0.5099814534187317,-0.4900185465812683,False,none
1,1,1.0,0.5395939946174622,1.0,0.5395939946174622,-0.46040600538253784,False,none
1,1,1.0,0.5228486657142639,1.0,0.5228486657142639,-0.4771513342857361,False,none
1,1,0.9604532122612,0.5555527806282043,0.9604532122612,0.5555527806282043,-0.4049004316329956,False,none
1,0,1.0,0.5024039149284363,1.0,0.49759605526924133,-0.502403974533081,True,disagreement
1,1,1.0,0.5088608860969543,1.0,0.5088608860969543,-0.49113911390304565,False,none
1,1,0.5118981003761292,0.9961534142494202,0.5118981003761292,0.9961534142494202,0.484255313873291,False,none
1,1,1.0,0.5099814534187317,1.0,0.5099814534187317,-0.4900185465812683,False,none
1,1,1.0,0.5132462978363037,1.0,0.5132462978363037,-0.4867537021636963,False,none
1,1,1.0,0.5283961296081543,1.0,0.5283961296081543,-0.4716038703918457,False,none
1,1,1.0,0.5088990330696106,1.0,0.5088990330696106,-0.4911009669303894,False,none
1,0,1.0,0.5024039149284363,1.0,0.49759605526924133,-0.502403974533081,True,disagreement
1,1,1.0,0.5266715288162231,1.0,0.5266715288162231,-0.47332847118377686,False,none
1,1,1.0,0.5179773569107056,1.0,0.5179773569107056,-0.48202264308929443,False,none
1,1,1.0,0.5099814534187317,1.0,0.5099814534187317,-0.4900185465812683,False,none
1,1,1.0,0.5109530091285706,1.0,0.5109530091285706,-0.48904699087142944,False,none
1,1,1.0,0.5302102565765381,1.0,0.5302102565765381,-0.4697897434234619,False,none
0,0,0.5327848792076111,0.8062119483947754,0.4672152101993561,0.19378803670406342,-0.27342718839645386,False,none
1,1,1.0,0.5099814534187317,1.0,0.5099814534187317,-0.4900185465812683,False,none
1,1,1.0,0.5266715288162231,1.0,0.5266715288162231,-0.47332847118377686,False,none
1,1,1.0,0.9999778270721436,1.0,0.9999778270721436,-2.2172927856445312e-05,False,none
1,1,1.0,0.5099814534187317,1.0,0.5099814534187317,-0.4900185465812683,False,none
1,1,1.0,0.9999731779098511,1.0,0.9999731779098511,-2.682209014892578e-05,False,none
1,1,1.0,0.5092151761054993,1.0,0.5092151761054993,-0.49078482389450073,False,none
0,1,0.9999938011169434,0.8820410966873169,6.149015916889766e-06,0.8820410966873169,0.882034957408905,True,"disagreement,high_confidence_disagreement"
1,1,1.0,0.9999866485595703,1.0,0.9999866485595703,-1.33514404296875e-05,False,none
1,1,1.0,0.5114181041717529,1.0,0.5114181041717529,-0.48858189582824707,False,none
1,1,1.0,0.5003129839897156,1.0,0.5003129839897156,-0.4996870160102844,False,none
1,1,1.0,0.9998478889465332,1.0,0.9998478889465332,-0.00015211105346679688,False,none
1,1,1.0,0.5086954236030579,1.0,0.5086954236030579,-0.49130457639694214,False,none
1,0,1.0,0.5024039149284363,1.0,0.49759605526924133,-0.502403974533081,True,disagreement
1,1,0.9999849796295166,0.5133943557739258,0.9999849796295166,0.5133943557739258,-0.4865906238555908,False,none
1,1,1.0,0.5099814534187317,1.0,0.5099814534187317,-0.4900185465812683,False,none
1,1,1.0,0.5109530091285706,1.0,0.5109530091285706,-0.48904699087142944,False,none
1,1,1.0,0.5205482244491577,1.0,0.5205482244491577,-0.4794517755508423,False,none
1,1,1.0,0.5118681192398071,1.0,0.5118681192398071,-0.48813188076019287,False,none
1,1,1.0,0.5109530091285706,1.0,0.5109530091285706,-0.48904699087142944,False,none
1,0,1.0,0.5016434192657471,1.0,0.49835655093193054,-0.5016434192657471,True,disagreement
1,1,0.6439997553825378,0.9432709813117981,0.6439997553825378,0.9432709813117981,0.29927122592926025,False,none
1,1,1.0,0.5099814534187317,1.0,0.5099814534187317,-0.4900185465812683,False,none
0,1,0.9999998807907104,0.516227126121521,1.1105471742212103e-07,0.516227126121521,0.5162270069122314,True,disagreement
1,1,1.0,0.5228486657142639,1.0,0.5228486657142639,-0.4771513342857361,False,none
1,1,0.9987282156944275,0.5202404260635376,0.9987282156944275,0.5202404260635376,-0.4784877896308899,False,none
1,1,1.0,0.5103764533996582,1.0,0.5103764533996582,-0.4896235466003418,False,none
1,0,0.9845187664031982,0.5900743007659912,0.9845187664031982,0.4099256694316864,-0.5745930671691895,True,disagreement
1,1,0.9999533891677856,0.5402026176452637,0.9999533891677856,0.5402026176452637,-0.459750771522522,False,none
1,1,1.0,0.5108036398887634,1.0,0.5108036398887634,-0.4891963601112366,False,none
1,1,1.0,0.5109530091285706,1.0,0.5109530091285706,-0.48904699087142944,False,none
1,1,1.0,0.5140288472175598,1.0,0.5140288472175598,-0.4859711527824402,False,none
1,1,1.0,0.5452222228050232,1.0,0.5452222228050232,-0.4547777771949768,False,none
1,1,1.0,0.9998787641525269,1.0,0.9998787641525269,-0.00012123584747314453,False,none
1,1,1.0,0.5364078283309937,1.0,0.5364078283309937,-0.46359217166900635,False,none
1,1,1.0,0.5015276670455933,1.0,0.5015276670455933,-0.49847233295440674,False,none
1,1,1.0,0.5111141204833984,1.0,0.5111141204833984,-0.48888587951660156,False,none
1,1,1.0,0.5269073843955994,1.0,0.5269073843955994,-0.47309261560440063,False,none
1,1,1.0,0.506393313407898,1.0,0.506393313407898,-0.49360668659210205,False,none
1,1,1.0,0.5099814534187317,1.0,0.5099814534187317,-0.4900185465812683,False,none
1,1,1.0,0.5146858096122742,1.0,0.5146858096122742,-0.48531419038772583,False,none
1,1,1.0,0.5132961273193359,1.0,0.5132961273193359,-0.48670387268066406,False,none
1,1,1.0,0.5458766222000122,1.0,0.5458766222000122,-0.4541233777999878,False,none
1,1,0.9604532122612,0.5555527806282043,0.9604532122612,0.5555527806282043,-0.4049004316329956,False,none
1,1,1.0,0.999994158744812,1.0,0.999994158744812,-5.841255187988281e-06,False,none
1,1,1.0,0.5109530091285706,1.0,0.5109530091285706,-0.48904699087142944,False,none
1,1,1.0,0.5179773569107056,1.0,0.5179773569107056,-0.48202264308929443,False,none
1,1,1.0,0.5111141204833984,1.0,0.5111141204833984,-0.48888587951660156,False,none
1,0,1.0,0.5024039149284363,1.0,0.49759605526924133,-0.502403974533081,True,disagreement
1,1,1.0,0.5118681192398071,1.0,0.5118681192398071,-0.48813188076019287,False,none
1,1,1.0,0.5152450799942017,1.0,0.5152450799942017,-0.48475492000579834,False,none
1,1,1.0,0.5099814534187317,1.0,0.5099814534187317,-0.4900185465812683,False,none
1,1,1.0,0.5099814534187317,1.0,0.5099814534187317,-0.4900185465812683,False,none
1,1,0.992555558681488,0.5733101963996887,0.992555558681488,0.5733101963996887,-0.4192453622817993,False,none
1,1,0.9604532122612,0.5555527806282043,0.9604532122612,0.5555527806282043,-0.4049004316329956,False,none
1,1,1.0,0.5099814534187317,1.0,0.5099814534187317,-0.4900185465812683,False,none
1,1,1.0,0.5099814534187317,1.0,0.5099814534187317,-0.4900185465812683,False,none
1,1,1.0,0.5118681192398071,1.0,0.5118681192398071,-0.48813188076019287,False,none
1,1,1.0,0.5109530091285706,1.0,0.5109530091285706,-0.48904699087142944,False,none
0,1,1.0,0.5513038039207458,1.4955475080569158e-08,0.5513038039207458,0.5513038039207458,True,disagreement
1,1,0.9990193843841553,0.5243648290634155,0.9990193843841553,0.5243648290634155,-0.47465455532073975,False,none
1,1,1.0,0.5107941627502441,1.0,0.5107941627502441,-0.48920583724975586,False,none
1,1,1.0,0.5252899527549744,1.0,0.5252899527549744,-0.47471004724502563,False,none
1,1,1.0,0.5395939946174622,1.0,0.5395939946174622,-0.46040600538253784,False,none
1,1,1.0,0.5146858096122742,1.0,0.5146858096122742,-0.48531419038772583,False,none
1,0,0.8654603958129883,0.7178940773010254,0.8654603958129883,0.2821059823036194,-0.5833544135093689,True,disagreement
1,1,1.0,0.5370607376098633,1.0,0.5370607376098633,-0.4629392623901367,False,none
0,1,0.5,0.5420953631401062,0.5,0.5420953631401062,0.0420953631401062,True,disagreement
0,1,1.0,0.5365166068077087,1.8912445883497885e-20,0.5365166068077087,0.5365166068077087,True,disagreement
0,1,0.9999979734420776,0.5259130597114563,2.072189772661659e-06,0.5259130597114563,0.5259109735488892,True,disagreement
1,0,0.7330475449562073,0.8930842280387878,0.7330475449562073,0.10691576451063156,-0.6261317729949951,True,disagreement
1,0,0.8340854644775391,0.984740674495697,0.8340854644775391,0.015259264037013054,-0.8188261985778809,True,disagreement
1,1,1.0,0.5099814534187317,1.0,0.5099814534187317,-0.4900185465812683,False,none
1,1,0.9976353645324707,0.5315683484077454,0.9976353645324707,0.5315683484077454,-0.46606701612472534,False,none
1,1,0.9327348470687866,0.5159538388252258,0.9327348470687866,0.5159538388252258,-0.4167810082435608,False,none
1,1,1.0,0.5109530091285706,1.0,0.5109530091285706,-0.48904699087142944,False,none
1,1,1.0,0.5092971324920654,1.0,0.5092971324920654,-0.49070286750793457,False,none
1,1,1.0,0.5022396445274353,1.0,0.5022396445274353,-0.4977603554725647,False,none
1,1,1.0,0.5099814534187317,1.0,0.5099814534187317,-0.4900185465812683,False,none
1,1,1.0,0.5028480291366577,1.0,0.5028480291366577,-0.4971519708633423,False,none
1,1,1.0,0.5099814534187317,1.0,0.5099814534187317,-0.4900185465812683,False,none
1,1,1.0,0.5041525363922119,1.0,0.5041525363922119,-0.4958474636077881,False,none
1,1,1.0,0.5349690318107605,1.0,0.5349690318107605,-0.4650309681892395,False,none
1,1,1.0,0.522529125213623,1.0,0.522529125213623,-0.47747087478637695,False,none
1,1,1.0,0.5099814534187317,1.0,0.5099814534187317,-0.4900185465812683,False,none
1,1,0.9995726943016052,0.5288883447647095,0.9995726943016052,0.5288883447647095,-0.47068434953689575,False,none
1,1,1.0,0.5111141204833984,1.0,0.5111141204833984,-0.48888587951660156,False,none
1,0,1.0,0.501489520072937,1.0,0.4985104203224182,-0.5014895796775818,True,disagreement
1,1,0.9768928289413452,0.5166782736778259,0.9768928289413452,0.5166782736778259,-0.4602145552635193,False,none
1,1,1.0,0.9997748732566833,1.0,0.9997748732566833,-0.0002251267433166504,False,none
1,1,1.0,0.5109530091285706,1.0,0.5109530091285706,-0.48904699087142944,False,none
1,0,1.0,0.5013106465339661,1.0,0.49868935346603394,-0.5013106465339661,True,disagreement
0,0,0.9827532768249512,0.6202307939529419,0.01724667102098465,0.37976914644241333,0.3625224828720093,False,none
1,1,1.0,0.5099814534187317,1.0,0.5099814534187317,-0.4900185465812683,False,none
1,1,1.0,0.5109530091285706,1.0,0.5109530091285706,-0.48904699087142944,False,none
1,1,1.0,0.5127438902854919,1.0,0.5127438902854919,-0.48725610971450806,False,none
1,0,1.0,0.5024039149284363,1.0,0.49759605526924133,-0.502403974533081,True,disagreement
1,1,0.9999428987503052,0.509114682674408,0.9999428987503052,0.509114682674408,-0.4908282160758972,False,none
1,1,1.0,0.523578405380249,1.0,0.523578405380249,-0.476421594619751,False,none
1,1,1.0,0.5099814534187317,1.0,0.5099814534187317,-0.4900185465812683,False,none
1,1,0.9928053021430969,0.5512627959251404,0.9928053021430969,0.5512627959251404,-0.44154250621795654,False,none
1,0,1.0,0.5013106465339661,1.0,0.49868935346603394,-0.5013106465339661,True,disagreement
1,1,1.0,0.9999814033508301,1.0,0.9999814033508301,-1.8596649169921875e-05,False,none
1,1,1.0,0.5420699119567871,1.0,0.5420699119567871,-0.4579300880432129,False,none
1,1,0.9604532122612,0.5555527806282043,0.9604532122612,0.5555527806282043,-0.4049004316329956,False,none
1,1,1.0,0.9985557198524475,1.0,0.9985557198524475,-0.0014442801475524902,False,none
1,1,1.0,0.5266715288162231,1.0,0.5266715288162231,-0.47332847118377686,False,none
1,1,1.0,0.54207444190979,1.0,0.54207444190979,-0.45792555809020996,False,none
1,1,1.0,0.5109530091285706,1.0,0.5109530091285706,-0.48904699087142944,False,none
1,1,1.0,0.509705662727356,1.0,0.509705662727356,-0.49029433727264404,False,none
1,1,1.0,0.5109530091285706,1.0,0.5109530091285706,-0.48904699087142944,False,none
1,1,1.0,0.5107941627502441,1.0,0.5107941627502441,-0.48920583724975586,False,none
1,1,1.0,0.9992181062698364,1.0,0.9992181062698364,-0.0007818937301635742,False,none
1,1,1.0,0.5146858096122742,1.0,0.5146858096122742,-0.48531419038772583,False,none
1,1,1.0,0.5133225321769714,1.0,0.5133225321769714,-0.48667746782302856,False,none
1,1,1.0,0.514714777469635,1.0,0.514714777469635,-0.485285222530365,False,none
1,0,1.0,0.5024039149284363,1.0,0.49759605526924133,-0.502403974533081,True,disagreement
1,1,1.0,0.5099814534187317,1.0,0.5099814534187317,-0.4900185465812683,False,none
1,1,1.0,0.5082176923751831,1.0,0.5082176923751831,-0.4917823076248169,False,none
1,1,1.0,0.5048596858978271,1.0,0.5048596858978271,-0.49514031410217285,False,none
1,1,1.0,0.5109530091285706,1.0,0.5109530091285706,-0.48904699087142944,False,none
1,0,1.0,0.5009934306144714,1.0,0.49900662899017334,-0.5009933710098267,True,disagreement
1,1,1.0,0.5271929502487183,1.0,0.5271929502487183,-0.47280704975128174,False,none
1,1,1.0,0.5099814534187317,1.0,0.5099814534187317,-0.4900185465812683,False,none
1,1,1.0,0.5099814534187317,1.0,0.5099814534187317,-0.4900185465812683,False,none
1,1,1.0,0.50924152135849,1.0,0.50924152135849,-0.49075847864151,False,none
1,1,1.0,0.5099814534187317,1.0,0.5099814534187317,-0.4900185465812683,False,none
1,1,1.0,0.5127438902854919,1.0,0.5127438902854919,-0.48725610971450806,False,none
1,1,1.0,0.5266715288162231,1.0,0.5266715288162231,-0.47332847118377686,False,none
1,1,1.0,0.5266715288162231,1.0,0.5266715288162231,-0.47332847118377686,False,none
1,1,1.0,0.5099814534187317,1.0,0.5099814534187317,-0.4900185465812683,False,none
1,1,1.0,0.521975576877594,1.0,0.521975576877594,-0.478024423122406,False,none
1,1,1.0,0.5099814534187317,1.0,0.5099814534187317,-0.4900185465812683,False,none
1,1,1.0,0.5620337724685669,1.0,0.5620337724685669,-0.4379662275314331,False,none
1,1,1.0,0.5109530091285706,1.0,0.5109530091285706,-0.48904699087142944,False,none
1,1,1.0,0.9998587369918823,1.0,0.9998587369918823,-0.00014126300811767578,False,none
1,1,1.0,0.5170761346817017,1.0,0.5170761346817017,-0.48292386531829834,False,none
1,0,0.5654793977737427,0.8791282773017883,0.5654793977737427,0.12087171524763107,-0.444607675075531,True,disagreement
0,1,0.5000001788139343,0.9827812314033508,0.4999998211860657,0.9827812314033508,0.48278141021728516,True,disagreement
1,1,1.0,0.5252938866615295,1.0,0.5252938866615295,-0.47470611333847046,False,none
1,1,1.0,0.5108731389045715,1.0,0.5108731389045715,-0.48912686109542847,False,none
1,1,1.0,0.5266715288162231,1.0,0.5266715288162231,-0.47332847118377686,False,none
1,1,1.0,0.5252899527549744,1.0,0.5252899527549744,-0.47471004724502563,False,none
1,1,1.0,0.5053533911705017,1.0,0.5053533911705017,-0.4946466088294983,False,none
1,0,1.0,0.500207781791687,1.0,0.4997921884059906,-0.500207781791687,True,disagreement
1,1,1.0,0.5004093050956726,1.0,0.5004093050956726,-0.4995906949043274,False,none
1,1,1.0,0.5252899527549744,1.0,0.5252899527549744,-0.47471004724502563,False,none
1,1,1.0,0.5098670721054077,1.0,0.5098670721054077,-0.4901329278945923,False,none
1,1,1.0,0.539264440536499,1.0,0.539264440536499,-0.460735559463501,False,none
1,1,1.0,0.5109530091285706,1.0,0.5109530091285706,-0.48904699087142944,False,none
1,1,1.0,0.5109565258026123,1.0,0.5109565258026123,-0.4890434741973877,False,none
1,1,1.0,0.5109530091285706,1.0,0.5109530091285706,-0.48904699087142944,False,none
1,1,1.0,0.5099814534187317,1.0,0.5099814534187317,-0.4900185465812683,False,none
1,1,1.0,0.5266715288162231,1.0,0.5266715288162231,-0.47332847118377686,False,none
1,1,1.0,0.9995550513267517,1.0,0.9995550513267517,-0.000444948673248291,False,none
1,1,1.0,0.5364078283309937,1.0,0.5364078283309937,-0.46359217166900635,False,none
1,1,1.0,0.5144153833389282,1.0,0.5144153833389282,-0.4855846166610718,False,none
1,1,1.0,0.999988317489624,1.0,0.999988317489624,-1.1682510375976562e-05,False,none
1,1,1.0,0.5266715288162231,1.0,0.5266715288162231,-0.47332847118377686,False,none
1,1,1.0,0.5492730140686035,1.0,0.5492730140686035,-0.4507269859313965,False,none
1,1,1.0,0.5109530091285706,1.0,0.5109530091285706,-0.48904699087142944,False,none
1,1,1.0,0.5087789297103882,1.0,0.5087789297103882,-0.4912210702896118,False,none
1,1,1.0,0.5109530091285706,1.0,0.5109530091285706,-0.48904699087142944,False,none
1,1,1.0,0.5249252319335938,1.0,0.5249252319335938,-0.47507476806640625,False,none
1,1,1.0,0.5106921195983887,1.0,0.5106921195983887,-0.48930788040161133,False,none
1,0,1.0,0.5024039149284363,1.0,0.49759605526924133,-0.502403974533081,True,disagreement
1,1,1.0,0.5133225321769714,1.0,0.5133225321769714,-0.48667746782302856,False,none
1,1,0.9604532122612,0.5555527806282043,0.9604532122612,0.5555527806282043,-0.4049004316329956,False,none
1,1,1.0,0.5111141204833984,1.0,0.5111141204833984,-0.48888587951660156,False,none
1,1,1.0,0.5099814534187317,1.0,0.5099814534187317,-0.4900185465812683,False,none
1,1,1.0,0.5230498909950256,1.0,0.5230498909950256,-0.47695010900497437,False,none
1,1,1.0,0.5109530091285706,1.0,0.5109530091285706,-0.48904699087142944,False,none
1,0,1.0,0.5013106465339661,1.0,0.49868935346603394,-0.5013106465339661,True,disagreement
1,1,1.0,0.999969482421875,1.0,0.999969482421875,-3.0517578125e-05,False,none
1,1,1.0,0.5266715288162231,1.0,0.5266715288162231,-0.47332847118377686,False,none
1,1,1.0,0.5099814534187317,1.0,0.5099814534187317,-0.4900185465812683,False,none
1,1,1.0,0.5064841508865356,1.0,0.5064841508865356,-0.49351584911346436,False,none
1,1,1.0,0.5017135739326477,1.0,0.5017135739326477,-0.4982864260673523,False,none
0,1,0.9990068078041077,0.5098628997802734,0.0009932289831340313,0.5098628997802734,0.5088696479797363,True,disagreement
1,1,1.0,0.5109119415283203,1.0,0.5109119415283203,-0.4890880584716797,False,none
1,1,1.0,0.539264440536499,1.0,0.539264440536499,-0.460735559463501,False,none
1,1,1.0,0.5109530091285706,1.0,0.5109530091285706,-0.48904699087142944,False,none
1,1,1.0,0.5109530091285706,1.0,0.5109530091285706,-0.48904699087142944,False,none
1,1,1.0,0.999969482421875,1.0,0.999969482421875,-3.0517578125e-05,False,none
1,1,1.0,0.5109530091285706,1.0,0.5109530091285706,-0.48904699087142944,False,none
1,1,1.0,0.5111141204833984,1.0,0.5111141204833984,-0.48888587951660156,False,none
1,1,1.0,0.5099814534187317,1.0,0.5099814534187317,-0.4900185465812683,False,none
1,1,1.0,0.5252899527549744,1.0,0.5252899527549744,-0.47471004724502563,False,none
1,1,1.0,0.5024170279502869,1.0,0.5024170279502869,-0.49758297204971313,False,none
1,1,1.0,0.5111141204833984,1.0,0.5111141204833984,-0.48888587951660156,False,none
1,1,1.0,0.5099814534187317,1.0,0.5099814534187317,-0.4900185465812683,False,none
1,1,0.5082507729530334,0.9710063338279724,0.5082507729530334,0.9710063338279724,0.46275556087493896,False,none
1,1,1.0,0.5015276670455933,1.0,0.5015276670455933,-0.49847233295440674,False,none
1,1,1.0,0.9996871948242188,1.0,0.9996871948242188,-0.00031280517578125,False,none
1,1,1.0,0.9999775886535645,1.0,0.9999775886535645,-2.2411346435546875e-05,False,none
1,1,1.0,0.527431070804596,1.0,0.527431070804596,-0.47256892919540405,False,none
1,1,1.0,0.5106921195983887,1.0,0.5106921195983887,-0.48930788040161133,False,none
1,1,1.0,0.9999637603759766,1.0,0.9999637603759766,-3.62396240234375e-05,False,none
1,1,1.0,0.5015119314193726,1.0,0.5015119314193726,-0.49848806858062744,False,none
1,1,1.0,0.5252899527549744,1.0,0.5252899527549744,-0.47471004724502563,False,none
1,1,1.0,0.5109530091285706,1.0,0.5109530091285706,-0.48904699087142944,False,none
1,1,1.0,0.5111141204833984,1.0,0.5111141204833984,-0.48888587951660156,False,none
1,1,1.0,0.5099814534187317,1.0,0.5099814534187317,-0.4900185465812683,False,none
1,0,1.0,0.5013106465339661,1.0,0.49868935346603394,-0.5013106465339661,True,disagreement
1,0,1.0,0.5018107295036316,1.0,0.4981893002986908,-0.5018106698989868,True,disagreement
1,1,1.0,0.5109530091285706,1.0,0.5109530091285706,-0.48904699087142944,False,none
1,1,1.0,0.5109530091285706,1.0,0.5109530091285706,-0.48904699087142944,False,none
1,1,0.9999829530715942,0.5135365128517151,0.9999829530715942,0.5135365128517151,-0.48644644021987915,False,none
0,1,0.8533797860145569,0.9058789014816284,0.14662021398544312,0.9058789014816284,0.7592586874961853,True,"disagreement,high_confidence_disagreement"
1,1,1.0,0.5109530091285706,1.0,0.5109530091285706,-0.48904699087142944,False,none
1,1,1.0,0.5392282009124756,1.0,0.5392282009124756,-0.4607717990875244,False,none
1,1,1.0,0.5262039303779602,1.0,0.5262039303779602,-0.4737960696220398,False,none
0,1,1.0,0.5475276112556458,2.1517014558991576e-10,0.5475276112556458,0.5475276112556458,True,disagreement
1,1,0.9868127703666687,0.952530562877655,0.9868127703666687,0.952530562877655,-0.03428220748901367,False,none
1,1,1.0,0.5015119314193726,1.0,0.5015119314193726,-0.49848806858062744,False,none
1,1,1.0,0.5109530091285706,1.0,0.5109530091285706,-0.48904699087142944,False,none
1,1,0.9604532122612,0.5555527806282043,0.9604532122612,0.5555527806282043,-0.4049004316329956,False,none
1,1,1.0,0.5133225321769714,1.0,0.5133225321769714,-0.48667746782302856,False,none
1,0,0.6166837215423584,0.8982300162315369,0.6166837215423584,0.10176997631788254,-0.5149137377738953,True,disagreement
1,1,1.0,0.9354637265205383,1.0,0.9354637265205383,-0.06453627347946167,False,none
1,1,1.0,0.5109530091285706,1.0,0.5109530091285706,-0.48904699087142944,False,none
1,1,1.0,0.5584809184074402,1.0,0.5584809184074402,-0.4415190815925598,False,none
0,1,1.0,0.5255025029182434,1.1378232832772022e-21,0.5255025029182434,0.5255025029182434,True,disagreement
1,1,1.0,0.5099814534187317,1.0,0.5099814534187317,-0.4900185465812683,False,none
1,1,1.0,0.5109530091285706,1.0,0.5109530091285706,-0.48904699087142944,False,none
0,1,0.9999997615814209,0.5523387789726257,2.613906815440714e-07,0.5523387789726257,0.5523385405540466,True,disagreement
1,1,1.0,0.5005776882171631,1.0,0.5005776882171631,-0.4994223117828369,False,none
1,1,1.0,0.5109530091285706,1.0,0.5109530091285706,-0.48904699087142944,False,none
0,1,0.9999996423721313,0.5144175291061401,4.0271987700180034e-07,0.5144175291061401,0.5144171118736267,True,disagreement
1,1,0.9665325880050659,0.5552663803100586,0.9665325880050659,0.5552663803100586,-0.4112662076950073,False,none
1,1,1.0,0.5252899527549744,1.0,0.5252899527549744,-0.47471004724502563,False,none
1,1,1.0,0.5179773569107056,1.0,0.5179773569107056,-0.48202264308929443,False,none
1,1,0.9999996423721313,0.5330489277839661,0.9999996423721313,0.5330489277839661,-0.4669507145881653,False,none
1,1,1.0,0.5023011565208435,1.0,0.5023011565208435,-0.4976988434791565,False,none
1,1,1.0,0.5086051225662231,1.0,0.5086051225662231,-0.49139487743377686,False,none
0,1,0.9999998807907104,0.5649780631065369,9.292624270074157e-08,0.5649780631065369,0.5649779438972473,True,disagreement
1,1,1.0,0.5179773569107056,1.0,0.5179773569107056,-0.48202264308929443,False,none
1,1,1.0,0.9999817609786987,1.0,0.9999817609786987,-1.823902130126953e-05,False,none
1,1,1.0,0.5099814534187317,1.0,0.5099814534187317,-0.4900185465812683,False,none
0,1,0.9988777041435242,0.5208013653755188,0.0011222668690606952,0.5208013653755188,0.519679069519043,True,disagreement
1,1,1.0,0.5109530091285706,1.0,0.5109530091285706,-0.48904699087142944,False,none
1,1,1.0,0.5099814534187317,1.0,0.5099814534187317,-0.4900185465812683,False,none
1,1,0.9999998807907104,0.507937490940094,0.9999998807907104,0.507937490940094,-0.49206238985061646,False,none
1,1,1.0,0.5099814534187317,1.0,0.5099814534187317,-0.4900185465812683,False,none
1,1,1.0,0.5134350657463074,1.0,0.5134350657463074,-0.4865649342536926,False,none
1,1,1.0,0.5109530091285706,1.0,0.5109530091285706,-0.48904699087142944,False,none
1,1,1.0,0.5212578773498535,1.0,0.5212578773498535,-0.4787421226501465,False,none
1,1,1.0,0.5271929502487183,1.0,0.5271929502487183,-0.47280704975128174,False,none
1,1,1.0,0.5109530091285706,1.0,0.5109530091285706,-0.48904699087142944,False,none
1,1,1.0,0.5212632417678833,1.0,0.5212632417678833,-0.4787367582321167,False,none
1,1,1.0,0.5059654116630554,1.0,0.5059654116630554,-0.4940345883369446,False,none
1,1,1.0,0.5109530091285706,1.0,0.5109530091285706,-0.48904699087142944,False,none
1,0,0.9999587535858154,0.8994747996330261,0.9999587535858154,0.10052525997161865,-0.8994334936141968,True,disagreement
1,1,1.0,0.5109530091285706,1.0,0.5109530091285706,-0.48904699087142944,False,none
1,1,1.0,0.5096046924591064,1.0,0.5096046924591064,-0.49039530754089355,False,none
1,1,0.9604532122612,0.5555527806282043,0.9604532122612,0.5555527806282043,-0.4049004316329956,False,none
1,1,1.0,0.5109530091285706,1.0,0.5109530091285706,-0.48904699087142944,False,none
1,1,1.0,0.5015119314193726,1.0,0.5015119314193726,-0.49848806858062744,False,none
0,1,0.9999998807907104,0.5048923492431641,8.122118089204378e-08,0.5048923492431641,0.5048922896385193,True,disagreement
1,1,1.0,0.5086702108383179,1.0,0.5086702108383179,-0.49132978916168213,False,none
1,1,1.0,0.5099814534187317,1.0,0.5099814534187317,-0.4900185465812683,False,none
1,0,1.0,0.5024039149284363,1.0,0.49759605526924133,-0.502403974533081,True,disagreement
0,1,0.9519460797309875,0.5217297077178955,0.04805387556552887,0.5217297077178955,0.47367584705352783,True,disagreement
0,1,0.9999868869781494,0.9792532920837402,1.3157061403035186e-05,0.9792532920837402,0.9792401194572449,True,"disagreement,high_confidence_disagreement"
1,1,1.0,0.5184428691864014,1.0,0.5184428691864014,-0.48155713081359863,False,none
1,1,1.0,0.5165120363235474,1.0,0.5165120363235474,-0.48348796367645264,False,none
1,1,1.0,0.5504913926124573,1.0,0.5504913926124573,-0.4495086073875427,False,none
1,1,1.0,0.5266715288162231,1.0,0.5266715288162231,-0.47332847118377686,False,none
1,1,0.5490362644195557,0.8230285048484802,0.5490362644195557,0.8230285048484802,0.27399224042892456,False,none
1,1,1.0,0.5109530091285706,1.0,0.5109530091285706,-0.48904699087142944,False,none
1,1,0.8363311290740967,0.5356675982475281,0.8363311290740967,0.5356675982475281,-0.3006635308265686,False,none
1,1,0.9604532122612,0.5555527806282043,0.9604532122612,0.5555527806282043,-0.4049004316329956,False,none
1,1,0.9999994039535522,0.5363602638244629,0.9999994039535522,0.5363602638244629,-0.46363914012908936,False,none
1,1,1.0,0.5109530091285706,1.0,0.5109530091285706,-0.48904699087142944,False,none
1,1,1.0,0.5099814534187317,1.0,0.5099814534187317,-0.4900185465812683,False,none
0,1,1.0,0.5513038039207458,1.4955475080569158e-08,0.5513038039207458,0.5513038039207458,True,disagreement
1,1,1.0,0.5362861156463623,1.0,0.5362861156463623,-0.4637138843536377,False,none
1,1,1.0,0.5099814534187317,1.0,0.5099814534187317,-0.4900185465812683,False,none
1,1,1.0,0.5425112843513489,1.0,0.5425112843513489,-0.4574887156486511,False,none
1,0,1.0,0.5024039149284363,1.0,0.49759605526924133,-0.502403974533081,True,disagreement
1,1,1.0,0.5109530091285706,1.0,0.5109530091285706,-0.48904699087142944,False,none
1,0,1.0,0.5024039149284363,1.0,0.49759605526924133,-0.502403974533081,True,disagreement
0,1,0.9994264841079712,0.5309935808181763,0.0005735884769819677,0.5309935808181763,0.5304200053215027,True,disagreement
1,1,1.0,0.5041231513023376,1.0,0.5041231513023376,-0.49587684869766235,False,none
0,1,1.0,0.5502856373786926,2.2059664550283285e-20,0.5502856373786926,0.5502856373786926,True,disagreement
1,1,1.0,0.5505925416946411,1.0,0.5505925416946411,-0.4494074583053589,False,none
1,1,1.0,0.5099814534187317,1.0,0.5099814534187317,-0.4900185465812683,False,none
1,1,1.0,0.5105542540550232,1.0,0.5105542540550232,-0.4894457459449768,False,none
1,1,1.0,0.5087714791297913,1.0,0.5087714791297913,-0.49122852087020874,False,none
1,1,1.0,0.8856899738311768,1.0,0.8856899738311768,-0.11431002616882324,False,none
1,1,1.0,0.5179773569107056,1.0,0.5179773569107056,-0.48202264308929443,False,none
1,1,1.0,0.5109530091285706,1.0,0.5109530091285706,-0.48904699087142944,False,none
1,1,0.999998927116394,0.5473624467849731,0.999998927116394,0.5473624467849731,-0.4526364803314209,False,none
1,1,1.0,0.5179773569107056,1.0,0.5179773569107056,-0.48202264308929443,False,none
1,1,1.0,0.5462889671325684,1.0,0.5462889671325684,-0.45371103286743164,False,none
1,1,1.0,0.5179773569107056,1.0,0.5179773569107056,-0.48202264308929443,False,none
1,1,1.0,0.5304278135299683,1.0,0.5304278135299683,-0.46957218647003174,False,none
0,1,0.9999998807907104,0.5498248338699341,1.529143389689125e-07,0.5498248338699341,0.5498246550559998,True,disagreement
1,1,0.9999649524688721,0.5285853743553162,0.9999649524688721,0.5285853743553162,-0.4713795781135559,False,none
1,0,1.0,0.5013106465339661,1.0,0.49868935346603394,-0.5013106465339661,True,disagreement
1,1,1.0,0.9987509250640869,1.0,0.9987509250640869,-0.001249074935913086,False,none
1,1,1.0,0.5603460073471069,1.0,0.5603460073471069,-0.43965399265289307,False,none
0,1,1.0,0.5513038039207458,1.4955475080569158e-08,0.5513038039207458,0.5513038039207458,True,disagreement
1,0,1.0,0.5024039149284363,1.0,0.49759605526924133,-0.502403974533081,True,disagreement
1,1,1.0,0.5071552991867065,1.0,0.5071552991867065,-0.49284470081329346,False,none
1,1,1.0,0.5099814534187317,1.0,0.5099814534187317,-0.4900185465812683,False,none
1,0,1.0,0.5013106465339661,1.0,0.49868935346603394,-0.5013106465339661,True,disagreement
1,1,0.9604532122612,0.5555527806282043,0.9604532122612,0.5555527806282043,-0.4049004316329956,False,none
1,1,1.0,0.5030323266983032,1.0,0.5030323266983032,-0.4969676733016968,False,none
1,1,1.0,0.5136749744415283,1.0,0.5136749744415283,-0.4863250255584717,False,none
1,0,0.9481819272041321,0.6549948453903198,0.9481819272041321,0.34500521421432495,-0.6031767129898071,True,disagreement
1,1,1.0,0.5132752656936646,1.0,0.5132752656936646,-0.48672473430633545,False,none
1,1,1.0,0.5109530091285706,1.0,0.5109530091285706,-0.48904699087142944,False,none
0,1,0.9999991655349731,0.5174816250801086,8.13445524272538e-07,0.5174816250801086,0.5174807906150818,True,disagreement
1,1,1.0,0.5201364755630493,1.0,0.5201364755630493,-0.4798635244369507,False,none
1,1,1.0,0.5109530091285706,1.0,0.5109530091285706,-0.48904699087142944,False,none
1,1,1.0,0.5271929502487183,1.0,0.5271929502487183,-0.47280704975128174,False,none
1,1,1.0,0.511569619178772,1.0,0.511569619178772,-0.488430380821228,False,none
1,1,1.0,0.514426052570343,1.0,0.514426052570343,-0.485573947429657,False,none
1,1,0.50001060962677,0.5299619436264038,0.50001060962677,0.5299619436264038,0.02995133399963379,False,none
1,1,1.0,0.5109530091285706,1.0,0.5109530091285706,-0.48904699087142944,False,none
1,1,1.0,0.5236721038818359,1.0,0.5236721038818359,-0.47632789611816406,False,none
0,0,0.6333829164505005,0.9200004935264587,0.3666170835494995,0.07999950647354126,-0.28661757707595825,False,none
1,1,0.5478967428207397,0.967289924621582,0.5478967428207397,0.967289924621582,0.4193931818008423,False,none
1,1,1.0,0.500431478023529,1.0,0.500431478023529,-0.49956852197647095,False,none
1,1,1.0,0.5109530091285706,1.0,0.5109530091285706,-0.48904699087142944,False,none
1,0,1.0,0.5013106465339661,1.0,0.49868935346603394,-0.5013106465339661,True,disagreement
1,0,1.0,0.5023748278617859,1.0,0.4976251721382141,-0.5023748278617859,True,disagreement
1,1,1.0,0.9777856469154358,1.0,0.9777856469154358,-0.02221435308456421,False,none
1,0,1.0,0.5005447268486023,1.0,0.4994552433490753,-0.5005447864532471,True,disagreement
1,1,0.9604532122612,0.5555527806282043,0.9604532122612,0.5555527806282043,-0.4049004316329956,False,none
1,1,1.0,0.5266715288162231,1.0,0.5266715288162231,-0.47332847118377686,False,none
1,1,1.0,0.5266715288162231,1.0,0.5266715288162231,-0.47332847118377686,False,none
1,1,1.0,0.5079454183578491,1.0,0.5079454183578491,-0.4920545816421509,False,none
1,1,1.0,0.5099814534187317,1.0,0.5099814534187317,-0.4900185465812683,False,none
0,1,0.9961569905281067,0.7458919882774353,0.0038430551066994667,0.7458919882774353,0.7420489192008972,True,"disagreement,high_confidence_disagreement"
1,1,1.0,0.505541980266571,1.0,0.505541980266571,-0.49445801973342896,False,none
1,1,0.5154795050621033,0.5400781035423279,0.5154795050621033,0.5400781035423279,0.02459859848022461,False,none
1,1,1.0,0.5099814534187317,1.0,0.5099814534187317,-0.4900185465812683,False,none
1,0,1.0,0.5024039149284363,1.0,0.49759605526924133,-0.502403974533081,True,disagreement
0,1,0.7574523091316223,0.5035576820373535,0.24254769086837769,0.5035576820373535,0.26100999116897583,True,disagreement
0,1,0.5250577926635742,0.8881534934043884,0.47494223713874817,0.8881534934043884,0.41321125626564026,True,disagreement
1,1,1.0,0.5109530091285706,1.0,0.5109530091285706,-0.48904699087142944,False,none
1,1,1.0,0.5115728974342346,1.0,0.5115728974342346,-0.4884271025657654,False,none
1,1,1.0,0.5109530091285706,1.0,0.5109530091285706,-0.48904699087142944,False,none
0,1,0.5000118017196655,0.5392317771911621,0.4999881982803345,0.5392317771911621,0.03924357891082764,True,disagreement
0,0,1.0,0.9287355542182922,1.2609851314168696e-12,0.07126446813344955,0.07126446813344955,False,none
1,1,1.0,0.5109530091285706,1.0,0.5109530091285706,-0.48904699087142944,False,none
1,0,1.0,0.5024039149284363,1.0,0.49759605526924133,-0.502403974533081,True,disagreement
1,1,1.0,0.5085559487342834,1.0,0.5085559487342834,-0.49144405126571655,False,none
0,1,1.0,0.5277132987976074,1.1299835511735523e-09,0.5277132987976074,0.5277132987976074,True,disagreement
0,1,1.0,0.5391356348991394,9.030682451838246e-12,0.5391356348991394,0.5391356348991394,True,disagreement
1,1,1.0,0.5109530091285706,1.0,0.5109530091285706,-0.48904699087142944,False,none
1,1,1.0,0.5109530091285706,1.0,0.5109530091285706,-0.48904699087142944,False,none
1,1,1.0,0.5213144421577454,1.0,0.5213144421577454,-0.47868555784225464,False,none
1,1,1.0,0.5109530091285706,1.0,0.5109530091285706,-0.48904699087142944,False,none
1,1,1.0,0.5099814534187317,1.0,0.5099814534187317,-0.4900185465812683,False,none
1,1,1.0,0.5178837776184082,1.0,0.5178837776184082,-0.4821162223815918,False,none
1,1,1.0,0.5107796788215637,1.0,0.5107796788215637,-0.4892203211784363,False,none
1,1,1.0,0.5099814534187317,1.0,0.5099814534187317,-0.4900185465812683,False,none
1,1,1.0,0.5099814534187317,1.0,0.5099814534187317,-0.4900185465812683,False,none
0,1,1.0,0.5513038039207458,1.4955475080569158e-08,0.5513038039207458,0.5513038039207458,True,disagreement
0,1,1.0,0.5513038039207458,1.4955475080569158e-08,0.5513038039207458,0.5513038039207458,True,disagreement
1,1,1.0,0.5015119314193726,1.0,0.5015119314193726,-0.49848806858062744,False,none
1,1,1.0,0.5099814534187317,1.0,0.5099814534187317,-0.4900185465812683,False,none
1,0,1.0,0.5013106465339661,1.0,0.49868935346603394,-0.5013106465339661,True,disagreement
0,1,1.0,0.5513038039207458,1.4955475080569158e-08,0.5513038039207458,0.5513038039207458,True,disagreement
1,1,1.0,0.5225408673286438,1.0,0.5225408673286438,-0.4774591326713562,False,none
1,1,1.0,0.5271929502487183,1.0,0.5271929502487183,-0.47280704975128174,False,none
1,1,1.0,0.5420223474502563,1.0,0.5420223474502563,-0.45797765254974365,False,none
0,1,1.0,0.5244345664978027,6.248602583744989e-18,0.5244345664978027,0.5244345664978027,True,disagreement
1,1,1.0,0.9997683167457581,1.0,0.9997683167457581,-0.00023168325424194336,False,none
1,1,1.0,0.5109530091285706,1.0,0.5109530091285706,-0.48904699087142944,False,none
1,1,1.0,0.5147460699081421,1.0,0.5147460699081421,-0.4852539300918579,False,none
1,1,1.0,0.5255705118179321,1.0,0.5255705118179321,-0.47442948818206787,False,none
1,1,1.0,0.5505925416946411,1.0,0.5505925416946411,-0.4494074583053589,False,none
1,1,1.0,0.5266715288162231,1.0,0.5266715288162231,-0.47332847118377686,False,none
1,1,1.0,0.5266715288162231,1.0,0.5266715288162231,-0.47332847118377686,False,none
1,1,1.0,0.5109500885009766,1.0,0.5109500885009766,-0.48904991149902344,False,none
1,1,1.0,0.9999858140945435,1.0,0.9999858140945435,-1.4185905456542969e-05,False,none
1,1,0.9946914315223694,0.5093919634819031,0.9946914315223694,0.5093919634819031,-0.4852994680404663,False,none
1,1,0.9604532122612,0.5555527806282043,0.9604532122612,0.5555527806282043,-0.4049004316329956,False,none
1,1,1.0,0.5087034106254578,1.0,0.5087034106254578,-0.49129658937454224,False,none
1,1,1.0,0.5153093338012695,1.0,0.5153093338012695,-0.48469066619873047,False,none
1,1,1.0,0.5116698145866394,1.0,0.5116698145866394,-0.4883301854133606,False,none
1,1,1.0,0.527431070804596,1.0,0.527431070804596,-0.47256892919540405,False,none
1,0,1.0,0.5024039149284363,1.0,0.49759605526924133,-0.502403974533081,True,disagreement
1,1,1.0,0.5560644268989563,1.0,0.5560644268989563,-0.4439355731010437,False,none
1,1,1.0,0.5362468957901001,1.0,0.5362468957901001,-0.4637531042098999,False,none
1,1,1.0,0.9999903440475464,1.0,0.9999903440475464,-9.655952453613281e-06,False,none
1,1,0.9604532122612,0.5555527806282043,0.9604532122612,0.5555527806282043,-0.4049004316329956,False,none
1,1,0.9604532122612,0.5555527806282043,0.9604532122612,0.5555527806282043,-0.4049004316329956,False,none
1,0,1.0,0.5024039149284363,1.0,0.49759605526924133,-0.502403974533081,True,disagreement
1,1,1.0,0.5266715288162231,1.0,0.5266715288162231,-0.47332847118377686,False,none
1,1,1.0,0.5266715288162231,1.0,0.5266715288162231,-0.47332847118377686,False,none
1,1,1.0,0.5198902487754822,1.0,0.5198902487754822,-0.4801097512245178,False,none
1,1,1.0,0.513422966003418,1.0,0.513422966003418,-0.48657703399658203,False,none
1,1,0.9999998807907104,0.5011419653892517,0.9999998807907104,0.5011419653892517,-0.49885791540145874,False,none
1,1,0.9604532122612,0.5555527806282043,0.9604532122612,0.5555527806282043,-0.4049004316329956,False,none
1,1,1.0,0.5109530091285706,1.0,0.5109530091285706,-0.48904699087142944,False,none
1,1,1.0,0.5109530091285706,1.0,0.5109530091285706,-0.48904699087142944,False,none
1,1,1.0,0.5498795509338379,1.0,0.5498795509338379,-0.4501204490661621,False,none
1,0,1.0,0.5022441744804382,1.0,0.497755765914917,-0.502244234085083,True,disagreement
0,0,0.986663818359375,0.7782762050628662,0.013336152769625187,0.2217237502336502,0.2083875983953476,False,none
0,1,1.0,0.5513038039207458,1.4955475080569158e-08,0.5513038039207458,0.5513038039207458,True,disagreement
1,1,1.0,0.539264440536499,1.0,0.539264440536499,-0.460735559463501,False,none
1,1,1.0,0.5109530091285706,1.0,0.5109530091285706,-0.48904699087142944,False,none
1,1,1.0,0.5145024657249451,1.0,0.5145024657249451,-0.48549753427505493,False,none
1,1,1.0,0.5229451060295105,1.0,0.5229451060295105,-0.4770548939704895,False,none
1,1,1.0,0.5164366364479065,1.0,0.5164366364479065,-0.4835633635520935,False,none
1,1,1.0,0.5015119314193726,1.0,0.5015119314193726,-0.49848806858062744,False,none
1,1,1.0,0.5107941627502441,1.0,0.5107941627502441,-0.48920583724975586,False,none
1,1,1.0,0.5114588737487793,1.0,0.5114588737487793,-0.4885411262512207,False,none
1,1,1.0,0.5099814534187317,1.0,0.5099814534187317,-0.4900185465812683,False,none
1,1,0.9604532122612,0.5555527806282043,0.9604532122612,0.5555527806282043,-0.4049004316329956,False,none
1,1,1.0,0.5111141204833984,1.0,0.5111141204833984,-0.48888587951660156,False,none
1,1,1.0,0.5099814534187317,1.0,0.5099814534187317,-0.4900185465812683,False,none
1,1,1.0,0.5109530091285706,1.0,0.5109530091285706,-0.48904699087142944,False,none
0,1,0.9999961853027344,0.5070676207542419,3.7697261632274603e-06,0.5070676207542419,0.5070638656616211,True,disagreement
1,1,1.0,0.5015119314193726,1.0,0.5015119314193726,-0.49848806858062744,False,none
1,1,1.0,0.5179773569107056,1.0,0.5179773569107056,-0.48202264308929443,False,none
1,1,1.0,0.5243748426437378,1.0,0.5243748426437378,-0.4756251573562622,False,none
0,1,0.9999951124191284,0.8437281250953674,4.905862624582369e-06,0.8437281250953674,0.8437232375144958,True,"disagreement,high_confidence_disagreement"
1,1,1.0,0.5099814534187317,1.0,0.5099814534187317,-0.4900185465812683,False,none
1,1,1.0,0.5099814534187317,1.0,0.5099814534187317,-0.4900185465812683,False,none
1,1,1.0,0.5099814534187317,1.0,0.5099814534187317,-0.4900185465812683,False,none
1,1,1.0,0.9999939203262329,1.0,0.9999939203262329,-6.079673767089844e-06,False,none
1,1,1.0,0.9994542002677917,1.0,0.9994542002677917,-0.000545799732208252,False,none
1,0,1.0,0.5024039149284363,1.0,0.49759605526924133,-0.502403974533081,True,disagreement
1,1,1.0,0.5107941627502441,1.0,0.5107941627502441,-0.48920583724975586,False,none
1,1,1.0,0.5093569159507751,1.0,0.5093569159507751,-0.49064308404922485,False,none
1,1,1.0,0.5109530091285706,1.0,0.5109530091285706,-0.48904699087142944,False,none
1,1,1.0,0.5222914218902588,1.0,0.5222914218902588,-0.4777085781097412,False,none
1,0,1.0,0.5024039149284363,1.0,0.49759605526924133,-0.502403974533081,True,disagreement
1,1,1.0,0.5106303691864014,1.0,0.5106303691864014,-0.48936963081359863,False,none
1,0,1.0,0.5013106465339661,1.0,0.49868935346603394,-0.5013106465339661,True,disagreement
1,1,1.0,0.5099814534187317,1.0,0.5099814534187317,-0.4900185465812683,False,none
1,1,1.0,0.538199245929718,1.0,0.538199245929718,-0.461800754070282,False,none
1,1,1.0,0.5395551919937134,1.0,0.5395551919937134,-0.4604448080062866,False,none
1,1,1.0,0.989807665348053,1.0,0.989807665348053,-0.010192334651947021,False,none
1,1,1.0,0.502718985080719,1.0,0.502718985080719,-0.497281014919281,False,none
0,1,1.0,0.5128419995307922,3.074745436038029e-08,0.5128419995307922,0.5128419399261475,True,disagreement
1,1,1.0,0.5000240802764893,1.0,0.5000240802764893,-0.49997591972351074,False,none
0,1,0.9922634363174438,0.9938713312149048,0.0077365669421851635,0.9938713312149048,0.9861347675323486,True,"disagreement,high_confidence_disagreement"
1,1,1.0,0.5111141204833984,1.0,0.5111141204833984,-0.48888587951660156,False,none
1,1,1.0,0.5109530091285706,1.0,0.5109530091285706,-0.48904699087142944,False,none
1,1,1.0,0.5099814534187317,1.0,0.5099814534187317,-0.4900185465812683,False,none
0,1,1.0,0.5494893193244934,5.0608170987231915e-09,0.5494893193244934,0.5494893193244934,True,disagreement
1,1,1.0,0.5099814534187317,1.0,0.5099814534187317,-0.4900185465812683,False,none
1,1,0.7619569897651672,0.9055720567703247,0.7619569897651672,0.9055720567703247,0.14361506700515747,False,none
1,1,1.0,0.9998811483383179,1.0,0.9998811483383179,-0.0001188516616821289,False,none
1,1,0.9996389150619507,0.5091454386711121,0.9996389150619507,0.5091454386711121,-0.4904934763908386,False,none
1,1,1.0,0.5266715288162231,1.0,0.5266715288162231,-0.47332847118377686,False,none
1,1,1.0,0.5157716870307922,1.0,0.5157716870307922,-0.48422831296920776,False,none
1,1,1.0,0.5112589001655579,1.0,0.5112589001655579,-0.48874109983444214,False,none
1,1,1.0,0.5359596014022827,1.0,0.5359596014022827,-0.4640403985977173,False,none
1,0,1.0,0.5014913082122803,1.0,0.4985086917877197,-0.5014913082122803,True,disagreement
1,1,1.0,0.5109530091285706,1.0,0.5109530091285706,-0.48904699087142944,False,none
1,0,1.0,0.5024039149284363,1.0,0.49759605526924133,-0.502403974533081,True,disagreement
1,1,1.0,0.5216718912124634,1.0,0.5216718912124634,-0.4783281087875366,False,none
1,1,1.0,0.5393087863922119,1.0,0.5393087863922119,-0.4606912136077881,False,none
1,1,1.0,0.5109530091285706,1.0,0.5109530091285706,-0.48904699087142944,False,none
1,1,1.0,0.9999356269836426,1.0,0.9999356269836426,-6.437301635742188e-05,False,none
1,1,1.0,0.5266715288162231,1.0,0.5266715288162231,-0.47332847118377686,False,none
1,1,1.0,0.5099814534187317,1.0,0.5099814534187317,-0.4900185465812683,False,none
1,1,1.0,0.509934663772583,1.0,0.509934663772583,-0.490065336227417,False,none
1,1,1.0,0.5133225321769714,1.0,0.5133225321769714,-0.48667746782302856,False,none
1,1,1.0,0.5117726922035217,1.0,0.5117726922035217,-0.48822730779647827,False,none
1,1,1.0,0.5099814534187317,1.0,0.5099814534187317,-0.4900185465812683,False,none
0,1,1.0,0.5513038039207458,1.4955475080569158e-08,0.5513038039207458,0.5513038039207458,True,disagreement
1,1,0.5603052377700806,0.8610019683837891,0.5603052377700806,0.8610019683837891,0.3006967306137085,False,none
1,1,0.8056471943855286,0.7663190364837646,0.8056471943855286,0.7663190364837646,-0.039328157901763916,False,none
1,1,1.0,0.5124450325965881,1.0,0.5124450325965881,-0.48755496740341187,False,none
1,1,1.0,0.5353723168373108,1.0,0.5353723168373108,-0.4646276831626892,False,none
1,1,1.0,0.5107941627502441,1.0,0.5107941627502441,-0.48920583724975586,False,none
0,1,0.9998332262039185,0.9042623043060303,0.00016673703794367611,0.9042623043060303,0.9040955901145935,True,"disagreement,high_confidence_disagreement"
1,1,0.712807834148407,0.5226433873176575,0.712807834148407,0.5226433873176575,-0.1901644468307495,False,none
1,1,1.0,0.5099814534187317,1.0,0.5099814534187317,-0.4900185465812683,False,none
1,1,1.0,0.5143496990203857,1.0,0.5143496990203857,-0.48565030097961426,False,none
1,1,0.9604532122612,0.5555527806282043,0.9604532122612,0.5555527806282043,-0.4049004316329956,False,none
1,1,0.9604532122612,0.5555527806282043,0.9604532122612,0.5555527806282043,-0.4049004316329956,False,none
1,1,1.0,0.5242372751235962,1.0,0.5242372751235962,-0.4757627248764038,False,none
1,1,1.0,0.5038522481918335,1.0,0.5038522481918335,-0.4961477518081665,False,none
1,1,1.0,0.5017223954200745,1.0,0.5017223954200745,-0.49827760457992554,False,none
1,1,0.9604532122612,0.5555527806282043,0.9604532122612,0.5555527806282043,-0.4049004316329956,False,none
1,1,1.0,0.5109530091285706,1.0,0.5109530091285706,-0.48904699087142944,False,none
1,1,1.0,0.5109530091285706,1.0,0.5109530091285706,-0.48904699087142944,False,none
1,1,1.0,0.5109530091285706,1.0,0.5109530091285706,-0.48904699087142944,False,none
1,1,1.0,0.5108661651611328,1.0,0.5108661651611328,-0.4891338348388672,False,none
1,1,1.0,0.5485028028488159,1.0,0.5485028028488159,-0.4514971971511841,False,none
1,1,1.0,0.539264440536499,1.0,0.539264440536499,-0.460735559463501,False,none
1,1,1.0,0.5179773569107056,1.0,0.5179773569107056,-0.48202264308929443,False,none
1,1,1.0,0.9999535083770752,1.0,0.9999535083770752,-4.649162292480469e-05,False,none
0,1,0.9960892200469971,0.5366536378860474,0.0039108190685510635,0.5366536378860474,0.5327427983283997,True,disagreement
1,1,1.0,0.5099814534187317,1.0,0.5099814534187317,-0.4900185465812683,False,none
1,1,1.0,0.5266715288162231,1.0,0.5266715288162231,-0.47332847118377686,False,none
1,1,0.9604532122612,0.5555527806282043,0.9604532122612,0.5555527806282043,-0.4049004316329956,False,none
1,1,1.0,0.5099814534187317,1.0,0.5099814534187317,-0.4900185465812683,False,none
1,1,1.0,0.5099695324897766,1.0,0.5099695324897766,-0.4900304675102234,False,none
1,0,1.0,0.5024039149284363,1.0,0.49759605526924133,-0.502403974533081,True,disagreement
1,1,1.0,0.5099814534187317,1.0,0.5099814534187317,-0.4900185465812683,False,none
1,1,1.0,0.5111141204833984,1.0,0.5111141204833984,-0.48888587951660156,False,none
1,1,1.0,0.9865250587463379,1.0,0.9865250587463379,-0.01347494125366211,False,none
1,1,1.0,0.5109530091285706,1.0,0.5109530091285706,-0.48904699087142944,False,none
1,1,1.0,0.999963641166687,1.0,0.999963641166687,-3.635883331298828e-05,False,none
1,1,1.0,0.5455864667892456,1.0,0.5455864667892456,-0.4544135332107544,False,none
0,1,1.0,0.5274205207824707,2.252881259323658e-08,0.5274205207824707,0.5274205207824707,True,disagreement
0,1,1.0,0.5268905162811279,7.55914436744603e-16,0.5268905162811279,0.5268905162811279,True,disagreement
1,1,0.9999829530715942,0.5135365128517151,0.9999829530715942,0.5135365128517151,-0.48644644021987915,False,none
1,1,1.0,0.5109530091285706,1.0,0.5109530091285706,-0.48904699087142944,False,none
1,1,1.0,0.5040201544761658,1.0,0.5040201544761658,-0.49597984552383423,False,none
1,1,1.0,0.5015119314193726,1.0,0.5015119314193726,-0.49848806858062744,False,none
1,1,1.0,0.5099814534187317,1.0,0.5099814534187317,-0.4900185465812683,False,none
1,1,1.0,0.5266715288162231,1.0,0.5266715288162231,-0.47332847118377686,False,none
1,1,0.8972595930099487,0.5206748843193054,0.8972595930099487,0.5206748843193054,-0.3765847086906433,False,none
1,0,0.9999985694885254,0.7435733675956726,0.9999985694885254,0.2564266622066498,-0.7435718774795532,True,disagreement
1,1,1.0,0.5109530091285706,1.0,0.5109530091285706,-0.48904699087142944,False,none
0,1,0.9999376535415649,0.9876234531402588,6.228335405467078e-05,0.9876234531402588,0.9875611662864685,True,"disagreement,high_confidence_disagreement"
1,0,1.0,0.5024039149284363,1.0,0.49759605526924133,-0.502403974533081,True,disagreement
1,1,0.5000002980232239,0.9796540141105652,0.5000002980232239,0.9796540141105652,0.4796537160873413,False,none
1,1,1.0,0.5603460073471069,1.0,0.5603460073471069,-0.43965399265289307,False,none
1,1,1.0,0.5505925416946411,1.0,0.5505925416946411,-0.4494074583053589,False,none
1,1,1.0,0.5271929502487183,1.0,0.5271929502487183,-0.47280704975128174,False,none
1,1,1.0,0.5049330592155457,1.0,0.5049330592155457,-0.49506694078445435,False,none
1,1,1.0,0.5015276670455933,1.0,0.5015276670455933,-0.49847233295440674,False,none
1,1,1.0,0.5109530091285706,1.0,0.5109530091285706,-0.48904699087142944,False,none
1,1,0.9999988079071045,0.5243991017341614,0.9999988079071045,0.5243991017341614,-0.4755997061729431,False,none
1,1,1.0,0.50924152135849,1.0,0.50924152135849,-0.49075847864151,False,none
1,1,1.0,0.5089082717895508,1.0,0.5089082717895508,-0.4910917282104492,False,none
1,0,1.0,0.5024039149284363,1.0,0.49759605526924133,-0.502403974533081,True,disagreement
1,1,1.0,0.5603671073913574,1.0,0.5603671073913574,-0.4396328926086426,False,none
1,1,1.0,0.5179773569107056,1.0,0.5179773569107056,-0.48202264308929443,False,none
1,0,1.0,0.5024039149284363,1.0,0.49759605526924133,-0.502403974533081,True,disagreement
1,0,1.0,0.5024039149284363,1.0,0.49759605526924133,-0.502403974533081,True,disagreement
1,1,1.0,0.5136459469795227,1.0,0.5136459469795227,-0.4863540530204773,False,none
1,1,1.0,0.5109530091285706,1.0,0.5109530091285706,-0.48904699087142944,False,none
1,1,0.9999997615814209,0.5376021862030029,0.9999997615814209,0.5376021862030029,-0.46239757537841797,False,none
1,1,1.0,0.5107941627502441,1.0,0.5107941627502441,-0.48920583724975586,False,none
1,1,1.0,0.5505925416946411,1.0,0.5505925416946411,-0.4494074583053589,False,none
1,1,1.0,0.513422966003418,1.0,0.513422966003418,-0.48657703399658203,False,none
1,1,1.0,0.5205482244491577,1.0,0.5205482244491577,-0.4794517755508423,False,none
1,1,1.0,0.5364078283309937,1.0,0.5364078283309937,-0.46359217166900635,False,none
1,1,1.0,0.9998968839645386,1.0,0.9998968839645386,-0.00010311603546142578,False,none
1,1,1.0,0.5368648171424866,1.0,0.5368648171424866,-0.4631351828575134,False,none
1,1,1.0,0.5458766222000122,1.0,0.5458766222000122,-0.4541233777999878,False,none
1,1,1.0,0.5134550333023071,1.0,0.5134550333023071,-0.48654496669769287,False,none
1,0,1.0,0.5024039149284363,1.0,0.49759605526924133,-0.502403974533081,True,disagreement
1,1,1.0,0.5001422762870789,1.0,0.5001422762870789,-0.49985772371292114,False,none
1,1,1.0,0.9559184908866882,1.0,0.9559184908866882,-0.04408150911331177,False,none
1,1,1.0,0.5099814534187317,1.0,0.5099814534187317,-0.4900185465812683,False,none
1,1,1.0,0.5099814534187317,1.0,0.5099814534187317,-0.4900185465812683,False,none
1,1,1.0,0.5034775733947754,1.0,0.5034775733947754,-0.4965224266052246,False,none
1,0,1.0,0.5024039149284363,1.0,0.49759605526924133,-0.502403974533081,True,disagreement
1,1,1.0,0.5123279094696045,1.0,0.5123279094696045,-0.4876720905303955,False,none
1,1,1.0,0.9809549450874329,1.0,0.9809549450874329,-0.01904505491256714,False,none
1,1,1.0,0.5116621255874634,1.0,0.5116621255874634,-0.4883378744125366,False,none
1,1,1.0,0.5271929502487183,1.0,0.5271929502487183,-0.47280704975128174,False,none
0,1,0.5000079870223999,0.5376958250999451,0.4999920129776001,0.5376958250999451,0.03770381212234497,True,disagreement
1,1,1.0,0.5305424928665161,1.0,0.5305424928665161,-0.4694575071334839,False,none
1,1,1.0,0.5099814534187317,1.0,0.5099814534187317,-0.4900185465812683,False,none
1,1,1.0,0.5014511346817017,1.0,0.5014511346817017,-0.49854886531829834,False,none
1,1,1.0,0.5015119314193726,1.0,0.5015119314193726,-0.49848806858062744,False,none
1,1,1.0,0.5109530091285706,1.0,0.5109530091285706,-0.48904699087142944,False,none
1,0,1.0,0.5016689896583557,1.0,0.4983310103416443,-0.5016689896583557,True,disagreement
1,1,1.0,0.5099814534187317,1.0,0.5099814534187317,-0.4900185465812683,False,none
0,1,1.0,0.5513038039207458,1.4955475080569158e-08,0.5513038039207458,0.5513038039207458,True,disagreement
1,1,1.0,0.5262665748596191,1.0,0.5262665748596191,-0.47373342514038086,False,none
1,1,1.0,0.5060437321662903,1.0,0.5060437321662903,-0.4939562678337097,False,none
1,1,1.0,0.5109530091285706,1.0,0.5109530091285706,-0.48904699087142944,False,none
0,1,1.0,0.5513038039207458,1.4955475080569158e-08,0.5513038039207458,0.5513038039207458,True,disagreement
1,1,1.0,0.5015119314193726,1.0,0.5015119314193726,-0.49848806858062744,False,none
0,1,0.9999988079071045,0.5189312696456909,1.2331095149420435e-06,0.5189312696456909,0.5189300179481506,True,disagreement
1,1,1.0,0.5166453123092651,1.0,0.5166453123092651,-0.48335468769073486,False,none
1,0,1.0,0.5011241436004639,1.0,0.49887579679489136,-0.5011242032051086,True,disagreement
1,1,0.5000053644180298,0.5294025540351868,0.5000053644180298,0.5294025540351868,0.029397189617156982,False,none
1,1,1.0,0.9969245791435242,1.0,0.9969245791435242,-0.00307542085647583,False,none
1,1,0.9999986886978149,0.5242920517921448,0.9999986886978149,0.5242920517921448,-0.47570663690567017,False,none
1,1,0.9604532122612,0.5555527806282043,0.9604532122612,0.5555527806282043,-0.4049004316329956,False,none
1,0,0.5019401907920837,0.6464419364929199,0.5019401907920837,0.3535580337047577,-0.14838215708732605,True,disagreement
1,1,0.9690089821815491,0.5553865432739258,0.9690089821815491,0.5553865432739258,-0.4136224389076233,False,none
1,1,1.0,0.5099814534187317,1.0,0.5099814534187317,-0.4900185465812683,False,none
1,1,1.0,0.5419420003890991,1.0,0.5419420003890991,-0.4580579996109009,False,none
1,1,1.0,0.9999502897262573,1.0,0.9999502897262573,-4.971027374267578e-05,False,none
1,1,1.0,0.5252899527549744,1.0,0.5252899527549744,-0.47471004724502563,False,none
1,0,1.0,0.5024039149284363,1.0,0.49759605526924133,-0.502403974533081,True,disagreement
1,1,1.0,0.9999864101409912,1.0,0.9999864101409912,-1.3589859008789062e-05,False,none
1,1,0.9604532122612,0.5555527806282043,0.9604532122612,0.5555527806282043,-0.4049004316329956,False,none
1,1,0.540229320526123,0.5144209265708923,0.540229320526123,0.5144209265708923,-0.025808393955230713,False,none
1,1,1.0,0.5031856894493103,1.0,0.5031856894493103,-0.4968143105506897,False,none
1,1,0.9996234178543091,0.9986976385116577,0.9996234178543091,0.9986976385116577,-0.0009257793426513672,False,none
1,1,1.0,0.5111141204833984,1.0,0.5111141204833984,-0.48888587951660156,False,none
1,1,1.0,0.5364078283309937,1.0,0.5364078283309937,-0.46359217166900635,False,none
1,1,1.0,0.5084521770477295,1.0,0.5084521770477295,-0.4915478229522705,False,none
1,1,0.5000002384185791,0.5227117538452148,0.5000002384185791,0.5227117538452148,0.022711515426635742,False,none
1,1,1.0,0.5109530091285706,1.0,0.5109530091285706,-0.48904699087142944,False,none
1,1,1.0,0.5099814534187317,1.0,0.5099814534187317,-0.4900185465812683,False,none
1,1,0.9999983310699463,0.525807797908783,0.9999983310699463,0.525807797908783,-0.47419053316116333,False,none
1,1,1.0,0.5109530091285706,1.0,0.5109530091285706,-0.48904699087142944,False,none
1,1,1.0,0.5099814534187317,1.0,0.5099814534187317,-0.4900185465812683,False,none
1,1,1.0,0.5109530091285706,1.0,0.5109530091285706,-0.48904699087142944,False,none
1,1,1.0,0.5103180408477783,1.0,0.5103180408477783,-0.4896819591522217,False,none
1,0,1.0,0.500298261642456,1.0,0.49970167875289917,-0.5002983212471008,True,disagreement
1,1,1.0,0.5109530091285706,1.0,0.5109530091285706,-0.48904699087142944,False,none
1,1,1.0,0.5109530091285706,1.0,0.5109530091285706,-0.48904699087142944,False,none
1,1,0.9604532122612,0.5555527806282043,0.9604532122612,0.5555527806282043,-0.4049004316329956,False,none
0,1,0.9972983002662659,0.7306905388832092,0.002701721154153347,0.7306905388832092,0.7279888391494751,True,"disagreement,high_confidence_disagreement"
1,1,1.0,0.5218076705932617,1.0,0.5218076705932617,-0.4781923294067383,False,none
1,1,1.0,0.5088827013969421,1.0,0.5088827013969421,-0.49111729860305786,False,none
1,1,1.0,0.999988317489624,1.0,0.999988317489624,-1.1682510375976562e-05,False,none
0,1,0.9830576777458191,0.9553179740905762,0.016942353919148445,0.9553179740905762,0.9383755922317505,True,"disagreement,high_confidence_disagreement"
1,1,1.0,0.5180137157440186,1.0,0.5180137157440186,-0.48198628425598145,False,none
0,1,1.0,0.5301254391670227,6.9183144774475216e-18,0.5301254391670227,0.5301254391670227,True,disagreement
1,0,1.0,0.5024039149284363,1.0,0.49759605526924133,-0.502403974533081,True,disagreement
1,1,1.0,0.5107941627502441,1.0,0.5107941627502441,-0.48920583724975586,False,none
1,1,1.0,0.5192248225212097,1.0,0.5192248225212097,-0.4807751774787903,False,none
1,0,1.0,0.5024039149284363,1.0,0.49759605526924133,-0.502403974533081,True,disagreement
1,1,1.0,0.5107941627502441,1.0,0.5107941627502441,-0.48920583724975586,False,none
1,1,1.0,0.9999550580978394,1.0,0.9999550580978394,-4.494190216064453e-05,False,none
1,0,1.0,0.5024039149284363,1.0,0.49759605526924133,-0.502403974533081,True,disagreement
1,1,1.0,0.5212632417678833,1.0,0.5212632417678833,-0.4787367582321167,False,none
1,1,1.0,0.9999879598617554,1.0,0.9999879598617554,-1.2040138244628906e-05,False,none
1,1,1.0,0.5092172026634216,1.0,0.5092172026634216,-0.49078279733657837,False,none
0,1,0.5000003576278687,0.9883087873458862,0.4999997019767761,0.9883087873458862,0.4883090853691101,True,disagreement
1,1,1.0,0.5099814534187317,1.0,0.5099814534187317,-0.4900185465812683,False,none
1,1,1.0,0.5109530091285706,1.0,0.5109530091285706,-0.48904699087142944,False,none
0,1,1.0,0.5391356348991394,9.030682451838246e-12,0.5391356348991394,0.5391356348991394,True,disagreement
0,1,0.8773579597473145,0.5265169739723206,0.12264201045036316,0.5265169739723206,0.4038749635219574,True,disagreement
1,1,0.9999998807907104,0.507937490940094,0.9999998807907104,0.507937490940094,-0.49206238985061646,False,none
1,1,1.0,0.5505925416946411,1.0,0.5505925416946411,-0.4494074583053589,False,none
1,1,1.0,0.5109530091285706,1.0,0.5109530091285706,-0.48904699087142944,False,none
1,1,1.0,0.5107941627502441,1.0,0.5107941627502441,-0.48920583724975586,False,none
0,1,0.9999998807907104,0.5084315538406372,1.1881141404046502e-07,0.5084315538406372,0.5084314346313477,True,disagreement
0,1,1.0,0.5513038039207458,1.4955475080569158e-08,0.5513038039207458,0.5513038039207458,True,disagreement
1,1,1.0,0.5109530091285706,1.0,0.5109530091285706,-0.48904699087142944,False,none
1,1,1.0,0.5109530091285706,1.0,0.5109530091285706,-0.48904699087142944,False,none
1,1,0.9999983310699463,0.525807797908783,0.9999983310699463,0.525807797908783,-0.47419053316116333,False,none
1,1,1.0,0.5027474761009216,1.0,0.5027474761009216,-0.49725252389907837,False,none
1,1,1.0,0.5109530091285706,1.0,0.5109530091285706,-0.48904699087142944,False,none
1,0,1.0,0.5024039149284363,1.0,0.49759605526924133,-0.502403974533081,True,disagreement
1,0,1.0,0.5007752776145935,1.0,0.4992246925830841,-0.5007753372192383,True,disagreement
1,1,1.0,0.5149232149124146,1.0,0.5149232149124146,-0.48507678508758545,False,none
1,1,0.9076521396636963,0.9890572428703308,0.9076521396636963,0.9890572428703308,0.08140510320663452,False,none
1,1,1.0,0.5109530091285706,1.0,0.5109530091285706,-0.48904699087142944,False,none
1,1,1.0,0.5099814534187317,1.0,0.5099814534187317,-0.4900185465812683,False,none
1,1,1.0,0.5207509398460388,1.0,0.5207509398460388,-0.4792490601539612,False,none
1,1,1.0,0.5087793469429016,1.0,0.5087793469429016,-0.4912206530570984,False,none
1,1,1.0,0.5526567101478577,1.0,0.5526567101478577,-0.44734328985214233,False,none
1,1,1.0,0.5057743191719055,1.0,0.5057743191719055,-0.4942256808280945,False,none
1,1,1.0,0.5109530091285706,1.0,0.5109530091285706,-0.48904699087142944,False,none
1,1,1.0,0.9997419714927673,1.0,0.9997419714927673,-0.000258028507232666,False,none
1,1,1.0,0.9908539056777954,1.0,0.9908539056777954,-0.00914609432220459,False,none
1,1,1.0,0.5099921822547913,1.0,0.5099921822547913,-0.49000781774520874,False,none
1,0,1.0,0.5024039149284363,1.0,0.49759605526924133,-0.502403974533081,True,disagreement
1,1,1.0,0.5117395520210266,1.0,0.5117395520210266,-0.4882604479789734,False,none
1,0,1.0,0.5013106465339661,1.0,0.49868935346603394,-0.5013106465339661,True,disagreement
1,1,1.0,0.5145715475082397,1.0,0.5145715475082397,-0.48542845249176025,False,none
1,1,1.0,0.5111141204833984,1.0,0.5111141204833984,-0.48888587951660156,False,none
1,1,1.0,0.5109530091285706,1.0,0.5109530091285706,-0.48904699087142944,False,none
1,1,1.0,0.5088914036750793,1.0,0.5088914036750793,-0.49110859632492065,False,none
1,1,1.0,0.5109530091285706,1.0,0.5109530091285706,-0.48904699087142944,False,none
0,1,1.0,0.5162827372550964,1.2785104919199597e-10,0.5162827372550964,0.5162827372550964,True,disagreement
1,1,1.0,0.5107941627502441,1.0,0.5107941627502441,-0.48920583724975586,False,none
1,1,1.0,0.5117412805557251,1.0,0.5117412805557251,-0.4882587194442749,False,none
1,1,1.0,0.5111141204833984,1.0,0.5111141204833984,-0.48888587951660156,False,none
1,1,1.0,0.9999920129776001,1.0,0.9999920129776001,-7.987022399902344e-06,False,none
1,1,1.0,0.5118602514266968,1.0,0.5118602514266968,-0.4881397485733032,False,none
1,0,1.0,0.5024039149284363,1.0,0.49759605526924133,-0.502403974533081,True,disagreement
1,1,1.0,0.5099814534187317,1.0,0.5099814534187317,-0.4900185465812683,False,none
1,1,1.0,0.5099814534187317,1.0,0.5099814534187317,-0.4900185465812683,False,none
1,0,1.0,0.5011465549468994,1.0,0.49885350465774536,-0.5011464953422546,True,disagreement
0,1,1.0,0.5077240467071533,3.152383243332224e-08,0.5077240467071533,0.5077239871025085,True,disagreement
1,0,1.0,0.5024039149284363,1.0,0.49759605526924133,-0.502403974533081,True,disagreement
1,1,0.5613107085227966,0.5171113014221191,0.5613107085227966,0.5171113014221191,-0.04419940710067749,False,none
1,1,1.0,0.5099814534187317,1.0,0.5099814534187317,-0.4900185465812683,False,none
0,0,0.9999780654907227,0.987257182598114,2.1942731109447777e-05,0.012742848135530949,0.012720905244350433,False,none
1,1,1.0,0.5396579504013062,1.0,0.5396579504013062,-0.46034204959869385,False,none
1,1,1.0,0.5395939946174622,1.0,0.5395939946174622,-0.46040600538253784,False,none
0,1,0.9998061060905457,0.5153653621673584,0.0001938910281751305,0.5153653621673584,0.515171468257904,True,disagreement
0,1,0.5968406796455383,0.9217174649238586,0.40315932035446167,0.9217174649238586,0.518558144569397,True,disagreement
1,1,1.0,0.5522578358650208,1.0,0.5522578358650208,-0.44774216413497925,False,none
1,1,1.0,0.5008283257484436,1.0,0.5008283257484436,-0.4991716742515564,False,none
1,1,1.0,0.5095474720001221,1.0,0.5095474720001221,-0.49045252799987793,False,none
1,1,0.9995848536491394,0.9230343103408813,0.9995848536491394,0.9230343103408813,-0.07655054330825806,False,none
1,0,0.978131115436554,0.6226487755775452,0.978131115436554,0.3773512840270996,-0.6007798314094543,True,disagreement
1,1,1.0,0.5240935683250427,1.0,0.5240935683250427,-0.4759064316749573,False,none
1,1,1.0,0.5109530091285706,1.0,0.5109530091285706,-0.48904699087142944,False,none
1,1,1.0,0.5266715288162231,1.0,0.5266715288162231,-0.47332847118377686,False,none
0,1,1.0,0.5513038039207458,1.4955475080569158e-08,0.5513038039207458,0.5513038039207458,True,disagreement
1,1,1.0,0.5319153666496277,1.0,0.5319153666496277,-0.4680846333503723,False,none
1,1,1.0,0.9998981952667236,1.0,0.9998981952667236,-0.00010180473327636719,False,none
1,1,0.9604532122612,0.5555527806282043,0.9604532122612,0.5555527806282043,-0.4049004316329956,False,none
1,1,1.0,0.5266715288162231,1.0,0.5266715288162231,-0.47332847118377686,False,none
1,1,1.0,0.9998012185096741,1.0,0.9998012185096741,-0.00019878149032592773,False,none
1,1,1.0,0.5122567415237427,1.0,0.5122567415237427,-0.4877432584762573,False,none
1,1,1.0,0.5266715288162231,1.0,0.5266715288162231,-0.47332847118377686,False,none
1,1,0.500000536441803,0.97434401512146,0.500000536441803,0.97434401512146,0.474343478679657,False,none
1,1,1.0,0.5109530091285706,1.0,0.5109530091285706,-0.48904699087142944,False,none
1,1,1.0,0.5118569135665894,1.0,0.5118569135665894,-0.48814308643341064,False,none
1,1,1.0,0.5458766222000122,1.0,0.5458766222000122,-0.4541233777999878,False,none
1,1,1.0,0.5099814534187317,1.0,0.5099814534187317,-0.4900185465812683,False,none
1,1,1.0,0.5229451060295105,1.0,0.5229451060295105,-0.4770548939704895,False,none
1,1,1.0,0.5505925416946411,1.0,0.5505925416946411,-0.4494074583053589,False,none
1,1,1.0,0.5200091004371643,1.0,0.5200091004371643,-0.4799908995628357,False,none
1,1,1.0,0.5109530091285706,1.0,0.5109530091285706,-0.48904699087142944,False,none
1,1,1.0,0.5179773569107056,1.0,0.5179773569107056,-0.48202264308929443,False,none
1,1,1.0,0.5099814534187317,1.0,0.5099814534187317,-0.4900185465812683,False,none
0,1,1.0,0.5426200032234192,5.701408789526852e-11,0.5426200032234192,0.5426200032234192,True,disagreement
1,1,1.0,0.5099814534187317,1.0,0.5099814534187317,-0.4900185465812683,False,none
1,1,1.0,0.505892813205719,1.0,0.505892813205719,-0.494107186794281,False,none
1,1,1.0,0.539264440536499,1.0,0.539264440536499,-0.460735559463501,False,none
1,1,1.0,0.5109530091285706,1.0,0.5109530091285706,-0.48904699087142944,False,none
1,1,1.0,0.5099814534187317,1.0,0.5099814534187317,-0.4900185465812683,False,none
1,1,1.0,0.5271929502487183,1.0,0.5271929502487183,-0.47280704975128174,False,none
1,1,1.0,0.539264440536499,1.0,0.539264440536499,-0.460735559463501,False,none
1,0,1.0,0.5013106465339661,1.0,0.49868935346603394,-0.5013106465339661,True,disagreement
1,1,1.0,0.5099814534187317,1.0,0.5099814534187317,-0.4900185465812683,False,none
1,0,1.0,0.5024039149284363,1.0,0.49759605526924133,-0.502403974533081,True,disagreement
1,1,1.0,0.5099814534187317,1.0,0.5099814534187317,-0.4900185465812683,False,none
1,1,1.0,0.9503902196884155,1.0,0.9503902196884155,-0.04960978031158447,False,none
1,1,0.9999278783798218,0.5033416152000427,0.9999278783798218,0.5033416152000427,-0.49658626317977905,False,none
1,1,1.0,0.5115560293197632,1.0,0.5115560293197632,-0.4884439706802368,False,none
1,1,1.0,0.8256601691246033,1.0,0.8256601691246033,-0.17433983087539673,False,none
1,1,1.0,0.5179773569107056,1.0,0.5179773569107056,-0.48202264308929443,False,none
1,1,0.9946626424789429,0.5046267509460449,0.9946626424789429,0.5046267509460449,-0.49003589153289795,False,none
1,1,0.9999983310699463,0.525807797908783,0.9999983310699463,0.525807797908783,-0.47419053316116333,False,none
1,1,1.0,0.5213027000427246,1.0,0.5213027000427246,-0.4786972999572754,False,none
1,1,1.0,0.5099814534187317,1.0,0.5099814534187317,-0.4900185465812683,False,none
1,1,1.0,0.5099814534187317,1.0,0.5099814534187317,-0.4900185465812683,False,none
1,1,0.9604532122612,0.5555527806282043,0.9604532122612,0.5555527806282043,-0.4049004316329956,False,none
1,1,1.0,0.5015119314193726,1.0,0.5015119314193726,-0.49848806858062744,False,none
0,1,1.0,0.5513038039207458,1.4955475080569158e-08,0.5513038039207458,0.5513038039207458,True,disagreement
1,1,1.0,0.533604085445404,1.0,0.533604085445404,-0.46639591455459595,False,none
1,1,1.0,0.5099814534187317,1.0,0.5099814534187317,-0.4900185465812683,False,none
1,1,1.0,0.5245640277862549,1.0,0.5245640277862549,-0.4754359722137451,False,none
1,0,0.596927285194397,0.7700507640838623,0.596927285194397,0.2299492210149765,-0.3669780492782593,True,disagreement
1,1,1.0,0.5099814534187317,1.0,0.5099814534187317,-0.4900185465812683,False,none
1,1,1.0,0.9999504089355469,1.0,0.9999504089355469,-4.9591064453125e-05,False,none
1,1,1.0,0.5336517691612244,1.0,0.5336517691612244,-0.46634823083877563,False,none
1,1,0.9999829530715942,0.5135365128517151,0.9999829530715942,0.5135365128517151,-0.48644644021987915,False,none
1,1,1.0,0.5125675797462463,1.0,0.5125675797462463,-0.48743242025375366,False,none
1,1,1.0,0.5173743367195129,1.0,0.5173743367195129,-0.48262566328048706,False,none
1,1,1.0,0.5521075129508972,1.0,0.5521075129508972,-0.4478924870491028,False,none
1,1,1.0,0.5364078283309937,1.0,0.5364078283309937,-0.46359217166900635,False,none
1,1,0.9604532122612,0.5555527806282043,0.9604532122612,0.5555527806282043,-0.4049004316329956,False,none
1,1,1.0,0.5095235705375671,1.0,0.5095235705375671,-0.49047642946243286,False,none
0,1,1.0,0.5287901759147644,9.156570916426183e-19,0.5287901759147644,0.5287901759147644,True,disagreement
1,1,0.9996674060821533,0.5012592077255249,0.9996674060821533,0.5012592077255249,-0.4984081983566284,False,none
1,1,1.0,0.5111141204833984,1.0,0.5111141204833984,-0.48888587951660156,False,none
1,1,1.0,0.5110364556312561,1.0,0.5110364556312561,-0.4889635443687439,False,none
1,1,1.0,0.5109530091285706,1.0,0.5109530091285706,-0.48904699087142944,False,none
1,1,1.0,0.5364078283309937,1.0,0.5364078283309937,-0.46359217166900635,False,none
1,1,1.0,0.5528453588485718,1.0,0.5528453588485718,-0.4471546411514282,False,none
1,1,1.0,0.5242372751235962,1.0,0.5242372751235962,-0.4757627248764038,False,none
0,1,0.9525076150894165,0.5224664807319641,0.04749232903122902,0.5224664807319641,0.4749741554260254,True,disagreement
1,1,1.0,0.5109530091285706,1.0,0.5109530091285706,-0.48904699087142944,False,none
1,1,1.0,0.5015119314193726,1.0,0.5015119314193726,-0.49848806858062744,False,none
1,1,1.0,0.5109530091285706,1.0,0.5109530091285706,-0.48904699087142944,False,none
1,1,1.0,0.5014873147010803,1.0,0.5014873147010803,-0.4985126852989197,False,none
1,1,1.0,0.5179773569107056,1.0,0.5179773569107056,-0.48202264308929443,False,none
1,1,1.0,0.5115494132041931,1.0,0.5115494132041931,-0.4884505867958069,False,none
1,1,1.0,0.5005999803543091,1.0,0.5005999803543091,-0.4994000196456909,False,none
1,1,0.9999994039535522,0.5363602638244629,0.9999994039535522,0.5363602638244629,-0.46363914012908936,False,none
0,1,0.9874525666236877,0.5043926239013672,0.01254744827747345,0.5043926239013672,0.49184519052505493,True,disagreement
1,1,1.0,0.5107941627502441,1.0,0.5107941627502441,-0.48920583724975586,False,none
1,1,1.0,0.9999415874481201,1.0,0.9999415874481201,-5.841255187988281e-05,False,none
1,1,1.0,0.5109530091285706,1.0,0.5109530091285706,-0.48904699087142944,False,none
1,1,1.0,0.5109530091285706,1.0,0.5109530091285706,-0.48904699087142944,False,none
1,1,1.0,0.5109530091285706,1.0,0.5109530091285706,-0.48904699087142944,False,none
1,1,1.0,0.5105468034744263,1.0,0.5105468034744263,-0.48945319652557373,False,none
1,1,1.0,0.5099814534187317,1.0,0.5099814534187317,-0.4900185465812683,False,none
1,1,1.0,0.5266715288162231,1.0,0.5266715288162231,-0.47332847118377686,False,none
1,1,1.0,0.5242339968681335,1.0,0.5242339968681335,-0.47576600313186646,False,none
1,1,1.0,0.9986165761947632,1.0,0.9986165761947632,-0.0013834238052368164,False,none
1,1,1.0,0.5109530091285706,1.0,0.5109530091285706,-0.48904699087142944,False,none
0,1,1.0,0.527152419090271,1.1850257284244904e-17,0.527152419090271,0.527152419090271,True,disagreement
0,0,1.0,0.8946225047111511,2.1856841669887217e-08,0.10537748038768768,0.10537745803594589,False,none
1,1,1.0,0.5107941627502441,1.0,0.5107941627502441,-0.48920583724975586,False,none
1,0,1.0,0.5024039149284363,1.0,0.49759605526924133,-0.502403974533081,True,disagreement
1,1,1.0,0.5266715288162231,1.0,0.5266715288162231,-0.47332847118377686,False,none
1,1,1.0,0.5252899527549744,1.0,0.5252899527549744,-0.47471004724502563,False,none
1,1,1.0,0.5090734362602234,1.0,0.5090734362602234,-0.4909265637397766,False,none
1,1,1.0,0.5126393437385559,1.0,0.5126393437385559,-0.4873606562614441,False,none
1,1,1.0,0.5271929502487183,1.0,0.5271929502487183,-0.47280704975128174,False,none
1,1,1.0,0.5109530091285706,1.0,0.5109530091285706,-0.48904699087142944,False,none
1,1,1.0,0.9999871253967285,1.0,0.9999871253967285,-1.2874603271484375e-05,False,none
1,1,0.9999996423721313,0.5088546276092529,0.9999996423721313,0.5088546276092529,-0.4911450147628784,False,none
0,1,1.0,0.5344558358192444,7.315198446988802e-11,0.5344558358192444,0.5344558358192444,True,disagreement
1,1,1.0,0.539264440536499,1.0,0.539264440536499,-0.460735559463501,False,none
1,0,1.0,0.5024039149284363,1.0,0.49759605526924133,-0.502403974533081,True,disagreement
1,1,0.9999997615814209,0.5006377696990967,0.9999997615814209,0.5006377696990967,-0.4993619918823242,False,none
1,1,1.0,0.5061177611351013,1.0,0.5061177611351013,-0.4938822388648987,False,none
1,0,1.0,0.5019564032554626,1.0,0.49804359674453735,-0.5019564032554626,True,disagreement
0,1,1.0,0.5147007703781128,1.013526875440822e-21,0.5147007703781128,0.5147007703781128,True,disagreement
1,1,1.0,0.5384503602981567,1.0,0.5384503602981567,-0.46154963970184326,False,none
1,1,1.0,0.5109530091285706,1.0,0.5109530091285706,-0.48904699087142944,False,none
0,1,1.0,0.5513038039207458,1.4955475080569158e-08,0.5513038039207458,0.5513038039207458,True,disagreement
1,1,1.0,0.5205271244049072,1.0,0.5205271244049072,-0.4794728755950928,False,none
1,0,0.861902117729187,0.7616095542907715,0.861902117729187,0.23839052021503448,-0.6235116124153137,True,disagreement
1,1,1.0,0.537186324596405,1.0,0.537186324596405,-0.46281367540359497,False,none
1,1,1.0,0.5011199712753296,1.0,0.5011199712753296,-0.4988800287246704,False,none
1,1,1.0,0.5099814534187317,1.0,0.5099814534187317,-0.4900185465812683,False,none
1,1,1.0,0.5044795274734497,1.0,0.5044795274734497,-0.4955204725265503,False,none
1,1,1.0,0.9999076128005981,1.0,0.9999076128005981,-9.238719940185547e-05,False,none
1,1,1.0,0.5109530091285706,1.0,0.5109530091285706,-0.48904699087142944,False,none
1,1,1.0,0.5099814534187317,1.0,0.5099814534187317,-0.4900185465812683,False,none
1,1,0.9208550453186035,0.5276086330413818,0.9208550453186035,0.5276086330413818,-0.3932464122772217,False,none
1,1,1.0,0.5128872394561768,1.0,0.5128872394561768,-0.48711276054382324,False,none
1,1,1.0,0.5109530091285706,1.0,0.5109530091285706,-0.48904699087142944,False,none
1,1,1.0,0.5109530091285706,1.0,0.5109530091285706,-0.48904699087142944,False,none
1,1,1.0,0.5146858096122742,1.0,0.5146858096122742,-0.48531419038772583,False,none
1,1,1.0,0.5266715288162231,1.0,0.5266715288162231,-0.47332847118377686,False,none
1,1,1.0,0.5111141204833984,1.0,0.5111141204833984,-0.48888587951660156,False,none
1,1,1.0,0.5212632417678833,1.0,0.5212632417678833,-0.4787367582321167,False,none
1,1,1.0,0.5099814534187317,1.0,0.5099814534187317,-0.4900185465812683,False,none
1,1,0.9604532122612,0.5555527806282043,0.9604532122612,0.5555527806282043,-0.4049004316329956,False,none
1,1,1.0,0.5179773569107056,1.0,0.5179773569107056,-0.48202264308929443,False,none
1,1,1.0,0.5099814534187317,1.0,0.5099814534187317,-0.4900185465812683,False,none
1,0,0.9385058879852295,0.7773759365081787,0.9385058879852295,0.2226240187883377,-0.715881884098053,True,disagreement
1,1,1.0,0.5099814534187317,1.0,0.5099814534187317,-0.4900185465812683,False,none
1,1,0.9997957348823547,0.533322274684906,0.9997957348823547,0.533322274684906,-0.46647346019744873,False,none
0,1,1.0,0.5391356348991394,9.030682451838246e-12,0.5391356348991394,0.5391356348991394,True,disagreement
1,1,1.0,0.5099814534187317,1.0,0.5099814534187317,-0.4900185465812683,False,none
1,1,1.0,0.9999899864196777,1.0,0.9999899864196777,-1.0013580322265625e-05,False,none
1,1,1.0,0.5445204973220825,1.0,0.5445204973220825,-0.4554795026779175,False,none
1,1,1.0,0.5266715288162231,1.0,0.5266715288162231,-0.47332847118377686,False,none
1,0,1.0,0.5024039149284363,1.0,0.49759605526924133,-0.502403974533081,True,disagreement
1,1,1.0,0.5537874102592468,1.0,0.5537874102592468,-0.4462125897407532,False,none
0,1,1.0,0.5414960384368896,5.230448611822736e-19,0.5414960384368896,0.5414960384368896,True,disagreement
1,1,1.0,0.5113186240196228,1.0,0.5113186240196228,-0.4886813759803772,False,none
1,0,1.0,0.5024039149284363,1.0,0.49759605526924133,-0.502403974533081,True,disagreement
1,1,1.0,0.5107941627502441,1.0,0.5107941627502441,-0.48920583724975586,False,none
1,1,1.0,0.5277377963066101,1.0,0.5277377963066101,-0.4722622036933899,False,none
1,1,1.0,0.5067335963249207,1.0,0.5067335963249207,-0.49326640367507935,False,none
1,1,1.0,0.513573944568634,1.0,0.513573944568634,-0.48642605543136597,False,none
1,1,1.0,0.9822944402694702,1.0,0.9822944402694702,-0.017705559730529785,False,none
1,1,1.0,0.5109530091285706,1.0,0.5109530091285706,-0.48904699087142944,False,none
0,1,1.0,0.5364072918891907,6.192191941492564e-13,0.5364072918891907,0.5364072918891907,True,disagreement
1,1,0.9999994039535522,0.5363602638244629,0.9999994039535522,0.5363602638244629,-0.46363914012908936,False,none
1,1,0.7732167840003967,0.5371086597442627,0.7732167840003967,0.5371086597442627,-0.23610812425613403,False,none
0,1,1.0,0.5513038039207458,1.4955475080569158e-08,0.5513038039207458,0.5513038039207458,True,disagreement
1,1,1.0,0.5015119314193726,1.0,0.5015119314193726,-0.49848806858062744,False,none
0,1,0.9999988079071045,0.5098985433578491,1.1557617654034402e-06,0.5098985433578491,0.5098974108695984,True,disagreement
1,1,1.0,0.5111141204833984,1.0,0.5111141204833984,-0.48888587951660156,False,none
0,1,0.9335994720458984,0.5437155961990356,0.06640052050352097,0.5437155961990356,0.4773150682449341,True,disagreement
1,1,1.0,0.5142675042152405,1.0,0.5142675042152405,-0.4857324957847595,False,none
1,1,1.0,0.9998341798782349,1.0,0.9998341798782349,-0.00016582012176513672,False,none
1,1,1.0,0.5101139545440674,1.0,0.5101139545440674,-0.4898860454559326,False,none
1,1,1.0,0.5099814534187317,1.0,0.5099814534187317,-0.4900185465812683,False,none
1,1,1.0,0.5198000073432922,1.0,0.5198000073432922,-0.48019999265670776,False,none
1,1,1.0,0.506470263004303,1.0,0.506470263004303,-0.493529736995697,False,none
1,1,1.0,0.5144898891448975,1.0,0.5144898891448975,-0.48551011085510254,False,none
1,1,1.0,0.5143496990203857,1.0,0.5143496990203857,-0.48565030097961426,False,none
1,1,1.0,0.9999200105667114,1.0,0.9999200105667114,-7.998943328857422e-05,False,none
0,1,0.5000001192092896,0.5298235416412354,0.49999988079071045,0.5298235416412354,0.029823660850524902,True,disagreement
1,1,1.0,0.5118681192398071,1.0,0.5118681192398071,-0.48813188076019287,False,none
1,1,1.0,0.9874841570854187,1.0,0.9874841570854187,-0.012515842914581299,False,none
1,1,1.0,0.5107941627502441,1.0,0.5107941627502441,-0.48920583724975586,False,none
1,1,1.0,0.5113002061843872,1.0,0.5113002061843872,-0.4886997938156128,False,none
1,1,1.0,0.5266715288162231,1.0,0.5266715288162231,-0.47332847118377686,False,none
0,1,0.9994165897369385,0.5031360983848572,0.000583370216190815,0.5031360983848572,0.5025527477264404,True,disagreement
1,1,1.0,0.5039686560630798,1.0,0.5039686560630798,-0.49603134393692017,False,none
0,1,1.0,0.5268905162811279,7.559202071565562e-16,0.5268905162811279,0.5268905162811279,True,disagreement
1,1,1.0,0.5252899527549744,1.0,0.5252899527549744,-0.47471004724502563,False,none
0,1,0.9999998807907104,0.5037307739257812,1.3677586707672162e-07,0.5037307739257812,0.5037306547164917,True,disagreement
1,1,1.0,0.5271929502487183,1.0,0.5271929502487183,-0.47280704975128174,False,none
1,1,1.0,0.5090069770812988,1.0,0.5090069770812988,-0.49099302291870117,False,none
1,1,1.0,0.5015276670455933,1.0,0.5015276670455933,-0.49847233295440674,False,none
1,1,1.0,0.5109530091285706,1.0,0.5109530091285706,-0.48904699087142944,False,none
1,0,1.0,0.5024039149284363,1.0,0.49759605526924133,-0.502403974533081,True,disagreement
1,1,1.0,0.5213947892189026,1.0,0.5213947892189026,-0.4786052107810974,False,none
1,1,1.0,0.523724377155304,1.0,0.523724377155304,-0.47627562284469604,False,none
1,1,0.9996389150619507,0.5327589511871338,0.9996389150619507,0.5327589511871338,-0.4668799638748169,False,none
1,1,1.0,0.5118681192398071,1.0,0.5118681192398071,-0.48813188076019287,False,none
1,1,1.0,0.539785623550415,1.0,0.539785623550415,-0.46021437644958496,False,none
0,0,0.9923032522201538,0.5420002937316895,0.007696750573813915,0.45799973607063293,0.45030298829078674,False,none
1,1,1.0,0.5505925416946411,1.0,0.5505925416946411,-0.4494074583053589,False,none
1,1,1.0,0.5109530091285706,1.0,0.5109530091285706,-0.48904699087142944,False,none
1,1,1.0,0.9943656921386719,1.0,0.9943656921386719,-0.005634307861328125,False,none
1,1,1.0,0.5182443261146545,1.0,0.5182443261146545,-0.48175567388534546,False,none
1,1,0.9999998807907104,0.507937490940094,0.9999998807907104,0.507937490940094,-0.49206238985061646,False,none
1,1,0.9604532122612,0.5555527806282043,0.9604532122612,0.5555527806282043,-0.4049004316329956,False,none
1,1,1.0,0.5099814534187317,1.0,0.5099814534187317,-0.4900185465812683,False,none
1,1,1.0,0.5099814534187317,1.0,0.5099814534187317,-0.4900185465812683,False,none
1,1,1.0,0.5133225321769714,1.0,0.5133225321769714,-0.48667746782302856,False,none
1,0,1.0,0.5024039149284363,1.0,0.49759605526924133,-0.502403974533081,True,disagreement
1,1,1.0,0.5111141204833984,1.0,0.5111141204833984,-0.48888587951660156,False,none
1,1,1.0,0.5222752094268799,1.0,0.5222752094268799,-0.4777247905731201,False,none
1,0,1.0,0.5983059406280518,1.0,0.40169408917427063,-0.5983059406280518,True,disagreement
1,1,1.0,0.5266715288162231,1.0,0.5266715288162231,-0.47332847118377686,False,none
1,1,1.0,0.5099814534187317,1.0,0.5099814534187317,-0.4900185465812683,False,none
1,1,0.921661913394928,0.8023025989532471,0.921661913394928,0.8023025989532471,-0.11935931444168091,False,none
1,1,1.0,0.5099814534187317,1.0,0.5099814534187317,-0.4900185465812683,False,none
1,1,0.726546585559845,0.5482843518257141,0.726546585559845,0.5482843518257141,-0.17826223373413086,False,none
1,1,0.9987282156944275,0.5202404260635376,0.9987282156944275,0.5202404260635376,-0.4784877896308899,False,none
1,1,1.0,0.5054123997688293,1.0,0.5054123997688293,-0.49458760023117065,False,none
1,0,1.0,0.5024039149284363,1.0,0.49759605526924133,-0.502403974533081,True,disagreement
1,1,1.0,0.5109530091285706,1.0,0.5109530091285706,-0.48904699087142944,False,none
1,1,0.9604532122612,0.5555527806282043,0.9604532122612,0.5555527806282043,-0.4049004316329956,False,none
1,1,1.0,0.5015119314193726,1.0,0.5015119314193726,-0.49848806858062744,False,none
1,1,1.0,0.5284696817398071,1.0,0.5284696817398071,-0.47153031826019287,False,none
1,0,1.0,0.5013106465339661,1.0,0.49868935346603394,-0.5013106465339661,True,disagreement
1,1,1.0,0.5266715288162231,1.0,0.5266715288162231,-0.47332847118377686,False,none
1,1,1.0,0.5412365198135376,1.0,0.5412365198135376,-0.4587634801864624,False,none
1,1,1.0,0.5179773569107056,1.0,0.5179773569107056,-0.48202264308929443,False,none
1,0,1.0,0.5013106465339661,1.0,0.49868935346603394,-0.5013106465339661,True,disagreement
1,1,0.9088085889816284,0.554812490940094,0.9088085889816284,0.554812490940094,-0.3539960980415344,False,none
0,1,1.0,0.5287845730781555,1.3523247799351878e-10,0.5287845730781555,0.5287845730781555,True,disagreement
1,1,0.9999992847442627,0.5027871131896973,0.9999992847442627,0.5027871131896973,-0.49721217155456543,False,none
1,1,1.0,0.5109530091285706,1.0,0.5109530091285706,-0.48904699087142944,False,none
1,1,1.0,0.5047845840454102,1.0,0.5047845840454102,-0.49521541595458984,False,none
1,1,1.0,0.904049277305603,1.0,0.904049277305603,-0.09595072269439697,False,none
1,1,1.0,0.5099814534187317,1.0,0.5099814534187317,-0.4900185465812683,False,none
1,0,1.0,0.5016700625419617,1.0,0.49832987785339355,-0.5016701221466064,True,disagreement
1,1,1.0,0.5099814534187317,1.0,0.5099814534187317,-0.4900185465812683,False,none
1,1,1.0,0.539264440536499,1.0,0.539264440536499,-0.460735559463501,False,none
1,0,1.0,0.5024039149284363,1.0,0.49759605526924133,-0.502403974533081,True,disagreement
1,1,1.0,0.5099814534187317,1.0,0.5099814534187317,-0.4900185465812683,False,none
1,1,1.0,0.5336412191390991,1.0,0.5336412191390991,-0.4663587808609009,False,none
1,0,1.0,0.5013106465339661,1.0,0.49868935346603394,-0.5013106465339661,True,disagreement
1,1,1.0,0.5241934061050415,1.0,0.5241934061050415,-0.4758065938949585,False,none
1,1,1.0,0.5505925416946411,1.0,0.5505925416946411,-0.4494074583053589,False,none
1,1,1.0,0.5179773569107056,1.0,0.5179773569107056,-0.48202264308929443,False,none
1,1,1.0,0.5118681192398071,1.0,0.5118681192398071,-0.48813188076019287,False,none
1,1,1.0,0.5099814534187317,1.0,0.5099814534187317,-0.4900185465812683,False,none
1,1,1.0,0.5015119314193726,1.0,0.5015119314193726,-0.49848806858062744,False,none
1,1,1.0,0.5109530091285706,1.0,0.5109530091285706,-0.48904699087142944,False,none
1,1,1.0,0.9997456669807434,1.0,0.9997456669807434,-0.0002543330192565918,False,none
1,1,1.0,0.9999728202819824,1.0,0.9999728202819824,-2.7179718017578125e-05,False,none
1,1,1.0,0.5111141204833984,1.0,0.5111141204833984,-0.48888587951660156,False,none
1,1,1.0,0.5109530091285706,1.0,0.5109530091285706,-0.48904699087142944,False,none
1,1,1.0,0.5109530091285706,1.0,0.5109530091285706,-0.48904699087142944,False,none
1,1,1.0,0.5400261282920837,1.0,0.5400261282920837,-0.45997387170791626,False,none
1,1,1.0,0.5133709907531738,1.0,0.5133709907531738,-0.48662900924682617,False,none
1,1,1.0,0.5109530091285706,1.0,0.5109530091285706,-0.48904699087142944,False,none
1,0,1.0,0.5001084208488464,1.0,0.4998915493488312,-0.5001084804534912,True,disagreement
1,1,0.9998804330825806,0.5320836901664734,0.9998804330825806,0.5320836901664734,-0.4677967429161072,False,none
1,1,1.0,0.5111141204833984,1.0,0.5111141204833984,-0.48888587951660156,False,none
1,1,1.0,0.5109530091285706,1.0,0.5109530091285706,-0.48904699087142944,False,none
1,0,1.0,0.5002967119216919,1.0,0.49970322847366333,-0.5002967715263367,True,disagreement
1,1,1.0,0.5266715288162231,1.0,0.5266715288162231,-0.47332847118377686,False,none
1,0,1.0,0.5024039149284363,1.0,0.49759605526924133,-0.502403974533081,True,disagreement
1,1,1.0,0.5088054537773132,1.0,0.5088054537773132,-0.49119454622268677,False,none
1,1,1.0,0.5246846675872803,1.0,0.5246846675872803,-0.4753153324127197,False,none
0,1,1.0,0.5513038039207458,1.4955475080569158e-08,0.5513038039207458,0.5513038039207458,True,disagreement
0,1,0.5000001192092896,0.533849835395813,0.49999988079071045,0.533849835395813,0.03384995460510254,True,disagreement
1,1,0.9604532122612,0.5555527806282043,0.9604532122612,0.5555527806282043,-0.4049004316329956,False,none
1,1,1.0,0.5099814534187317,1.0,0.5099814534187317,-0.4900185465812683,False,none
1,1,1.0,0.5166453123092651,1.0,0.5166453123092651,-0.48335468769073486,False,none
1,0,1.0,0.5007883310317993,1.0,0.4992116689682007,-0.5007883310317993,True,disagreement
1,1,1.0,0.5271929502487183,1.0,0.5271929502487183,-0.47280704975128174,False,none
1,1,1.0,0.9999140501022339,1.0,0.9999140501022339,-8.594989776611328e-05,False,none
1,1,1.0,0.5387840867042542,1.0,0.5387840867042542,-0.46121591329574585,False,none
1,1,0.9999998807907104,0.507937490940094,0.9999998807907104,0.507937490940094,-0.49206238985061646,False,none
1,1,1.0,0.9995474219322205,1.0,0.9995474219322205,-0.000452578067779541,False,none
1,1,1.0,0.5640819072723389,1.0,0.5640819072723389,-0.43591809272766113,False,none
1,0,1.0,0.5013106465339661,1.0,0.49868935346603394,-0.5013106465339661,True,disagreement
1,1,1.0,0.5421318411827087,1.0,0.5421318411827087,-0.45786815881729126,False,none
1,1,1.0,0.5256593823432922,1.0,0.5256593823432922,-0.47434061765670776,False,none
1,1,1.0,0.5111141204833984,1.0,0.5111141204833984,-0.48888587951660156,False,none
1,1,1.0,0.5109530091285706,1.0,0.5109530091285706,-0.48904699087142944,False,none
1,1,1.0,0.5266715288162231,1.0,0.5266715288162231,-0.47332847118377686,False,none
0,0,1.0,0.9993829727172852,1.047649467178502e-11,0.0006170294946059585,0.0006170294946059585,False,none
1,1,1.0,0.5099814534187317,1.0,0.5099814534187317,-0.4900185465812683,False,none
1,1,1.0,0.5143496990203857,1.0,0.5143496990203857,-0.48565030097961426,False,none
0,1,1.0,0.5513038039207458,1.4955475080569158e-08,0.5513038039207458,0.5513038039207458,True,disagreement
1,1,1.0,0.5502162575721741,1.0,0.5502162575721741,-0.4497837424278259,False,none
1,1,1.0,0.5109530091285706,1.0,0.5109530091285706,-0.48904699087142944,False,none
1,0,1.0,0.5024039149284363,1.0,0.49759605526924133,-0.502403974533081,True,disagreement
1,1,1.0,0.5257729887962341,1.0,0.5257729887962341,-0.47422701120376587,False,none
1,1,1.0,0.5481849312782288,1.0,0.5481849312782288,-0.45181506872177124,False,none
1,1,1.0,0.5111141204833984,1.0,0.5111141204833984,-0.48888587951660156,False,none
1,1,1.0,0.5099814534187317,1.0,0.5099814534187317,-0.4900185465812683,False,none
1,0,1.0,0.5013106465339661,1.0,0.49868935346603394,-0.5013106465339661,True,disagreement
1,1,1.0,0.5099814534187317,1.0,0.5099814534187317,-0.4900185465812683,False,none
1,1,1.0,0.5252899527549744,1.0,0.5252899527549744,-0.47471004724502563,False,none
1,1,0.9991143345832825,0.544424831867218,0.9991143345832825,0.544424831867218,-0.45468950271606445,False,none
1,1,1.0,0.9998717308044434,1.0,0.9998717308044434,-0.00012826919555664062,False,none
1,1,1.0,0.9998574256896973,1.0,0.9998574256896973,-0.00014257431030273438,False,none
1,0,0.9315500259399414,0.5202323794364929,0.9315500259399414,0.4797675609588623,-0.4517824649810791,True,disagreement
0,1,1.0,0.5513038039207458,1.4955475080569158e-08,0.5513038039207458,0.5513038039207458,True,disagreement
1,1,1.0,0.9999850988388062,1.0,0.9999850988388062,-1.4901161193847656e-05,False,none
1,1,0.9999873638153076,0.5408564209938049,0.9999873638153076,0.5408564209938049,-0.4591309428215027,False,none
1,1,1.0,0.5105027556419373,1.0,0.5105027556419373,-0.48949724435806274,False,none
1,1,1.0,0.5099814534187317,1.0,0.5099814534187317,-0.4900185465812683,False,none
0,1,0.9999998807907104,0.5054109692573547,6.765229443317367e-08,0.5054109692573547,0.50541090965271,True,disagreement
1,1,1.0,0.5099814534187317,1.0,0.5099814534187317,-0.4900185465812683,False,none
1,1,1.0,0.5099814534187317,1.0,0.5099814534187317,-0.4900185465812683,False,none
1,1,1.0,0.5057429075241089,1.0,0.5057429075241089,-0.4942570924758911,False,none
1,1,1.0,0.5197253823280334,1.0,0.5197253823280334,-0.48027461767196655,False,none
1,1,0.9604532122612,0.5555527806282043,0.9604532122612,0.5555527806282043,-0.4049004316329956,False,none
1,1,1.0,0.5016401410102844,1.0,0.5016401410102844,-0.4983598589897156,False,none
1,1,0.7844352126121521,0.5093404054641724,0.7844352126121521,0.5093404054641724,-0.27509480714797974,False,none
1,1,1.0,0.534148633480072,1.0,0.534148633480072,-0.465851366519928,False,none
1,1,1.0,0.5518779754638672,1.0,0.5518779754638672,-0.4481220245361328,False,none
1,1,1.0,0.5395939946174622,1.0,0.5395939946174622,-0.46040600538253784,False,none
1,0,0.7553389072418213,0.5381550192832947,0.7553389072418213,0.46184489130973816,-0.29349401593208313,True,disagreement
1,1,1.0,0.5241063237190247,1.0,0.5241063237190247,-0.47589367628097534,False,none
1,1,1.0,0.5205482244491577,1.0,0.5205482244491577,-0.4794517755508423,False,none
1,1,1.0,0.5099814534187317,1.0,0.5099814534187317,-0.4900185465812683,False,none
1,1,1.0,0.5204825401306152,1.0,0.5204825401306152,-0.47951745986938477,False,none
1,0,1.0,0.5011720657348633,1.0,0.49882790446281433,-0.5011720657348633,True,disagreement
1,0,1.0,0.5012260675430298,1.0,0.4987739026546478,-0.5012260675430298,True,disagreement
1,1,1.0,0.5099814534187317,1.0,0.5099814534187317,-0.4900185465812683,False,none
1,1,0.9604532122612,0.5555527806282043,0.9604532122612,0.5555527806282043,-0.4049004316329956,False,none
1,1,0.9924271702766418,0.5072318911552429,0.9924271702766418,0.5072318911552429,-0.4851952791213989,False,none
1,1,1.0,0.5239055752754211,1.0,0.5239055752754211,-0.47609442472457886,False,none
1,1,0.9972144961357117,0.5370450615882874,0.9972144961357117,0.5370450615882874,-0.4601694345474243,False,none
1,1,1.0,0.5109530091285706,1.0,0.5109530091285706,-0.48904699087142944,False,none
1,1,1.0,0.5395939946174622,1.0,0.5395939946174622,-0.46040600538253784,False,none
1,1,0.9997573494911194,0.5330648422241211,0.9997573494911194,0.5330648422241211,-0.4666925072669983,False,none
1,1,0.999944806098938,0.5304369330406189,0.999944806098938,0.5304369330406189,-0.4695078730583191,False,none
1,1,1.0,0.5252899527549744,1.0,0.5252899527549744,-0.47471004724502563,False,none
1,0,1.0,0.5013106465339661,1.0,0.49868935346603394,-0.5013106465339661,True,disagreement
1,1,1.0,0.5204825401306152,1.0,0.5204825401306152,-0.47951745986938477,False,none
1,1,1.0,0.5099814534187317,1.0,0.5099814534187317,-0.4900185465812683,False,none
1,1,0.9999998807907104,0.507937490940094,0.9999998807907104,0.507937490940094,-0.49206238985061646,False,none
1,1,1.0,0.5109530091285706,1.0,0.5109530091285706,-0.48904699087142944,False,none
1,1,1.0,0.5118681192398071,1.0,0.5118681192398071,-0.48813188076019287,False,none
1,1,1.0,0.5102055668830872,1.0,0.5102055668830872,-0.48979443311691284,False,none
1,0,1.0,0.5024039149284363,1.0,0.49759605526924133,-0.502403974533081,True,disagreement
1,1,1.0,0.9854726195335388,1.0,0.9854726195335388,-0.014527380466461182,False,none
0,1,0.9999911785125732,0.5186960101127625,8.763109690335114e-06,0.5186960101127625,0.5186872482299805,True,disagreement
0,1,1.0,0.5289505124092102,4.858166757770732e-09,0.5289505124092102,0.5289505124092102,True,disagreement
1,1,1.0,0.5109530091285706,1.0,0.5109530091285706,-0.48904699087142944,False,none
0,1,0.7291494011878967,0.9888874888420105,0.27085059881210327,0.9888874888420105,0.7180368900299072,True,"disagreement,high_confidence_disagreement"
1,1,0.9897630214691162,0.5470890998840332,0.9897630214691162,0.5470890998840332,-0.442673921585083,False,none
1,1,1.0,0.5015119314193726,1.0,0.5015119314193726,-0.49848806858062744,False,none
1,1,1.0,0.5087743997573853,1.0,0.5087743997573853,-0.49122560024261475,False,none
1,1,0.9928280711174011,0.5108240842819214,0.9928280711174011,0.5108240842819214,-0.48200398683547974,False,none
1,1,1.0,0.5099814534187317,1.0,0.5099814534187317,-0.4900185465812683,False,none
0,1,1.0,0.5227503776550293,1.0586456017369628e-10,0.5227503776550293,0.5227503776550293,True,disagreement
1,1,1.0,0.5109530091285706,1.0,0.5109530091285706,-0.48904699087142944,False,none
1,1,1.0,0.5266715288162231,1.0,0.5266715288162231,-0.47332847118377686,False,none
1,1,1.0,0.5228091478347778,1.0,0.5228091478347778,-0.47719085216522217,False,none
1,1,1.0,0.5109530091285706,1.0,0.5109530091285706,-0.48904699087142944,False,none
1,0,0.9472590684890747,0.6291253566741943,0.9472590684890747,0.37087464332580566,-0.576384425163269,True,disagreement
1,1,1.0,0.539264440536499,1.0,0.539264440536499,-0.460735559463501,False,none
1,1,1.0,0.5111141204833984,1.0,0.5111141204833984,-0.48888587951660156,False,none
1,1,1.0,0.5099814534187317,1.0,0.5099814534187317,-0.4900185465812683,False,none
1,1,1.0,0.507637083530426,1.0,0.507637083530426,-0.492362916469574,False,none
1,1,1.0,0.5109530091285706,1.0,0.5109530091285706,-0.48904699087142944,False,none
1,1,1.0,0.5491265654563904,1.0,0.5491265654563904,-0.4508734345436096,False,none
1,1,1.0,0.5109530091285706,1.0,0.5109530091285706,-0.48904699087142944,False,none
1,1,1.0,0.9894564747810364,1.0,0.9894564747810364,-0.010543525218963623,False,none
1,1,1.0,0.5408474206924438,1.0,0.5408474206924438,-0.45915257930755615,False,none
1,1,1.0,0.5111873149871826,1.0,0.5111873149871826,-0.4888126850128174,False,none
0,1,1.0,0.5224591493606567,4.629792105248498e-09,0.5224591493606567,0.5224591493606567,True,disagreement
1,1,1.0,0.5052375197410583,1.0,0.5052375197410583,-0.49476248025894165,False,none
1,1,0.9999998807907104,0.507937490940094,0.9999998807907104,0.507937490940094,-0.49206238985061646,False,none
1,0,1.0,0.5024039149284363,1.0,0.49759605526924133,-0.502403974533081,True,disagreement
0,1,0.9999996423721313,0.5048218369483948,3.3788805353651696e-07,0.5048218369483948,0.5048214793205261,True,disagreement
0,1,0.8954470753669739,0.507847785949707,0.1045529693365097,0.507847785949707,0.40329480171203613,True,disagreement
1,1,1.0,0.5166088938713074,1.0,0.5166088938713074,-0.4833911061286926,False,none
1,1,1.0,0.5222907662391663,1.0,0.5222907662391663,-0.47770923376083374,False,none
1,1,1.0,0.5121094584465027,1.0,0.5121094584465027,-0.4878905415534973,False,none
1,0,1.0,0.5024039149284363,1.0,0.49759605526924133,-0.502403974533081,True,disagreement
1,1,1.0,0.5099814534187317,1.0,0.5099814534187317,-0.4900185465812683,False,none
1,1,0.9604532122612,0.5555527806282043,0.9604532122612,0.5555527806282043,-0.4049004316329956,False,none
1,1,1.0,0.5266715288162231,1.0,0.5266715288162231,-0.47332847118377686,False,none
1,1,0.9997689127922058,0.5458729267120361,0.9997689127922058,0.5458729267120361,-0.4538959860801697,False,none
1,1,0.9996389150619507,0.9686013460159302,0.9996389150619507,0.9686013460159302,-0.031037569046020508,False,none
0,1,0.5000098943710327,0.5445595979690552,0.4999901056289673,0.5445595979690552,0.04456949234008789,True,disagreement
1,1,1.0,0.539264440536499,1.0,0.539264440536499,-0.460735559463501,False,none
1,1,1.0,0.5109530091285706,1.0,0.5109530091285706,-0.48904699087142944,False,none
1,1,1.0,0.505545973777771,1.0,0.505545973777771,-0.494454026222229,False,none
1,1,1.0,0.5099814534187317,1.0,0.5099814534187317,-0.4900185465812683,False,none
1,1,1.0,0.5392387509346008,1.0,0.5392387509346008,-0.46076124906539917,False,none
1,1,1.0,0.5015119314193726,1.0,0.5015119314193726,-0.49848806858062744,False,none
1,0,0.6913982033729553,0.6887722611427307,0.6913982033729553,0.3112277686595917,-0.38017043471336365,True,disagreement
1,1,1.0,0.5271929502487183,1.0,0.5271929502487183,-0.47280704975128174,False,none
0,1,1.0,0.5268524885177612,3.790159741612342e-09,0.5268524885177612,0.5268524885177612,True,disagreement
1,1,1.0,0.9999237060546875,1.0,0.9999237060546875,-7.62939453125e-05,False,none
1,1,1.0,0.8872162103652954,1.0,0.8872162103652954,-0.11278378963470459,False,none
1,1,1.0,0.9999758005142212,1.0,0.9999758005142212,-2.4199485778808594e-05,False,none
1,1,0.7668954133987427,0.5501593947410583,0.7668954133987427,0.5501593947410583,-0.21673601865768433,False,none
1,1,1.0,0.9999450445175171,1.0,0.9999450445175171,-5.4955482482910156e-05,False,none
1,1,1.0,0.5266715288162231,1.0,0.5266715288162231,-0.47332847118377686,False,none
1,1,1.0,0.5109530091285706,1.0,0.5109530091285706,-0.48904699087142944,False,none
1,1,0.5000077486038208,0.5299619436264038,0.5000077486038208,0.5299619436264038,0.029954195022583008,False,none
0,0,0.5379533767700195,0.5753023028373718,0.4620465934276581,0.42469772696495056,-0.03734886646270752,False,none
1,1,1.0,0.9999229907989502,1.0,0.9999229907989502,-7.700920104980469e-05,False,none
1,1,1.0,0.50924152135849,1.0,0.50924152135849,-0.49075847864151,False,none
0,1,1.0,0.5456551909446716,1.55830973125326e-11,0.5456551909446716,0.5456551909446716,True,disagreement
