nominal_pred,guardian_pred,nominal_conf,guardian_conf,nominal_anom_prob,guardian_anom_prob,prob_diff_anomaly,detected,reason
0,1,0.9999812841415405,0.6114686131477356,1.8772610928863287e-05,0.6114686131477356,0.6114498376846313,True,"disagreement,high_confidence_disagreement"
0,0,0.995140552520752,0.9704407453536987,0.004859467037022114,0.029559282585978508,0.02469981461763382,False,none
0,0,0.9993553757667542,0.5549847483634949,0.0006445847102440894,0.4450152516365051,0.44437065720558167,False,none
1,1,0.9999589920043945,0.6069434285163879,0.9999589920043945,0.6069434285163879,-0.3930155634880066,False,none
0,0,0.999993085861206,0.9991661310195923,6.878532076370902e-06,0.0008339284686371684,0.0008270499529317021,False,none
0,1,0.9999932050704956,0.5056671500205994,6.763797500752844e-06,0.5056671500205994,0.5056604146957397,True,disagreement
0,0,0.9999995231628418,0.9922621250152588,4.6918623297642625e-07,0.0077378698624670506,0.007737400475889444,False,none
0,0,0.9975365400314331,0.991452693939209,0.002463433425873518,0.008547254838049412,0.006083821412175894,False,none
0,0,0.9900890588760376,0.5579790472984314,0.0099108861759305,0.442020982503891,0.43211010098457336,False,none
0,0,0.9999856948852539,0.9991125464439392,1.4302707313618157e-05,0.0008874746272340417,0.0008731718990020454,False,none
0,0,0.9999970197677612,0.9988309741020203,3.0056048672122415e-06,0.001169040217064321,0.0011660346062853932,False,none
0,0,0.999998927116394,0.9781593084335327,1.0732256896517356e-06,0.021840685978531837,0.02183961309492588,False,none
0,0,0.9999812841415405,0.9995144605636597,1.8770946553559043e-05,0.0004855069564655423,0.00046673600445501506,False,none
1,1,1.0,0.9991727471351624,1.0,0.9991727471351624,-0.0008272528648376465,False,none
0,0,0.999990701675415,0.9999014139175415,9.313450391346123e-06,9.860303543973714e-05,8.928958413889632e-05,False,none
0,0,0.9999984502792358,0.9821309447288513,1.5699671394031611e-06,0.017869113013148308,0.017867542803287506,False,none
0,0,0.9999891519546509,0.9986311793327332,1.0805031706695445e-05,0.0013687992468476295,0.0013579941587522626,False,none
0,0,0.9999560117721558,0.9543769359588623,4.3995314626954496e-05,0.04562307521700859,0.045579079538583755,False,none
0,0,0.999993085861206,0.9995837807655334,6.8861459112667944e-06,0.0004161680117249489,0.00040928187081590295,False,none
0,0,0.9999532699584961,0.9994538426399231,4.669518966693431e-05,0.0005461176624521613,0.0004994224873371422,False,none
0,0,0.9999815225601196,0.9805085062980652,1.8474840544513427e-05,0.01949145644903183,0.019472980871796608,False,none
1,1,1.0,0.8514368534088135,1.0,0.8514368534088135,-0.14856314659118652,False,none
0,0,1.0,0.7763710618019104,5.613378561974969e-08,0.22362889349460602,0.22362883388996124,False,none
0,0,0.9999903440475464,0.9989098310470581,9.661501280788798e-06,0.001090161851607263,0.0010805003112182021,False,none
1,1,1.0,0.9979445338249207,1.0,0.9979445338249207,-0.0020554661750793457,False,none
0,0,0.9999998807907104,0.9973082542419434,8.244595051110082e-08,0.002691703848540783,0.0026916214264929295,False,none
0,0,0.99997878074646,0.9918867945671082,2.1192445274209604e-05,0.008113142102956772,0.008091949857771397,False,none
0,1,0.9416816234588623,0.5635892152786255,0.05831839144229889,0.5635892152786255,0.5052708387374878,True,disagreement
0,0,0.9999978542327881,0.935111939907074,2.178304384869989e-06,0.06488800793886185,0.06488583236932755,False,none
0,0,0.9999914169311523,0.94471275806427,8.639585757919122e-06,0.05528726056218147,0.05527862161397934,False,none
0,0,0.9999983310699463,0.9737076163291931,1.6330834569089347e-06,0.02629236690700054,0.026290733367204666,False,none
0,0,0.9999891519546509,0.9984472393989563,1.084714585886104e-05,0.0015527456998825073,0.0015418985858559608,False,none
1,1,0.8317815065383911,0.5220409035682678,0.8317815065383911,0.5220409035682678,-0.3097406029701233,False,none
0,0,0.9999845027923584,0.9899808764457703,1.5446279576281086e-05,0.010019112378358841,0.010003666393458843,False,none
1,1,1.0,0.9993249177932739,1.0,0.9993249177932739,-0.0006750822067260742,False,none
0,0,0.9999957084655762,0.9101405739784241,4.264908056939021e-06,0.08985941112041473,0.0898551493883133,False,none
0,0,0.9999940395355225,0.9997473359107971,5.928212431172142e-06,0.00025269819889217615,0.00024676998145878315,False,none
0,0,0.999313473701477,0.9818347692489624,0.0006865137838758528,0.01816522516310215,0.017478711903095245,False,none
1,1,1.0,0.9605399966239929,1.0,0.9605399966239929,-0.03946000337600708,False,none
0,0,0.9998910427093506,0.946434736251831,0.00010890562407439575,0.05356522649526596,0.053456321358680725,False,none
0,0,0.9997586607933044,0.963955283164978,0.00024134483828675002,0.036044713109731674,0.03580336645245552,False,none
0,0,0.9999918937683105,0.982020914554596,8.156647709256504e-06,0.017979135736823082,0.0179709792137146,False,none
0,0,0.9999607801437378,0.9998377561569214,3.9262908103410155e-05,0.00016225100262090564,0.0001229881017934531,False,none
0,0,0.9996931552886963,0.9976658821105957,0.000306886387988925,0.0023341896012425423,0.0020273032132536173,False,none
0,0,0.9999911785125732,0.9974547028541565,8.773327863309532e-06,0.0025453001726418734,0.002536526881158352,False,none
0,0,0.9999136924743652,0.9573029279708862,8.635673293611035e-05,0.04269711673259735,0.042610760778188705,False,none
0,0,0.9945922493934631,0.8251203894615173,0.005407707765698433,0.1748795509338379,0.1694718450307846,False,none
0,0,0.9999690055847168,0.9978170394897461,3.101821130258031e-05,0.0021829695906490088,0.002151951426640153,False,none
0,0,0.9999823570251465,0.8187651634216309,1.7694603229756467e-05,0.18123474717140198,0.18121705949306488,False,none
0,0,0.999991774559021,0.9980837106704712,8.1974794738926e-06,0.001916351611725986,0.0019081541104242206,False,none
0,0,0.9999750852584839,0.9995415210723877,2.496618435543496e-05,0.0004585091373883188,0.000433542940299958,False,none
0,0,1.0,0.9999420642852783,2.1433015362504193e-09,5.7963723520515487e-05,5.796158075099811e-05,False,none
0,0,0.999993085861206,0.9998679161071777,6.966334694880061e-06,0.00013208604650571942,0.00012511970999184996,False,none
0,1,0.9999723434448242,0.8671458959579468,2.7661917556542903e-05,0.8671458959579468,0.867118239402771,True,"disagreement,high_confidence_disagreement"
1,1,1.0,0.5198418498039246,1.0,0.5198418498039246,-0.48015815019607544,False,none
0,1,0.9893760681152344,0.5133782625198364,0.010623925365507603,0.5133782625198364,0.5027543306350708,True,disagreement
0,0,0.9999790191650391,0.9998767375946045,2.1011092030676082e-05,0.00012324088311288506,0.00010222979472018778,False,none
0,1,0.9999858140945435,0.7928035259246826,1.4216368981578853e-05,0.7928035259246826,0.7927892804145813,True,"disagreement,high_confidence_disagreement"
0,1,0.997586727142334,0.9967118501663208,0.0024132493417710066,0.9967118501663208,0.9942985773086548,True,"disagreement,high_confidence_disagreement"
1,1,1.0,0.997490644454956,1.0,0.997490644454956,-0.0025093555450439453,False,none
0,0,0.9999995231628418,0.9506301879882812,4.95733388561348e-07,0.04936985298991203,0.04936935752630234,False,none
0,1,0.9960561990737915,0.8140547871589661,0.003943840507417917,0.8140547871589661,0.8101109266281128,True,"disagreement,high_confidence_disagreement"
0,0,0.999990701675415,0.997775137424469,9.255189979739953e-06,0.002224814146757126,0.002215558895841241,False,none
1,1,0.9999994039535522,0.9979512095451355,0.9999994039535522,0.9979512095451355,-0.002048194408416748,False,none
0,0,0.9999983310699463,0.9841488003730774,1.6364884913855349e-06,0.015851130709052086,0.015849493443965912,False,none
0,0,1.0,0.9868860244750977,1.0328373711843142e-09,0.013114036060869694,0.01311403512954712,False,none
0,1,0.9999858140945435,0.6539632678031921,1.4172023838909809e-05,0.6539632678031921,0.6539490818977356,True,"disagreement,high_confidence_disagreement"
0,0,1.0,0.9998267292976379,5.804933866926376e-09,0.0001732650416670367,0.0001732592354528606,False,none
0,0,0.9999302625656128,0.9653740525245667,6.969621608732268e-05,0.03462599217891693,0.03455629572272301,False,none
0,0,0.5263557434082031,0.9497230052947998,0.4736442267894745,0.05027700588107109,-0.4233672320842743,False,none
0,0,0.9999300241470337,0.9983273148536682,6.992361159063876e-05,0.0016726655885577202,0.0016027420060709119,False,none
0,0,0.9999837875366211,0.9951842427253723,1.6237752788583748e-05,0.004815747961401939,0.0047995103523135185,False,none
0,0,0.9999998807907104,0.9969956874847412,9.496766750771712e-08,0.003004346275702119,0.003004251280799508,False,none
1,1,0.9999998807907104,0.9978439807891846,0.9999998807907104,0.9978439807891846,-0.002155900001525879,False,none
0,0,0.9994338154792786,0.9836245775222778,0.0005661372561007738,0.016375482082366943,0.01580934412777424,False,none
0,0,0.9998179078102112,0.9957321286201477,0.00018211849965155125,0.004267871845513582,0.004085753113031387,False,none
0,0,1.0,0.999681830406189,6.34108876518269e-10,0.0003182301006745547,0.00031822946039028466,False,none
0,0,0.999985933303833,0.9998289346694946,1.4068229575059377e-05,0.00017105160804931074,0.00015698338393121958,False,none
0,0,0.999990701675415,0.9901650547981262,9.277945537178311e-06,0.009834972210228443,0.009825694374740124,False,none
0,0,0.9998681545257568,0.9997374415397644,0.00013177443179301918,0.00026250595692545176,0.00013073152513243258,False,none
0,0,0.9999899864196777,0.5695570111274719,1.0030315024778247e-05,0.4304429888725281,0.4304329454898834,False,none
0,0,1.0,0.9989984631538391,4.515483542633092e-09,0.0010015296284109354,0.0010015250882133842,False,none
0,0,0.9970651268959045,0.8025192618370056,0.0029348572716116905,0.19748073816299438,0.19454587996006012,False,none
1,1,0.9288556575775146,0.648099958896637,0.9288556575775146,0.648099958896637,-0.2807556986808777,False,none
0,0,1.0,0.9995718598365784,7.07862790605418e-09,0.0004281214496586472,0.0004281143774278462,False,none
0,0,0.9999692440032959,0.9980244636535645,3.077900328207761e-05,0.0019755258690565825,0.0019447468221187592,False,none
0,0,0.9999997615814209,0.9548246264457703,2.8164458854007535e-07,0.04517536610364914,0.045175082981586456,False,none
0,0,0.999987006187439,0.998384952545166,1.3035789379500784e-05,0.0016150351148098707,0.001601999276317656,False,none
0,1,0.9999916553497314,0.5051572322845459,8.37414336274378e-06,0.5051572322845459,0.5051488876342773,True,disagreement
0,0,0.9981192946434021,0.9357955455780029,0.001880645751953125,0.06420449912548065,0.06232385337352753,False,none
0,0,0.999983549118042,0.9328973293304443,1.642139977775514e-05,0.06710271537303925,0.06708629429340363,False,none
0,0,0.9999924898147583,0.9958672523498535,7.539967100456124e-06,0.004132719710469246,0.004125179722905159,False,none
1,1,0.9996389150619507,0.9480515122413635,0.9996389150619507,0.9480515122413635,-0.05158740282058716,False,none
0,0,0.9999860525131226,0.8525555729866028,1.3994793334859423e-05,0.14744439721107483,0.1474304050207138,False,none
1,1,1.0,0.9996856451034546,1.0,0.9996856451034546,-0.00031435489654541016,False,none
1,1,1.0,0.5432894229888916,1.0,0.5432894229888916,-0.4567105770111084,False,none
0,0,0.9999566078186035,0.9971720576286316,4.3384938180679455e-05,0.0028279663529247046,0.0027845813892781734,False,none
0,0,0.9897952675819397,0.9950944185256958,0.01020466536283493,0.0049056317657232285,-0.005299033597111702,False,none
0,0,0.9999881982803345,0.999798595905304,1.174813041870948e-05,0.00020143699657637626,0.000189688871614635,False,none
1,0,0.9547024965286255,0.501575767993927,0.9547024965286255,0.4984242618083954,-0.4562782347202301,True,disagreement
0,0,0.9369957447052002,0.9037320613861084,0.0630042627453804,0.09626796096563339,0.03326369822025299,False,none
1,1,1.0,0.9998893737792969,1.0,0.9998893737792969,-0.000110626220703125,False,none
1,1,0.9999905824661255,0.9758021235466003,0.9999905824661255,0.9758021235466003,-0.024188458919525146,False,none
0,0,0.9999867677688599,0.9995535016059875,1.3251024029159453e-05,0.0004465017409529537,0.00043325070873834193,False,none
0,0,0.9999817609786987,0.9997972846031189,1.8274989997735247e-05,0.0002027146256295964,0.00018443963199388236,False,none
0,0,0.999995231628418,0.9841499924659729,4.765580342791509e-06,0.01585005410015583,0.01584528759121895,False,none
0,0,0.9999879598617554,0.9874753355979919,1.2077090104867239e-05,0.012524698860943317,0.012512621469795704,False,none
0,0,0.9999339580535889,0.9191922545433044,6.598779873456806e-05,0.08080779761075974,0.08074180781841278,False,none
0,0,1.0,0.9903856515884399,7.896082676595029e-10,0.009614391252398491,0.009614390321075916,False,none
0,0,0.9999997615814209,0.9927329421043396,2.652078592291218e-07,0.00726713240146637,0.007266866974532604,False,none
0,0,0.9999996423721313,0.9556151032447815,3.382497766324377e-07,0.04438495635986328,0.04438461735844612,False,none
0,0,0.999991774559021,0.99981290102005,8.267352313851006e-06,0.00018711983284447342,0.00017885248234961182,False,none
0,0,0.9999783039093018,0.5023671388626099,2.1679215933545493e-05,0.49763280153274536,0.4976111352443695,False,none
1,1,1.0,0.9998745918273926,1.0,0.9998745918273926,-0.00012540817260742188,False,none
0,0,0.9998738765716553,0.998802900314331,0.00012615261948667467,0.001197130186483264,0.0010709775378927588,False,none
1,1,1.0,0.6324641108512878,1.0,0.6324641108512878,-0.36753588914871216,False,none
0,1,0.9999908208847046,0.6624610424041748,9.193523510475643e-06,0.6624610424041748,0.6624518632888794,True,"disagreement,high_confidence_disagreement"
0,0,0.9999567270278931,0.9972892999649048,4.321324377087876e-05,0.0027106781490147114,0.002667465014383197,False,none
0,0,0.998988687992096,0.9679523706436157,0.0010113227181136608,0.03204770386219025,0.0310363806784153,False,none
0,0,1.0,0.9908776879310608,2.1529751315085832e-09,0.009122361429035664,0.009122359566390514,False,none
0,0,0.9991108775138855,0.9861897826194763,0.0008890933240763843,0.013810241594910622,0.012921147979795933,False,none
0,0,0.9999954700469971,0.9966160655021667,4.573727437673369e-06,0.0033839712850749493,0.0033793975599110126,False,none
0,0,0.9999252557754517,0.9690905809402466,7.473539153579623e-05,0.030909430235624313,0.03083469532430172,False,none
0,0,0.9999524354934692,0.984241783618927,4.761939635500312e-05,0.01575823314487934,0.01571061462163925,False,none
0,0,0.9999505281448364,0.939227819442749,4.947257912135683e-05,0.06077220290899277,0.06072273105382919,False,none
1,1,1.0,0.5934337377548218,1.0,0.5934337377548218,-0.4065662622451782,False,none
0,0,0.999987006187439,0.9976906776428223,1.3030979062023107e-05,0.0023093840572983027,0.002296352991834283,False,none
0,0,0.9999712705612183,0.9576783180236816,2.867327020794619e-05,0.042321689426898956,0.042293015867471695,False,none
0,0,0.9999998807907104,0.9962626099586487,1.1778499953152277e-07,0.0037373637314885855,0.0037372459191828966,False,none
1,1,0.999990701675415,0.9847596287727356,0.999990701675415,0.9847596287727356,-0.015231072902679443,False,none
1,1,1.0,0.5374644994735718,1.0,0.5374644994735718,-0.4625355005264282,False,none
0,0,0.999974250793457,0.9877447485923767,2.5776858819881454e-05,0.012255287729203701,0.012229510582983494,False,none
0,0,0.9999845027923584,0.9948632121086121,1.5509012882830575e-05,0.005136825609952211,0.005121316760778427,False,none
0,0,0.999985933303833,0.5454504489898682,1.4119817024038639e-05,0.4545495808124542,0.45453545451164246,False,none
0,0,0.9990757703781128,0.9986879229545593,0.0009242129744961858,0.0013120691291987896,0.0003878561547026038,False,none
0,0,0.9999979734420776,0.9936129450798035,1.9950721252826042e-06,0.006387110333889723,0.0063851154409348965,False,none
1,1,0.9999996423721313,0.9726912379264832,0.9999996423721313,0.9726912379264832,-0.027308404445648193,False,none
0,1,0.9998973608016968,0.9237750172615051,0.00010267630568705499,0.9237750172615051,0.9236723184585571,True,"disagreement,high_confidence_disagreement"
0,0,0.9997043013572693,0.9989445805549622,0.0002956767566502094,0.0010554649634286761,0.0007597882067784667,False,none
0,1,0.7839987874031067,0.9751707315444946,0.21600119769573212,0.9751707315444946,0.7591695189476013,True,"disagreement,high_confidence_disagreement"
0,0,0.9999892711639404,0.9986239671707153,1.075787986337673e-05,0.0013760094298049808,0.0013652516063302755,False,none
0,0,0.9999916553497314,0.9897873401641846,8.332821380463429e-06,0.01021270826458931,0.010204375721514225,False,none
0,0,0.9995856881141663,0.94820636510849,0.0004143209953326732,0.05179361626505852,0.05137929692864418,False,none
0,0,0.9999934434890747,0.9991604089736938,6.550349553435808e-06,0.0008395501645281911,0.000832999823614955,False,none
0,0,0.9999898672103882,0.9998353719711304,1.0173966984439176e-05,0.0001646187447477132,0.00015444477321580052,False,none
1,1,1.0,0.7324386239051819,1.0,0.7324386239051819,-0.2675613760948181,False,none
0,0,0.9999935626983643,0.9974212646484375,6.46936996417935e-06,0.0025787153281271458,0.0025722458958625793,False,none
0,0,0.9999366998672485,0.9936641454696655,6.33067247690633e-05,0.006335903890430927,0.00627259723842144,False,none
0,0,1.0,0.9952942728996277,5.039202832790579e-09,0.004705725237727165,0.004705720115453005,False,none
0,0,0.9999847412109375,0.9997968077659607,1.5265921319951303e-05,0.00020326217054389417,0.00018799625104293227,False,none
0,0,0.9999904632568359,0.9976038336753845,9.534855962556321e-06,0.002396142575889826,0.0023866076953709126,False,none
0,0,0.9999972581863403,0.9404272437095642,2.71722933575802e-06,0.05957280099391937,0.059570085257291794,False,none
0,0,0.9999933242797852,0.9981940388679504,6.691107955703046e-06,0.001806026790291071,0.001799335703253746,False,none
0,0,0.9999932050704956,0.9994749426841736,6.805440534662921e-06,0.0005250700633041561,0.0005182645982131362,False,none
0,0,0.9996640682220459,0.939895749092102,0.00033598236041143537,0.060104236006736755,0.059768252074718475,False,none
0,0,1.0,0.9898334741592407,5.349653608988092e-09,0.010166587308049202,0.010166581720113754,False,none
1,1,0.9989421963691711,0.5158119797706604,0.9989421963691711,0.5158119797706604,-0.48313021659851074,False,none
0,0,0.6743625998497009,0.925652265548706,0.3256374001502991,0.07434771955013275,-0.2512896656990051,False,none
0,0,0.9999905824661255,0.8795485496520996,9.419082743988838e-06,0.12045150250196457,0.12044208496809006,False,none
0,0,0.9953151941299438,0.6525039672851562,0.004684849642217159,0.34749603271484375,0.3428111970424652,False,none
0,0,0.9999818801879883,0.9998251795768738,1.80767983692931e-05,0.00017487318837083876,0.00015679639182053506,False,none
0,0,0.9999693632125854,0.9971014857292175,3.0657258321298286e-05,0.002898511476814747,0.0028678542003035545,False,none
0,0,0.9999644756317139,0.9881525635719299,3.557168383849785e-05,0.011847482062876225,0.011811910197138786,False,none
0,0,0.9998780488967896,0.9995970129966736,0.00012198880722280592,0.0004030408163089305,0.00028105202363803983,False,none
0,0,0.9996945858001709,0.9957897067070007,0.00030540511943399906,0.004210254643112421,0.003904849523678422,False,none
0,0,0.9999911785125732,0.9975298047065735,8.879615961632226e-06,0.0024702087976038456,0.0024613291025161743,False,none
0,0,0.9999966621398926,0.9613864421844482,3.3415394682378974e-06,0.03861361742019653,0.03861027583479881,False,none
0,1,0.9999908208847046,0.5086421966552734,9.219170351570938e-06,0.5086421966552734,0.5086329579353333,True,disagreement
0,0,0.9999842643737793,0.9996851682662964,1.5690236978116445e-05,0.00031483935890719295,0.0002991491346620023,False,none
0,0,0.999966025352478,0.9995688796043396,3.3960564906010404e-05,0.0004311419324949384,0.0003971813712269068,False,none
1,1,0.6934273838996887,0.7775529026985168,0.6934273838996887,0.7775529026985168,0.08412551879882812,False,none
0,0,0.9998674392700195,0.9317213892936707,0.00013252634380478412,0.06827861070632935,0.06814608722925186,False,none
1,1,0.8508824110031128,0.9982196688652039,0.8508824110031128,0.9982196688652039,0.14733725786209106,False,none
0,0,0.999992847442627,0.9978565573692322,7.199892479547998e-06,0.0021434202790260315,0.002136220457032323,False,none
0,0,0.9999916553497314,0.9997583031654358,8.340954082086682e-06,0.00024165290233213454,0.00023331194825004786,False,none
0,0,0.9999648332595825,0.7882335186004639,3.512188050081022e-05,0.2117665410041809,0.211731418967247,False,none
0,1,0.999950647354126,0.5376195311546326,4.935905599268153e-05,0.5376195311546326,0.5375701785087585,True,disagreement
0,0,0.9999775886535645,0.9869822859764099,2.2412687030737288e-05,0.01301776897162199,0.012995356693863869,False,none
0,0,0.9999953508377075,0.9678118824958801,4.707486823463114e-06,0.03218815103173256,0.0321834422647953,False,none
0,0,0.9999871253967285,0.9845463037490845,1.284887457586592e-05,0.015453719533979893,0.015440871007740498,False,none
0,1,0.7115961313247681,0.9959671497344971,0.2884038984775543,0.9959671497344971,0.7075632810592651,True,"disagreement,high_confidence_disagreement"
0,0,0.9999815225601196,0.999840259552002,1.8437633116263896e-05,0.00015975054702721536,0.00014131292118690908,False,none
0,0,0.9999871253967285,0.9976397752761841,1.2929092008562293e-05,0.0023602198343724012,0.002347290748730302,False,none
0,0,1.0,0.9995380640029907,3.4241631752252033e-09,0.00046191574074327946,0.00046191230649128556,False,none
0,0,0.9999873638153076,0.9782128930091858,1.2637351574085187e-05,0.021787108853459358,0.021774470806121826,False,none
0,0,0.9999997615814209,0.9704955220222473,2.2315751380119764e-07,0.029504479840397835,0.029504256322979927,False,none
0,0,0.9999215602874756,0.999257504940033,7.841179467504844e-05,0.0007425167714245617,0.0006641049985773861,False,none
0,0,0.9999655485153198,0.968851625919342,3.443588866502978e-05,0.03114837035536766,0.03111393377184868,False,none
0,0,0.9999861717224121,0.9997707009315491,1.3844657587469555e-05,0.0002292534481966868,0.00021540878515224904,False,none
0,0,0.9999860525131226,0.9730769991874695,1.393605907651363e-05,0.026922928169369698,0.02690899185836315,False,none
0,0,0.9995161294937134,0.7736294269561768,0.0004839157627429813,0.22637057304382324,0.22588665783405304,False,none
1,0,0.7156208157539368,0.8437060117721558,0.7156208157539368,0.15629394352436066,-0.5593268871307373,True,disagreement
0,0,0.9999912977218628,0.9996591806411743,8.65226593305124e-06,0.00034079092438332736,0.000332138646626845,False,none
0,0,0.9999961853027344,0.9992337226867676,3.771035153476987e-06,0.0007663400028832257,0.0007625689613632858,False,none
1,1,1.0,0.9999778270721436,1.0,0.9999778270721436,-2.2172927856445312e-05,False,none
0,0,0.9999793767929077,0.9996285438537598,2.0673698600148782e-05,0.0003714637132361531,0.00035079001099802554,False,none
1,1,1.0,0.9999731779098511,1.0,0.9999731779098511,-2.682209014892578e-05,False,none
0,0,0.9999901056289673,0.9917610883712769,9.903338650474325e-06,0.008238949812948704,0.008229046128690243,False,none
1,1,0.9878981709480286,0.977601170539856,0.9878981709480286,0.977601170539856,-0.010297000408172607,False,none
1,1,1.0,0.9999866485595703,1.0,0.9999866485595703,-1.33514404296875e-05,False,none
0,0,0.9999492168426514,0.9565401077270508,5.073854117654264e-05,0.04345986247062683,0.04340912401676178,False,none
0,0,0.9999048709869385,0.9788478016853333,9.514952398603782e-05,0.02115223929286003,0.021057089790701866,False,none
1,1,1.0,0.9998478889465332,1.0,0.9998478889465332,-0.00015211105346679688,False,none
0,0,0.999985933303833,0.9846771955490112,1.4025041309650987e-05,0.01532281469553709,0.015308789908885956,False,none
0,0,0.9999996423721313,0.9867081642150879,3.122600560345745e-07,0.013291834853589535,0.013291522860527039,False,none
0,0,0.9961626529693604,0.8990380167961121,0.003837354714050889,0.10096204280853271,0.09712468832731247,False,none
0,0,0.9999853372573853,0.9972519278526306,1.466205867473036e-05,0.002748126396909356,0.002733464352786541,False,none
0,0,0.9999936819076538,0.9974357485771179,6.278431555983843e-06,0.0025642935652285814,0.002558015054091811,False,none
0,0,0.9999830722808838,0.9997382760047913,1.6909927580854855e-05,0.00026170481578446925,0.0002447948791086674,False,none
0,0,0.9999998807907104,0.9973046779632568,1.152044077912251e-07,0.0026952698826789856,0.002695154631510377,False,none
0,0,0.9999865293502808,0.9975976347923279,1.3482613212545402e-05,0.0024023123551160097,0.002388829831033945,False,none
0,0,1.0,0.9986710548400879,8.79213768456566e-09,0.0013290037168189883,0.0013289948692545295,False,none
0,1,0.8134231567382812,0.9420499205589294,0.18657679855823517,0.9420499205589294,0.7554731369018555,True,"disagreement,high_confidence_disagreement"
0,0,0.9999817609786987,0.9994311928749084,1.821991099859588e-05,0.0005687441444024444,0.0005505242152139544,False,none
1,1,0.9994775652885437,0.906960666179657,0.9994775652885437,0.906960666179657,-0.09251689910888672,False,none
0,0,0.9999555349349976,0.9999098777770996,4.444814476300962e-05,9.011732618091628e-05,4.566918141790666e-05,False,none
0,0,0.9999707937240601,0.9929385781288147,2.9218826966825873e-05,0.007061467505991459,0.00703224865719676,False,none
0,0,0.9999910593032837,0.9991452693939209,8.906643415684812e-06,0.000854691956192255,0.0008457853109575808,False,none
0,0,0.9562249779701233,0.7028505802154541,0.04377499967813492,0.2971494197845459,0.2533744275569916,False,none
0,0,1.0,0.9998016953468323,1.86776016875001e-09,0.0001982673566089943,0.00019826549396384507,False,none
0,0,0.9999744892120361,0.9914124011993408,2.5478304451098666e-05,0.008587558753788471,0.008562080562114716,False,none
0,0,0.9999921321868896,0.9969742298126221,7.854429895814974e-06,0.0030257978942245245,0.003017943352460861,False,none
0,1,0.9999675750732422,0.7107038497924805,3.242118327762e-05,0.7107038497924805,0.7106714248657227,True,"disagreement,high_confidence_disagreement"
0,0,1.0,0.9997953772544861,4.219401006366752e-08,0.00020464052795432508,0.00020459832740016282,False,none
1,1,1.0,0.9998787641525269,1.0,0.9998787641525269,-0.00012123584747314453,False,none
0,1,0.9999849796295166,0.507757306098938,1.5033147974463645e-05,0.507757306098938,0.5077422857284546,True,disagreement
0,0,0.9999898672103882,0.972052812576294,1.011886888591107e-05,0.027947116643190384,0.027936996892094612,False,none
0,0,0.9999909400939941,0.848703145980835,9.034865797730163e-06,0.15129688382148743,0.15128785371780396,False,none
0,0,0.999219536781311,0.9990610480308533,0.0007804113556630909,0.0009389279875904322,0.00015851663192734122,False,none
0,0,0.9999942779541016,0.9997761845588684,5.726828931074124e-06,0.00022377941058948636,0.00021805257711093873,False,none
0,0,0.9999877214431763,0.9994164705276489,1.2250193321960978e-05,0.0005835387273691595,0.0005712885176762938,False,none
0,0,1.0,0.9988967180252075,4.97083476602711e-08,0.0011033102637156844,0.0011032605543732643,False,none
0,1,0.9999347925186157,0.715636134147644,6.514671258628368e-05,0.715636134147644,0.7155709862709045,True,"disagreement,high_confidence_disagreement"
0,0,0.9999856948852539,0.7884897589683533,1.4308150639408268e-05,0.21151018142700195,0.21149587631225586,False,none
0,0,0.9999872446060181,0.9892053604125977,1.2725660781143233e-05,0.010794633999466896,0.01078190840780735,False,none
1,1,1.0,0.999994158744812,1.0,0.999994158744812,-5.841255187988281e-06,False,none
0,0,0.999991774559021,0.996752917766571,8.239096132456325e-06,0.0032469998113811016,0.003238760633394122,False,none
0,0,0.999961256980896,0.9635266065597534,3.870208820444532e-05,0.03647339716553688,0.03643469512462616,False,none
0,0,0.999990701675415,0.9583665132522583,9.334908099845052e-06,0.04163353145122528,0.041624195873737335,False,none
0,0,0.9999412298202515,0.9999082088470459,5.871425673831254e-05,9.17598808882758e-05,3.304562414996326e-05,False,none
0,0,0.9999858140945435,0.9502336978912354,1.4143695807433687e-05,0.04976624995470047,0.04975210502743721,False,none
0,0,0.9886927604675293,0.9889743328094482,0.011307227425277233,0.011025642044842243,-0.00028158538043498993,False,none
0,0,0.9999802112579346,0.9997772574424744,1.9818357031908818e-05,0.00022279394033830613,0.00020297558512538671,False,none
0,0,0.9999833106994629,0.9864292144775391,1.6644813513266854e-05,0.013570763170719147,0.013554118573665619,False,none
0,1,0.9829535484313965,0.5789210200309753,0.017046498134732246,0.5789210200309753,0.561874508857727,True,disagreement
0,0,0.9999822378158569,0.9940885305404663,1.77658748725662e-05,0.005911441519856453,0.005893675610423088,False,none
0,0,0.9999788999557495,0.9994949102401733,2.1100506273796782e-05,0.0005050729378126562,0.0004839724279008806,False,none
0,0,0.9999915361404419,0.9998701810836792,8.504994184477255e-06,0.0001297428534599021,0.00012123785563744605,False,none
0,0,0.9999831914901733,0.9113032817840576,1.6863645214471035e-05,0.08869664371013641,0.08867978304624557,False,none
0,0,0.9999909400939941,0.9950450658798218,9.034873983182479e-06,0.00495488103479147,0.004945846274495125,False,none
1,1,0.9999994039535522,0.9990782737731934,0.9999994039535522,0.9990782737731934,-0.0009211301803588867,False,none
0,1,0.967870831489563,0.5281897783279419,0.03212922438979149,0.5281897783279419,0.4960605502128601,True,disagreement
0,0,0.9999998807907104,0.9940687417984009,1.0165017272356636e-07,0.0059312377125024796,0.0059311361983418465,False,none
0,0,0.9999957084655762,0.9231688380241394,4.286993771529524e-06,0.0768311396241188,0.07682685554027557,False,none
0,0,1.0,0.9989675283432007,5.418489834596585e-08,0.0010325133334845304,0.001032459200359881,False,none
0,0,0.9999997615814209,0.9986734390258789,2.4870294623724476e-07,0.0013266148744150996,0.0013263662112876773,False,none
0,0,0.9884508848190308,0.9755560159683228,0.011549083516001701,0.024443944916129112,0.012894861400127411,False,none
0,0,0.9994187355041504,0.9983865022659302,0.0005812910967506468,0.0016135519836097956,0.0010322609450668097,False,none
0,1,0.613974928855896,0.5095832943916321,0.386025071144104,0.5095832943916321,0.12355822324752808,True,disagreement
1,1,0.9958028197288513,0.949887216091156,0.9958028197288513,0.949887216091156,-0.04591560363769531,False,none
1,1,0.9999998807907104,0.9991723299026489,0.9999998807907104,0.9991723299026489,-0.0008275508880615234,False,none
0,0,0.8596296310424805,0.942699134349823,0.14037036895751953,0.057300906628370285,-0.08306945860385895,False,none
0,0,0.9555483460426331,0.9883126616477966,0.044451646506786346,0.011687329970300198,-0.032764315605163574,False,none
0,0,0.9999845027923584,0.9991371035575867,1.5460367649211548e-05,0.0008629670483060181,0.0008475066861137748,False,none
0,0,0.9937845468521118,0.9328921437263489,0.006215451750904322,0.06710784137248993,0.060892388224601746,False,none
0,0,0.9885405898094177,0.984274685382843,0.011459378525614738,0.015725333243608475,0.004265954717993736,False,none
0,0,0.9999891519546509,0.9994645714759827,1.0853241292352322e-05,0.0005353802698664367,0.0005245270440354943,False,none
0,0,0.9999116659164429,0.9491637945175171,8.827673445921391e-05,0.05083616077899933,0.05074788257479668,False,none
0,0,0.9996744394302368,0.9660835862159729,0.00032555192592553794,0.033916398882865906,0.03359084576368332,False,none
0,0,0.9999805688858032,0.998928964138031,1.9436913134995848e-05,0.0010710784699767828,0.001051641535013914,False,none
0,0,0.998256266117096,0.6955758929252625,0.0017436954658478498,0.3044240176677704,0.3026803135871887,False,none
0,0,0.9999843835830688,0.9995998740196228,1.5654877643100917e-05,0.00040018357685767114,0.00038452871376648545,False,none
0,0,0.9999258518218994,0.9647310972213745,7.412033301079646e-05,0.0352688804268837,0.0351947583258152,False,none
0,1,0.9999158382415771,0.5541027188301086,8.413055911660194e-05,0.5541027188301086,0.5540186166763306,True,disagreement
0,0,0.9999643564224243,0.6426353454589844,3.5637145629152656e-05,0.3573647439479828,0.3573291003704071,False,none
0,0,0.9999771118164062,0.9996284246444702,2.2918000468052924e-05,0.0003715061757247895,0.00034858816070482135,False,none
0,1,0.996878981590271,0.5394321084022522,0.003121043788269162,0.5394321084022522,0.5363110899925232,True,disagreement
0,0,1.0,0.9987927675247192,5.045648165946659e-08,0.001207188586704433,0.001207138178870082,False,none
0,0,0.9999537467956543,0.9854297637939453,4.624839129974134e-05,0.014570236206054688,0.014523987658321857,False,none
0,0,0.9695837497711182,0.9978405237197876,0.03041623905301094,0.002159407828003168,-0.02825683169066906,False,none
1,1,1.0,0.9997748732566833,1.0,0.9997748732566833,-0.0002251267433166504,False,none
0,0,0.9999929666519165,0.9915289878845215,6.9738980528200045e-06,0.008471008390188217,0.008464034646749496,False,none
0,0,0.9999868869781494,0.9993788003921509,1.3100194337312132e-05,0.0006211856380105019,0.0006080854218453169,False,none
1,1,0.9430545568466187,0.525547981262207,0.9430545568466187,0.525547981262207,-0.4175065755844116,False,none
0,0,0.9999862909317017,0.99739009141922,1.3714313354284968e-05,0.002609874587506056,0.002596160164102912,False,none
0,0,0.9999935626983643,0.9973758459091187,6.377776117005851e-06,0.0026241117157042027,0.002617734018713236,False,none
0,0,0.9986205101013184,0.9321540594100952,0.0013794746482744813,0.06784601509571075,0.06646654009819031,False,none
0,0,0.9999998807907104,0.9898419976234436,1.5252720686476096e-07,0.010158011689782143,0.010157858952879906,False,none
0,0,0.9959332346916199,0.9668563604354858,0.004066808614879847,0.03314370661973953,0.029076898470520973,False,none
1,1,1.0,0.5316275954246521,1.0,0.5316275954246521,-0.4683724045753479,False,none
0,0,0.9999889135360718,0.9998775720596313,1.111784513341263e-05,0.00012243070523254573,0.0001113128600991331,False,none
0,1,0.98524010181427,0.5657646059989929,0.01475991029292345,0.5657646059989929,0.5510047078132629,True,disagreement
0,0,0.999967098236084,0.9984563589096069,3.2955351343844086e-05,0.0015436684479936957,0.0015107131330296397,False,none
1,1,1.0,0.9999814033508301,1.0,0.9999814033508301,-1.8596649169921875e-05,False,none
0,0,0.9999374151229858,0.9316771626472473,6.257805944187567e-05,0.06832278519868851,0.06826020777225494,False,none
0,0,0.9998549222946167,0.9979134202003479,0.00014499986718874425,0.002086593536660075,0.0019415937131270766,False,none
1,1,1.0,0.9985557198524475,1.0,0.9985557198524475,-0.0014442801475524902,False,none
0,0,0.9999758005142212,0.9995383024215698,2.415620292595122e-05,0.00046167231630533934,0.0004375161079224199,False,none
0,0,1.0,0.9996063113212585,1.389321102607255e-08,0.0003936641151085496,0.00039365023258142173,False,none
0,0,0.9999943971633911,0.9984331727027893,5.550273726839805e-06,0.0015667618717998266,0.0015612116549164057,False,none
0,0,0.9999744892120361,0.7242817878723145,2.5483092031208798e-05,0.27571815252304077,0.2756926715373993,False,none
0,0,0.9999916553497314,0.9977948665618896,8.346030881511979e-06,0.002205180237069726,0.0021968341898173094,False,none
0,0,0.9999996423721313,0.9936447143554688,3.0784960358687385e-07,0.006355280987918377,0.0063549731858074665,False,none
1,1,1.0,0.9992181062698364,1.0,0.9992181062698364,-0.0007818937301635742,False,none
0,0,0.9999998807907104,0.9985468983650208,6.001829433444072e-08,0.0014530260814353824,0.0014529660111293197,False,none
0,0,0.999993085861206,0.9137176871299744,6.951031082280679e-06,0.08628230541944504,0.08627535402774811,False,none
0,1,0.9999783039093018,0.5857174396514893,2.1702218873542733e-05,0.5857174396514893,0.585695743560791,True,disagreement
0,0,0.9999939203262329,0.9466542601585388,6.0825623222626746e-06,0.05334574356675148,0.05333966016769409,False,none
0,0,0.9999881982803345,0.9998214840888977,1.1770491255447268e-05,0.00017850077711045742,0.00016673028585501015,False,none
0,0,0.9999542236328125,0.9857014417648315,4.577281288220547e-05,0.01429859921336174,0.014252826571464539,False,none
0,0,0.999848484992981,0.9539793729782104,0.0001514403847977519,0.04602063074707985,0.045869190245866776,False,none
0,0,0.9999816417694092,0.9991124272346497,1.8375792933511548e-05,0.000887540983967483,0.0008691651746630669,False,none
0,0,0.9999798536300659,0.9958099126815796,2.0138932086410932e-05,0.00419007521122694,0.004169936291873455,False,none
0,0,0.9999943971633911,0.9959166646003723,5.610329480987275e-06,0.004083380103111267,0.0040777698159217834,False,none
0,0,0.9999771118164062,0.9989431500434875,2.291957389388699e-05,0.0010568298166617751,0.0010339102009311318,False,none
0,0,0.9999891519546509,0.9998706579208374,1.0827044206962455e-05,0.00012933141260873526,0.0001185043656732887,False,none
0,0,0.9999885559082031,0.9979087114334106,1.147178772953339e-05,0.0020913751795887947,0.002079903380945325,False,none
0,0,0.9999880790710449,0.9951104521751404,1.1883788829436526e-05,0.0048895711079239845,0.004877687431871891,False,none
0,0,0.9986761212348938,0.951521635055542,0.0013238955289125443,0.04847840219736099,0.0471545085310936,False,none
0,0,0.9999805688858032,0.997755229473114,1.949013130797539e-05,0.0022448142990469933,0.0022253242786973715,False,none
0,0,0.9999697208404541,0.999550998210907,3.0291259463410825e-05,0.000449020677478984,0.00041872941073961556,False,none
0,0,0.9999818801879883,0.9996709823608398,1.817297379602678e-05,0.0003290843451395631,0.0003109113604295999,False,none
0,0,0.9999746084213257,0.6861975789070129,2.5395536795258522e-05,0.31380245089530945,0.31377705931663513,False,none
0,0,0.9999755620956421,0.9994916915893555,2.4447563191642985e-05,0.0005083253490738571,0.0004838777822442353,False,none
0,1,0.9996663331985474,0.6198388934135437,0.0003337019879836589,0.6198388934135437,0.6195051670074463,True,"disagreement,high_confidence_disagreement"
0,0,0.9999867677688599,0.9907007217407227,1.3261719686852302e-05,0.009299238212406635,0.009285976178944111,False,none
1,1,1.0,0.9998587369918823,1.0,0.9998587369918823,-0.00014126300811767578,False,none
0,0,0.9999839067459106,0.9594978094100952,1.6151267118402757e-05,0.04050223156809807,0.04048607870936394,False,none
0,0,0.758225679397583,0.8890329003334045,0.2417742758989334,0.11096702516078949,-0.13080725073814392,False,none
1,1,0.635089635848999,0.9847012758255005,0.635089635848999,0.9847012758255005,0.34961163997650146,False,none
0,0,1.0,0.9948623776435852,7.0846928323931024e-09,0.005137561354786158,0.005137554369866848,False,none
0,0,0.9999769926071167,0.9975879192352295,2.3051137759466656e-05,0.00241208472289145,0.0023890335578471422,False,none
0,0,0.9999896287918091,0.9994144439697266,1.0385892892372794e-05,0.0005856074276380241,0.0005752215511165559,False,none
0,0,0.9999786615371704,0.7882888913154602,2.139076059393119e-05,0.2117111086845398,0.21168971061706543,False,none
0,1,0.9988627433776855,0.8797569870948792,0.0011372343869879842,0.8797569870948792,0.8786197304725647,True,"disagreement,high_confidence_disagreement"
0,0,0.9999433755874634,0.9991534948348999,5.666931247105822e-05,0.000846529786940664,0.0007898604962974787,False,none
0,0,0.9999810457229614,0.5668298006057739,1.9009150491910987e-05,0.43317025899887085,0.4331512451171875,False,none
0,0,0.9999947547912598,0.9065632820129395,5.207064532442018e-06,0.09343670308589935,0.0934314951300621,False,none
0,0,0.9999755620956421,0.7955830097198486,2.449657222314272e-05,0.20441704988479614,0.20439255237579346,False,none
0,0,0.9999985694885254,0.9932819604873657,1.4760523754375754e-06,0.00671797152608633,0.006716495379805565,False,none
0,0,0.9999948740005493,0.9954236149787903,5.070809038443258e-06,0.004576418083161116,0.004571347497403622,False,none
0,0,0.999967098236084,0.9936553239822388,3.28750247717835e-05,0.006344699766486883,0.006311824545264244,False,none
0,0,0.9999955892562866,0.9878414273262024,4.385355168778915e-06,0.012158642522990704,0.01215425692498684,False,none
0,0,0.9999853372573853,0.9993365406990051,1.465733384975465e-05,0.0006634077290073037,0.0006487503997050226,False,none
0,0,0.999901533126831,0.9995747208595276,9.840219718171284e-05,0.00042527823825366795,0.0003268760337959975,False,none
1,1,1.0,0.9995550513267517,1.0,0.9995550513267517,-0.000444948673248291,False,none
0,0,0.9998388290405273,0.6280443072319031,0.00016117563063744456,0.3719557225704193,0.37179455161094666,False,none
0,1,0.9999746084213257,0.5081364512443542,2.533742917876225e-05,0.5081364512443542,0.5081111192703247,True,disagreement
1,1,1.0,0.999988317489624,1.0,0.999988317489624,-1.1682510375976562e-05,False,none
0,0,0.9999268054962158,0.9926663041114807,7.316805567825213e-05,0.00733373686671257,0.007260568905621767,False,none
0,1,0.999832272529602,0.8562170267105103,0.00016768551722634584,0.8562170267105103,0.8560493588447571,True,"disagreement,high_confidence_disagreement"
0,0,0.9999891519546509,0.9930358529090881,1.0907217983913142e-05,0.006964101456105709,0.0069531942717731,False,none
0,0,0.9999927282333374,0.9996916055679321,7.315470611501951e-06,0.0003083718765992671,0.00030105639598332345,False,none
0,0,0.9999885559082031,0.9961994290351868,1.1478288797661662e-05,0.00380061287432909,0.003789134556427598,False,none
0,0,1.0,0.9999032020568848,1.0041474318711607e-08,9.684693941380829e-05,9.683689859230071e-05,False,none
0,0,0.999991774559021,0.5861111283302307,8.168728527380154e-06,0.4138889014720917,0.41388073563575745,False,none
0,0,0.9999935626983643,0.9769962430000305,6.407917680917308e-06,0.02300374209880829,0.022997334599494934,False,none
0,0,0.9999805688858032,0.8954270482063293,1.9393088223296218e-05,0.10457294434309006,0.10455355048179626,False,none
0,0,0.9999778270721436,0.9846461415290833,2.2122250811662525e-05,0.015353846363723278,0.015331723727285862,False,none
0,0,0.9999918937683105,0.9693666100502014,8.057139893935528e-06,0.03063342347741127,0.030625365674495697,False,none
0,0,0.999987006187439,0.9998874664306641,1.2958370462001767e-05,0.00011248340888414532,9.952503751264885e-05,False,none
0,0,0.9913062453269958,0.9839353561401367,0.008693781681358814,0.016064593568444252,0.007370811887085438,False,none
0,0,0.9999909400939941,0.9982916712760925,9.058868272404652e-06,0.0017083266284316778,0.0016992677701637149,False,none
0,0,0.9999054670333862,0.9996817111968994,9.451857476960868e-05,0.0003183572262059897,0.00022383865143638104,False,none
1,1,1.0,0.999969482421875,1.0,0.999969482421875,-3.0517578125e-05,False,none
0,0,0.9999293088912964,0.9995406866073608,7.0633199356962e-05,0.00045928574400022626,0.0003886525519192219,False,none
0,0,0.9999797344207764,0.9990144968032837,2.0207495253998786e-05,0.0009854983072727919,0.0009652908192947507,False,none
0,0,0.999994158744812,0.9996857643127441,5.7821239352051634e-06,0.00031424019834958017,0.00030845808214507997,False,none
0,0,0.9998086094856262,0.9955794215202332,0.00019136762421112508,0.004420521669089794,0.004229153972119093,False,none
1,1,1.0,0.9928684830665588,1.0,0.9928684830665588,-0.007131516933441162,False,none
0,0,0.9988779425621033,0.6594243049621582,0.0011220937594771385,0.3405757248401642,0.33945363759994507,False,none
0,0,0.9999947547912598,0.993915855884552,5.200260602578055e-06,0.006084156688302755,0.00607895664870739,False,none
0,0,0.9999926090240479,0.9974013566970825,7.3441019594611134e-06,0.002598717575892806,0.002591373398900032,False,none
0,0,0.999985933303833,0.9928471446037292,1.405692455591634e-05,0.007152931299060583,0.007138874381780624,False,none
1,1,1.0,0.999969482421875,1.0,0.999969482421875,-3.0517578125e-05,False,none
0,0,0.9999897480010986,0.9984014630317688,1.0195187314820942e-05,0.0015985614154487848,0.0015883662272244692,False,none
0,0,0.999998927116394,0.994507372379303,1.1157418384755147e-06,0.005492617376148701,0.005491501651704311,False,none
0,0,0.9999899864196777,0.9998878240585327,9.954165761882905e-06,0.00011214391270186752,0.00010218974784947932,False,none
0,0,0.9999983310699463,0.9425515532493591,1.7108791325881612e-06,0.05744841322302818,0.05744670331478119,False,none
0,1,0.999800980091095,0.8577557802200317,0.0001990041055250913,0.8577557802200317,0.8575567603111267,True,"disagreement,high_confidence_disagreement"
0,0,0.9999871253967285,0.5970751047134399,1.2907864402222913e-05,0.40292489528656006,0.4029119908809662,False,none
0,0,0.9999876022338867,0.9991932511329651,1.2427900401235092e-05,0.0008067305898293853,0.0007943026721477509,False,none
0,1,0.6409793496131897,0.9698829650878906,0.3590206205844879,0.9698829650878906,0.6108623743057251,True,"disagreement,high_confidence_disagreement"
0,0,0.9999809265136719,0.9866251945495605,1.9059685655520298e-05,0.01337476447224617,0.013355704955756664,False,none
1,1,1.0,0.9996871948242188,1.0,0.9996871948242188,-0.00031280517578125,False,none
1,1,1.0,0.9999775886535645,1.0,0.9999775886535645,-2.2411346435546875e-05,False,none
0,0,0.9999831914901733,0.9142139554023743,1.6772224626038224e-05,0.08578601479530334,0.08576924353837967,False,none
0,1,0.999924898147583,0.5151728987693787,7.513964374084026e-05,0.5151728987693787,0.5150977373123169,True,disagreement
1,1,1.0,0.9999637603759766,1.0,0.9999637603759766,-3.62396240234375e-05,False,none
0,0,0.9998703002929688,0.975749135017395,0.00012964144116267562,0.02425088919699192,0.024121247231960297,False,none
0,0,0.9999995231628418,0.9914034008979797,4.759439491408557e-07,0.008596662431955338,0.008596186526119709,False,none
0,0,0.99998939037323,0.997988224029541,1.0598856533761136e-05,0.0020117717795073986,0.002001172862946987,False,none
0,0,0.9999814033508301,0.6865882873535156,1.858659743447788e-05,0.313411682844162,0.31339308619499207,False,none
0,0,0.9999898672103882,0.9996335506439209,1.0187626685365103e-05,0.00036646955413743854,0.00035628193290904164,False,none
0,0,0.9999706745147705,0.9999663829803467,2.9369291951297782e-05,3.3589421946089715e-05,4.220129994791932e-06,False,none
0,0,0.9995086193084717,0.9564820528030396,0.0004913758602924645,0.043517887592315674,0.04302651062607765,False,none
0,0,0.9999924898147583,0.9974625110626221,7.5434340942592826e-06,0.0025374721735715866,0.002529928693547845,False,none
0,0,0.9999881982803345,0.9750096797943115,1.1793255907832645e-05,0.024990301579236984,0.024978509172797203,False,none
0,0,0.9999988079071045,0.9976061582565308,1.1905475503226626e-06,0.002393870847299695,0.0023926803842186928,False,none
1,1,0.9712920188903809,0.895950973033905,0.9712920188903809,0.895950973033905,-0.07534104585647583,False,none
0,0,0.9999903440475464,0.9985533356666565,9.684415999799967e-06,0.0014466861030086875,0.0014370016288012266,False,none
0,0,0.9994801878929138,0.9883562922477722,0.0005197913851588964,0.011643634177744389,0.011123842559754848,False,none
0,0,0.9999977350234985,0.9989386200904846,2.224731588285067e-06,0.0010613406775519252,0.0010591159807518125,False,none
1,1,0.9999145269393921,0.9877520799636841,0.9999145269393921,0.9877520799636841,-0.012162446975708008,False,none
0,1,0.933229923248291,0.9262615442276001,0.06677000969648361,0.9262615442276001,0.8594915270805359,True,"disagreement,high_confidence_disagreement"
0,0,0.9999970197677612,0.963285505771637,3.003458687089733e-06,0.03671454265713692,0.03671154007315636,False,none
0,0,0.9999891519546509,0.9985835552215576,1.0810391358972993e-05,0.0014164196327328682,0.0014056091895326972,False,none
0,0,0.9999841451644897,0.9935010075569153,1.5831417840672657e-05,0.006498952861875296,0.006483121309429407,False,none
0,0,0.9999946355819702,0.9259442090988159,5.419003628048813e-06,0.07405577600002289,0.07405035942792892,False,none
0,0,0.860845148563385,0.9555483460426331,0.13915486633777618,0.04445163533091545,-0.09470322728157043,False,none
1,1,1.0,0.9355692863464355,1.0,0.9355692863464355,-0.06443071365356445,False,none
0,0,0.9999779462814331,0.990942656993866,2.2003709091222845e-05,0.009057343006134033,0.009035339578986168,False,none
0,0,0.9991983771324158,0.9763808250427246,0.0008016060455702245,0.02361922524869442,0.022817619144916534,False,none
1,1,0.9999997615814209,0.5438334345817566,0.9999997615814209,0.5438334345817566,-0.4561663269996643,False,none
0,0,0.9999836683273315,0.9997469782829285,1.627559686312452e-05,0.00025296429521404207,0.00023668870562687516,False,none
0,0,0.999991774559021,0.9971001744270325,8.198354407795705e-06,0.0028998239431530237,0.0028916255105286837,False,none
1,1,0.9999377727508545,0.9898119568824768,0.9999377727508545,0.9898119568824768,-0.010125815868377686,False,none
0,0,0.9888991713523865,0.7125154733657837,0.01110090408474207,0.2874844968318939,0.27638357877731323,False,none
0,0,0.999990701675415,0.997698962688446,9.272090210288297e-06,0.002301060128957033,0.002291788114234805,False,none
1,1,0.9998375177383423,0.9651982188224792,0.9998375177383423,0.9651982188224792,-0.03463929891586304,False,none
0,0,0.999193012714386,0.9968396425247192,0.0008070143521763384,0.003160337684676051,0.0023533233907073736,False,none
0,0,0.9999639987945557,0.8208635449409485,3.598599505494349e-05,0.1791364550590515,0.17910046875476837,False,none
0,0,0.9999805688858032,0.9802148342132568,1.9466948288027197e-05,0.019785117357969284,0.01976565085351467,False,none
0,0,1.0,0.999962329864502,3.973614326469033e-09,3.769730028579943e-05,3.7693327612942085e-05,False,none
0,0,0.9999243021011353,0.9976279139518738,7.569167064502835e-05,0.0023721104953438044,0.002296418882906437,False,none
0,0,0.9999852180480957,0.977820098400116,1.4789360648137517e-05,0.02217986434698105,0.022165074944496155,False,none
1,1,0.9999732971191406,0.5139807462692261,0.9999732971191406,0.5139807462692261,-0.48599255084991455,False,none
0,0,0.9999710321426392,0.9744093418121338,2.8995653337915428e-05,0.025590693578124046,0.025561697781085968,False,none
1,1,1.0,0.9999817609786987,1.0,0.9999817609786987,-1.823902130126953e-05,False,none
0,0,0.999988317489624,0.9992296695709229,1.173767122963909e-05,0.000770284328609705,0.0007585466373711824,False,none
1,1,1.0,0.5312164425849915,1.0,0.5312164425849915,-0.46878355741500854,False,none
0,0,0.9999911785125732,0.9991769194602966,8.82323547557462e-06,0.000823109527118504,0.0008142862934619188,False,none
0,0,0.9999819993972778,0.9997639060020447,1.7973607100429945e-05,0.00023610182688571513,0.00021812821796629578,False,none
0,0,0.9999967813491821,0.9445152282714844,3.2588020530965878e-06,0.0554848238825798,0.05548156425356865,False,none
0,0,0.9999797344207764,0.9993289709091187,2.026305446634069e-05,0.0006710223387926817,0.0006507592624984682,False,none
0,0,0.9999790191650391,0.8852582573890686,2.101245627272874e-05,0.11474171280860901,0.11472070217132568,False,none
0,0,0.9999853372573853,0.9943960905075073,1.468727714382112e-05,0.005603924859315157,0.0055892374366521835,False,none
0,0,1.0,0.9984843134880066,1.0193303090488826e-08,0.0015157026937231421,0.0015156924491748214,False,none
0,0,0.9999921321868896,0.9975535273551941,7.857681339373812e-06,0.002446551574394107,0.002438694005832076,False,none
0,0,0.9999868869781494,0.99415522813797,1.306989634031197e-05,0.0058448584750294685,0.005831788759678602,False,none
0,0,0.9999189376831055,0.9995214939117432,8.10295096016489e-05,0.00047847669338807464,0.0003974471765104681,False,none
0,0,0.9999414682388306,0.9593358039855957,5.8524030464468524e-05,0.040664225816726685,0.04060570150613785,False,none
0,0,0.9999868869781494,0.9978079199790955,1.312162567046471e-05,0.0021920923609286547,0.0021789707243442535,False,none
0,0,0.9640337228775024,0.9329612255096436,0.03596630319952965,0.06703881919384003,0.03107251599431038,False,none
0,0,0.9999865293502808,0.9827231168746948,1.3459913134283852e-05,0.01727687567472458,0.017263416200876236,False,none
0,0,0.9999738931655884,0.915107250213623,2.6107250960194506e-05,0.08489271253347397,0.08486660569906235,False,none
0,0,0.9999797344207764,0.9901076555252075,2.0256156858522445e-05,0.009892318397760391,0.009872062131762505,False,none
0,0,0.9999896287918091,0.9983428716659546,1.0314546670997515e-05,0.0016570936422795057,0.0016467791283503175,False,none
0,0,0.9998713731765747,0.9002223610877991,0.00012861358118243515,0.09977756440639496,0.09964895248413086,False,none
1,1,0.9992749094963074,0.9820699691772461,0.9992749094963074,0.9820699691772461,-0.01720494031906128,False,none
0,0,1.0,0.998607337474823,2.9782135868572368e-08,0.0013926406390964985,0.0013926108367741108,False,none
0,0,0.9999852180480957,0.9997989535331726,1.476217857998563e-05,0.00020107047748751938,0.00018630830163601786,False,none
0,0,0.9999990463256836,0.9794418811798096,9.437266612621897e-07,0.020558195188641548,0.020557250827550888,False,none
1,1,0.9991366267204285,0.9999250173568726,0.9991366267204285,0.9999250173568726,0.0007883906364440918,False,none
1,1,0.9927553534507751,0.9984052777290344,0.9927553534507751,0.9984052777290344,0.005649924278259277,False,none
0,1,0.9999206066131592,0.6900562644004822,7.941481453599408e-05,0.6900562644004822,0.6899768710136414,True,"disagreement,high_confidence_disagreement"
0,0,0.9999802112579346,0.9690561890602112,1.9794426407315768e-05,0.03094375506043434,0.030923960730433464,False,none
0,1,0.999956488609314,0.5199955105781555,4.345802153693512e-05,0.5199955105781555,0.5199520587921143,True,disagreement
0,0,0.9999496936798096,0.998847484588623,5.033704292145558e-05,0.001152527634985745,0.001102190581150353,False,none
0,1,0.7720463871955872,0.7614341974258423,0.2279536873102188,0.7614341974258423,0.5334805250167847,True,disagreement
0,0,0.99998939037323,0.9977834820747375,1.0597249456623103e-05,0.00221659941598773,0.002206002129241824,False,none
0,1,0.8866068124771118,0.5363378524780273,0.11339317262172699,0.5363378524780273,0.42294466495513916,True,disagreement
0,0,0.999982476234436,0.9898871779441833,1.756522942741867e-05,0.01011277362704277,0.010095207951962948,False,none
0,0,0.995231568813324,0.8876152038574219,0.004768424201756716,0.1123848557472229,0.10761643201112747,False,none
0,0,0.9999924898147583,0.9979690909385681,7.557222943432862e-06,0.0020308333914726973,0.00202327617444098,False,none
0,0,0.9999831914901733,0.9995224475860596,1.6850237443577498e-05,0.000477588182548061,0.0004607379378285259,False,none
1,1,0.999997615814209,0.9917547702789307,0.999997615814209,0.9917547702789307,-0.00824284553527832,False,none
0,1,0.9999681711196899,0.5094247460365295,3.1786297768121585e-05,0.5094247460365295,0.5093929767608643,True,disagreement
0,0,0.9999778270721436,0.9997302889823914,2.2170153897604905e-05,0.00026964538847096264,0.0002474752254784107,False,none
0,0,0.9999896287918091,0.7549870014190674,1.0369820302003063e-05,0.24501293897628784,0.24500256776809692,False,none
0,0,0.9992583394050598,0.9499908089637756,0.0007416872540488839,0.050009146332740784,0.04926745966076851,False,none
0,0,0.9999920129776001,0.9977243542671204,7.997818102012388e-06,0.0022756876423954964,0.002267689909785986,False,none
0,0,0.9999995231628418,0.9678768515586853,5.276872911963437e-07,0.03212311118841171,0.03212258219718933,False,none
1,1,1.0,0.9881822466850281,1.0,0.9881822466850281,-0.011817753314971924,False,none
0,0,0.9972468614578247,0.989940345287323,0.0027531490195542574,0.010059698484838009,0.007306549698114395,False,none
1,1,0.9999651908874512,0.9882886409759521,0.9999651908874512,0.9882886409759521,-0.011676549911499023,False,none
0,0,0.9999984502792358,0.998753547668457,1.6021355122575187e-06,0.001246391562744975,0.0012447894550859928,False,none
0,0,0.999985933303833,0.9998692274093628,1.4111120435700286e-05,0.00013080472126603127,0.00011669359810184687,False,none
0,0,0.9999746084213257,0.9926453828811646,2.5367313355673105e-05,0.007354650180786848,0.007329282816499472,False,none
0,0,0.9999663829803467,0.9460285305976868,3.3580039598746225e-05,0.053971465677022934,0.0539378859102726,False,none
0,1,0.9875766038894653,0.769903838634491,0.012423386797308922,0.769903838634491,0.7574804425239563,True,"disagreement,high_confidence_disagreement"
0,0,0.9999607801437378,0.9770262837409973,3.918637230526656e-05,0.022973699495196342,0.02293451316654682,False,none
0,0,0.9999924898147583,0.9917769432067871,7.5239204306853935e-06,0.008223083801567554,0.008215559646487236,False,none
0,0,1.0,0.9998852014541626,3.406022353047433e-09,0.00011472761980257928,0.00011472421465441585,False,none
0,0,0.9999607801437378,0.9755954742431641,3.917717913282104e-05,0.02440454252064228,0.024365365505218506,False,none
0,0,0.999396562576294,0.9922572374343872,0.0006034016259945929,0.007742799818515778,0.007139398250728846,False,none
0,0,0.9999788999557495,0.9751543402671814,2.1071851733722724e-05,0.0248456671833992,0.02482459507882595,False,none
0,0,0.9999872446060181,0.9165124893188477,1.2730806702165864e-05,0.08348750323057175,0.0834747701883316,False,none
1,1,0.999887228012085,0.9999898672103882,0.999887228012085,0.9999898672103882,0.00010263919830322266,False,none
0,0,0.9997320771217346,0.9991863369941711,0.00026791184791363776,0.0008137030526995659,0.0005457912338897586,False,none
0,0,0.999994158744812,0.9967523813247681,5.802683972433442e-06,0.0032476657070219517,0.00324186310172081,False,none
1,1,1.0,0.9987509250640869,1.0,0.9987509250640869,-0.001249074935913086,False,none
1,1,0.9999864101409912,0.9947623610496521,0.9999864101409912,0.9947623610496521,-0.005224049091339111,False,none
1,1,1.0,0.9910414814949036,1.0,0.9910414814949036,-0.008958518505096436,False,none
0,0,0.9999990463256836,0.9516498446464539,9.705631782708224e-07,0.048350151628255844,0.048349179327487946,False,none
0,0,0.9999938011169434,0.999292254447937,6.211331310623791e-06,0.0007077411282807589,0.0007015297887846828,False,none
0,0,0.9999868869781494,0.9996706247329712,1.3140183909854386e-05,0.0003293947665952146,0.00031625459087081254,False,none
0,0,0.9999840259552002,0.9989375472068787,1.5949026419548318e-05,0.0010625052964314818,0.00104655628092587,False,none
0,0,0.9999505281448364,0.9971889853477478,4.948876448906958e-05,0.0028110111597925425,0.0027615223079919815,False,none
0,0,0.9999666213989258,0.9975080490112305,3.3366737625328824e-05,0.0024919442366808653,0.002458577509969473,False,none
0,0,0.996334433555603,0.6776188611984253,0.003665606491267681,0.3223811089992523,0.31871551275253296,False,none
0,0,0.9319314956665039,0.6537226438522339,0.06806851178407669,0.3462773859500885,0.2782088816165924,False,none
1,1,1.0,0.5190335512161255,1.0,0.5190335512161255,-0.4809664487838745,False,none
0,0,0.9999936819076538,0.9946253895759583,6.343721906887367e-06,0.005374581553041935,0.005368237849324942,False,none
1,1,1.0,0.9441436529159546,1.0,0.9441436529159546,-0.05585634708404541,False,none
0,0,0.9999878406524658,0.9482109546661377,1.2178799806861207e-05,0.051789022982120514,0.05177684500813484,False,none
0,0,0.9999911785125732,0.9963776469230652,8.767021427047439e-06,0.0036223495844751596,0.003613582579419017,False,none
0,0,0.9999912977218628,0.9973700046539307,8.666015673952643e-06,0.00263001024723053,0.0026213442906737328,False,none
0,0,0.9999895095825195,0.9984101057052612,1.0538836249907035e-05,0.0015898568090051413,0.0015793179627507925,False,none
0,0,1.0,0.9976497292518616,2.309991486981744e-08,0.002350299386307597,0.0023502763360738754,False,none
1,1,0.999998927116394,0.7250750660896301,0.999998927116394,0.7250750660896301,-0.2749238610267639,False,none
0,0,0.9999903440475464,0.9981429576873779,9.658314411353786e-06,0.0018570706015452743,0.0018474123207852244,False,none
0,0,1.0,0.999175488948822,1.1494942775414074e-08,0.0008244517375715077,0.0008244402706623077,False,none
1,0,0.8170137405395508,0.8238716125488281,0.8170137405395508,0.17612838745117188,-0.6408853530883789,True,disagreement
0,1,0.7369648218154907,0.9653730392456055,0.26303523778915405,0.9653730392456055,0.7023378014564514,True,"disagreement,high_confidence_disagreement"
0,1,0.9987841248512268,0.9998944997787476,0.001215871423482895,0.9998944997787476,0.9986786246299744,True,"disagreement,high_confidence_disagreement"
0,0,0.9999884366989136,0.9961838126182556,1.155547761300113e-05,0.0038161687552928925,0.003804613370448351,False,none
0,0,0.9999865293502808,0.9999619722366333,1.3495143321051728e-05,3.799454134423286e-05,2.4499397113686427e-05,False,none
0,0,0.9980375170707703,0.9675328135490417,0.001962537644430995,0.032467227429151535,0.03050469048321247,False,none
0,1,0.9907834529876709,0.8975925445556641,0.00921652466058731,0.8975925445556641,0.888375997543335,True,"disagreement,high_confidence_disagreement"
0,0,0.9999598264694214,0.9976135492324829,4.01566103391815e-05,0.0023864256218075752,0.0023462690878659487,False,none
0,0,0.9999372959136963,0.9971516728401184,6.268305878620595e-05,0.0028482989873737097,0.0027856158558279276,False,none
0,0,0.9999985694885254,0.9963445067405701,1.478611011407338e-06,0.0036555090919137,0.0036540303844958544,False,none
0,0,0.9998997449874878,0.9993603825569153,0.00010029289114754647,0.0006396284443326294,0.0005393355386331677,False,none
0,0,0.9996689558029175,0.9975698590278625,0.00033108386560343206,0.002430114895105362,0.0020990311168134212,False,none
0,0,0.9999879598617554,0.999804675579071,1.2029616300424095e-05,0.00019530917052179575,0.00018327955331187695,False,none
1,1,0.9785799980163574,0.9833073616027832,0.9785799980163574,0.9833073616027832,0.004727363586425781,False,none
0,0,1.0,0.9874504804611206,1.2196666787644972e-08,0.012549576349556446,0.012549564242362976,False,none
0,0,0.999966025352478,0.999546468257904,3.3963642636081204e-05,0.0004534553154371679,0.00041949166916310787,False,none
0,0,0.9999804496765137,0.9995627999305725,1.9584726032917388e-05,0.00043719910900108516,0.0004176143847871572,False,none
0,0,0.9999747276306152,0.8734163045883179,2.5212935724994168e-05,0.12658372521400452,0.12655851244926453,False,none
1,1,0.992499053478241,0.9963370561599731,0.992499053478241,0.9963370561599731,0.0038380026817321777,False,none
1,1,0.6973229646682739,0.9200119376182556,0.6973229646682739,0.9200119376182556,0.2226889729499817,False,none
0,0,0.9999874830245972,0.9962195754051208,1.2499084732553456e-05,0.0037804313469678164,0.0037679322995245457,False,none
0,0,0.9999210834503174,0.9994470477104187,7.892966095823795e-05,0.0005529949557967484,0.0004740653093904257,False,none
0,0,0.9999940395355225,0.9962044358253479,5.976623015158111e-06,0.0037956421729177237,0.0037896656431257725,False,none
0,0,0.9999767541885376,0.984551727771759,2.3302129193325527e-05,0.01544828712940216,0.015424985438585281,False,none
1,1,0.9999998807907104,0.9508315920829773,0.9999998807907104,0.9508315920829773,-0.049168288707733154,False,none
0,0,0.9999889135360718,0.9908410310745239,1.1133814041386358e-05,0.009158940054476261,0.009147806093096733,False,none
0,0,0.9996663331985474,0.9556218385696411,0.0003337198286317289,0.04437818378210068,0.04404446482658386,False,none
0,0,0.9999121427536011,0.9475617408752441,8.788139530224726e-05,0.05243828147649765,0.052350401878356934,False,none
1,1,0.9954649806022644,0.7915642857551575,0.9954649806022644,0.7915642857551575,-0.20390069484710693,False,none
1,1,0.9999979734420776,0.9987395405769348,0.9999979734420776,0.9987395405769348,-0.0012584328651428223,False,none
0,0,0.999991774559021,0.9983997941017151,8.246312063420191e-06,0.0016002282500267029,0.001591981970705092,False,none
0,0,0.9999915361404419,0.994504988193512,8.485824764647987e-06,0.00549503555521369,0.005486549809575081,False,none
0,1,0.9998584985733032,0.7828301191329956,0.00014143089356366545,0.7828301191329956,0.7826886773109436,True,"disagreement,high_confidence_disagreement"
0,0,0.999994158744812,0.9973280429840088,5.888568011869211e-06,0.0026720098685473204,0.0026661213487386703,False,none
0,0,0.9999676942825317,0.999159574508667,3.227505294489674e-05,0.000840460357721895,0.0008081853156909347,False,none
0,0,0.9999843835830688,0.6857947111129761,1.5659252312616445e-05,0.3142052888870239,0.3141896426677704,False,none
0,0,0.999964714050293,0.9998279809951782,3.530833782861009e-05,0.00017193589883390814,0.00013662755372934043,False,none
0,0,0.9999821186065674,0.9981770515441895,1.7867716451291926e-05,0.0018229323904961348,0.0018050646176561713,False,none
0,0,0.99997878074646,0.999339759349823,2.117939220624976e-05,0.0006602729554288089,0.0006390935741364956,False,none
1,1,1.0,0.9951203465461731,1.0,0.9951203465461731,-0.004879653453826904,False,none
1,1,1.0,0.9888513684272766,1.0,0.9888513684272766,-0.011148631572723389,False,none
0,0,0.999889612197876,0.9497194886207581,0.00011041211109841242,0.05028052255511284,0.050170108675956726,False,none
0,0,0.9999923706054688,0.9995747208595276,7.612064564455068e-06,0.00042530056089162827,0.0004176884831395,False,none
0,0,0.9999784231185913,0.9999281167984009,2.156531081709545e-05,7.18764349585399e-05,5.031112232245505e-05,False,none
1,1,0.9999996423721313,0.9985527396202087,0.9999996423721313,0.9985527396202087,-0.0014469027519226074,False,none
0,0,1.0,0.9934312701225281,1.009528372009072e-08,0.006568746641278267,0.006568736396729946,False,none
0,0,0.9999933242797852,0.9951058626174927,6.6673233050096314e-06,0.004894115496426821,0.0048874481581151485,False,none
1,1,1.0,0.5519694685935974,1.0,0.5519694685935974,-0.4480305314064026,False,none
1,1,0.9999819993972778,0.9708258509635925,0.9999819993972778,0.9708258509635925,-0.029156148433685303,False,none
1,1,1.0,0.9997683167457581,1.0,0.9997683167457581,-0.00023168325424194336,False,none
0,0,0.9999929666519165,0.99085932970047,7.0735145527578425e-06,0.009140679612755775,0.009133606217801571,False,none
0,1,0.9997093081474304,0.5040095448493958,0.0002906664158217609,0.5040095448493958,0.5037188529968262,True,disagreement
0,1,0.999797523021698,0.9342547655105591,0.000202503681066446,0.9342547655105591,0.9340522885322571,True,"disagreement,high_confidence_disagreement"
0,0,0.9999715089797974,0.9841240048408508,2.8514949008240364e-05,0.015875965356826782,0.015847450122237206,False,none
0,0,0.9998782873153687,0.9989232420921326,0.00012166282976977527,0.0010767565108835697,0.000955093652009964,False,none
0,0,0.9999196529388428,0.9992181062698364,8.038580563152209e-05,0.0007818244630470872,0.0007014386355876923,False,none
0,0,0.9999629259109497,0.9987882971763611,3.703286711242981e-05,0.0012116791913285851,0.001174646313302219,False,none
1,1,1.0,0.9999858140945435,1.0,0.9999858140945435,-1.4185905456542969e-05,False,none
0,0,0.9986463189125061,0.5789134502410889,0.001353727886453271,0.4210865795612335,0.41973283886909485,False,none
0,0,0.999984622001648,0.9923904538154602,1.540805897093378e-05,0.007609592285007238,0.007594184018671513,False,none
0,0,0.9999581575393677,0.9969168901443481,4.180616087978706e-05,0.0030831103213131428,0.0030413041822612286,False,none
0,0,0.9999405145645142,0.9761642813682556,5.9431818954180926e-05,0.02383572794497013,0.02377629652619362,False,none
0,0,1.0,0.9851782917976379,5.362975397105174e-09,0.014821752905845642,0.014821747317910194,False,none
0,0,0.9999868869781494,0.8911701440811157,1.3123427379468922e-05,0.10882984101772308,0.1088167205452919,False,none
0,0,0.9999423027038574,0.918867826461792,5.7740126067074016e-05,0.08113214373588562,0.08107440173625946,False,none
0,0,0.999990701675415,0.8367510437965393,9.303632396040484e-06,0.16324900090694427,0.16323970258235931,False,none
0,1,0.9999659061431885,0.5083369612693787,3.409442069823854e-05,0.5083369612693787,0.5083028674125671,True,disagreement
1,1,1.0,0.999993085861206,1.0,0.999993085861206,-6.9141387939453125e-06,False,none
0,0,0.9999436140060425,0.9975476861000061,5.6392433180008084e-05,0.002452363260090351,0.0023959707468748093,False,none
0,0,0.9999650716781616,0.9963247179985046,3.489160371827893e-05,0.0036752703599631786,0.003640378825366497,False,none
0,0,0.9999990463256836,0.9872345328330994,9.342961106995062e-07,0.012765471823513508,0.012764537706971169,False,none
0,0,0.9999953508377075,0.9981058835983276,4.673209787142696e-06,0.0018940673908218741,0.0018893941305577755,False,none
0,0,0.9999910593032837,0.9986876845359802,8.966198038251605e-06,0.0013122627278789878,0.001303296536207199,False,none
1,1,1.0,0.519890308380127,1.0,0.519890308380127,-0.48010969161987305,False,none
0,0,0.9999997615814209,0.999075174331665,2.0910972864385258e-07,0.0009248454589396715,0.0009246363770216703,False,none
0,0,0.998428463935852,0.9531184434890747,0.0015715191839262843,0.04688159376382828,0.04531007632613182,False,none
0,0,0.9999465942382812,0.9970312118530273,5.334532761480659e-05,0.0029688074719160795,0.0029154622461646795,False,none
0,0,0.9999909400939941,0.9982814788818359,9.110547580348793e-06,0.0017185588367283344,0.0017094482900574803,False,none
0,0,0.9999914169311523,0.9980237483978271,8.604557478975039e-06,0.001976250670850277,0.0019676461815834045,False,none
0,0,0.9997398257255554,0.9901745319366455,0.00026013507158495486,0.009825527667999268,0.009565392509102821,False,none
0,1,0.9975281357765198,0.9146493077278137,0.002471920335665345,0.9146493077278137,0.9121773838996887,True,"disagreement,high_confidence_disagreement"
1,0,0.9332993030548096,0.7392922043800354,0.9332993030548096,0.2607077658176422,-0.6725915670394897,True,disagreement
1,1,1.0,0.9977490305900574,1.0,0.9977490305900574,-0.002250969409942627,False,none
0,0,0.9999996423721313,0.9983310103416443,3.5900967532143113e-07,0.0016689957119524479,0.0016686366870999336,False,none
0,0,0.9999834299087524,0.9863272905349731,1.6599495211266913e-05,0.013672747649252415,0.013656147755682468,False,none
0,1,0.9999762773513794,0.7058296799659729,2.3668824724154547e-05,0.7058296799659729,0.7058060169219971,True,"disagreement,high_confidence_disagreement"
0,0,0.9999847412109375,0.9483783841133118,1.5280545994755812e-05,0.05162160098552704,0.05160631984472275,False,none
0,0,1.0,0.9994828701019287,1.7061909218796245e-08,0.0005170666263438761,0.0005170495714992285,False,none
0,0,0.9999973773956299,0.9824649691581726,2.664261955942493e-06,0.017535053193569183,0.017532389611005783,False,none
0,0,0.9999994039535522,0.9911826848983765,6.165278136904817e-07,0.008817357942461967,0.008816741406917572,False,none
0,0,1.0,0.9985880255699158,2.6726183932623826e-08,0.0014118890976533294,0.0014118623221293092,False,none
0,0,0.999976634979248,0.9994276165962219,2.332249096070882e-05,0.0005723839276470244,0.000549061456695199,False,none
0,0,0.9999754428863525,0.9920830726623535,2.453762681398075e-05,0.007916903123259544,0.00789236556738615,False,none
0,1,0.9999923706054688,0.5829468965530396,7.68871632317314e-06,0.5829468965530396,0.5829392075538635,True,disagreement
0,0,0.9999707937240601,0.9994627833366394,2.9193814043537714e-05,0.000537169340532273,0.0005079755210317671,False,none
0,0,0.9999923706054688,0.9977093935012817,7.621929398737848e-06,0.00229053758084774,0.002282915636897087,False,none
1,1,1.0,0.999579131603241,1.0,0.999579131603241,-0.0004208683967590332,False,none
0,0,0.9999986886978149,0.9877457022666931,1.3252567896415712e-06,0.012254364788532257,0.01225303951650858,False,none
0,0,0.9999644756317139,0.9679214954376221,3.553208080120385e-05,0.03207847476005554,0.03204294294118881,False,none
0,0,1.0,0.9989853501319885,7.134908663886108e-09,0.0010146091226488352,0.0010146020213142037,False,none
1,1,1.0,0.9996077418327332,1.0,0.9996077418327332,-0.0003922581672668457,False,none
0,0,0.9999816417694092,0.9993985891342163,1.8403799913357943e-05,0.0006014287937432528,0.0005830249865539372,False,none
0,0,0.9999841451644897,0.9993473887443542,1.5799230823176913e-05,0.0006526346551254392,0.0006368354079313576,False,none
0,0,0.9999902248382568,0.9998986721038818,9.734472769196145e-06,0.00010134501644643024,9.161054185824469e-05,False,none
1,1,1.0,0.9999939203262329,1.0,0.9999939203262329,-6.079673767089844e-06,False,none
1,1,1.0,0.9994542002677917,1.0,0.9994542002677917,-0.000545799732208252,False,none
0,0,0.9999881982803345,0.892146646976471,1.1770862329285592e-05,0.10785333067178726,0.10784155875444412,False,none
0,0,0.9999994039535522,0.9928956627845764,6.453051923926978e-07,0.007104395888745785,0.007103750482201576,False,none
0,0,0.9999129772186279,0.9360020160675049,8.700825128471479e-05,0.0639980137348175,0.06391100585460663,False,none
0,0,0.9999812841415405,0.9962312579154968,1.874475674412679e-05,0.0037687441799789667,0.003749999450519681,False,none
0,0,0.9999691247940063,0.6065344214439392,3.084870331804268e-05,0.393465518951416,0.39343467354774475,False,none
0,0,0.9999980926513672,0.9721323847770691,1.939452658916707e-06,0.027867628261446953,0.027865689247846603,False,none
0,0,0.9999778270721436,0.9858155250549316,2.2127062038634904e-05,0.014184469357132912,0.014162342064082623,False,none
0,0,0.9999566078186035,0.9987282156944275,4.338394501246512e-05,0.0012717436766251922,0.0012283597607165575,False,none
0,0,0.9999879598617554,0.999573290348053,1.198671725433087e-05,0.0004267426556907594,0.0004147559520788491,False,none
1,1,0.9985703229904175,0.9022333025932312,0.9985703229904175,0.9022333025932312,-0.09633702039718628,False,none
0,0,0.9984422326087952,0.891183614730835,0.0015577361918985844,0.10881638526916504,0.10725864768028259,False,none
1,1,1.0,0.9898086786270142,1.0,0.9898086786270142,-0.01019132137298584,False,none
0,0,0.999906063079834,0.9852598905563354,9.391554340254515e-05,0.01474009733647108,0.014646181836724281,False,none
1,1,0.9999992847442627,0.5037959218025208,0.9999992847442627,0.5037959218025208,-0.49620336294174194,False,none
0,0,0.9997267127037048,0.9654259085655212,0.00027323616086505353,0.03457411378622055,0.03430087864398956,False,none
1,1,0.9411262273788452,0.9947748184204102,0.9411262273788452,0.9947748184204102,0.05364859104156494,False,none
0,0,0.9999971389770508,0.9906586408615112,2.823308477672981e-06,0.009341391734778881,0.009338567964732647,False,none
0,0,0.9999878406524658,0.9962678551673889,1.2133634299971163e-05,0.003732149489223957,0.0037200157530605793,False,none
0,0,0.9999939203262329,0.9999327659606934,6.082011623220751e-06,6.722070975229144e-05,6.113870040280744e-05,False,none
1,1,0.9999765157699585,0.5415065288543701,0.9999765157699585,0.5415065288543701,-0.4584699869155884,False,none
0,0,0.9999836683273315,0.9990537762641907,1.6379830412915908e-05,0.0009462157031521201,0.0009298358927480876,False,none
0,1,0.9440051317214966,0.903302013874054,0.05599484220147133,0.903302013874054,0.8473071455955505,True,"disagreement,high_confidence_disagreement"
1,1,1.0,0.9998811483383179,1.0,0.9998811483383179,-0.0001188516616821289,False,none
1,1,0.9996389150619507,0.5091454386711121,0.9996389150619507,0.5091454386711121,-0.4904934763908386,False,none
0,0,0.9999151229858398,0.9995324611663818,8.481460099574178e-05,0.0004675700038205832,0.00038275541737675667,False,none
0,0,0.999849796295166,0.9891873002052307,0.00015015520330052823,0.010812735185027122,0.010662579908967018,False,none
0,0,1.0,0.9981756210327148,2.8270720875411826e-08,0.00182435498572886,0.001824326696805656,False,none
0,0,0.9999741315841675,0.9994946718215942,2.592675264168065e-05,0.0005052973283454776,0.00047937058843672276,False,none
0,0,0.9999105930328369,0.9947187900543213,8.940193220041692e-05,0.0052811335772275925,0.005191731732338667,False,none
0,0,0.9999911785125732,0.9945544004440308,8.824227734294254e-06,0.0054455832578241825,0.005436758976429701,False,none
1,1,0.9999915361404419,0.5174121856689453,0.9999915361404419,0.5174121856689453,-0.4825793504714966,False,none
1,1,1.0,0.9920449256896973,1.0,0.9920449256896973,-0.007955074310302734,False,none
0,0,0.9993368983268738,0.9977353811264038,0.0006630367133766413,0.0022645730059593916,0.0016015362925827503,False,none
0,0,0.9999927282333374,0.9979664087295532,7.324601938307751e-06,0.0020336660090833902,0.002026341389864683,False,none
1,1,1.0,0.9999315738677979,1.0,0.9999315738677979,-6.842613220214844e-05,False,none
0,0,0.9999079704284668,0.9991331696510315,9.200854401569813e-05,0.0008668254595249891,0.0007748169009573758,False,none
0,0,0.9999896287918091,0.9990979433059692,1.0343951544200536e-05,0.0009020438883453608,0.0008916999213397503,False,none
0,0,0.9999758005142212,0.7305055856704712,2.415606468275655e-05,0.2694944441318512,0.2694702744483948,False,none
0,0,0.9999792575836182,0.8979955315589905,2.0790170310647227e-05,0.1020045131444931,0.10198372602462769,False,none
0,0,0.9999891519546509,0.9977304339408875,1.0870528967643622e-05,0.0022695353254675865,0.002258664695546031,False,none
0,0,0.9999890327453613,0.9998201727867126,1.094702474802034e-05,0.00017987069441005588,0.00016892366693355143,False,none
1,1,0.999997615814209,0.992119550704956,0.999997615814209,0.992119550704956,-0.00787806510925293,False,none
0,1,0.7521297931671143,0.8503711819648743,0.24787025153636932,0.8503711819648743,0.6025009155273438,True,"disagreement,high_confidence_disagreement"
0,1,0.9439716935157776,0.7759465575218201,0.056028325110673904,0.7759465575218201,0.7199182510375977,True,"disagreement,high_confidence_disagreement"
0,0,0.999946117401123,0.9880990386009216,5.3836141887586564e-05,0.01190092321485281,0.011847087182104588,False,none
0,1,0.9999954700469971,0.5069898366928101,4.533903847914189e-06,0.5069898366928101,0.5069853067398071,True,disagreement
0,0,0.9999998807907104,0.9948477745056152,7.642126576001829e-08,0.0051522888243198395,0.005152212455868721,False,none
1,1,0.9622548818588257,0.9497985243797302,0.9622548818588257,0.9497985243797302,-0.012456357479095459,False,none
0,1,0.8605148196220398,0.5224962830543518,0.1394851803779602,0.5224962830543518,0.3830111026763916,True,disagreement
0,0,0.9999830722808838,0.999298095703125,1.694786624284461e-05,0.0007018810138106346,0.0006849331548437476,False,none
0,0,0.9983195662498474,0.9380355477333069,0.0016803975449874997,0.06196446716785431,0.060284070670604706,False,none
0,0,0.9999904632568359,0.9872889518737793,9.559403224557173e-06,0.01271109376102686,0.012701534666121006,False,none
0,0,0.9999768733978271,0.9957000017166138,2.3081624021870084e-05,0.004300069995224476,0.004276988562196493,False,none
0,0,0.9999924898147583,0.990385890007019,7.490564712497871e-06,0.00961415097117424,0.009606660343706608,False,none
0,1,0.9987653493881226,0.9040414690971375,0.0012346974108368158,0.9040414690971375,0.9028067588806152,True,"disagreement,high_confidence_disagreement"
0,1,0.9999035596847534,0.7746319770812988,9.638645860832185e-05,0.7746319770812988,0.774535596370697,True,"disagreement,high_confidence_disagreement"
0,0,0.9999436140060425,0.9973413348197937,5.643477197736502e-05,0.0026586689054965973,0.0026022340171039104,False,none
0,0,0.999992847442627,0.9979616403579712,7.134956831578165e-06,0.002038337057456374,0.002031202195212245,False,none
0,0,0.9999929666519165,0.9718277454376221,7.082093361532316e-06,0.028172248974442482,0.028165167197585106,False,none
0,0,0.9999901056289673,0.9907674193382263,9.948037586582359e-06,0.009232571348547935,0.009222622960805893,False,none
0,0,0.9999465942382812,0.9659514427185059,5.343417797121219e-05,0.03404863551259041,0.03399519994854927,False,none
0,0,0.9999834299087524,0.8062846660614014,1.658954170125071e-05,0.19371536374092102,0.19369877874851227,False,none
0,0,0.9999998807907104,0.999620795249939,8.319899080788673e-08,0.00037917468580417335,0.00037909147795289755,False,none
0,0,0.9999775886535645,0.9682760238647461,2.242376285721548e-05,0.03172403201460838,0.03170160949230194,False,none
1,1,1.0,0.9999535083770752,1.0,0.9999535083770752,-4.649162292480469e-05,False,none
1,1,1.0,0.9944323897361755,1.0,0.9944323897361755,-0.005567610263824463,False,none
0,0,0.9999871253967285,0.9984320998191833,1.2861624782090075e-05,0.0015679403441026807,0.001555078662931919,False,none
0,0,0.9999973773956299,0.998814582824707,2.6044069727504393e-06,0.0011854933109134436,0.0011828888673335314,False,none
0,0,0.9999507665634155,0.9927791953086853,4.9249410949414596e-05,0.007220837753266096,0.007171588484197855,False,none
0,0,0.9999755620956421,0.9992469549179077,2.4422930437140167e-05,0.0007530632428824902,0.0007286402978934348,False,none
0,0,0.9999758005142212,0.8703623414039612,2.4159704480553046e-05,0.12963762879371643,0.1296134740114212,False,none
0,0,0.9999792575836182,0.950568675994873,2.0752413547597826e-05,0.04943136125802994,0.049410607665777206,False,none
0,0,0.9999881982803345,0.9998024106025696,1.1802369954239111e-05,0.00019761208386626095,0.00018580970936454833,False,none
0,0,0.9999998807907104,0.9987657070159912,1.1140476630089324e-07,0.0012343494454398751,0.0012342380359768867,False,none
0,1,0.9682936668395996,0.9844937920570374,0.03170629218220711,0.9844937920570374,0.9527875185012817,True,"disagreement,high_confidence_disagreement"
0,0,0.999995231628418,0.9919469952583313,4.720928700407967e-06,0.008053039200603962,0.008048318326473236,False,none
1,1,1.0,0.999963641166687,1.0,0.999963641166687,-3.635883331298828e-05,False,none
0,1,0.999981164932251,0.8458676338195801,1.8867878679884598e-05,0.8458676338195801,0.8458487391471863,True,"disagreement,high_confidence_disagreement"
1,1,0.9968906044960022,0.6170477271080017,0.9968906044960022,0.6170477271080017,-0.3798428773880005,False,none
1,1,1.0,0.9978553652763367,1.0,0.9978553652763367,-0.00214463472366333,False,none
0,0,0.999993085861206,0.986692488193512,6.96622146278969e-06,0.013307465240359306,0.013300498947501183,False,none
0,0,0.9999904632568359,0.9706006050109863,9.589187357050832e-06,0.029399383813142776,0.029389794915914536,False,none
0,0,0.9994478821754456,0.8674362301826477,0.0005521446000784636,0.13256371021270752,0.1320115625858307,False,none
0,0,0.9999924898147583,0.9134851098060608,7.4682102422229946e-06,0.08651481568813324,0.08650735020637512,False,none
0,0,0.9999812841415405,0.9865459203720093,1.871969288913533e-05,0.013454033061861992,0.01343531347811222,False,none
0,0,0.9999957084655762,0.9974700212478638,4.3086552068416495e-06,0.0025299680419266224,0.002525659278035164,False,none
0,0,0.9999947547912598,0.999215841293335,5.242841780273011e-06,0.0007841826882213354,0.0007789398659951985,False,none
0,0,0.9834755659103394,0.7886418104171753,0.016524385660886765,0.2113581895828247,0.19483380019664764,False,none
0,0,0.9999847412109375,0.9836263060569763,1.5290414012270048e-05,0.016373660415410995,0.01635836996138096,False,none
1,1,0.9719681143760681,0.9922993779182434,0.9719681143760681,0.9922993779182434,0.020331263542175293,False,none
0,0,0.9996488094329834,0.9455620050430298,0.00035117569495923817,0.05443795770406723,0.05408678203821182,False,none
1,1,0.9397530555725098,0.979361355304718,0.9397530555725098,0.979361355304718,0.03960829973220825,False,none
1,1,0.9999996423721313,0.5167912244796753,0.9999996423721313,0.5167912244796753,-0.48320841789245605,False,none
0,0,0.9999936819076538,0.9965941309928894,6.3121115090325475e-06,0.0034058329183608294,0.003399520879611373,False,none
0,0,0.9999934434890747,0.9916960597038269,6.614240191993304e-06,0.008303973823785782,0.008297359570860863,False,none
0,1,0.9999768733978271,0.5504930019378662,2.3095582946552895e-05,0.5504930019378662,0.5504699349403381,True,disagreement
0,0,0.9999805688858032,0.9877551198005676,1.9403392798267305e-05,0.012244850397109985,0.012225447222590446,False,none
0,0,0.9999902248382568,0.9959200620651245,9.786049304238986e-06,0.004079859703779221,0.0040700738318264484,False,none
0,0,1.0,0.9998775720596313,6.052451873017617e-10,0.00012242696539033204,0.00012242635420989245,False,none
0,0,0.9999891519546509,0.9957464337348938,1.0900271263381e-05,0.0042536333203315735,0.004242733120918274,False,none
0,0,0.9999874830245972,0.9732111096382141,1.2490516382968053e-05,0.026788832619786263,0.02677634172141552,False,none
0,0,0.9999921321868896,0.9999836683273315,7.839260433684103e-06,1.6347885321010835e-05,8.508624887326732e-06,False,none
0,1,0.9995288848876953,0.976972222328186,0.00047108635772019625,0.976972222328186,0.9765011072158813,True,"disagreement,high_confidence_disagreement"
0,0,0.9999691247940063,0.9799648523330688,3.088055382249877e-05,0.020035145804286003,0.020004265010356903,False,none
0,0,0.9999648332595825,0.9408193826675415,3.52249298884999e-05,0.05918058753013611,0.05914536118507385,False,none
0,0,0.9999995231628418,0.986214816570282,4.711465635409695e-07,0.013785215094685555,0.013784743845462799,False,none
0,0,1.0,0.9978579878807068,2.2786723619105942e-08,0.0021420083940029144,0.0021419855765998363,False,none
0,0,0.9999904632568359,0.9967897534370422,9.505150046607014e-06,0.003210177645087242,0.0032006725668907166,False,none
0,0,0.9942430853843689,0.6848432421684265,0.0057569462805986404,0.3151567578315735,0.30939981341362,False,none
0,0,0.9999997615814209,0.9934477210044861,2.5473045184298826e-07,0.0065522813238203526,0.006552026607096195,False,none
0,0,0.9999938011169434,0.9134255647659302,6.1767395891365595e-06,0.08657445758581161,0.08656828105449677,False,none
0,0,1.0,0.9986838698387146,4.4145128441641646e-08,0.0013160889502614737,0.0013160448288545012,False,none
0,0,0.9999926090240479,0.6968992352485657,7.334778729273239e-06,0.30310073494911194,0.30309340357780457,False,none
0,1,0.999993085861206,0.507741391658783,6.910276624694234e-06,0.507741391658783,0.507734477519989,True,disagreement
1,1,1.0,0.9998968839645386,1.0,0.9998968839645386,-0.00010311603546142578,False,none
0,0,0.9999998807907104,0.9996511936187744,1.0111028814208112e-07,0.0003488289949018508,0.0003487278881948441,False,none
0,1,0.9999604225158691,0.5631533861160278,3.952007318730466e-05,0.5631533861160278,0.5631138682365417,True,disagreement
0,1,0.9999570846557617,0.7416480779647827,4.28694074798841e-05,0.7416480779647827,0.7416052222251892,True,"disagreement,high_confidence_disagreement"
0,0,0.9999788999557495,0.9999016523361206,2.106984356942121e-05,9.839292761171237e-05,7.732308586128056e-05,False,none
0,0,0.998803973197937,0.9456316828727722,0.0011959950206801295,0.05436829477548599,0.05317230150103569,False,none
0,1,0.9941745400428772,0.8371034860610962,0.005825492087751627,0.8371034860610962,0.8312779664993286,True,"disagreement,high_confidence_disagreement"
0,0,0.9999806880950928,0.9989320635795593,1.9272878489573486e-05,0.0010678828693926334,0.001048609963618219,False,none
0,0,0.9999836683273315,0.9972911477088928,1.634495311009232e-05,0.0027088443748652935,0.002692499430850148,False,none
0,0,0.999843955039978,0.9935910701751709,0.00015599187463521957,0.006408950313925743,0.0062529584392905235,False,none
0,0,0.9999762773513794,0.947900652885437,2.369296817050781e-05,0.05209929496049881,0.05207560211420059,False,none
0,0,0.9999617338180542,0.9575722813606262,3.8286831113509834e-05,0.042427703738212585,0.042389415204524994,False,none
1,1,1.0,0.9809549450874329,1.0,0.9809549450874329,-0.01904505491256714,False,none
0,0,0.9999362230300903,0.9583216309547424,6.374531221808866e-05,0.041678380221128464,0.041614633053541183,False,none
0,0,0.9999939203262329,0.996731162071228,6.059911811462371e-06,0.003268861211836338,0.0032628013286739588,False,none
0,0,0.9999046325683594,0.9982768297195435,9.536752622807398e-05,0.0017231600359082222,0.0016277924878522754,False,none
0,0,0.9999663829803467,0.9989388585090637,3.360938353580423e-05,0.001061182119883597,0.0010275727836415172,False,none
0,0,0.9999696016311646,0.9970715045928955,3.038977774849627e-05,0.0029285054188221693,0.0028981156647205353,False,none
0,0,0.998770534992218,0.9534293413162231,0.001229431596584618,0.04657064378261566,0.045341212302446365,False,none
0,0,0.9999022483825684,0.9109851121902466,9.773767669685185e-05,0.08901490271091461,0.08891716599464417,False,none
0,0,0.9999914169311523,0.9905650615692139,8.632816388853826e-06,0.009434979408979416,0.009426346980035305,False,none
0,0,0.9998195767402649,0.9687179327011108,0.00018045527394860983,0.03128210827708244,0.0311016533523798,False,none
0,0,0.9999796152114868,0.9995604157447815,2.0442925233510323e-05,0.00043952956912107766,0.0004190866311546415,False,none
1,1,0.9999998807907104,0.9994076490402222,0.9999998807907104,0.9994076490402222,-0.0005922317504882812,False,none
0,0,1.0,0.9993545413017273,4.3046055608897404e-09,0.0006454940303228796,0.000645489722955972,False,none
0,0,0.9998792409896851,0.969544529914856,0.00012080068700015545,0.030455438420176506,0.03033463843166828,False,none
0,0,0.9999916553497314,0.9960346817970276,8.382261512451805e-06,0.003965285606682301,0.003956903237849474,False,none
1,1,0.9999996423721313,0.9206545352935791,0.9999996423721313,0.9206545352935791,-0.07934510707855225,False,none
0,0,0.9999707937240601,0.9751474261283875,2.9146132874302566e-05,0.024852635338902473,0.024823488667607307,False,none
1,1,1.0,0.9993650317192078,1.0,0.9993650317192078,-0.0006349682807922363,False,none
0,1,0.999988317489624,0.5066547989845276,1.1729972356988583e-05,0.5066547989845276,0.5066430568695068,True,disagreement
0,0,0.9999732971191406,0.9991021156311035,2.6754658392746933e-05,0.0008978965925052762,0.0008711419068276882,False,none
1,1,0.9997542500495911,0.924396276473999,0.9997542500495911,0.924396276473999,-0.07535797357559204,False,none
0,1,0.998401939868927,0.5372642874717712,0.0015980576863512397,0.5372642874717712,0.5356662273406982,True,disagreement
0,1,0.9863421320915222,0.5289757251739502,0.013657836243510246,0.5289757251739502,0.5153179168701172,True,disagreement
0,0,0.9999655485153198,0.9900904893875122,3.4394302929285914e-05,0.009909453801810741,0.009875059127807617,False,none
1,0,0.8804637789726257,0.6737626791000366,0.8804637789726257,0.3262373208999634,-0.5542264580726624,True,disagreement
0,0,0.9994910955429077,0.9984733462333679,0.0005089204641990364,0.0015266198897734284,0.001017699483782053,False,none
0,0,0.9999890327453613,0.999821126461029,1.0952517186524346e-05,0.00017889609443955123,0.0001679435808910057,False,none
0,1,0.9999898672103882,0.5843841433525085,1.0093222954310477e-05,0.5843841433525085,0.5843740701675415,True,disagreement
1,1,1.0,0.9999502897262573,1.0,0.9999502897262573,-4.971027374267578e-05,False,none
0,0,0.9999998807907104,0.9978029131889343,6.858868317749511e-08,0.0021970593370497227,0.0021969906520098448,False,none
0,0,0.9999969005584717,0.9705806374549866,3.087850700467243e-06,0.029419323429465294,0.02941623516380787,False,none
1,1,1.0,0.9999864101409912,1.0,0.9999864101409912,-1.3589859008789062e-05,False,none
0,0,0.9999573230743408,0.997130811214447,4.261811409378424e-05,0.002869201824069023,0.002826583804562688,False,none
0,1,0.7446557283401489,0.5138838291168213,0.2553442120552063,0.5138838291168213,0.258539617061615,True,disagreement
0,0,0.998908281326294,0.9231541752815247,0.001091742655262351,0.07684578001499176,0.07575403898954391,False,none
0,1,0.942573606967926,0.9992619156837463,0.057426393032073975,0.9992619156837463,0.9418355226516724,True,"disagreement,high_confidence_disagreement"
0,0,0.9999884366989136,0.8015299439430237,1.1551929674169514e-05,0.1984700858592987,0.19845853745937347,False,none
0,1,0.9999845027923584,0.5071658492088318,1.5439622075064108e-05,0.5071658492088318,0.507150411605835,True,disagreement
0,0,0.9998865127563477,0.7071786522865295,0.00011343062942614779,0.29282140731811523,0.29270797967910767,False,none
0,1,0.6908449530601501,0.5228977203369141,0.30915507674217224,0.5228977203369141,0.21374264359474182,True,disagreement
0,0,0.9999878406524658,0.9888837337493896,1.2128520211263094e-05,0.011116240173578262,0.011104111559689045,False,none
0,0,0.9999823570251465,0.9985119700431824,1.769809750840068e-05,0.0014879663940519094,0.0014702682383358479,False,none
0,1,0.9999946355819702,0.5045334696769714,5.343580141925486e-06,0.5045334696769714,0.5045281052589417,True,disagreement
0,0,0.9999933242797852,0.9974998831748962,6.6846982917923015e-06,0.002500066999346018,0.0024933821987360716,False,none
0,0,0.9999781847000122,0.9990274906158447,2.18450186366681e-05,0.0009725319687277079,0.0009506869246251881,False,none
0,0,0.9999942779541016,0.9974466562271118,5.756254722655285e-06,0.002553308615460992,0.0025475523434579372,False,none
0,0,0.9998452663421631,0.7416349053382874,0.0001546786807011813,0.25836509466171265,0.2582104206085205,False,none
0,0,0.9999034404754639,0.9692404866218567,9.659008355811238e-05,0.030759435147047043,0.030662845820188522,False,none
0,0,0.9999918937683105,0.9926867485046387,8.07331525720656e-06,0.007313231937587261,0.007305158767849207,False,none
0,0,0.9999920129776001,0.9885842800140381,8.012322723516263e-06,0.01141572929918766,0.011407717131078243,False,none
0,0,0.9999837875366211,0.9825515747070312,1.6218113159993663e-05,0.01744842529296875,0.017432207241654396,False,none
1,1,0.9628855586051941,0.9757153987884521,0.9628855586051941,0.9757153987884521,0.012829840183258057,False,none
0,1,0.9999644756317139,0.6593021154403687,3.548352106008679e-05,0.6593021154403687,0.6592666506767273,True,"disagreement,high_confidence_disagreement"
0,0,0.999972939491272,0.9828087687492371,2.70016462309286e-05,0.017191220074892044,0.017164219170808792,False,none
1,1,1.0,0.999988317489624,1.0,0.999988317489624,-1.1682510375976562e-05,False,none
1,1,1.0,0.9987277388572693,1.0,0.9987277388572693,-0.0012722611427307129,False,none
0,0,1.0,0.9905215501785278,2.2919493858353235e-08,0.009478511288762093,0.009478488005697727,False,none
1,1,0.9997814297676086,0.9013699293136597,0.9997814297676086,0.9013699293136597,-0.09841150045394897,False,none
0,0,0.9998575448989868,0.987163782119751,0.00014241758617572486,0.01283617690205574,0.012693759053945541,False,none
0,0,0.9999998807907104,0.9988937973976135,1.0522794724465712e-07,0.0011062471894547343,0.0011061419500038028,False,none
0,0,1.0,0.9995167255401611,5.467662989033784e-10,0.0004832496342714876,0.0004832490812987089,False,none
0,0,0.9999194145202637,0.9226887226104736,8.053065539570525e-05,0.07731132209300995,0.0772307887673378,False,none
0,0,0.9999995231628418,0.9985669255256653,4.3430139839983894e-07,0.0014330457197502255,0.0014326113741844893,False,none
1,1,1.0,0.9999550580978394,1.0,0.9999550580978394,-4.494190216064453e-05,False,none
0,0,0.9999918937683105,0.9533111453056335,8.057339073275216e-06,0.04668886587023735,0.04668080806732178,False,none
0,0,0.999974250793457,0.9979380965232849,2.574020800238941e-05,0.0020618336275219917,0.0020360935013741255,False,none
1,1,1.0,0.9999879598617554,1.0,0.9999879598617554,-1.2040138244628906e-05,False,none
0,0,0.9999902248382568,0.9854204058647156,9.76530554908095e-06,0.014579619280993938,0.014569854363799095,False,none
1,1,0.8051601648330688,0.9899508357048035,0.8051601648330688,0.9899508357048035,0.18479067087173462,False,none
0,0,0.9999815225601196,0.9994301199913025,1.8508877474232577e-05,0.0005698530003428459,0.0005513441283255816,False,none
0,0,0.9999889135360718,0.9954267144203186,1.1087372513429727e-05,0.004573262296617031,0.004562174901366234,False,none
1,1,1.0,0.9738667607307434,1.0,0.9738667607307434,-0.026133239269256592,False,none
1,1,0.9056951999664307,0.526691198348999,0.9056951999664307,0.526691198348999,-0.37900400161743164,False,none
0,0,0.9999998807907104,0.9749293327331543,9.084531882308511e-08,0.025070616975426674,0.02507052570581436,False,none
0,0,0.9999634027481079,0.9975979924201965,3.6560097214533016e-05,0.0024019740521907806,0.0023654140532016754,False,none
0,0,0.9999892711639404,0.9943550825119019,1.076157423085533e-05,0.005644948687404394,0.005634187255054712,False,none
0,0,0.9999982118606567,0.995964765548706,1.8130157286577742e-06,0.004035182762891054,0.004033369943499565,False,none
1,1,1.0,0.9993488192558289,1.0,0.9993488192558289,-0.0006511807441711426,False,none
1,1,1.0,0.9995757937431335,1.0,0.9995757937431335,-0.0004242062568664551,False,none
0,0,0.9999901056289673,0.9954531192779541,9.8783430075855e-06,0.00454679736867547,0.004536918830126524,False,none
0,0,0.9999912977218628,0.9985114932060242,8.736141353438143e-06,0.001488549169152975,0.0014798130141571164,False,none
0,1,0.9999934434890747,0.5037875771522522,6.589509212062694e-06,0.5037875771522522,0.5037809610366821,True,disagreement
0,0,0.9999674558639526,0.9926233291625977,3.25505570799578e-05,0.007376711815595627,0.007344161160290241,False,none
0,0,0.9999879598617554,0.9988574981689453,1.2078242434654385e-05,0.0011425305856391788,0.0011304523795843124,False,none
0,0,0.9999972581863403,0.932989239692688,2.689368329811259e-06,0.06701071560382843,0.06700802594423294,False,none
0,0,1.0,0.9373949766159058,3.068944920414651e-08,0.06260498613119125,0.06260495632886887,False,none
0,1,0.9999803304672241,0.6107964515686035,1.965586307051126e-05,0.6107964515686035,0.6107767820358276,True,"disagreement,high_confidence_disagreement"
0,1,0.9097316265106201,0.9862788319587708,0.09026842564344406,0.9862788319587708,0.8960103988647461,True,"disagreement,high_confidence_disagreement"
0,0,0.9999864101409912,0.9926153421401978,1.3578694051830098e-05,0.0073846690356731415,0.007371090352535248,False,none
0,0,0.999975323677063,0.991814911365509,2.4715363906580023e-05,0.00818506721407175,0.008160351775586605,False,none
0,0,1.0,0.9990122318267822,1.0989115395432236e-08,0.0009877057746052742,0.0009876948315650225,False,none
0,0,0.9999864101409912,0.986009418964386,1.3641489204019308e-05,0.013990622945129871,0.013976981863379478,False,none
0,1,0.999634861946106,0.5295045375823975,0.0003650696889963001,0.5295045375823975,0.5291394591331482,True,disagreement
0,0,0.999996542930603,0.9769872426986694,3.4307690839341376e-06,0.02301270142197609,0.023009270429611206,False,none
0,0,0.9999916553497314,0.997771680355072,8.382357009395491e-06,0.0022282833233475685,0.002219900954514742,False,none
1,1,1.0,0.9997419714927673,1.0,0.9997419714927673,-0.000258028507232666,False,none
1,1,1.0,0.9862053990364075,1.0,0.9862053990364075,-0.01379460096359253,False,none
0,0,0.9999914169311523,0.9979650974273682,8.525790690327995e-06,0.002034940058365464,0.002026414265856147,False,none
0,0,0.999998927116394,0.9626612663269043,1.0588070153971785e-06,0.03733878210186958,0.03733772411942482,False,none
0,0,0.9999693632125854,0.9760665893554688,3.0598253943026066e-05,0.023933447897434235,0.023902850225567818,False,none
0,0,0.9999997615814209,0.9925149083137512,2.2906213814621879e-07,0.007485103327780962,0.007484874222427607,False,none
0,0,1.0,0.9699522852897644,2.4420577560135825e-08,0.030047748237848282,0.030047724023461342,False,none
0,0,0.9999998807907104,0.9882200956344604,1.492763743726755e-07,0.011779931373894215,0.011779782362282276,False,none
0,0,0.9999916553497314,0.9870377779006958,8.30241697258316e-06,0.01296222023665905,0.012953917495906353,False,none
0,0,0.9999873638153076,0.991288423538208,1.2605406482180115e-05,0.008711515925824642,0.008698910474777222,False,none
0,0,0.9999920129776001,0.9993817806243896,7.947779522510245e-06,0.0006181778735481203,0.0006102300831116736,False,none
1,1,1.0,0.8624321222305298,1.0,0.8624321222305298,-0.13756787776947021,False,none
0,0,0.9999995231628418,0.9920302629470825,4.551109782369167e-07,0.007969704456627369,0.007969249039888382,False,none
0,0,1.0,0.9992437362670898,3.396908354602601e-08,0.0007563453982584178,0.0007563114049844444,False,none
0,0,0.9999995231628418,0.9917829036712646,4.984254928785958e-07,0.00821706559509039,0.00821656733751297,False,none
1,1,1.0,0.9999943971633911,1.0,0.9999943971633911,-5.602836608886719e-06,False,none
0,0,0.9999496936798096,0.9998102784156799,5.027083898312412e-05,0.00018972810357809067,0.00013945726095698774,False,none
0,0,0.9999973773956299,0.9617012143135071,2.6566503947833553e-06,0.0382988415658474,0.038296185433864594,False,none
0,0,0.9999923706054688,0.9997032284736633,7.583588740089908e-06,0.000296771147986874,0.0002891875628847629,False,none
0,0,0.9999910593032837,0.9996367692947388,8.88979047886096e-06,0.00036315846955403686,0.0003542686754371971,False,none
0,0,0.9997962117195129,0.9995993971824646,0.00020384462550282478,0.00040067508234642446,0.00019683045684359968,False,none
1,0,0.9993358254432678,0.7443466186523438,0.9993358254432678,0.2556533217430115,-0.7436825037002563,True,disagreement
1,1,0.9997190833091736,0.9271880984306335,0.9997190833091736,0.9271880984306335,-0.07253098487854004,False,none
0,1,0.80833899974823,0.5178778171539307,0.191661074757576,0.5178778171539307,0.32621675729751587,True,disagreement
0,0,0.9999892711639404,0.9997081160545349,1.0764683793240692e-05,0.0002918401442002505,0.0002810754522215575,False,none
1,0,0.9851471781730652,0.6992700695991516,0.9851471781730652,0.3007299304008484,-0.6844172477722168,True,disagreement
0,0,1.0,0.999183714389801,1.0464168198609514e-08,0.0008162560407072306,0.0008162455633282661,False,none
0,0,0.9999922513961792,0.9518766403198242,7.782448847137857e-06,0.04812341183423996,0.04811562970280647,False,none
1,1,1.0,0.9896062016487122,1.0,0.9896062016487122,-0.010393798351287842,False,none
1,1,0.9415715932846069,0.96233069896698,0.9415715932846069,0.96233069896698,0.020759105682373047,False,none
0,1,0.9999833106994629,0.532443106174469,1.674644590821117e-05,0.532443106174469,0.5324263572692871,True,disagreement
0,0,0.999954104423523,0.9926514029502869,4.5889202738180757e-05,0.007348623126745224,0.0073027340695261955,False,none
0,0,0.9996637105941772,0.9945419430732727,0.0003363119612913579,0.005458060652017593,0.005121748894453049,False,none
0,1,0.9674070477485657,0.7772221565246582,0.03259292244911194,0.7772221565246582,0.7446292638778687,True,"disagreement,high_confidence_disagreement"
0,0,0.9487243294715881,0.6208993196487427,0.051275670528411865,0.37910065054893494,0.32782498002052307,False,none
0,0,0.9999872446060181,0.999142050743103,1.2740353668050375e-05,0.0008579001296311617,0.0008451597532257438,False,none
0,0,0.9999910593032837,0.9944735169410706,8.99438418855425e-06,0.005526470020413399,0.00551747577264905,False,none
0,0,0.999983549118042,0.9994111061096191,1.650596641411539e-05,0.0005888705491088331,0.0005723646027036011,False,none
1,1,0.9999924898147583,0.9961452484130859,0.9999924898147583,0.9961452484130859,-0.0038472414016723633,False,none
0,0,1.0,0.9963914752006531,1.6495567134455769e-09,0.0036084838211536407,0.003608482191339135,False,none
1,1,1.0,0.9998981952667236,1.0,0.9998981952667236,-0.00010180473327636719,False,none
0,0,0.9999886751174927,0.9886541366577148,1.1317375538055785e-05,0.01134585589170456,0.011334538459777832,False,none
0,0,0.9999544620513916,0.9993977546691895,4.5523076551035047e-05,0.0006022645975463092,0.0005567414918914437,False,none
1,1,1.0,0.9998012185096741,1.0,0.9998012185096741,-0.00019878149032592773,False,none
0,0,1.0,0.9977132081985474,3.047072638651116e-08,0.002286809729412198,0.0022867792285978794,False,none
0,0,0.9999990463256836,0.9922549724578857,9.920663615048397e-07,0.007745012640953064,0.0077440207824110985,False,none
1,1,0.577552318572998,0.9742074608802795,0.577552318572998,0.9742074608802795,0.3966551423072815,False,none
0,0,0.9999933242797852,0.9995508790016174,6.707457487209467e-06,0.0004490722203627229,0.0004423647769726813,False,none
0,0,1.0,0.9928441643714905,5.696653815334685e-09,0.00715577881783247,0.007155773229897022,False,none
0,0,0.999971866607666,0.750544011592865,2.812346792779863e-05,0.24945604801177979,0.249427929520607,False,none
0,0,0.9999679327011108,0.9984630346298218,3.2051939342636615e-05,0.001536993426270783,0.001504941494204104,False,none
0,0,0.9999822378158569,0.9249197840690613,1.7738209862727672e-05,0.0750802606344223,0.07506252080202103,False,none
0,0,0.9999997615814209,0.9993946552276611,2.535128942326992e-07,0.0006053231772966683,0.0006050696829333901,False,none
0,0,0.9999291896820068,0.930551290512085,7.080497016431764e-05,0.06944873929023743,0.06937793642282486,False,none
0,0,0.9999889135360718,0.9986543655395508,1.1119149348814972e-05,0.0013455554144456983,0.0013344362378120422,False,none
0,0,0.9999724626541138,0.9748110771179199,2.750603380263783e-05,0.025188978761434555,0.02516147308051586,False,none
0,0,0.9999786615371704,0.9992295503616333,2.1279931388562545e-05,0.0007704084273427725,0.0007491285214200616,False,none
1,1,0.9998915195465088,0.9950881600379944,0.9998915195465088,0.9950881600379944,-0.004803359508514404,False,none
0,0,0.9999735355377197,0.9991298317909241,2.648700501595158e-05,0.0008702094200998545,0.0008437224314548075,False,none
0,0,0.9999666213989258,0.9954553842544556,3.342524360050447e-05,0.004544646479189396,0.004511221311986446,False,none
0,0,0.9999984502792358,0.9968305230140686,1.57140675582923e-06,0.003169525181874633,0.003167953807860613,False,none
0,0,0.9999926090240479,0.9976766705513,7.33564593247138e-06,0.002323396969586611,0.002316061407327652,False,none
0,0,0.999980092048645,0.9997890591621399,1.9878738385159522e-05,0.00021096167620271444,0.00019108294509351254,False,none
0,0,0.999992847442627,0.9956448078155518,7.161468147387495e-06,0.00435516145080328,0.004348000045865774,False,none
0,0,0.9999904632568359,0.9977816939353943,9.52820209931815e-06,0.002218375215306878,0.0022088470868766308,False,none
0,0,0.9999172687530518,0.9994335770606995,8.27721887617372e-05,0.0005664312047883868,0.000483659008750692,False,none
0,0,0.9999818801879883,0.9997052550315857,1.8174187061958946e-05,0.0002946658933069557,0.00027649171533994377,False,none
0,0,0.9992507100105286,0.9836345911026001,0.0007492336444556713,0.01636543869972229,0.015616204589605331,False,none
0,0,0.9999892711639404,0.9996448755264282,1.0691838724596892e-05,0.0003551222907844931,0.0003444304456934333,False,none
1,1,1.0,0.5269373655319214,1.0,0.5269373655319214,-0.4730626344680786,False,none
0,0,0.9962677359580994,0.588616669178009,0.003732271958142519,0.41138336062431335,0.4076510965824127,False,none
0,0,0.9999356269836426,0.9629276990890503,6.43529201624915e-05,0.0370723120868206,0.03700795769691467,False,none
1,1,1.0,0.5329198837280273,1.0,0.5329198837280273,-0.46708011627197266,False,none
0,0,0.9999744892120361,0.9762247204780579,2.5513365471852012e-05,0.02377532608807087,0.023749813437461853,False,none
0,1,0.9635708332061768,0.5045595765113831,0.03642908111214638,0.5045595765113831,0.468130499124527,True,disagreement
0,1,0.9999927282333374,0.5033355355262756,7.27869928596192e-06,0.5033355355262756,0.503328263759613,True,disagreement
0,0,0.9951713681221008,0.9906178116798401,0.004828621633350849,0.009382200427353382,0.004553578794002533,False,none
0,0,0.9999908208847046,0.9994932413101196,9.19597914617043e-06,0.0005067071178928018,0.0004975111223757267,False,none
0,0,0.9999902248382568,0.999887228012085,9.762475201569032e-06,0.00011274866119492799,0.00010298618872184306,False,none
0,0,0.999967098236084,0.9968523383140564,3.2865464163478464e-05,0.0031476393342018127,0.003114773891866207,False,none
0,0,0.9999696016311646,0.953890323638916,3.0397315640584566e-05,0.04610962048172951,0.04607922211289406,False,none
1,1,0.9999998807907104,0.9988009929656982,0.9999998807907104,0.9988009929656982,-0.001198887825012207,False,none
0,0,0.9986417889595032,0.9611539840698242,0.0013582705287262797,0.03884602338075638,0.03748775273561478,False,none
0,0,0.9999754428863525,0.9990697503089905,2.4584613129263744e-05,0.0009302274556830525,0.0009056428680196404,False,none
1,1,1.0,0.5245640277862549,1.0,0.5245640277862549,-0.4754359722137451,False,none
0,0,0.9708065986633301,0.784213125705719,0.029193326830863953,0.215786874294281,0.18659354746341705,False,none
0,0,0.9999762773513794,0.9990261793136597,2.375706571910996e-05,0.0009738606167957187,0.0009501035674475133,False,none
1,1,1.0,0.9999504089355469,1.0,0.9999504089355469,-4.9591064453125e-05,False,none
0,0,1.0,0.9947295784950256,1.240133329361015e-09,0.005270398687571287,0.005270397290587425,False,none
0,0,0.999992847442627,0.9844334125518799,7.2034708864521235e-06,0.015566583722829819,0.015559379942715168,False,none
0,0,0.9999712705612183,0.9950849413871765,2.8749554985552095e-05,0.004914985969662666,0.004886236507445574,False,none
0,0,0.9999576807022095,0.9612106084823608,4.2285908421035856e-05,0.038789451122283936,0.038747165352106094,False,none
0,1,0.9991089701652527,0.5091869235038757,0.0008910311735235155,0.5091869235038757,0.5082958936691284,True,disagreement
0,1,0.9999922513961792,0.508479654788971,7.689073754590936e-06,0.508479654788971,0.5084719657897949,True,disagreement
0,0,0.9998207688331604,0.9985899329185486,0.00017926628061104566,0.001410069176927209,0.0012308028526604176,False,none
0,0,0.9999734163284302,0.9276303052902222,2.6624697056831792e-05,0.07236974686384201,0.0723431184887886,False,none
1,1,1.0,0.9991804957389832,1.0,0.9991804957389832,-0.0008195042610168457,False,none
0,0,0.9975454211235046,0.9217475652694702,0.00245455838739872,0.0782523974776268,0.07579784095287323,False,none
0,0,0.9999996423721313,0.9893800616264343,4.0579911342319974e-07,0.010619951412081718,0.010619545355439186,False,none
0,1,0.999539852142334,0.8176422715187073,0.00046015059342607856,0.8176422715187073,0.8171821236610413,True,"disagreement,high_confidence_disagreement"
0,0,0.9999904632568359,0.9966415166854858,9.478003448748495e-06,0.003358547342941165,0.0033490692730993032,False,none
0,1,0.9999862909317017,0.5087175965309143,1.3694356312043965e-05,0.5087175965309143,0.508703887462616,True,disagreement
0,0,0.9999769926071167,0.574728786945343,2.2947653633309528e-05,0.425271213054657,0.42524826526641846,False,none
0,0,0.9999929666519165,0.9974574446678162,7.032671874185326e-06,0.0025426035281270742,0.002535570878535509,False,none
1,1,0.999626636505127,0.9890917539596558,0.999626636505127,0.9890917539596558,-0.010534882545471191,False,none
0,0,0.9999915361404419,0.9949136972427368,8.470155080431141e-06,0.005086229648441076,0.0050777592696249485,False,none
0,0,0.9999949932098389,0.9776801466941833,4.9914178816834465e-06,0.022319871932268143,0.022314880043268204,False,none
0,0,0.9999902248382568,0.9979555606842041,9.8010868896381e-06,0.0020444695837795734,0.002034668577834964,False,none
0,0,0.9991790652275085,0.996487021446228,0.000820926099549979,0.0035130504984408617,0.002692124340683222,False,none
0,0,0.9999743700027466,0.9800700545310974,2.5631961761973798e-05,0.019929874688386917,0.01990424282848835,False,none
0,0,0.9999244213104248,0.825766384601593,7.559408550150692e-05,0.17423364520072937,0.17415805160999298,False,none
0,0,0.9981902241706848,0.9021682143211365,0.001809764769859612,0.09783178567886353,0.09602201730012894,False,none
0,0,0.9959229230880737,0.8851221799850464,0.004077121615409851,0.11487782746553421,0.11080070585012436,False,none
1,1,0.981795608997345,0.9990924596786499,0.981795608997345,0.9990924596786499,0.01729685068130493,False,none
0,0,0.9999995231628418,0.996345579624176,4.4612110627895163e-07,0.00365442200563848,0.0036539759021252394,False,none
1,1,1.0,0.9999332427978516,1.0,0.9999332427978516,-6.67572021484375e-05,False,none
0,0,0.9999890327453613,0.990908145904541,1.0975395525747444e-05,0.009091821499168873,0.00908084586262703,False,none
0,0,0.9999865293502808,0.9499757885932922,1.3521785149350762e-05,0.05002428963780403,0.050010766834020615,False,none
0,0,0.9999866485595703,0.9911937117576599,1.3314410352904815e-05,0.008806295692920685,0.008792981505393982,False,none
0,0,0.9999619722366333,0.99689781665802,3.79787124984432e-05,0.0031022026669234037,0.0030642240308225155,False,none
0,0,0.9999743700027466,0.9980853796005249,2.5685281798359938e-05,0.0019146521808579564,0.0018889668863266706,False,none
0,0,0.9999775886535645,0.985431969165802,2.2439613530877978e-05,0.014567983336746693,0.014545544050633907,False,none
0,1,0.9967781901359558,0.5097847580909729,0.0032217686530202627,0.5097847580909729,0.5065630078315735,True,disagreement
1,1,1.0,0.9982251524925232,1.0,0.9982251524925232,-0.0017748475074768066,False,none
0,0,0.999992847442627,0.9900216460227966,7.168157480919035e-06,0.009978330694139004,0.009971162304282188,False,none
1,1,1.0,0.9937000274658203,1.0,0.9937000274658203,-0.0062999725341796875,False,none
1,0,0.9855880737304688,0.5837164521217346,0.9855880737304688,0.4162834882736206,-0.5693045854568481,True,disagreement
0,0,0.9999988079071045,0.9871760010719299,1.2051891644659918e-06,0.012823964469134808,0.012822759337723255,False,none
0,0,1.0,0.993013322353363,1.2812312100152212e-08,0.006986704189330339,0.006986691150814295,False,none
0,0,0.9999734163284302,0.9603766798973083,2.6641308068064973e-05,0.03962329030036926,0.03959665074944496,False,none
0,0,0.9999998807907104,0.9902093410491943,8.054101385823742e-08,0.009790631942451,0.009790551848709583,False,none
0,0,0.9999887943267822,0.982860803604126,1.1186964911757968e-05,0.017139170318841934,0.017127983272075653,False,none
0,0,0.9999327659606934,0.9985059499740601,6.726110586896539e-05,0.0014941259287297726,0.001426864881068468,False,none
0,0,0.9999935626983643,0.989557683467865,6.445820417866344e-06,0.010442351922392845,0.010435906238853931,False,none
0,0,0.999992847442627,0.9971588850021362,7.1838089752418455e-06,0.0028411357197910547,0.0028339519631117582,False,none
1,1,1.0,0.9999871253967285,1.0,0.9999871253967285,-1.2874603271484375e-05,False,none
0,0,0.9999998807907104,0.9983389377593994,7.8460686836479e-08,0.0016609982121735811,0.0016609197482466698,False,none
1,1,1.0,0.9828324913978577,1.0,0.9828324913978577,-0.017167508602142334,False,none
0,0,0.9999878406524658,0.9940544962882996,1.2208080988784786e-05,0.0059455521404743195,0.0059333438985049725,False,none
0,0,0.9999996423721313,0.9857771992683411,3.7419565046548087e-07,0.01422281377017498,0.014222439378499985,False,none
0,0,0.9982979893684387,0.9119391441345215,0.0017020456725731492,0.0880609005689621,0.08635885268449783,False,none
0,0,0.9998596906661987,0.9198463559150696,0.00014024507254362106,0.08015360683202744,0.08001336455345154,False,none
0,0,0.999906063079834,0.9953692555427551,9.390900231665e-05,0.004630772862583399,0.004536863882094622,False,none
1,1,0.9999985694885254,0.9973924160003662,0.9999985694885254,0.9973924160003662,-0.0026061534881591797,False,none
0,0,0.999202311038971,0.9974256157875061,0.0007976836641319096,0.0025743211153894663,0.0017766375094652176,False,none
0,0,0.9999886751174927,0.997171938419342,1.1346944120305125e-05,0.002828070195391774,0.002816723193973303,False,none
1,1,0.9999992847442627,0.9978919625282288,0.9999992847442627,0.9978919625282288,-0.0021073222160339355,False,none
0,0,1.0,0.997617781162262,3.199773246365112e-08,0.00238220882602036,0.0023821769282221794,False,none
0,0,0.9774656295776367,0.8077058792114258,0.022534407675266266,0.19229409098625183,0.16975969076156616,False,none
0,1,0.9999078512191772,0.978477954864502,9.215466707246378e-05,0.978477954864502,0.9783858060836792,True,"disagreement,high_confidence_disagreement"
0,0,0.9999699592590332,0.9876097440719604,3.006236147484742e-05,0.01239025965332985,0.012360197491943836,False,none
0,0,0.9999841451644897,0.9995318651199341,1.58960774570005e-05,0.00046817387919873,0.0004522778035607189,False,none
0,0,0.9999293088912964,0.9997691512107849,7.073748565744609e-05,0.00023090443573892117,0.00016016695008147508,False,none
1,1,1.0,0.9999076128005981,1.0,0.9999076128005981,-9.238719940185547e-05,False,none
0,0,0.9999823570251465,0.9987239241600037,1.7647367712925188e-05,0.0012759986566379666,0.0012583512580022216,False,none
0,0,0.9999929666519165,0.9998167157173157,7.085612651280826e-06,0.00018332780746277422,0.00017624218889977783,False,none
0,0,1.0,0.9999788999557495,1.4735037634494574e-09,2.115654388035182e-05,2.1155070498934947e-05,False,none
0,0,0.9999476671218872,0.9748440384864807,5.237214645603672e-05,0.02515598200261593,0.025103610008955002,False,none
0,0,0.9999959468841553,0.9970832467079163,4.081747647433076e-06,0.002916798461228609,0.002912716707214713,False,none
0,0,0.9999783039093018,0.9979575872421265,2.1752883185399696e-05,0.0020424090325832367,0.002020656131207943,False,none
0,0,1.0,0.9981038570404053,5.606776198874286e-08,0.001896078698337078,0.0018960225861519575,False,none
0,0,0.9999759197235107,0.9963158965110779,2.410265733487904e-05,0.003684154711663723,0.0036600520834326744,False,none
0,0,0.9999592304229736,0.8115091323852539,4.080860526300967e-05,0.1884908378124237,0.18845002353191376,False,none
0,0,0.9999998807907104,0.9998915195465088,9.291667169009088e-08,0.0001084374453057535,0.00010834453132702038,False,none
0,0,0.9999923706054688,0.9991663694381714,7.618331892444985e-06,0.0008336257305927575,0.000826007395517081,False,none
0,0,0.999971866607666,0.9925083518028259,2.8182374080643058e-05,0.007491659838706255,0.007463477551937103,False,none
0,0,0.9999810457229614,0.9798667430877686,1.8977307263412513e-05,0.02013326808810234,0.020114291459321976,False,none
0,0,0.9999845027923584,0.9996927976608276,1.5472876839339733e-05,0.0003072623221669346,0.0002917894453275949,False,none
0,0,0.9669113755226135,0.9027053713798523,0.033088568598032,0.09729460626840591,0.06420603394508362,False,none
0,0,0.9999901056289673,0.999038815498352,9.89093678072095e-06,0.0009611726272851229,0.0009512816905044019,False,none
0,0,0.9997182488441467,0.9808793663978577,0.0002817843633238226,0.019120624288916588,0.01883883960545063,False,none
1,1,1.0,0.999619722366333,1.0,0.999619722366333,-0.0003802776336669922,False,none
0,0,0.9999780654907227,0.9995645880699158,2.198976289946586e-05,0.0004353930416982621,0.000413403264246881,False,none
1,1,1.0,0.9999899864196777,1.0,0.9999899864196777,-1.0013580322265625e-05,False,none
0,0,0.9968170523643494,0.7767229080200195,0.003182993270456791,0.22327709197998047,0.22009409964084625,False,none
0,0,0.9999207258224487,0.9908536672592163,7.923757948447019e-05,0.009146287105977535,0.009067049250006676,False,none
0,0,0.9999890327453613,0.9614851474761963,1.0995961019943934e-05,0.03851484879851341,0.03850385174155235,False,none
1,1,1.0,0.5537874102592468,1.0,0.5537874102592468,-0.4462125897407532,False,none
1,1,0.9999568462371826,0.9747107028961182,0.9999568462371826,0.9747107028961182,-0.025246143341064453,False,none
0,0,0.9999585151672363,0.9996229410171509,4.145631828578189e-05,0.00037702356348745525,0.00033556725247763097,False,none
0,0,0.9998382329940796,0.9987516403198242,0.00016170238086488098,0.0012483001919463277,0.0010865977965295315,False,none
0,0,0.9999998807907104,0.9916178584098816,1.5777648343373585e-07,0.008382124826312065,0.008381967432796955,False,none
0,1,0.9951642751693726,0.6071818470954895,0.004835753235965967,0.6071818470954895,0.6023461222648621,True,"disagreement,high_confidence_disagreement"
0,0,1.0,0.9848575592041016,1.2003476435040739e-08,0.01514238491654396,0.01514237280935049,False,none
0,1,0.9999630451202393,0.5713459253311157,3.699443186633289e-05,0.5713459253311157,0.5713089108467102,True,disagreement
1,1,1.0,0.9825353622436523,1.0,0.9825353622436523,-0.017464637756347656,False,none
0,0,0.9999926090240479,0.997557520866394,7.341916898440104e-06,0.0024424514267593622,0.0024351095780730247,False,none
1,1,0.999876856803894,0.8952240347862244,0.999876856803894,0.8952240347862244,-0.10465282201766968,False,none
0,0,0.9969246983528137,0.9176629185676575,0.003075252752751112,0.08233710378408432,0.07926185429096222,False,none
0,0,0.9999086856842041,0.9990033507347107,9.133971616392955e-05,0.0009966599754989147,0.000905320281162858,False,none
1,1,0.9999692440032959,0.9976574182510376,0.9999692440032959,0.9976574182510376,-0.0023118257522583008,False,none
0,0,0.9999794960021973,0.979512631893158,2.0527631932054646e-05,0.02048732154071331,0.020466793328523636,False,none
1,1,0.9991891980171204,0.9836050868034363,0.9991891980171204,0.9836050868034363,-0.015584111213684082,False,none
0,0,0.9999997615814209,0.9974697828292847,2.3675542593082355e-07,0.002530205063521862,0.002529968274757266,False,none
1,1,1.0,0.5323842167854309,1.0,0.5323842167854309,-0.4676157832145691,False,none
0,0,0.993525505065918,0.9912870526313782,0.006474556401371956,0.008712940849363804,0.002238384447991848,False,none
1,1,1.0,0.9998341798782349,1.0,0.9998341798782349,-0.00016582012176513672,False,none
0,0,0.9999642372131348,0.9772213697433472,3.5729361115954816e-05,0.022778626531362534,0.022742897272109985,False,none
0,0,0.9999797344207764,0.9994966983795166,2.0285599021008238e-05,0.0005032640765421093,0.0004829784738831222,False,none
0,0,1.0,0.9935744404792786,3.0354129876286606e-08,0.0064255474135279655,0.0064255171455442905,False,none
0,0,0.9999446868896484,0.9997679591178894,5.527634857571684e-05,0.00023205828620120883,0.00017678193398751318,False,none
0,0,1.0,0.928925633430481,4.1469558453854916e-08,0.07107439637184143,0.07107435166835785,False,none
0,0,0.9982030391693115,0.9284782409667969,0.0017969065811485052,0.07152169197797775,0.06972478330135345,False,none
1,1,1.0,0.9999200105667114,1.0,0.9999200105667114,-7.998943328857422e-05,False,none
0,0,0.9966568946838379,0.8743507862091064,0.0033431292977184057,0.12564919888973236,0.12230607122182846,False,none
0,0,0.9999868869781494,0.9094714522361755,1.306164722336689e-05,0.09052857756614685,0.09051551669836044,False,none
1,1,1.0,0.9874901175498962,1.0,0.9874901175498962,-0.01250988245010376,False,none
0,0,0.9999997615814209,0.9985449314117432,1.8982458982463868e-07,0.0014550401829183102,0.0014548503095284104,False,none
0,0,0.9999730587005615,0.9915674328804016,2.6905974664259702e-05,0.008432530798017979,0.008405624888837337,False,none
0,0,0.9999332427978516,0.9979209303855896,6.669571303064004e-05,0.002079065190628171,0.002012369455769658,False,none
1,1,1.0,0.9983174800872803,1.0,0.9983174800872803,-0.0016825199127197266,False,none
0,0,0.9995468258857727,0.9946355223655701,0.0004531731829047203,0.005364446435123682,0.004911273252218962,False,none
1,1,1.0,0.9948037266731262,1.0,0.9948037266731262,-0.005196273326873779,False,none
0,0,0.999985933303833,0.8422176241874695,1.4047704098629765e-05,0.15778237581253052,0.15776832401752472,False,none
1,1,0.999024510383606,0.9587650299072266,0.999024510383606,0.9587650299072266,-0.040259480476379395,False,none
0,0,0.9999926090240479,0.9953362345695496,7.342477147176396e-06,0.004663834348320961,0.0046564918011426926,False,none
0,0,0.9999881982803345,0.9775806665420532,1.1800839274656028e-05,0.022419361397624016,0.02240755967795849,False,none
0,0,0.9999879598617554,0.9768677949905396,1.2050444638589397e-05,0.023132214322686195,0.02312016300857067,False,none
0,0,0.9999911785125732,0.9849042892456055,8.822596100799274e-06,0.015095701441168785,0.015086879022419453,False,none
0,0,0.9999996423721313,0.9678812026977539,3.042119658402953e-07,0.03211880102753639,0.03211849555373192,False,none
0,1,0.9997956156730652,0.7727034687995911,0.0002044230786850676,0.7727034687995911,0.7724990248680115,True,"disagreement,high_confidence_disagreement"
0,0,0.9998077750205994,0.8637168407440186,0.0001922106312122196,0.13628318905830383,0.1360909789800644,False,none
1,1,0.9960719347000122,0.9998891353607178,0.9960719347000122,0.9998891353607178,0.0038172006607055664,False,none
0,0,0.9999812841415405,0.918522834777832,1.8708378775045276e-05,0.08147720992565155,0.08145850151777267,False,none
0,0,0.9988553524017334,0.894024133682251,0.0011446215212345123,0.10597583651542664,0.10483121871948242,False,none
1,0,0.9553883671760559,0.5336794257164001,0.9553883671760559,0.46632054448127747,-0.48906782269477844,True,disagreement
0,0,0.9999994039535522,0.9992647767066956,6.206774401107396e-07,0.0007352305110543966,0.0007346098427660763,False,none
0,0,0.9999889135360718,0.9913824200630188,1.1042587175325025e-05,0.008617649786174297,0.008606607094407082,False,none
1,1,1.0,0.9943656921386719,1.0,0.9943656921386719,-0.005634307861328125,False,none
0,0,1.0,0.9997302889823914,1.503120117263279e-08,0.00026966159930452704,0.00026964658172801137,False,none
0,0,0.9999978542327881,0.9391302466392517,2.1411467514553806e-06,0.06086979806423187,0.06086765602231026,False,none
0,0,0.9999369382858276,0.9944381713867188,6.308375304797664e-05,0.005561843514442444,0.005498759914189577,False,none
0,0,0.9999779462814331,0.997298538684845,2.208157275163103e-05,0.0027014422230422497,0.0026793605647981167,False,none
0,0,0.9999879598617554,0.9995647072792053,1.1991131032118574e-05,0.0004352287214715034,0.0004232375940773636,False,none
0,0,0.9999808073043823,0.9286577105522156,1.9149360014125705e-05,0.07134225964546204,0.07132311165332794,False,none
0,0,0.9999698400497437,0.9484316110610962,3.0208639145712368e-05,0.051568400114774704,0.051538191735744476,False,none
0,0,0.9999998807907104,0.994874894618988,1.2587941000674618e-07,0.005125080700963736,0.0051249549724161625,False,none
0,0,0.9999758005142212,0.5039002299308777,2.421575663902331e-05,0.49609968066215515,0.49607545137405396,False,none
0,0,0.9853799939155579,0.9720236659049988,0.014619940891861916,0.027976324781775475,0.013356383889913559,False,none
0,0,0.99997878074646,0.9994500279426575,2.1173133063712157e-05,0.000549929216504097,0.0005287560634315014,False,none
0,0,0.999981164932251,0.9994969367980957,1.8892491425503977e-05,0.0005030477768741548,0.00048415528726764023,False,none
0,0,0.9802458882331848,0.5127772688865662,0.01975414901971817,0.487222820520401,0.4674686789512634,False,none
0,0,0.9999847412109375,0.9996930360794067,1.5250991054926999e-05,0.0003070403472520411,0.0002917893580161035,False,none
0,0,0.9988057613372803,0.8649231791496277,0.0011942738201469183,0.13507682085037231,0.1338825523853302,False,none
0,0,0.9999771118164062,0.9846178293228149,2.291299642820377e-05,0.015382195822894573,0.015359282493591309,False,none
0,0,0.9999947547912598,0.9998230338096619,5.234453055891208e-06,0.00017704963102005422,0.0001718151761451736,False,none
0,0,0.9999998807907104,0.993446409702301,1.1873778760218556e-07,0.006553572602570057,0.0065534538589417934,False,none
0,0,0.9999912977218628,0.9980983138084412,8.646533387945965e-06,0.0019017537124454975,0.0018931071972474456,False,none
0,0,0.9999861717224121,0.9891614317893982,1.3854722055839375e-05,0.010838634334504604,0.010824779979884624,False,none
0,0,0.999997615814209,0.9706261157989502,2.350793238292681e-06,0.02937384694814682,0.02937149628996849,False,none
0,0,0.9994441866874695,0.9958857893943787,0.0005557865370064974,0.004114178009331226,0.003558391472324729,False,none
0,0,0.9999604225158691,0.9949530959129333,3.952881888835691e-05,0.005046882200986147,0.005007353611290455,False,none
0,0,0.9999997615814209,0.9941547513008118,2.738034368121589e-07,0.005845321342349052,0.0058450475335121155,False,none
0,0,1.0,0.9999197721481323,5.2641258463381746e-08,8.024044655030593e-05,8.018780499696732e-05,False,none
0,0,0.9999693632125854,0.9727703332901001,3.065895361942239e-05,0.027229703962802887,0.027199044823646545,False,none
0,0,0.9999659061431885,0.9992884397506714,3.412727892282419e-05,0.0007115205517038703,0.0006773932836949825,False,none
0,1,0.9994089603424072,0.5097878575325012,0.0005910827312618494,0.5097878575325012,0.5091967582702637,True,disagreement
1,1,0.9994940757751465,0.6856480836868286,0.9994940757751465,0.6856480836868286,-0.31384599208831787,False,none
0,0,0.9638984799385071,0.9934068918228149,0.03610152378678322,0.006593143567442894,-0.029508380219340324,False,none
0,0,0.9999891519546509,0.9977413415908813,1.0876243322854862e-05,0.0022586926352232695,0.0022478164173662663,False,none
0,1,0.9998958110809326,0.917176365852356,0.00010418440797366202,0.917176365852356,0.9170721769332886,True,"disagreement,high_confidence_disagreement"
0,1,0.9853788614273071,0.8382979035377502,0.014621137641370296,0.8382979035377502,0.8236767649650574,True,"disagreement,high_confidence_disagreement"
0,0,0.9999916553497314,0.9998107552528381,8.355516001756769e-06,0.00018923758761957288,0.0001808820670703426,False,none
0,0,0.9997797608375549,0.9923076629638672,0.00022019866446498781,0.0076922643929719925,0.00747206574305892,False,none
0,0,0.9999872446060181,0.9939714074134827,1.2745360436383635e-05,0.0060285283252596855,0.006015783175826073,False,none
0,0,0.999998927116394,0.9982395172119141,1.1223393130421755e-06,0.0017605149187147617,0.0017593925585970283,False,none
0,0,0.9997734427452087,0.8949986100196838,0.0002266145165776834,0.10500139743089676,0.10477478057146072,False,none
0,0,0.9999902248382568,0.9996329545974731,9.822870197240263e-06,0.00036700323107652366,0.000357180368155241,False,none
0,1,0.9999721050262451,0.6394006609916687,2.79496525763534e-05,0.6394006609916687,0.639372706413269,True,"disagreement,high_confidence_disagreement"
0,0,0.9999996423721313,0.9901797771453857,3.964607628859085e-07,0.00982026755809784,0.009819870814681053,False,none
0,0,0.9999920129776001,0.99720299243927,8.015227649593726e-06,0.002797060878947377,0.0027890456840395927,False,none
0,0,0.9999974966049194,0.9980877041816711,2.5585898129065754e-06,0.0019123208476230502,0.0019097622716799378,False,none
0,0,0.9999734163284302,0.9729938507080078,2.65356975432951e-05,0.027006205171346664,0.02697966992855072,False,none
0,0,0.999987006187439,0.6312652230262756,1.3033850336796604e-05,0.368734747171402,0.36872172355651855,False,none
0,0,0.9999910593032837,0.9984003901481628,8.881613211997319e-06,0.0015996478032320738,0.0015907662454992533,False,none
0,0,0.9998764991760254,0.9833358526229858,0.00012348638847470284,0.016664164140820503,0.016540678218007088,False,none
0,0,0.9999904632568359,0.9978183507919312,9.499322914052755e-06,0.002181671792641282,0.002172172535210848,False,none
1,1,1.0,0.9997456669807434,1.0,0.9997456669807434,-0.0002543330192565918,False,none
1,1,1.0,0.9999728202819824,1.0,0.9999728202819824,-2.7179718017578125e-05,False,none
0,0,0.9999896287918091,0.9260037541389465,1.0361793101765215e-05,0.07399622350931168,0.07398585975170135,False,none
0,0,0.9999909400939941,0.9970420002937317,9.022793165058829e-06,0.0029579363763332367,0.0029489134903997183,False,none
0,0,0.9999880790710449,0.9938287138938904,1.1962234566453844e-05,0.006171266548335552,0.006159304175525904,False,none
1,1,1.0,0.5754469633102417,1.0,0.5754469633102417,-0.4245530366897583,False,none
0,0,0.9999803304672241,0.9805008172988892,1.971407800738234e-05,0.01949922926723957,0.01947951503098011,False,none
0,0,0.9999920129776001,0.9972338080406189,7.944225217215717e-06,0.0027662261854857206,0.0027582820039242506,False,none
0,1,0.9958754181861877,0.7647745609283447,0.004124563653022051,0.7647745609283447,0.7606499791145325,True,"disagreement,high_confidence_disagreement"
0,1,0.999868631362915,0.5560787916183472,0.00013133150059729815,0.5560787916183472,0.555947482585907,True,disagreement
0,0,0.9999997615814209,0.9950684309005737,2.158811724939369e-07,0.004931551404297352,0.004931335337460041,False,none
0,0,0.9999891519546509,0.9969306588172913,1.079366120393388e-05,0.003069330472499132,0.003058536909520626,False,none
0,0,0.9999488592147827,0.9982731342315674,5.1110091590089723e-05,0.0017268913798034191,0.0016757813282310963,False,none
0,0,0.9999910593032837,0.9993595480918884,8.914257705328055e-06,0.000640464189928025,0.0006315499194897711,False,none
0,0,0.9991713762283325,0.9024008512496948,0.0008286157972179353,0.09759921580553055,0.09677059948444366,False,none
0,0,0.9999866485595703,0.9769572019577026,1.3368739928409923e-05,0.023042837157845497,0.023029468953609467,False,none
0,0,0.9999829530715942,0.9990679621696472,1.7018710423144512e-05,0.0009320693206973374,0.0009150506230071187,False,none
1,1,0.9999643564224243,0.9993470311164856,0.9999643564224243,0.9993470311164856,-0.0006173253059387207,False,none
0,1,0.6271771788597107,0.5336915850639343,0.37282273173332214,0.5336915850639343,0.16086885333061218,True,disagreement
0,0,0.9999663829803467,0.9965930581092834,3.3617943699937314e-05,0.003406967967748642,0.003373350016772747,False,none
0,0,0.9999836683273315,0.9993034601211548,1.63692584465025e-05,0.0006965798093006015,0.0006802105344831944,False,none
0,1,0.9999918937683105,0.5068809986114502,8.049451935221441e-06,0.5068809986114502,0.5068729519844055,True,disagreement
0,1,0.9977784752845764,0.7854586243629456,0.0022215479984879494,0.7854586243629456,0.783237099647522,True,"disagreement,high_confidence_disagreement"
0,0,0.9999945163726807,0.9963257908821106,5.538408913707826e-06,0.0036741599906235933,0.0036686216481029987,False,none
1,1,1.0,0.9999140501022339,1.0,0.9999140501022339,-8.594989776611328e-05,False,none
0,0,0.9999792575836182,0.9700543284416199,2.0750116163981147e-05,0.029945600777864456,0.029924850910902023,False,none
0,0,0.9999998807907104,0.9718230962753296,1.3184300939883542e-07,0.028176911175251007,0.02817677892744541,False,none
1,1,1.0,0.9995474219322205,1.0,0.9995474219322205,-0.000452578067779541,False,none
0,0,0.9994620680809021,0.9829839468002319,0.0005379471695050597,0.017016060650348663,0.01647811383008957,False,none
0,0,0.9999940395355225,0.9998807907104492,5.92759079154348e-06,0.00011916962830582634,0.00011324203660478815,False,none
0,0,1.0,0.9988547563552856,7.386373734874496e-09,0.001145266112871468,0.001145258778706193,False,none
0,0,0.9996261596679688,0.7501615285873413,0.00037385677569545805,0.24983848631381989,0.24946463108062744,False,none
0,0,0.9999868869781494,0.9664960503578186,1.3158404726709705e-05,0.033503882586956024,0.03349072486162186,False,none
0,0,0.999990701675415,0.9941567182540894,9.303694241680205e-06,0.005843314807862043,0.005834010895341635,False,none
0,0,0.9999864101409912,0.7480644583702087,1.3540598047256935e-05,0.25193557143211365,0.25192204117774963,False,none
1,1,0.9993071556091309,0.5158286690711975,0.9993071556091309,0.5158286690711975,-0.48347848653793335,False,none
0,0,0.9999852180480957,0.9997548460960388,1.4825822290731594e-05,0.0002451711625326425,0.00023034533660393208,False,none
0,0,0.9982920289039612,0.9062901735305786,0.0017079958925023675,0.09370981901884079,0.09200182557106018,False,none
1,1,0.9999942779541016,0.9696567058563232,0.9999942779541016,0.9696567058563232,-0.03033757209777832,False,none
0,0,0.999788224697113,0.9924807548522949,0.00021182253840379417,0.0075192516669631,0.0073074293322861195,False,none
0,0,0.9999856948852539,0.9980500936508179,1.429631174687529e-05,0.0019499030895531178,0.0019356068223714828,False,none
0,0,0.9995884299278259,0.9534156918525696,0.0004115788033232093,0.04658433794975281,0.04617276042699814,False,none
0,0,0.9975625276565552,0.996895432472229,0.0024374385830014944,0.0031044981442391872,0.0006670595612376928,False,none
0,0,0.9987233281135559,0.9982898831367493,0.0012766254367306828,0.0017100881086662412,0.0004334626719355583,False,none
0,0,0.9999920129776001,0.9060474038124084,7.979061592777725e-06,0.09395262598991394,0.09394464641809464,False,none
0,0,0.9999885559082031,0.999812662601471,1.1440235539339483e-05,0.00018735371122602373,0.00017591347568668425,False,none
0,0,0.999991774559021,0.9924271106719971,8.27659823698923e-06,0.007572921924293041,0.0075646452605724335,False,none
0,0,0.999985933303833,0.9995948672294617,1.4035638741916046e-05,0.0004051216528750956,0.00039108601049520075,False,none
0,0,0.9999998807907104,0.9945796728134155,8.226624714779973e-08,0.005420353729277849,0.005420271307229996,False,none
0,0,0.9985513091087341,0.8002028465270996,0.00144870241638273,0.19979719817638397,0.1983484923839569,False,none
1,1,1.0,0.9998717308044434,1.0,0.9998717308044434,-0.00012826919555664062,False,none
1,1,1.0,0.9998574256896973,1.0,0.9998574256896973,-0.00014257431030273438,False,none
0,0,0.9265841245651245,0.806347131729126,0.07341588288545609,0.1936529129743576,0.12023703008890152,False,none
1,1,1.0,0.999749481678009,1.0,0.999749481678009,-0.0002505183219909668,False,none
1,1,1.0,0.9999850988388062,1.0,0.9999850988388062,-1.4901161193847656e-05,False,none
0,0,1.0,0.9998650550842285,2.3907795743127735e-09,0.00013495131861418486,0.0001349489321000874,False,none
0,0,0.9999608993530273,0.98046875,3.9085567550500855e-05,0.019531285390257835,0.019492199644446373,False,none
0,0,0.9999650716781616,0.9992334842681885,3.497762372717261e-05,0.0007665784214623272,0.0007316007977351546,False,none
1,1,0.9987008571624756,0.9515414834022522,0.9987008571624756,0.9515414834022522,-0.04715937376022339,False,none
0,0,0.9999881982803345,0.9997929930686951,1.180572417069925e-05,0.0002069914626190439,0.00019518574117682874,False,none
0,0,0.9999910593032837,0.9996092915534973,8.993792107503396e-06,0.00039071260835044086,0.0003817188262473792,False,none
0,0,1.0,0.9991825222969055,1.030948482139138e-08,0.000817521009594202,0.0008175107068382204,False,none
0,0,0.9999377727508545,0.9205107688903809,6.225937249837443e-05,0.07948924601078033,0.07942698895931244,False,none
0,0,0.9999533891677856,0.9960552453994751,4.66124402009882e-05,0.00394477741792798,0.0038981649558991194,False,none
0,0,0.9987707734107971,0.9550257325172424,0.0012291447492316365,0.04497421532869339,0.043745070695877075,False,none
0,0,0.8954140543937683,0.5701554417610168,0.10458596795797348,0.42984452843666077,0.3252585530281067,False,none
0,0,0.9970393180847168,0.9955776929855347,0.0029607380274683237,0.004422337748110294,0.0014615997206419706,False,none
0,0,0.9999873638153076,0.5082852244377136,1.2588995559781324e-05,0.49171483516693115,0.49170225858688354,False,none
0,0,0.9999970197677612,0.9898697733879089,2.9820330382790416e-06,0.010130240581929684,0.010127258487045765,False,none
0,0,0.8574914932250977,0.5769080519676208,0.14250850677490234,0.42309194803237915,0.2805834412574768,False,none
0,0,0.9961069226264954,0.9771263003349304,0.003893034067004919,0.022873645648360252,0.018980611115694046,False,none
0,0,0.9999711513519287,0.9987279772758484,2.8880576792289503e-05,0.001271960441954434,0.0012430798960849643,False,none
0,0,0.9999918937683105,0.9995879530906677,8.120604434225243e-06,0.00041208683978766203,0.0004039662308059633,False,none
0,1,0.9999879598617554,0.6873852610588074,1.2037925444019493e-05,0.6873852610588074,0.6873732209205627,True,"disagreement,high_confidence_disagreement"
0,0,0.9999740123748779,0.9176825881004333,2.6033312678919174e-05,0.08231737464666367,0.08229134231805801,False,none
0,0,0.9999806880950928,0.9976987242698669,1.9362301827641204e-05,0.0023013227619230747,0.002281960565596819,False,none
0,0,0.9999915361404419,0.999756395816803,8.448389053228311e-06,0.0002436436916468665,0.00023519530077464879,False,none
0,0,0.999984622001648,0.9945040941238403,1.535874980618246e-05,0.005495984107255936,0.0054806252010166645,False,none
0,0,0.9815882444381714,0.9499053955078125,0.01841173879802227,0.0500946007668972,0.03168286383152008,False,none
0,0,1.0,0.9971045851707458,2.6146141252070265e-08,0.002895434619858861,0.0028954085428267717,False,none
0,0,1.0,0.9998689889907837,1.5920739171448872e-09,0.0001310174266109243,0.0001310158404521644,False,none
0,0,0.9999909400939941,0.9886005520820618,9.110816790780518e-06,0.011399424634873867,0.011390313506126404,False,none
0,0,0.9999997615814209,0.9973393082618713,1.8744351848454244e-07,0.0026606316678225994,0.002660444239154458,False,none
0,0,0.999778687953949,0.9366149306297302,0.0002213701664004475,0.0633850172162056,0.0631636455655098,False,none
0,1,0.9624256491661072,0.529841959476471,0.03757433965802193,0.529841959476471,0.4922676086425781,True,disagreement
0,0,0.999998927116394,0.9458838701248169,1.0220088597634458e-06,0.0541161447763443,0.05411512404680252,False,none
0,0,0.9999755620956421,0.9996055960655212,2.4400882466579787e-05,0.0003943729097954929,0.0003699720255099237,False,none
0,0,0.9987747073173523,0.8727254271507263,0.0012252312153577805,0.12727457284927368,0.12604933977127075,False,none
0,0,0.9999823570251465,0.999756395816803,1.767654248396866e-05,0.0002435649512335658,0.00022588840511161834,False,none
0,0,0.9999916553497314,0.9897973537445068,8.30656699690735e-06,0.010202581062912941,0.010194274596869946,False,none
0,0,0.9999929666519165,0.9970993995666504,6.981930255278712e-06,0.0029006570111960173,0.0028936751186847687,False,none
0,0,0.9999853372573853,0.8839304447174072,1.4644828297605272e-05,0.11606957763433456,0.11605492979288101,False,none
0,0,0.9999268054962158,0.9692593216896057,7.321007433347404e-05,0.030740635469555855,0.03066742606461048,False,none
0,0,1.0,0.990333616733551,2.1483533174659897e-08,0.00966634415090084,0.009666322730481625,False,none
1,1,1.0,0.9854726195335388,1.0,0.9854726195335388,-0.014527380466461182,False,none
1,1,0.9999983310699463,0.7976492643356323,0.9999983310699463,0.7976492643356323,-0.20234906673431396,False,none
1,1,0.9997431635856628,0.9849062561988831,0.9997431635856628,0.9849062561988831,-0.014836907386779785,False,none
0,0,0.9999946355819702,0.9972062706947327,5.3863782341068145e-06,0.0027936589904129505,0.002788272686302662,False,none
1,1,0.8486453294754028,0.990594744682312,0.8486453294754028,0.990594744682312,0.14194941520690918,False,none
0,0,0.9978795051574707,0.9700812697410583,0.002120502758771181,0.029918771237134933,0.02779826894402504,False,none
0,0,0.9999983310699463,0.979103684425354,1.7122061990448856e-06,0.02089635096490383,0.020894639194011688,False,none
0,0,0.9999864101409912,0.9842690229415894,1.3616690011986066e-05,0.015731003135442734,0.015717387199401855,False,none
0,1,0.970133900642395,0.5094109773635864,0.029866129159927368,0.5094109773635864,0.47954484820365906,True,disagreement
0,0,0.9999915361404419,0.9995991587638855,8.41672135720728e-06,0.00040086396620608866,0.0003924472548533231,False,none
1,1,1.0,0.8879961371421814,1.0,0.8879961371421814,-0.1120038628578186,False,none
0,0,0.9999864101409912,0.9993509650230408,1.3539022802433465e-05,0.0006489893421530724,0.0006354502984322608,False,none
0,0,0.9999547004699707,0.9995124340057373,4.533488390734419e-05,0.00048755842726677656,0.00044222353608347476,False,none
0,0,0.9952293634414673,0.7716777920722961,0.004770633298903704,0.22832222282886505,0.22355158627033234,False,none
0,0,0.999993085861206,0.9973260164260864,6.918162853253307e-06,0.002673919079825282,0.0026670009829103947,False,none
0,0,0.9832097291946411,0.8224573731422424,0.016790201887488365,0.17754265666007996,0.16075246036052704,False,none
0,0,0.9999998807907104,0.9989097118377686,9.359168018363562e-08,0.001090280245989561,0.0010901866480708122,False,none
0,1,0.9999916553497314,0.5790786147117615,8.32866680866573e-06,0.5790786147117615,0.5790702700614929,True,disagreement
0,0,0.99997878074646,0.9997791647911072,2.119020246027503e-05,0.0002207999350503087,0.00019960972713306546,False,none
0,0,0.9999934434890747,0.999297022819519,6.524015589093324e-06,0.0007029789267107844,0.0006964548956602812,False,none
0,0,0.9999841451644897,0.9985073208808899,1.5798312233528122e-05,0.0014926361618563533,0.0014768379041925073,False,none
0,0,0.9999300241470337,0.9373937249183655,7.001196354394779e-05,0.06260627508163452,0.06253626197576523,False,none
0,0,0.9999934434890747,0.9972142577171326,6.551767910423223e-06,0.0027857611421495676,0.0027792092878371477,False,none
1,1,1.0,0.9894564747810364,1.0,0.9894564747810364,-0.010543525218963623,False,none
1,1,1.0,0.9923070073127747,1.0,0.9923070073127747,-0.007692992687225342,False,none
0,0,0.9999740123748779,0.9895488023757935,2.596490412543062e-05,0.010451200418174267,0.010425235144793987,False,none
1,1,0.999642014503479,0.9715285897254944,0.999642014503479,0.9715285897254944,-0.02811342477798462,False,none
0,0,1.0,0.9795469641685486,1.2911471003462793e-08,0.020452987402677536,0.02045297436416149,False,none
0,0,0.9999998807907104,0.9388448596000671,1.7148701658697973e-07,0.06115511804819107,0.06115494668483734,False,none
0,0,0.9997503161430359,0.9805375933647156,0.00024969488731585443,0.019462350755929947,0.01921265572309494,False,none
1,0,0.9979891777038574,0.7710822224617004,0.9979891777038574,0.22891779243946075,-0.7690714001655579,True,disagreement
1,1,0.9850090742111206,0.978029727935791,0.9850090742111206,0.978029727935791,-0.00697934627532959,False,none
0,1,0.9997314810752869,0.9090801477432251,0.0002685079234652221,0.9090801477432251,0.908811628818512,True,"disagreement,high_confidence_disagreement"
0,1,0.999982476234436,0.6088523268699646,1.749437979015056e-05,0.6088523268699646,0.6088348031044006,True,"disagreement,high_confidence_disagreement"
0,1,0.9999896287918091,0.546666145324707,1.031989995681215e-05,0.546666145324707,0.5466558337211609,True,disagreement
0,0,0.9999686479568481,0.9688798189163208,3.1386047339765355e-05,0.031120192259550095,0.031088806688785553,False,none
0,0,0.9999774694442749,0.9915212392807007,2.2512445866595954e-05,0.00847874116152525,0.00845622830092907,False,none
0,0,0.9999868869781494,0.9918461441993713,1.3090827451378573e-05,0.008153833448886871,0.008140742778778076,False,none
0,0,0.9998194575309753,0.998676598072052,0.0001805540669010952,0.0013234164798632264,0.0011428623693063855,False,none
0,1,0.9752877354621887,0.6891651153564453,0.024712227284908295,0.6891651153564453,0.6644529104232788,True,"disagreement,high_confidence_disagreement"
1,1,0.9996389150619507,0.9686013460159302,0.9996389150619507,0.9686013460159302,-0.031037569046020508,False,none
0,1,0.998011589050293,0.531913697719574,0.001988406293094158,0.531913697719574,0.5299252867698669,True,disagreement
0,0,0.9999998807907104,0.9998041987419128,7.115612987718123e-08,0.00019577564671635628,0.00019570448785088956,False,none
0,0,0.999982476234436,0.9898011088371277,1.7495647625764832e-05,0.010198874399065971,0.010181378573179245,False,none
0,0,0.9998846054077148,0.9993640780448914,0.00011543653818080202,0.0006359276012517512,0.0005204910412430763,False,none
0,0,0.9999802112579346,0.9998329877853394,1.9762679585255682e-05,0.0001669525954639539,0.00014718991587869823,False,none
0,1,0.9974573254585266,0.9712130427360535,0.002542732749134302,0.9712130427360535,0.9686703085899353,True,"disagreement,high_confidence_disagreement"
0,0,0.9999794960021973,0.9805967211723328,2.0533603674266487e-05,0.01940329186618328,0.01938275806605816,False,none
0,0,0.8350508809089661,0.7122380137443542,0.16494910418987274,0.2877620458602905,0.12281294167041779,False,none
0,0,0.9999923706054688,0.9964516162872314,7.606230155943194e-06,0.0035484216641634703,0.003540815319865942,False,none
1,1,0.9999890327453613,0.8197529315948486,0.9999890327453613,0.8197529315948486,-0.1802361011505127,False,none
1,1,1.0,0.9999237060546875,1.0,0.9999237060546875,-7.62939453125e-05,False,none
0,1,0.9785035252571106,0.7467071413993835,0.021496497094631195,0.7467071413993835,0.7252106666564941,True,"disagreement,high_confidence_disagreement"
1,1,1.0,0.9999758005142212,1.0,0.9999758005142212,-2.4199485778808594e-05,False,none
0,0,0.9988020658493042,0.7130839824676514,0.0011979583650827408,0.28691598773002625,0.28571802377700806,False,none
1,1,1.0,0.9999450445175171,1.0,0.9999450445175171,-5.4955482482910156e-05,False,none
0,0,0.9997995495796204,0.9992140531539917,0.00020044721895828843,0.0007859437027946115,0.000585496483836323,False,none
0,0,0.9999904632568359,0.996557891368866,9.583145583746955e-06,0.003442038083449006,0.0034324550069868565,False,none
1,1,0.9999998807907104,0.9999914169311523,0.9999998807907104,0.9999914169311523,-8.463859558105469e-06,False,none
1,0,0.723809540271759,0.5976070761680603,0.723809540271759,0.4023928940296173,-0.3214166462421417,True,disagreement
1,1,1.0,0.9999229907989502,1.0,0.9999229907989502,-7.700920104980469e-05,False,none
0,0,0.9999840259552002,0.9984744191169739,1.5998293747543357e-05,0.0015256128972396255,0.0015096146380528808,False,none
1,1,1.0,0.985022246837616,1.0,0.985022246837616,-0.014977753162384033,False,none
1,1,1.0,0.5525716543197632,1.0,0.5525716543197632,-0.4474283456802368,False,none
1,1,1.0,0.942444384098053,1.0,0.942444384098053,-0.05755561590194702,False,none
1,1,1.0,0.5015119314193726,1.0,0.5015119314193726,-0.49848806858062744,False,none
0,1,1.0,0.5231418609619141,1.732543886134863e-08,0.5231418609619141,0.5231418609619141,True,disagreement
1,1,1.0,0.5099814534187317,1.0,0.5099814534187317,-0.4900185465812683,False,none
1,1,1.0,0.5166453123092651,1.0,0.5166453123092651,-0.48335468769073486,False,none
1,1,0.9999829530715942,0.5135365128517151,0.9999829530715942,0.5135365128517151,-0.48644644021987915,False,none
1,1,0.9950834512710571,0.5504161715507507,0.9950834512710571,0.5504161715507507,-0.4446672797203064,False,none
1,0,0.5019439458847046,0.6011704206466675,0.5019439458847046,0.3988296389579773,-0.1031143069267273,True,disagreement
1,1,1.0,0.5212632417678833,1.0,0.5212632417678833,-0.4787367582321167,False,none
1,1,1.0,0.5109530091285706,1.0,0.5109530091285706,-0.48904699087142944,False,none
1,0,1.0,0.5024039149284363,1.0,0.49759605526924133,-0.502403974533081,True,disagreement
1,1,1.0,0.5082598328590393,1.0,0.5082598328590393,-0.4917401671409607,False,none
1,1,1.0,0.9991726279258728,1.0,0.9991726279258728,-0.0008273720741271973,False,none
1,1,1.0,0.5099814534187317,1.0,0.5099814534187317,-0.4900185465812683,False,none
1,0,1.0,0.5024039149284363,1.0,0.49759605526924133,-0.502403974533081,True,disagreement
1,1,1.0,0.5109530091285706,1.0,0.5109530091285706,-0.48904699087142944,False,none
1,1,1.0,0.5167196989059448,1.0,0.5167196989059448,-0.4832803010940552,False,none
1,1,1.0,0.5082352757453918,1.0,0.5082352757453918,-0.49176472425460815,False,none
0,1,0.5000094175338745,0.5384593605995178,0.4999905824661255,0.5384593605995178,0.038468778133392334,True,disagreement
1,1,1.0,0.5179773569107056,1.0,0.5179773569107056,-0.48202264308929443,False,none
1,1,1.0,0.8514368534088135,1.0,0.8514368534088135,-0.14856314659118652,False,none
1,1,1.0,0.5142862796783447,1.0,0.5142862796783447,-0.4857137203216553,False,none
1,1,1.0,0.5099814534187317,1.0,0.5099814534187317,-0.4900185465812683,False,none
1,1,1.0,0.998261034488678,1.0,0.998261034488678,-0.0017389655113220215,False,none
1,1,1.0,0.5107941627502441,1.0,0.5107941627502441,-0.48920583724975586,False,none
1,1,0.9604532122612,0.5555527806282043,0.9604532122612,0.5555527806282043,-0.4049004316329956,False,none
1,1,0.9891245365142822,0.5607212781906128,0.9891245365142822,0.5607212781906128,-0.42840325832366943,False,none
1,1,1.0,0.5015119314193726,1.0,0.5015119314193726,-0.49848806858062744,False,none
1,1,1.0,0.5410692095756531,1.0,0.5410692095756531,-0.4589307904243469,False,none
1,1,1.0,0.5111141204833984,1.0,0.5111141204833984,-0.48888587951660156,False,none
1,1,1.0,0.5109530091285706,1.0,0.5109530091285706,-0.48904699087142944,False,none
0,1,0.6789346933364868,0.5202866196632385,0.3210653066635132,0.5202866196632385,0.19922131299972534,True,disagreement
1,1,0.9604532122612,0.5555527806282043,0.9604532122612,0.5555527806282043,-0.4049004316329956,False,none
0,1,0.9999887943267822,0.780080258846283,1.11580484372098e-05,0.780080258846283,0.78006911277771,True,"disagreement,high_confidence_disagreement"
1,1,1.0,0.5252899527549744,1.0,0.5252899527549744,-0.47471004724502563,False,none
1,1,1.0,0.5067499876022339,1.0,0.5067499876022339,-0.4932500123977661,False,none
1,0,1.0,0.5024039149284363,1.0,0.49759605526924133,-0.502403974533081,True,disagreement
0,1,0.9999994039535522,0.5095505118370056,6.447724558711343e-07,0.5095505118370056,0.5095498561859131,True,disagreement
1,1,1.0,0.5266715288162231,1.0,0.5266715288162231,-0.47332847118377686,False,none
1,1,1.0,0.5028032064437866,1.0,0.5028032064437866,-0.4971967935562134,False,none
1,1,1.0,0.5109530091285706,1.0,0.5109530091285706,-0.48904699087142944,False,none
1,1,1.0,0.5074779391288757,1.0,0.5074779391288757,-0.49252206087112427,False,none
1,1,1.0,0.5212632417678833,1.0,0.5212632417678833,-0.4787367582321167,False,none
1,1,1.0,0.5109530091285706,1.0,0.5109530091285706,-0.48904699087142944,False,none
1,0,1.0,0.5024039149284363,1.0,0.49759605526924133,-0.502403974533081,True,disagreement
1,0,1.0,0.501395583152771,1.0,0.498604416847229,-0.501395583152771,True,disagreement
1,1,1.0,0.5266715288162231,1.0,0.5266715288162231,-0.47332847118377686,False,none
1,1,1.0,0.5118681192398071,1.0,0.5118681192398071,-0.48813188076019287,False,none
1,1,1.0,0.5109530091285706,1.0,0.5109530091285706,-0.48904699087142944,False,none
1,1,1.0,0.5099814534187317,1.0,0.5099814534187317,-0.4900185465812683,False,none
1,1,0.5002665519714355,0.5425079464912415,0.5002665519714355,0.5425079464912415,0.04224139451980591,False,none
1,1,1.0,0.5099814534187317,1.0,0.5099814534187317,-0.4900185465812683,False,none
1,1,1.0,0.5102631449699402,1.0,0.5102631449699402,-0.4897368550300598,False,none
1,1,1.0,0.52425217628479,1.0,0.52425217628479,-0.47574782371520996,False,none
1,1,0.9999895095825195,0.507822573184967,0.9999895095825195,0.507822573184967,-0.4921669363975525,False,none
1,1,1.0,0.5099814534187317,1.0,0.5099814534187317,-0.4900185465812683,False,none
1,1,1.0,0.5049330592155457,1.0,0.5049330592155457,-0.49506694078445435,False,none
1,0,1.0,0.5016442537307739,1.0,0.4983556568622589,-0.5016443729400635,True,disagreement
1,1,1.0,0.997490644454956,1.0,0.997490644454956,-0.0025093555450439453,False,none
1,0,1.0,0.5024039149284363,1.0,0.49759605526924133,-0.502403974533081,True,disagreement
1,1,1.0,0.8425723910331726,1.0,0.8425723910331726,-0.1574276089668274,False,none
1,1,1.0,0.5109530091285706,1.0,0.5109530091285706,-0.48904699087142944,False,none
0,1,1.0,0.5513038039207458,1.4955475080569158e-08,0.5513038039207458,0.5513038039207458,True,disagreement
1,1,1.0,0.5395939946174622,1.0,0.5395939946174622,-0.46040600538253784,False,none
1,1,1.0,0.536919355392456,1.0,0.536919355392456,-0.46308064460754395,False,none
1,1,1.0,0.5121094584465027,1.0,0.5121094584465027,-0.4878905415534973,False,none
1,1,1.0,0.5445184111595154,1.0,0.5445184111595154,-0.4554815888404846,False,none
1,1,1.0,0.5015119314193726,1.0,0.5015119314193726,-0.49848806858062744,False,none
1,0,0.5000001192092896,0.9476248025894165,0.5000001192092896,0.05237516015768051,-0.44762495160102844,True,disagreement
1,1,1.0,0.5067341923713684,1.0,0.5067341923713684,-0.4932658076286316,False,none
1,1,1.0,0.5109530091285706,1.0,0.5109530091285706,-0.48904699087142944,False,none
1,1,1.0,0.5107941627502441,1.0,0.5107941627502441,-0.48920583724975586,False,none
0,1,1.0,0.5513038039207458,1.4955475080569158e-08,0.5513038039207458,0.5513038039207458,True,disagreement
1,1,1.0,0.5045219659805298,1.0,0.5045219659805298,-0.4954780340194702,False,none
1,1,1.0,0.5012814402580261,1.0,0.5012814402580261,-0.4987185597419739,False,none
1,1,0.9867048263549805,0.5204681754112244,0.9867048263549805,0.5204681754112244,-0.4662366509437561,False,none
1,1,1.0,0.5099814534187317,1.0,0.5099814534187317,-0.4900185465812683,False,none
1,1,1.0,0.5109530091285706,1.0,0.5109530091285706,-0.48904699087142944,False,none
1,1,1.0,0.5053251385688782,1.0,0.5053251385688782,-0.4946748614311218,False,none
1,1,1.0,0.5271929502487183,1.0,0.5271929502487183,-0.47280704975128174,False,none
1,1,1.0,0.5263350009918213,1.0,0.5263350009918213,-0.4736649990081787,False,none
0,1,0.5000060796737671,0.5358185768127441,0.4999939203262329,0.5358185768127441,0.03582465648651123,True,disagreement
0,0,0.9207128882408142,0.8558613657951355,0.07928711920976639,0.1441386640071869,0.0648515447974205,False,none
1,1,1.0,0.5365623831748962,1.0,0.5365623831748962,-0.46343761682510376,False,none
1,1,1.0,0.5099814534187317,1.0,0.5099814534187317,-0.4900185465812683,False,none
1,1,0.9999998807907104,0.507937490940094,0.9999998807907104,0.507937490940094,-0.49206238985061646,False,none
1,1,1.0,0.5109530091285706,1.0,0.5109530091285706,-0.48904699087142944,False,none
1,1,1.0,0.5166453123092651,1.0,0.5166453123092651,-0.48335468769073486,False,none
1,1,1.0,0.5143496990203857,1.0,0.5143496990203857,-0.48565030097961426,False,none
1,0,1.0,0.5024039149284363,1.0,0.49759605526924133,-0.502403974533081,True,disagreement
1,1,1.0,0.5109530091285706,1.0,0.5109530091285706,-0.48904699087142944,False,none
1,1,0.9996389150619507,0.9480515122413635,0.9996389150619507,0.9480515122413635,-0.05158740282058716,False,none
1,1,1.0,0.5266715288162231,1.0,0.5266715288162231,-0.47332847118377686,False,none
1,1,1.0,0.9997045397758484,1.0,0.9997045397758484,-0.00029546022415161133,False,none
1,1,1.0,0.5432894229888916,1.0,0.5432894229888916,-0.4567105770111084,False,none
1,1,0.9604532122612,0.5555527806282043,0.9604532122612,0.5555527806282043,-0.4049004316329956,False,none
1,1,0.9999998807907104,0.5108682513237,0.9999998807907104,0.5108682513237,-0.4891316294670105,False,none
1,1,1.0,0.5099814534187317,1.0,0.5099814534187317,-0.4900185465812683,False,none
0,0,0.996705949306488,0.632998526096344,0.0032940262462943792,0.36700141429901123,0.36370739340782166,False,none
1,0,0.9255404472351074,0.8495537042617798,0.9255404472351074,0.1504463106393814,-0.7750941514968872,True,disagreement
1,1,1.0,0.9998893737792969,1.0,0.9998893737792969,-0.000110626220703125,False,none
0,1,1.0,0.5513038039207458,1.4955475080569158e-08,0.5513038039207458,0.5513038039207458,True,disagreement
1,1,1.0,0.5099814534187317,1.0,0.5099814534187317,-0.4900185465812683,False,none
1,1,1.0,0.5118686556816101,1.0,0.5118686556816101,-0.4881313443183899,False,none
1,1,0.9999829530715942,0.5135365128517151,0.9999829530715942,0.5135365128517151,-0.48644644021987915,False,none
1,1,1.0,0.5089865326881409,1.0,0.5089865326881409,-0.49101346731185913,False,none
1,0,1.0,0.5024039149284363,1.0,0.49759605526924133,-0.502403974533081,True,disagreement
1,1,1.0,0.5389615893363953,1.0,0.5389615893363953,-0.46103841066360474,False,none
1,1,1.0,0.5107941627502441,1.0,0.5107941627502441,-0.48920583724975586,False,none
1,1,0.9999998807907104,0.507937490940094,0.9999998807907104,0.507937490940094,-0.49206238985061646,False,none
1,1,1.0,0.5099814534187317,1.0,0.5099814534187317,-0.4900185465812683,False,none
1,1,1.0,0.5364078283309937,1.0,0.5364078283309937,-0.46359217166900635,False,none
0,1,0.9999977350234985,0.5019962787628174,2.227344793936936e-06,0.5019962787628174,0.5019940733909607,True,disagreement
1,1,1.0,0.5266715288162231,1.0,0.5266715288162231,-0.47332847118377686,False,none
1,1,1.0,0.6324487328529358,1.0,0.6324487328529358,-0.3675512671470642,False,none
1,1,1.0,0.5540975332260132,1.0,0.5540975332260132,-0.4459024667739868,False,none
1,1,0.9604532122612,0.5555527806282043,0.9604532122612,0.5555527806282043,-0.4049004316329956,False,none
1,1,1.0,0.5005095601081848,1.0,0.5005095601081848,-0.4994904398918152,False,none
1,1,1.0,0.5361729860305786,1.0,0.5361729860305786,-0.4638270139694214,False,none
1,1,1.0,0.5466293096542358,1.0,0.5466293096542358,-0.45337069034576416,False,none
1,1,1.0,0.5246846675872803,1.0,0.5246846675872803,-0.4753153324127197,False,none
1,1,1.0,0.5100342035293579,1.0,0.5100342035293579,-0.4899657964706421,False,none
1,0,1.0,0.5003637671470642,1.0,0.499636173248291,-0.500363826751709,True,disagreement
1,1,1.0,0.5110782980918884,1.0,0.5110782980918884,-0.4889217019081116,False,none
1,1,1.0,0.5458757877349854,1.0,0.5458757877349854,-0.45412421226501465,False,none
1,1,1.0,0.5099814534187317,1.0,0.5099814534187317,-0.4900185465812683,False,none
1,0,1.0,0.5024039149284363,1.0,0.49759605526924133,-0.502403974533081,True,disagreement
1,1,1.0,0.5252899527549744,1.0,0.5252899527549744,-0.47471004724502563,False,none
0,1,1.0,0.5513038039207458,1.4955475080569158e-08,0.5513038039207458,0.5513038039207458,True,disagreement
1,1,1.0,0.5374644994735718,1.0,0.5374644994735718,-0.4625355005264282,False,none
0,1,0.5000079870223999,0.5391524434089661,0.4999920129776001,0.5391524434089661,0.03916043043136597,True,disagreement
1,1,1.0,0.5099814534187317,1.0,0.5099814534187317,-0.4900185465812683,False,none
1,1,1.0,0.5170761346817017,1.0,0.5170761346817017,-0.48292386531829834,False,none
1,1,1.0,0.5110257863998413,1.0,0.5110257863998413,-0.4889742136001587,False,none
1,1,1.0,0.5266715288162231,1.0,0.5266715288162231,-0.47332847118377686,False,none
0,1,0.9709601402282715,0.5163320302963257,0.029039932414889336,0.5163320302963257,0.4872921109199524,True,disagreement
1,1,1.0,0.5640819072723389,1.0,0.5640819072723389,-0.43591809272766113,False,none
1,1,0.9604532122612,0.5555527806282043,0.9604532122612,0.5555527806282043,-0.4049004316329956,False,none
1,1,0.5957831144332886,0.9773107171058655,0.5957831144332886,0.9773107171058655,0.3815276026725769,False,none
1,1,1.0,0.5109530091285706,1.0,0.5109530091285706,-0.48904699087142944,False,none
1,1,1.0,0.5109530091285706,1.0,0.5109530091285706,-0.48904699087142944,False,none
1,0,1.0,0.5024039149284363,1.0,0.49759605526924133,-0.502403974533081,True,disagreement
1,1,1.0,0.5076993703842163,1.0,0.5076993703842163,-0.4923006296157837,False,none
1,1,1.0,0.5099814534187317,1.0,0.5099814534187317,-0.4900185465812683,False,none
0,1,0.9999998807907104,0.55205899477005,8.131371487252181e-08,0.55205899477005,0.5520589351654053,True,disagreement
1,1,1.0,0.5109530091285706,1.0,0.5109530091285706,-0.48904699087142944,False,none
1,1,1.0,0.5053151845932007,1.0,0.5053151845932007,-0.4946848154067993,False,none
1,1,1.0,0.5275526642799377,1.0,0.5275526642799377,-0.47244733572006226,False,none
1,1,1.0,0.5099814534187317,1.0,0.5099814534187317,-0.4900185465812683,False,none
1,1,1.0,0.5109530091285706,1.0,0.5109530091285706,-0.48904699087142944,False,none
1,1,1.0,0.5252899527549744,1.0,0.5252899527549744,-0.47471004724502563,False,none
1,1,1.0,0.5109530091285706,1.0,0.5109530091285706,-0.48904699087142944,False,none
1,0,1.0,0.5013106465339661,1.0,0.49868935346603394,-0.5013106465339661,True,disagreement
1,0,1.0,0.5024039149284363,1.0,0.49759605526924133,-0.502403974533081,True,disagreement
1,1,1.0,0.5094092488288879,1.0,0.5094092488288879,-0.49059075117111206,False,none
0,0,1.0,0.5013970136642456,1.2603556219514811e-11,0.4986030161380768,0.4986030161380768,False,none
1,0,0.5000002384185791,0.8982704281806946,0.5000002384185791,0.10172952711582184,-0.39827072620391846,True,disagreement
1,1,1.0,0.5505925416946411,1.0,0.5505925416946411,-0.4494074583053589,False,none
1,1,0.9995793700218201,0.5029314756393433,0.9995793700218201,0.5029314756393433,-0.4966478943824768,False,none
1,1,1.0,0.5099814534187317,1.0,0.5099814534187317,-0.4900185465812683,False,none
1,1,1.0,0.539264440536499,1.0,0.539264440536499,-0.460735559463501,False,none
1,1,1.0,0.5187954306602478,1.0,0.5187954306602478,-0.4812045693397522,False,none
1,1,1.0,0.5266715288162231,1.0,0.5266715288162231,-0.47332847118377686,False,none
1,0,1.0,0.5024039149284363,1.0,0.49759605526924133,-0.502403974533081,True,disagreement
1,1,1.0,0.5109530091285706,1.0,0.5109530091285706,-0.48904699087142944,False,none
1,0,1.0,0.5024039149284363,1.0,0.49759605526924133,-0.502403974533081,True,disagreement
1,1,1.0,0.5364078283309937,1.0,0.5364078283309937,-0.46359217166900635,False,none
1,1,1.0,0.5099814534187317,1.0,0.5099814534187317,-0.4900185465812683,False,none
1,1,1.0,0.5099814534187317,1.0,0.5099814534187317,-0.4900185465812683,False,none
0,1,0.5000004768371582,0.7373687624931335,0.4999995231628418,0.7373687624931335,0.23736923933029175,True,disagreement
1,1,1.0,0.5013949275016785,1.0,0.5013949275016785,-0.49860507249832153,False,none
0,1,0.6107655167579651,0.9979349374771118,0.3892344534397125,0.9979349374771118,0.6087005138397217,True,"disagreement,high_confidence_disagreement"
1,1,1.0,0.5109530091285706,1.0,0.5109530091285706,-0.48904699087142944,False,none
1,1,1.0,0.5099814534187317,1.0,0.5099814534187317,-0.4900185465812683,False,none
1,1,1.0,0.5395939946174622,1.0,0.5395939946174622,-0.46040600538253784,False,none
1,1,1.0,0.5228486657142639,1.0,0.5228486657142639,-0.4771513342857361,False,none
1,1,0.9604532122612,0.5555527806282043,0.9604532122612,0.5555527806282043,-0.4049004316329956,False,none
1,0,1.0,0.5024039149284363,1.0,0.49759605526924133,-0.502403974533081,True,disagreement
1,1,1.0,0.5088608860969543,1.0,0.5088608860969543,-0.49113911390304565,False,none
1,1,0.5118979811668396,0.9961534142494202,0.5118979811668396,0.9961534142494202,0.48425543308258057,False,none
1,1,1.0,0.5099814534187317,1.0,0.5099814534187317,-0.4900185465812683,False,none
1,1,1.0,0.5132462978363037,1.0,0.5132462978363037,-0.4867537021636963,False,none
1,1,1.0,0.5283961296081543,1.0,0.5283961296081543,-0.4716038703918457,False,none
1,1,1.0,0.5088990330696106,1.0,0.5088990330696106,-0.4911009669303894,False,none
1,0,1.0,0.5024039149284363,1.0,0.49759605526924133,-0.502403974533081,True,disagreement
1,1,1.0,0.5266715288162231,1.0,0.5266715288162231,-0.47332847118377686,False,none
1,1,1.0,0.5179773569107056,1.0,0.5179773569107056,-0.48202264308929443,False,none
1,1,1.0,0.5099814534187317,1.0,0.5099814534187317,-0.4900185465812683,False,none
1,1,1.0,0.5109530091285706,1.0,0.5109530091285706,-0.48904699087142944,False,none
1,1,1.0,0.5302102565765381,1.0,0.5302102565765381,-0.4697897434234619,False,none
0,0,0.5327848792076111,0.8062119483947754,0.4672152101993561,0.19378803670406342,-0.27342718839645386,False,none
1,1,1.0,0.5099814534187317,1.0,0.5099814534187317,-0.4900185465812683,False,none
1,1,1.0,0.5266715288162231,1.0,0.5266715288162231,-0.47332847118377686,False,none
1,1,1.0,0.9999778270721436,1.0,0.9999778270721436,-2.2172927856445312e-05,False,none
1,1,1.0,0.5099814534187317,1.0,0.5099814534187317,-0.4900185465812683,False,none
1,1,1.0,0.9999731779098511,1.0,0.9999731779098511,-2.682209014892578e-05,False,none
1,1,1.0,0.5092151761054993,1.0,0.5092151761054993,-0.49078482389450073,False,none
0,1,0.9999938011169434,0.8820410966873169,6.149015916889766e-06,0.8820410966873169,0.882034957408905,True,"disagreement,high_confidence_disagreement"
1,1,1.0,0.9999866485595703,1.0,0.9999866485595703,-1.33514404296875e-05,False,none
1,1,1.0,0.5114181041717529,1.0,0.5114181041717529,-0.48858189582824707,False,none
1,1,1.0,0.5003129839897156,1.0,0.5003129839897156,-0.4996870160102844,False,none
1,1,1.0,0.9998478889465332,1.0,0.9998478889465332,-0.00015211105346679688,False,none
1,1,1.0,0.5086954236030579,1.0,0.5086954236030579,-0.49130457639694214,False,none
1,0,1.0,0.5024039149284363,1.0,0.49759605526924133,-0.502403974533081,True,disagreement
1,1,0.9999849796295166,0.5133943557739258,0.9999849796295166,0.5133943557739258,-0.4865906238555908,False,none
1,1,1.0,0.5099814534187317,1.0,0.5099814534187317,-0.4900185465812683,False,none
1,1,1.0,0.5109530091285706,1.0,0.5109530091285706,-0.48904699087142944,False,none
1,1,1.0,0.5205482244491577,1.0,0.5205482244491577,-0.4794517755508423,False,none
1,1,1.0,0.5118681192398071,1.0,0.5118681192398071,-0.48813188076019287,False,none
1,1,1.0,0.5109530091285706,1.0,0.5109530091285706,-0.48904699087142944,False,none
1,0,1.0,0.5016434192657471,1.0,0.49835655093193054,-0.5016434192657471,True,disagreement
1,1,0.6439997553825378,0.9432709813117981,0.6439997553825378,0.9432709813117981,0.29927122592926025,False,none
1,1,1.0,0.5099814534187317,1.0,0.5099814534187317,-0.4900185465812683,False,none
0,1,0.9999998807907104,0.516227126121521,1.1105471742212103e-07,0.516227126121521,0.5162270069122314,True,disagreement
1,1,1.0,0.5228486061096191,1.0,0.5228486061096191,-0.47715139389038086,False,none
1,1,0.9987282156944275,0.520239531993866,0.9987282156944275,0.520239531993866,-0.4784886837005615,False,none
1,1,1.0,0.5103764533996582,1.0,0.5103764533996582,-0.4896235466003418,False,none
1,0,0.9845187664031982,0.5900743007659912,0.9845187664031982,0.4099256694316864,-0.5745930671691895,True,disagreement
1,1,0.9999533891677856,0.5402026176452637,0.9999533891677856,0.5402026176452637,-0.459750771522522,False,none
1,1,1.0,0.5108036398887634,1.0,0.5108036398887634,-0.4891963601112366,False,none
1,1,1.0,0.5109530091285706,1.0,0.5109530091285706,-0.48904699087142944,False,none
1,1,1.0,0.5140288472175598,1.0,0.5140288472175598,-0.4859711527824402,False,none
1,1,1.0,0.5452222228050232,1.0,0.5452222228050232,-0.4547777771949768,False,none
1,1,1.0,0.9998787641525269,1.0,0.9998787641525269,-0.00012123584747314453,False,none
1,1,1.0,0.5364078283309937,1.0,0.5364078283309937,-0.46359217166900635,False,none
1,1,1.0,0.5015276670455933,1.0,0.5015276670455933,-0.49847233295440674,False,none
1,1,1.0,0.5111141204833984,1.0,0.5111141204833984,-0.48888587951660156,False,none
1,1,1.0,0.5269073843955994,1.0,0.5269073843955994,-0.47309261560440063,False,none
1,1,1.0,0.506393313407898,1.0,0.506393313407898,-0.49360668659210205,False,none
1,1,1.0,0.5099814534187317,1.0,0.5099814534187317,-0.4900185465812683,False,none
1,1,1.0,0.5146858096122742,1.0,0.5146858096122742,-0.48531419038772583,False,none
1,1,1.0,0.5132961273193359,1.0,0.5132961273193359,-0.48670387268066406,False,none
1,1,1.0,0.5458766222000122,1.0,0.5458766222000122,-0.4541233777999878,False,none
1,1,0.9604532122612,0.5555527806282043,0.9604532122612,0.5555527806282043,-0.4049004316329956,False,none
1,1,1.0,0.999994158744812,1.0,0.999994158744812,-5.841255187988281e-06,False,none
1,1,1.0,0.5109530091285706,1.0,0.5109530091285706,-0.48904699087142944,False,none
1,1,1.0,0.5179773569107056,1.0,0.5179773569107056,-0.48202264308929443,False,none
1,1,1.0,0.5111141204833984,1.0,0.5111141204833984,-0.48888587951660156,False,none
1,0,1.0,0.5024039149284363,1.0,0.49759605526924133,-0.502403974533081,True,disagreement
1,1,1.0,0.5118681192398071,1.0,0.5118681192398071,-0.48813188076019287,False,none
1,1,1.0,0.5152450799942017,1.0,0.5152450799942017,-0.48475492000579834,False,none
1,1,1.0,0.5099814534187317,1.0,0.5099814534187317,-0.4900185465812683,False,none
1,1,1.0,0.5099814534187317,1.0,0.5099814534187317,-0.4900185465812683,False,none
1,1,0.992555558681488,0.5733101963996887,0.992555558681488,0.5733101963996887,-0.4192453622817993,False,none
1,1,0.9604532122612,0.5555527806282043,0.9604532122612,0.5555527806282043,-0.4049004316329956,False,none
1,1,1.0,0.5099814534187317,1.0,0.5099814534187317,-0.4900185465812683,False,none
1,1,1.0,0.5099814534187317,1.0,0.5099814534187317,-0.4900185465812683,False,none
1,1,1.0,0.5118681192398071,1.0,0.5118681192398071,-0.48813188076019287,False,none
1,1,1.0,0.5109530091285706,1.0,0.5109530091285706,-0.48904699087142944,False,none
0,1,1.0,0.5513038039207458,1.4955475080569158e-08,0.5513038039207458,0.5513038039207458,True,disagreement
1,1,0.9990193843841553,0.5243648290634155,0.9990193843841553,0.5243648290634155,-0.47465455532073975,False,none
1,1,1.0,0.5107941627502441,1.0,0.5107941627502441,-0.48920583724975586,False,none
1,1,1.0,0.5252899527549744,1.0,0.5252899527549744,-0.47471004724502563,False,none
1,1,1.0,0.5395939946174622,1.0,0.5395939946174622,-0.46040600538253784,False,none
1,1,1.0,0.5146858096122742,1.0,0.5146858096122742,-0.48531419038772583,False,none
1,0,0.8654603958129883,0.7178940773010254,0.8654603958129883,0.2821059823036194,-0.5833544135093689,True,disagreement
1,1,1.0,0.5370607376098633,1.0,0.5370607376098633,-0.4629392623901367,False,none
0,1,0.5,0.5420953631401062,0.5,0.5420953631401062,0.0420953631401062,True,disagreement
0,1,1.0,0.5365166068077087,1.8912445883497885e-20,0.5365166068077087,0.5365166068077087,True,disagreement
0,1,0.9999979734420776,0.5259130597114563,2.072189772661659e-06,0.5259130597114563,0.5259109735488892,True,disagreement
1,0,0.7330475449562073,0.8930842280387878,0.7330475449562073,0.10691576451063156,-0.6261317729949951,True,disagreement
1,0,0.8340854644775391,0.984740674495697,0.8340854644775391,0.015259264037013054,-0.8188261985778809,True,disagreement
1,1,1.0,0.5099814534187317,1.0,0.5099814534187317,-0.4900185465812683,False,none
1,1,0.9976353645324707,0.5315683484077454,0.9976353645324707,0.5315683484077454,-0.46606701612472534,False,none
1,1,0.9327348470687866,0.5159538388252258,0.9327348470687866,0.5159538388252258,-0.4167810082435608,False,none
1,1,1.0,0.5109530091285706,1.0,0.5109530091285706,-0.48904699087142944,False,none
1,1,1.0,0.5092971324920654,1.0,0.5092971324920654,-0.49070286750793457,False,none
1,1,1.0,0.5022396445274353,1.0,0.5022396445274353,-0.4977603554725647,False,none
1,1,1.0,0.5099814534187317,1.0,0.5099814534187317,-0.4900185465812683,False,none
1,1,1.0,0.5028480291366577,1.0,0.5028480291366577,-0.4971519708633423,False,none
1,1,1.0,0.5099814534187317,1.0,0.5099814534187317,-0.4900185465812683,False,none
1,1,1.0,0.5041525363922119,1.0,0.5041525363922119,-0.4958474636077881,False,none
1,1,1.0,0.5349690318107605,1.0,0.5349690318107605,-0.4650309681892395,False,none
1,1,1.0,0.522529125213623,1.0,0.522529125213623,-0.47747087478637695,False,none
1,1,1.0,0.5099814534187317,1.0,0.5099814534187317,-0.4900185465812683,False,none
1,1,0.9995726943016052,0.5288883447647095,0.9995726943016052,0.5288883447647095,-0.47068434953689575,False,none
1,1,1.0,0.5111141204833984,1.0,0.5111141204833984,-0.48888587951660156,False,none
1,0,1.0,0.501489520072937,1.0,0.4985104203224182,-0.5014895796775818,True,disagreement
1,1,0.9768928289413452,0.5166782736778259,0.9768928289413452,0.5166782736778259,-0.4602145552635193,False,none
1,1,1.0,0.9997748732566833,1.0,0.9997748732566833,-0.0002251267433166504,False,none
1,1,1.0,0.5109530091285706,1.0,0.5109530091285706,-0.48904699087142944,False,none
1,0,1.0,0.5013106465339661,1.0,0.49868935346603394,-0.5013106465339661,True,disagreement
0,0,0.9827532768249512,0.6202307939529419,0.01724667102098465,0.37976914644241333,0.3625224828720093,False,none
1,1,1.0,0.5099814534187317,1.0,0.5099814534187317,-0.4900185465812683,False,none
1,1,1.0,0.5109530091285706,1.0,0.5109530091285706,-0.48904699087142944,False,none
1,1,1.0,0.5127438902854919,1.0,0.5127438902854919,-0.48725610971450806,False,none
1,0,1.0,0.5024039149284363,1.0,0.49759605526924133,-0.502403974533081,True,disagreement
1,1,0.9999428987503052,0.509114682674408,0.9999428987503052,0.509114682674408,-0.4908282160758972,False,none
1,1,1.0,0.523578405380249,1.0,0.523578405380249,-0.476421594619751,False,none
1,1,1.0,0.5099814534187317,1.0,0.5099814534187317,-0.4900185465812683,False,none
1,1,0.9928053021430969,0.5512627959251404,0.9928053021430969,0.5512627959251404,-0.44154250621795654,False,none
1,0,1.0,0.5013106465339661,1.0,0.49868935346603394,-0.5013106465339661,True,disagreement
1,1,1.0,0.9999814033508301,1.0,0.9999814033508301,-1.8596649169921875e-05,False,none
1,1,1.0,0.5420699119567871,1.0,0.5420699119567871,-0.4579300880432129,False,none
1,1,0.9604532122612,0.5555527806282043,0.9604532122612,0.5555527806282043,-0.4049004316329956,False,none
1,1,1.0,0.9985557198524475,1.0,0.9985557198524475,-0.0014442801475524902,False,none
1,1,1.0,0.5266715288162231,1.0,0.5266715288162231,-0.47332847118377686,False,none
1,1,1.0,0.54207444190979,1.0,0.54207444190979,-0.45792555809020996,False,none
1,1,1.0,0.5109530091285706,1.0,0.5109530091285706,-0.48904699087142944,False,none
1,1,1.0,0.509705662727356,1.0,0.509705662727356,-0.49029433727264404,False,none
1,1,1.0,0.5109530091285706,1.0,0.5109530091285706,-0.48904699087142944,False,none
1,1,1.0,0.5107941627502441,1.0,0.5107941627502441,-0.48920583724975586,False,none
1,1,1.0,0.9992181062698364,1.0,0.9992181062698364,-0.0007818937301635742,False,none
1,1,1.0,0.5146858096122742,1.0,0.5146858096122742,-0.48531419038772583,False,none
1,1,1.0,0.5133225321769714,1.0,0.5133225321769714,-0.48667746782302856,False,none
1,1,1.0,0.514714777469635,1.0,0.514714777469635,-0.485285222530365,False,none
1,0,1.0,0.5024039149284363,1.0,0.49759605526924133,-0.502403974533081,True,disagreement
1,1,1.0,0.5099814534187317,1.0,0.5099814534187317,-0.4900185465812683,False,none
1,1,1.0,0.5082176923751831,1.0,0.5082176923751831,-0.4917823076248169,False,none
1,1,1.0,0.5048596858978271,1.0,0.5048596858978271,-0.49514031410217285,False,none
1,1,1.0,0.5109530091285706,1.0,0.5109530091285706,-0.48904699087142944,False,none
1,0,1.0,0.5009934306144714,1.0,0.49900662899017334,-0.5009933710098267,True,disagreement
1,1,1.0,0.5271929502487183,1.0,0.5271929502487183,-0.47280704975128174,False,none
1,1,1.0,0.5099814534187317,1.0,0.5099814534187317,-0.4900185465812683,False,none
1,1,1.0,0.5099814534187317,1.0,0.5099814534187317,-0.4900185465812683,False,none
1,1,1.0,0.50924152135849,1.0,0.50924152135849,-0.49075847864151,False,none
1,1,1.0,0.5099814534187317,1.0,0.5099814534187317,-0.4900185465812683,False,none
1,1,1.0,0.5127438902854919,1.0,0.5127438902854919,-0.48725610971450806,False,none
1,1,1.0,0.5266715288162231,1.0,0.5266715288162231,-0.47332847118377686,False,none
1,1,1.0,0.5266715288162231,1.0,0.5266715288162231,-0.47332847118377686,False,none
1,1,1.0,0.5099814534187317,1.0,0.5099814534187317,-0.4900185465812683,False,none
1,1,1.0,0.521975576877594,1.0,0.521975576877594,-0.478024423122406,False,none
1,1,1.0,0.5099814534187317,1.0,0.5099814534187317,-0.4900185465812683,False,none
1,1,1.0,0.5620337724685669,1.0,0.5620337724685669,-0.4379662275314331,False,none
1,1,1.0,0.5109530091285706,1.0,0.5109530091285706,-0.48904699087142944,False,none
1,1,1.0,0.9998587369918823,1.0,0.9998587369918823,-0.00014126300811767578,False,none
1,1,1.0,0.5170761346817017,1.0,0.5170761346817017,-0.48292386531829834,False,none
1,0,0.5654793977737427,0.8791282773017883,0.5654793977737427,0.12087171524763107,-0.444607675075531,True,disagreement
0,1,0.5000001788139343,0.9827812314033508,0.4999998211860657,0.9827812314033508,0.48278141021728516,True,disagreement
1,1,1.0,0.5252938866615295,1.0,0.5252938866615295,-0.47470611333847046,False,none
1,1,1.0,0.5108731389045715,1.0,0.5108731389045715,-0.48912686109542847,False,none
1,1,1.0,0.5266715288162231,1.0,0.5266715288162231,-0.47332847118377686,False,none
1,1,1.0,0.5252899527549744,1.0,0.5252899527549744,-0.47471004724502563,False,none
1,1,1.0,0.5053533911705017,1.0,0.5053533911705017,-0.4946466088294983,False,none
1,0,1.0,0.500207781791687,1.0,0.4997921884059906,-0.500207781791687,True,disagreement
1,1,1.0,0.5004093050956726,1.0,0.5004093050956726,-0.4995906949043274,False,none
1,1,1.0,0.5252899527549744,1.0,0.5252899527549744,-0.47471004724502563,False,none
1,1,1.0,0.5098670721054077,1.0,0.5098670721054077,-0.4901329278945923,False,none
1,1,1.0,0.539264440536499,1.0,0.539264440536499,-0.460735559463501,False,none
1,1,1.0,0.5109530091285706,1.0,0.5109530091285706,-0.48904699087142944,False,none
1,1,1.0,0.5109565258026123,1.0,0.5109565258026123,-0.4890434741973877,False,none
1,1,1.0,0.5109530091285706,1.0,0.5109530091285706,-0.48904699087142944,False,none
1,1,1.0,0.5099814534187317,1.0,0.5099814534187317,-0.4900185465812683,False,none
1,1,1.0,0.5266715288162231,1.0,0.5266715288162231,-0.47332847118377686,False,none
1,1,1.0,0.9995550513267517,1.0,0.9995550513267517,-0.000444948673248291,False,none
1,1,1.0,0.5364078283309937,1.0,0.5364078283309937,-0.46359217166900635,False,none
1,1,1.0,0.5144153833389282,1.0,0.5144153833389282,-0.4855846166610718,False,none
1,1,1.0,0.999988317489624,1.0,0.999988317489624,-1.1682510375976562e-05,False,none
1,1,1.0,0.5266715288162231,1.0,0.5266715288162231,-0.47332847118377686,False,none
1,1,1.0,0.5492730140686035,1.0,0.5492730140686035,-0.4507269859313965,False,none
1,1,1.0,0.5109530091285706,1.0,0.5109530091285706,-0.48904699087142944,False,none
1,1,1.0,0.5087789297103882,1.0,0.5087789297103882,-0.4912210702896118,False,none
1,1,1.0,0.5109530091285706,1.0,0.5109530091285706,-0.48904699087142944,False,none
1,1,1.0,0.5249252319335938,1.0,0.5249252319335938,-0.47507476806640625,False,none
1,1,1.0,0.5106921195983887,1.0,0.5106921195983887,-0.48930788040161133,False,none
1,0,1.0,0.5024039149284363,1.0,0.49759605526924133,-0.502403974533081,True,disagreement
1,1,1.0,0.5133225321769714,1.0,0.5133225321769714,-0.48667746782302856,False,none
1,1,0.9604532122612,0.5555527806282043,0.9604532122612,0.5555527806282043,-0.4049004316329956,False,none
1,1,1.0,0.5111141204833984,1.0,0.5111141204833984,-0.48888587951660156,False,none
1,1,1.0,0.5099814534187317,1.0,0.5099814534187317,-0.4900185465812683,False,none
1,1,1.0,0.5230498909950256,1.0,0.5230498909950256,-0.47695010900497437,False,none
1,1,1.0,0.5109530091285706,1.0,0.5109530091285706,-0.48904699087142944,False,none
1,0,1.0,0.5013106465339661,1.0,0.49868935346603394,-0.5013106465339661,True,disagreement
1,1,1.0,0.999969482421875,1.0,0.999969482421875,-3.0517578125e-05,False,none
1,1,1.0,0.5266715288162231,1.0,0.5266715288162231,-0.47332847118377686,False,none
1,1,1.0,0.5099814534187317,1.0,0.5099814534187317,-0.4900185465812683,False,none
1,1,1.0,0.5064841508865356,1.0,0.5064841508865356,-0.49351584911346436,False,none
1,1,1.0,0.5017135739326477,1.0,0.5017135739326477,-0.4982864260673523,False,none
0,1,0.9990068078041077,0.5098628997802734,0.0009932289831340313,0.5098628997802734,0.5088696479797363,True,disagreement
1,1,1.0,0.5109119415283203,1.0,0.5109119415283203,-0.4890880584716797,False,none
1,1,1.0,0.539264440536499,1.0,0.539264440536499,-0.460735559463501,False,none
1,1,1.0,0.5109530091285706,1.0,0.5109530091285706,-0.48904699087142944,False,none
1,1,1.0,0.5109530091285706,1.0,0.5109530091285706,-0.48904699087142944,False,none
1,1,1.0,0.999969482421875,1.0,0.999969482421875,-3.0517578125e-05,False,none
1,1,1.0,0.5109530091285706,1.0,0.5109530091285706,-0.48904699087142944,False,none
1,1,1.0,0.5111141204833984,1.0,0.5111141204833984,-0.48888587951660156,False,none
1,1,1.0,0.5099814534187317,1.0,0.5099814534187317,-0.4900185465812683,False,none
1,1,1.0,0.5252899527549744,1.0,0.5252899527549744,-0.47471004724502563,False,none
1,1,1.0,0.5024170279502869,1.0,0.5024170279502869,-0.49758297204971313,False,none
1,1,1.0,0.5111141204833984,1.0,0.5111141204833984,-0.48888587951660156,False,none
1,1,1.0,0.5099814534187317,1.0,0.5099814534187317,-0.4900185465812683,False,none
1,1,0.5082507729530334,0.9710063338279724,0.5082507729530334,0.9710063338279724,0.46275556087493896,False,none
1,1,1.0,0.5015276670455933,1.0,0.5015276670455933,-0.49847233295440674,False,none
1,1,1.0,0.9996871948242188,1.0,0.9996871948242188,-0.00031280517578125,False,none
1,1,1.0,0.9999775886535645,1.0,0.9999775886535645,-2.2411346435546875e-05,False,none
1,1,1.0,0.527431070804596,1.0,0.527431070804596,-0.47256892919540405,False,none
1,1,1.0,0.5106921195983887,1.0,0.5106921195983887,-0.48930788040161133,False,none
1,1,1.0,0.9999637603759766,1.0,0.9999637603759766,-3.62396240234375e-05,False,none
1,1,1.0,0.5015119314193726,1.0,0.5015119314193726,-0.49848806858062744,False,none
1,1,1.0,0.5252899527549744,1.0,0.5252899527549744,-0.47471004724502563,False,none
1,1,1.0,0.5109530091285706,1.0,0.5109530091285706,-0.48904699087142944,False,none
1,1,1.0,0.5111141204833984,1.0,0.5111141204833984,-0.48888587951660156,False,none
1,1,1.0,0.5099814534187317,1.0,0.5099814534187317,-0.4900185465812683,False,none
1,0,1.0,0.5013106465339661,1.0,0.49868935346603394,-0.5013106465339661,True,disagreement
1,0,1.0,0.5018107295036316,1.0,0.4981893002986908,-0.5018106698989868,True,disagreement
1,1,1.0,0.5109530091285706,1.0,0.5109530091285706,-0.48904699087142944,False,none
1,1,1.0,0.5109530091285706,1.0,0.5109530091285706,-0.48904699087142944,False,none
1,1,0.9999829530715942,0.5135365128517151,0.9999829530715942,0.5135365128517151,-0.48644644021987915,False,none
0,1,0.8533797860145569,0.9058789014816284,0.14662021398544312,0.9058789014816284,0.7592586874961853,True,"disagreement,high_confidence_disagreement"
1,1,1.0,0.5109530091285706,1.0,0.5109530091285706,-0.48904699087142944,False,none
1,1,1.0,0.5392282009124756,1.0,0.5392282009124756,-0.4607717990875244,False,none
1,1,1.0,0.5262039303779602,1.0,0.5262039303779602,-0.4737960696220398,False,none
0,1,1.0,0.5475276112556458,2.1517014558991576e-10,0.5475276112556458,0.5475276112556458,True,disagreement
1,1,0.9868127703666687,0.952530562877655,0.9868127703666687,0.952530562877655,-0.03428220748901367,False,none
1,1,1.0,0.5015119314193726,1.0,0.5015119314193726,-0.49848806858062744,False,none
1,1,1.0,0.5109530091285706,1.0,0.5109530091285706,-0.48904699087142944,False,none
1,1,0.9604532122612,0.5555527806282043,0.9604532122612,0.5555527806282043,-0.4049004316329956,False,none
1,1,1.0,0.5133225321769714,1.0,0.5133225321769714,-0.48667746782302856,False,none
1,0,0.6166837215423584,0.8982300162315369,0.6166837215423584,0.10176997631788254,-0.5149137377738953,True,disagreement
1,1,1.0,0.9354637265205383,1.0,0.9354637265205383,-0.06453627347946167,False,none
1,1,1.0,0.5109530091285706,1.0,0.5109530091285706,-0.48904699087142944,False,none
1,1,1.0,0.5584809184074402,1.0,0.5584809184074402,-0.4415190815925598,False,none
0,1,1.0,0.5255025029182434,1.1378232832772022e-21,0.5255025029182434,0.5255025029182434,True,disagreement
1,1,1.0,0.5099814534187317,1.0,0.5099814534187317,-0.4900185465812683,False,none
1,1,1.0,0.5109530091285706,1.0,0.5109530091285706,-0.48904699087142944,False,none
0,1,0.9999997615814209,0.5523387789726257,2.613906815440714e-07,0.5523387789726257,0.5523385405540466,True,disagreement
1,1,1.0,0.5005776882171631,1.0,0.5005776882171631,-0.4994223117828369,False,none
1,1,1.0,0.5109530091285706,1.0,0.5109530091285706,-0.48904699087142944,False,none
0,1,0.9999996423721313,0.5144175291061401,4.0271987700180034e-07,0.5144175291061401,0.5144171118736267,True,disagreement
1,1,0.9665325880050659,0.5552663803100586,0.9665325880050659,0.5552663803100586,-0.4112662076950073,False,none
1,1,1.0,0.5252899527549744,1.0,0.5252899527549744,-0.47471004724502563,False,none
1,1,1.0,0.5179773569107056,1.0,0.5179773569107056,-0.48202264308929443,False,none
1,1,0.9999996423721313,0.5330489277839661,0.9999996423721313,0.5330489277839661,-0.4669507145881653,False,none
1,1,1.0,0.5023011565208435,1.0,0.5023011565208435,-0.4976988434791565,False,none
1,1,1.0,0.5086051225662231,1.0,0.5086051225662231,-0.49139487743377686,False,none
0,1,0.9999998807907104,0.5649780631065369,9.292624270074157e-08,0.5649780631065369,0.5649779438972473,True,disagreement
1,1,1.0,0.5179773569107056,1.0,0.5179773569107056,-0.48202264308929443,False,none
1,1,1.0,0.9999817609786987,1.0,0.9999817609786987,-1.823902130126953e-05,False,none
1,1,1.0,0.5099814534187317,1.0,0.5099814534187317,-0.4900185465812683,False,none
0,1,0.9988777041435242,0.5208013653755188,0.0011222668690606952,0.5208013653755188,0.519679069519043,True,disagreement
1,1,1.0,0.5109530091285706,1.0,0.5109530091285706,-0.48904699087142944,False,none
1,1,1.0,0.5099814534187317,1.0,0.5099814534187317,-0.4900185465812683,False,none
1,1,0.9999998807907104,0.507937490940094,0.9999998807907104,0.507937490940094,-0.49206238985061646,False,none
1,1,1.0,0.5099814534187317,1.0,0.5099814534187317,-0.4900185465812683,False,none
1,1,1.0,0.5134350657463074,1.0,0.5134350657463074,-0.4865649342536926,False,none
1,1,1.0,0.5109530091285706,1.0,0.5109530091285706,-0.48904699087142944,False,none
1,1,1.0,0.5212578773498535,1.0,0.5212578773498535,-0.4787421226501465,False,none
1,1,1.0,0.5271929502487183,1.0,0.5271929502487183,-0.47280704975128174,False,none
1,1,1.0,0.5109530091285706,1.0,0.5109530091285706,-0.48904699087142944,False,none
1,1,1.0,0.5212632417678833,1.0,0.5212632417678833,-0.4787367582321167,False,none
1,1,1.0,0.5059654116630554,1.0,0.5059654116630554,-0.4940345883369446,False,none
1,1,1.0,0.5109530091285706,1.0,0.5109530091285706,-0.48904699087142944,False,none
1,0,0.9999587535858154,0.8994747996330261,0.9999587535858154,0.10052525997161865,-0.8994334936141968,True,disagreement
1,1,1.0,0.5109530091285706,1.0,0.5109530091285706,-0.48904699087142944,False,none
1,1,1.0,0.5096046924591064,1.0,0.5096046924591064,-0.49039530754089355,False,none
1,1,0.9604532122612,0.5555527806282043,0.9604532122612,0.5555527806282043,-0.4049004316329956,False,none
1,1,1.0,0.5109530091285706,1.0,0.5109530091285706,-0.48904699087142944,False,none
1,1,1.0,0.5015119314193726,1.0,0.5015119314193726,-0.49848806858062744,False,none
0,1,0.9999998807907104,0.5048923492431641,8.122118089204378e-08,0.5048923492431641,0.5048922896385193,True,disagreement
1,1,1.0,0.5086702108383179,1.0,0.5086702108383179,-0.49132978916168213,False,none
1,1,1.0,0.5099814534187317,1.0,0.5099814534187317,-0.4900185465812683,False,none
1,0,1.0,0.5024039149284363,1.0,0.49759605526924133,-0.502403974533081,True,disagreement
0,1,0.9519460797309875,0.5217297077178955,0.04805387556552887,0.5217297077178955,0.47367584705352783,True,disagreement
0,1,0.9999868869781494,0.9792532920837402,1.3157061403035186e-05,0.9792532920837402,0.9792401194572449,True,"disagreement,high_confidence_disagreement"
1,1,1.0,0.5184428691864014,1.0,0.5184428691864014,-0.48155713081359863,False,none
1,1,1.0,0.5165120363235474,1.0,0.5165120363235474,-0.48348796367645264,False,none
1,1,1.0,0.5504913926124573,1.0,0.5504913926124573,-0.4495086073875427,False,none
1,1,1.0,0.5266715288162231,1.0,0.5266715288162231,-0.47332847118377686,False,none
1,1,0.5490362644195557,0.8230285048484802,0.5490362644195557,0.8230285048484802,0.27399224042892456,False,none
1,1,1.0,0.5109530091285706,1.0,0.5109530091285706,-0.48904699087142944,False,none
1,1,0.8363311290740967,0.5356675982475281,0.8363311290740967,0.5356675982475281,-0.3006635308265686,False,none
1,1,0.9604532122612,0.5555527806282043,0.9604532122612,0.5555527806282043,-0.4049004316329956,False,none
1,1,0.9999994039535522,0.5363602638244629,0.9999994039535522,0.5363602638244629,-0.46363914012908936,False,none
1,1,1.0,0.5109530091285706,1.0,0.5109530091285706,-0.48904699087142944,False,none
1,1,1.0,0.5099814534187317,1.0,0.5099814534187317,-0.4900185465812683,False,none
0,1,1.0,0.5513038039207458,1.4955475080569158e-08,0.5513038039207458,0.5513038039207458,True,disagreement
1,1,1.0,0.5362861156463623,1.0,0.5362861156463623,-0.4637138843536377,False,none
1,1,1.0,0.5099814534187317,1.0,0.5099814534187317,-0.4900185465812683,False,none
1,1,1.0,0.5425112843513489,1.0,0.5425112843513489,-0.4574887156486511,False,none
1,0,1.0,0.5024039149284363,1.0,0.49759605526924133,-0.502403974533081,True,disagreement
1,1,1.0,0.5109530091285706,1.0,0.5109530091285706,-0.48904699087142944,False,none
1,0,1.0,0.5024039149284363,1.0,0.49759605526924133,-0.502403974533081,True,disagreement
0,1,0.9994264841079712,0.5309935808181763,0.0005735884769819677,0.5309935808181763,0.5304200053215027,True,disagreement
1,1,1.0,0.5041231513023376,1.0,0.5041231513023376,-0.49587684869766235,False,none
0,1,1.0,0.5502856373786926,2.2059664550283285e-20,0.5502856373786926,0.5502856373786926,True,disagreement
1,1,1.0,0.5505925416946411,1.0,0.5505925416946411,-0.4494074583053589,False,none
1,1,1.0,0.5099814534187317,1.0,0.5099814534187317,-0.4900185465812683,False,none
1,1,1.0,0.5105542540550232,1.0,0.5105542540550232,-0.4894457459449768,False,none
1,1,1.0,0.5087714791297913,1.0,0.5087714791297913,-0.49122852087020874,False,none
1,1,1.0,0.8856899738311768,1.0,0.8856899738311768,-0.11431002616882324,False,none
1,1,1.0,0.5179773569107056,1.0,0.5179773569107056,-0.48202264308929443,False,none
1,1,1.0,0.5109530091285706,1.0,0.5109530091285706,-0.48904699087142944,False,none
1,1,0.999998927116394,0.5473624467849731,0.999998927116394,0.5473624467849731,-0.4526364803314209,False,none
1,1,1.0,0.5179773569107056,1.0,0.5179773569107056,-0.48202264308929443,False,none
1,1,1.0,0.5462889671325684,1.0,0.5462889671325684,-0.45371103286743164,False,none
1,1,1.0,0.5179773569107056,1.0,0.5179773569107056,-0.48202264308929443,False,none
1,1,1.0,0.5304278135299683,1.0,0.5304278135299683,-0.46957218647003174,False,none
0,1,0.9999998807907104,0.5498248338699341,1.529143389689125e-07,0.5498248338699341,0.5498246550559998,True,disagreement
1,1,0.9999649524688721,0.5285853743553162,0.9999649524688721,0.5285853743553162,-0.4713795781135559,False,none
1,0,1.0,0.5013106465339661,1.0,0.49868935346603394,-0.5013106465339661,True,disagreement
1,1,1.0,0.9987509250640869,1.0,0.9987509250640869,-0.001249074935913086,False,none
1,1,1.0,0.5603460073471069,1.0,0.5603460073471069,-0.43965399265289307,False,none
0,1,1.0,0.5513038039207458,1.4955475080569158e-08,0.5513038039207458,0.5513038039207458,True,disagreement
1,0,1.0,0.5024039149284363,1.0,0.49759605526924133,-0.502403974533081,True,disagreement
1,1,1.0,0.5071552991867065,1.0,0.5071552991867065,-0.49284470081329346,False,none
1,1,1.0,0.5099814534187317,1.0,0.5099814534187317,-0.4900185465812683,False,none
1,0,1.0,0.5013106465339661,1.0,0.49868935346603394,-0.5013106465339661,True,disagreement
1,1,0.9604532122612,0.5555527806282043,0.9604532122612,0.5555527806282043,-0.4049004316329956,False,none
1,1,1.0,0.5030323266983032,1.0,0.5030323266983032,-0.4969676733016968,False,none
1,1,1.0,0.5136749744415283,1.0,0.5136749744415283,-0.4863250255584717,False,none
1,0,0.9481819272041321,0.6549948453903198,0.9481819272041321,0.34500521421432495,-0.6031767129898071,True,disagreement
1,1,1.0,0.5132752656936646,1.0,0.5132752656936646,-0.48672473430633545,False,none
1,1,1.0,0.5109530091285706,1.0,0.5109530091285706,-0.48904699087142944,False,none
0,1,0.9999991655349731,0.5174816250801086,8.13445524272538e-07,0.5174816250801086,0.5174807906150818,True,disagreement
1,1,1.0,0.5201364755630493,1.0,0.5201364755630493,-0.4798635244369507,False,none
1,1,1.0,0.5109530091285706,1.0,0.5109530091285706,-0.48904699087142944,False,none
1,1,1.0,0.5271929502487183,1.0,0.5271929502487183,-0.47280704975128174,False,none
1,1,1.0,0.511569619178772,1.0,0.511569619178772,-0.488430380821228,False,none
1,1,1.0,0.514426052570343,1.0,0.514426052570343,-0.485573947429657,False,none
1,1,0.50001060962677,0.5299619436264038,0.50001060962677,0.5299619436264038,0.02995133399963379,False,none
1,1,1.0,0.5109530091285706,1.0,0.5109530091285706,-0.48904699087142944,False,none
1,1,1.0,0.5236721038818359,1.0,0.5236721038818359,-0.47632789611816406,False,none
0,0,0.6333829164505005,0.9200004935264587,0.3666170835494995,0.07999950647354126,-0.28661757707595825,False,none
1,1,0.5478967428207397,0.967289924621582,0.5478967428207397,0.967289924621582,0.4193931818008423,False,none
1,1,1.0,0.500431478023529,1.0,0.500431478023529,-0.49956852197647095,False,none
1,1,1.0,0.5109530091285706,1.0,0.5109530091285706,-0.48904699087142944,False,none
1,0,1.0,0.5013106465339661,1.0,0.49868935346603394,-0.5013106465339661,True,disagreement
1,0,1.0,0.5023748278617859,1.0,0.4976251721382141,-0.5023748278617859,True,disagreement
1,1,1.0,0.9777856469154358,1.0,0.9777856469154358,-0.02221435308456421,False,none
1,0,1.0,0.5005447268486023,1.0,0.4994552433490753,-0.5005447864532471,True,disagreement
1,1,0.9604532122612,0.5555527806282043,0.9604532122612,0.5555527806282043,-0.4049004316329956,False,none
1,1,1.0,0.5266715288162231,1.0,0.5266715288162231,-0.47332847118377686,False,none
1,1,1.0,0.5266715288162231,1.0,0.5266715288162231,-0.47332847118377686,False,none
1,1,1.0,0.5079454183578491,1.0,0.5079454183578491,-0.4920545816421509,False,none
1,1,1.0,0.5099814534187317,1.0,0.5099814534187317,-0.4900185465812683,False,none
0,1,0.9961569905281067,0.7458919882774353,0.0038430551066994667,0.7458919882774353,0.7420489192008972,True,"disagreement,high_confidence_disagreement"
1,1,1.0,0.505541980266571,1.0,0.505541980266571,-0.49445801973342896,False,none
1,1,0.5154795050621033,0.5400781035423279,0.5154795050621033,0.5400781035423279,0.02459859848022461,False,none
1,1,1.0,0.5099814534187317,1.0,0.5099814534187317,-0.4900185465812683,False,none
1,0,1.0,0.5024039149284363,1.0,0.49759605526924133,-0.502403974533081,True,disagreement
0,1,0.7574523091316223,0.5035576820373535,0.24254769086837769,0.5035576820373535,0.26100999116897583,True,disagreement
0,1,0.5250577926635742,0.8881534934043884,0.47494223713874817,0.8881534934043884,0.41321125626564026,True,disagreement
1,1,1.0,0.5109530091285706,1.0,0.5109530091285706,-0.48904699087142944,False,none
1,1,1.0,0.5115728974342346,1.0,0.5115728974342346,-0.4884271025657654,False,none
1,1,1.0,0.5109530091285706,1.0,0.5109530091285706,-0.48904699087142944,False,none
0,1,0.5000118017196655,0.5392317771911621,0.4999881982803345,0.5392317771911621,0.03924357891082764,True,disagreement
0,0,1.0,0.9287355542182922,1.2609851314168696e-12,0.07126446813344955,0.07126446813344955,False,none
1,1,1.0,0.5109530091285706,1.0,0.5109530091285706,-0.48904699087142944,False,none
1,0,1.0,0.5024039149284363,1.0,0.49759605526924133,-0.502403974533081,True,disagreement
1,1,1.0,0.5085559487342834,1.0,0.5085559487342834,-0.49144405126571655,False,none
0,1,1.0,0.5277132987976074,1.1299835511735523e-09,0.5277132987976074,0.5277132987976074,True,disagreement
0,1,1.0,0.5391356348991394,9.030682451838246e-12,0.5391356348991394,0.5391356348991394,True,disagreement
1,1,1.0,0.5109530091285706,1.0,0.5109530091285706,-0.48904699087142944,False,none
1,1,1.0,0.5109530091285706,1.0,0.5109530091285706,-0.48904699087142944,False,none
1,1,1.0,0.5213144421577454,1.0,0.5213144421577454,-0.47868555784225464,False,none
1,1,1.0,0.5109530091285706,1.0,0.5109530091285706,-0.48904699087142944,False,none
1,1,1.0,0.5099814534187317,1.0,0.5099814534187317,-0.4900185465812683,False,none
1,1,1.0,0.5178837776184082,1.0,0.5178837776184082,-0.4821162223815918,False,none
1,1,1.0,0.5107796788215637,1.0,0.5107796788215637,-0.4892203211784363,False,none
1,1,1.0,0.5099814534187317,1.0,0.5099814534187317,-0.4900185465812683,False,none
1,1,1.0,0.5099814534187317,1.0,0.5099814534187317,-0.4900185465812683,False,none
0,1,1.0,0.5513038039207458,1.4955475080569158e-08,0.5513038039207458,0.5513038039207458,True,disagreement
0,1,1.0,0.5513038039207458,1.4955475080569158e-08,0.5513038039207458,0.5513038039207458,True,disagreement
1,1,1.0,0.5015119314193726,1.0,0.5015119314193726,-0.49848806858062744,False,none
1,1,1.0,0.5099814534187317,1.0,0.5099814534187317,-0.4900185465812683,False,none
1,0,1.0,0.5013106465339661,1.0,0.49868935346603394,-0.5013106465339661,True,disagreement
0,1,1.0,0.5513038039207458,1.4955475080569158e-08,0.5513038039207458,0.5513038039207458,True,disagreement
1,1,1.0,0.5225408673286438,1.0,0.5225408673286438,-0.4774591326713562,False,none
1,1,1.0,0.5271929502487183,1.0,0.5271929502487183,-0.47280704975128174,False,none
1,1,1.0,0.5420223474502563,1.0,0.5420223474502563,-0.45797765254974365,False,none
0,1,1.0,0.5244345664978027,6.248602583744989e-18,0.5244345664978027,0.5244345664978027,True,disagreement
1,1,1.0,0.9997683167457581,1.0,0.9997683167457581,-0.00023168325424194336,False,none
1,1,1.0,0.5109530091285706,1.0,0.5109530091285706,-0.48904699087142944,False,none
1,1,1.0,0.5147460699081421,1.0,0.5147460699081421,-0.4852539300918579,False,none
1,1,1.0,0.5255705118179321,1.0,0.5255705118179321,-0.47442948818206787,False,none
1,1,1.0,0.5505925416946411,1.0,0.5505925416946411,-0.4494074583053589,False,none
1,1,1.0,0.5266715288162231,1.0,0.5266715288162231,-0.47332847118377686,False,none
1,1,1.0,0.5266715288162231,1.0,0.5266715288162231,-0.47332847118377686,False,none
1,1,1.0,0.5109500885009766,1.0,0.5109500885009766,-0.48904991149902344,False,none
1,1,1.0,0.9999858140945435,1.0,0.9999858140945435,-1.4185905456542969e-05,False,none
1,1,0.9946914315223694,0.5093919634819031,0.9946914315223694,0.5093919634819031,-0.4852994680404663,False,none
1,1,0.9604532122612,0.5555527806282043,0.9604532122612,0.5555527806282043,-0.4049004316329956,False,none
1,1,1.0,0.5087034106254578,1.0,0.5087034106254578,-0.49129658937454224,False,none
1,1,1.0,0.5153093338012695,1.0,0.5153093338012695,-0.48469066619873047,False,none
1,1,1.0,0.5116698145866394,1.0,0.5116698145866394,-0.4883301854133606,False,none
1,1,1.0,0.527431070804596,1.0,0.527431070804596,-0.47256892919540405,False,none
1,0,1.0,0.5024039149284363,1.0,0.49759605526924133,-0.502403974533081,True,disagreement
1,1,1.0,0.5560644268989563,1.0,0.5560644268989563,-0.4439355731010437,False,none
1,1,1.0,0.5362468957901001,1.0,0.5362468957901001,-0.4637531042098999,False,none
1,1,1.0,0.9999903440475464,1.0,0.9999903440475464,-9.655952453613281e-06,False,none
1,1,0.9604532122612,0.5555527806282043,0.9604532122612,0.5555527806282043,-0.4049004316329956,False,none
1,1,0.9604532122612,0.5555527806282043,0.9604532122612,0.5555527806282043,-0.4049004316329956,False,none
1,0,1.0,0.5024039149284363,1.0,0.49759605526924133,-0.502403974533081,True,disagreement
1,1,1.0,0.5266715288162231,1.0,0.5266715288162231,-0.47332847118377686,False,none
1,1,1.0,0.5266715288162231,1.0,0.5266715288162231,-0.47332847118377686,False,none
1,1,1.0,0.5198902487754822,1.0,0.5198902487754822,-0.4801097512245178,False,none
1,1,1.0,0.513422966003418,1.0,0.513422966003418,-0.48657703399658203,False,none
1,1,0.9999998807907104,0.5011419653892517,0.9999998807907104,0.5011419653892517,-0.49885791540145874,False,none
1,1,0.9604532122612,0.5555527806282043,0.9604532122612,0.5555527806282043,-0.4049004316329956,False,none
1,1,1.0,0.5109530091285706,1.0,0.5109530091285706,-0.48904699087142944,False,none
1,1,1.0,0.5109530091285706,1.0,0.5109530091285706,-0.48904699087142944,False,none
1,1,1.0,0.5498795509338379,1.0,0.5498795509338379,-0.4501204490661621,False,none
1,0,1.0,0.5022441744804382,1.0,0.497755765914917,-0.502244234085083,True,disagreement
0,0,0.986663818359375,0.7782762050628662,0.013336152769625187,0.2217237502336502,0.2083875983953476,False,none
0,1,1.0,0.5513038039207458,1.4955475080569158e-08,0.5513038039207458,0.5513038039207458,True,disagreement
1,1,1.0,0.539264440536499,1.0,0.539264440536499,-0.460735559463501,False,none
1,1,1.0,0.5109530091285706,1.0,0.5109530091285706,-0.48904699087142944,False,none
1,1,1.0,0.5145024657249451,1.0,0.5145024657249451,-0.48549753427505493,False,none
1,1,1.0,0.5229451060295105,1.0,0.5229451060295105,-0.4770548939704895,False,none
1,1,1.0,0.5164366364479065,1.0,0.5164366364479065,-0.4835633635520935,False,none
1,1,1.0,0.5015119314193726,1.0,0.5015119314193726,-0.49848806858062744,False,none
1,1,1.0,0.5107941627502441,1.0,0.5107941627502441,-0.48920583724975586,False,none
1,1,1.0,0.5114588737487793,1.0,0.5114588737487793,-0.4885411262512207,False,none
1,1,1.0,0.5099814534187317,1.0,0.5099814534187317,-0.4900185465812683,False,none
1,1,0.9604532122612,0.5555527806282043,0.9604532122612,0.5555527806282043,-0.4049004316329956,False,none
1,1,1.0,0.5111141204833984,1.0,0.5111141204833984,-0.48888587951660156,False,none
1,1,1.0,0.5099814534187317,1.0,0.5099814534187317,-0.4900185465812683,False,none
1,1,1.0,0.5109530091285706,1.0,0.5109530091285706,-0.48904699087142944,False,none
0,1,0.9999961853027344,0.5070676207542419,3.7697261632274603e-06,0.5070676207542419,0.5070638656616211,True,disagreement
1,1,1.0,0.5015119314193726,1.0,0.5015119314193726,-0.49848806858062744,False,none
1,1,1.0,0.5179773569107056,1.0,0.5179773569107056,-0.48202264308929443,False,none
1,1,1.0,0.5243748426437378,1.0,0.5243748426437378,-0.4756251573562622,False,none
0,1,0.9999951124191284,0.8437281250953674,4.905862624582369e-06,0.8437281250953674,0.8437232375144958,True,"disagreement,high_confidence_disagreement"
1,1,1.0,0.5099814534187317,1.0,0.5099814534187317,-0.4900185465812683,False,none
1,1,1.0,0.5099814534187317,1.0,0.5099814534187317,-0.4900185465812683,False,none
1,1,1.0,0.5099814534187317,1.0,0.5099814534187317,-0.4900185465812683,False,none
1,1,1.0,0.9999939203262329,1.0,0.9999939203262329,-6.079673767089844e-06,False,none
1,1,1.0,0.9994542002677917,1.0,0.9994542002677917,-0.000545799732208252,False,none
1,0,1.0,0.5024039149284363,1.0,0.49759605526924133,-0.502403974533081,True,disagreement
1,1,1.0,0.5107941627502441,1.0,0.5107941627502441,-0.48920583724975586,False,none
1,1,1.0,0.5093569159507751,1.0,0.5093569159507751,-0.49064308404922485,False,none
1,1,1.0,0.5109530091285706,1.0,0.5109530091285706,-0.48904699087142944,False,none
1,1,1.0,0.5222914218902588,1.0,0.5222914218902588,-0.4777085781097412,False,none
1,0,1.0,0.5024039149284363,1.0,0.49759605526924133,-0.502403974533081,True,disagreement
1,1,1.0,0.5106303691864014,1.0,0.5106303691864014,-0.48936963081359863,False,none
1,0,1.0,0.5013106465339661,1.0,0.49868935346603394,-0.5013106465339661,True,disagreement
1,1,1.0,0.5099814534187317,1.0,0.5099814534187317,-0.4900185465812683,False,none
1,1,1.0,0.538199245929718,1.0,0.538199245929718,-0.461800754070282,False,none
1,1,1.0,0.5395551919937134,1.0,0.5395551919937134,-0.4604448080062866,False,none
1,1,1.0,0.989807665348053,1.0,0.989807665348053,-0.010192334651947021,False,none
1,1,1.0,0.502718985080719,1.0,0.502718985080719,-0.497281014919281,False,none
0,1,1.0,0.5128419995307922,3.074745436038029e-08,0.5128419995307922,0.5128419399261475,True,disagreement
1,1,1.0,0.5000240802764893,1.0,0.5000240802764893,-0.49997591972351074,False,none
0,1,0.9922634363174438,0.9938713312149048,0.0077365669421851635,0.9938713312149048,0.9861347675323486,True,"disagreement,high_confidence_disagreement"
1,1,1.0,0.5111141204833984,1.0,0.5111141204833984,-0.48888587951660156,False,none
1,1,1.0,0.5109530091285706,1.0,0.5109530091285706,-0.48904699087142944,False,none
1,1,1.0,0.5099814534187317,1.0,0.5099814534187317,-0.4900185465812683,False,none
0,1,1.0,0.5494893193244934,5.0608170987231915e-09,0.5494893193244934,0.5494893193244934,True,disagreement
1,1,1.0,0.5099814534187317,1.0,0.5099814534187317,-0.4900185465812683,False,none
1,1,0.7619569897651672,0.9055720567703247,0.7619569897651672,0.9055720567703247,0.14361506700515747,False,none
1,1,1.0,0.9998811483383179,1.0,0.9998811483383179,-0.0001188516616821289,False,none
1,1,0.9996389150619507,0.5091454386711121,0.9996389150619507,0.5091454386711121,-0.4904934763908386,False,none
1,1,1.0,0.5266715288162231,1.0,0.5266715288162231,-0.47332847118377686,False,none
1,1,1.0,0.5157716870307922,1.0,0.5157716870307922,-0.48422831296920776,False,none
1,1,1.0,0.5112589001655579,1.0,0.5112589001655579,-0.48874109983444214,False,none
1,1,1.0,0.5359596014022827,1.0,0.5359596014022827,-0.4640403985977173,False,none
1,0,1.0,0.5014913082122803,1.0,0.4985086917877197,-0.5014913082122803,True,disagreement
1,1,1.0,0.5109530091285706,1.0,0.5109530091285706,-0.48904699087142944,False,none
1,0,1.0,0.5024039149284363,1.0,0.49759605526924133,-0.502403974533081,True,disagreement
1,1,1.0,0.5216718912124634,1.0,0.5216718912124634,-0.4783281087875366,False,none
1,1,1.0,0.5393087863922119,1.0,0.5393087863922119,-0.4606912136077881,False,none
1,1,1.0,0.5109530091285706,1.0,0.5109530091285706,-0.48904699087142944,False,none
1,1,1.0,0.9999356269836426,1.0,0.9999356269836426,-6.437301635742188e-05,False,none
1,1,1.0,0.5266715288162231,1.0,0.5266715288162231,-0.47332847118377686,False,none
1,1,1.0,0.5099814534187317,1.0,0.5099814534187317,-0.4900185465812683,False,none
1,1,1.0,0.509934663772583,1.0,0.509934663772583,-0.490065336227417,False,none
1,1,1.0,0.5133225321769714,1.0,0.5133225321769714,-0.48667746782302856,False,none
1,1,1.0,0.5117726922035217,1.0,0.5117726922035217,-0.48822730779647827,False,none
1,1,1.0,0.5099814534187317,1.0,0.5099814534187317,-0.4900185465812683,False,none
0,1,1.0,0.5513038039207458,1.4955475080569158e-08,0.5513038039207458,0.5513038039207458,True,disagreement
1,1,0.5603052377700806,0.8610019683837891,0.5603052377700806,0.8610019683837891,0.3006967306137085,False,none
1,1,0.8056471943855286,0.7663190364837646,0.8056471943855286,0.7663190364837646,-0.039328157901763916,False,none
1,1,1.0,0.5124450325965881,1.0,0.5124450325965881,-0.48755496740341187,False,none
1,1,1.0,0.5353723168373108,1.0,0.5353723168373108,-0.4646276831626892,False,none
1,1,1.0,0.5107941627502441,1.0,0.5107941627502441,-0.48920583724975586,False,none
0,1,0.9998332262039185,0.9042623043060303,0.00016673703794367611,0.9042623043060303,0.9040955901145935,True,"disagreement,high_confidence_disagreement"
1,1,0.712807834148407,0.5226433873176575,0.712807834148407,0.5226433873176575,-0.1901644468307495,False,none
1,1,1.0,0.5099814534187317,1.0,0.5099814534187317,-0.4900185465812683,False,none
1,1,1.0,0.5143496990203857,1.0,0.5143496990203857,-0.48565030097961426,False,none
1,1,0.9604532122612,0.5555527806282043,0.9604532122612,0.5555527806282043,-0.4049004316329956,False,none
1,1,0.9604532122612,0.5555527806282043,0.9604532122612,0.5555527806282043,-0.4049004316329956,False,none
1,1,1.0,0.5242372751235962,1.0,0.5242372751235962,-0.4757627248764038,False,none
1,1,1.0,0.5038522481918335,1.0,0.5038522481918335,-0.4961477518081665,False,none
1,1,1.0,0.5017223954200745,1.0,0.5017223954200745,-0.49827760457992554,False,none
1,1,0.9604532122612,0.5555527806282043,0.9604532122612,0.5555527806282043,-0.4049004316329956,False,none
1,1,1.0,0.5109530091285706,1.0,0.5109530091285706,-0.48904699087142944,False,none
1,1,1.0,0.5109530091285706,1.0,0.5109530091285706,-0.48904699087142944,False,none
1,1,1.0,0.5109530091285706,1.0,0.5109530091285706,-0.48904699087142944,False,none
1,1,1.0,0.5108661651611328,1.0,0.5108661651611328,-0.4891338348388672,False,none
1,1,1.0,0.5485028028488159,1.0,0.5485028028488159,-0.4514971971511841,False,none
1,1,1.0,0.539264440536499,1.0,0.539264440536499,-0.460735559463501,False,none
1,1,1.0,0.5179773569107056,1.0,0.5179773569107056,-0.48202264308929443,False,none
1,1,1.0,0.9999535083770752,1.0,0.9999535083770752,-4.649162292480469e-05,False,none
0,1,0.9960892200469971,0.5366536378860474,0.0039108190685510635,0.5366536378860474,0.5327427983283997,True,disagreement
1,1,1.0,0.5099814534187317,1.0,0.5099814534187317,-0.4900185465812683,False,none
1,1,1.0,0.5266715288162231,1.0,0.5266715288162231,-0.47332847118377686,False,none
1,1,0.9604532122612,0.5555527806282043,0.9604532122612,0.5555527806282043,-0.4049004316329956,False,none
1,1,1.0,0.5099814534187317,1.0,0.5099814534187317,-0.4900185465812683,False,none
1,1,1.0,0.5099695324897766,1.0,0.5099695324897766,-0.4900304675102234,False,none
1,0,1.0,0.5024039149284363,1.0,0.49759605526924133,-0.502403974533081,True,disagreement
1,1,1.0,0.5099814534187317,1.0,0.5099814534187317,-0.4900185465812683,False,none
1,1,1.0,0.5111141204833984,1.0,0.5111141204833984,-0.48888587951660156,False,none
1,1,1.0,0.9865250587463379,1.0,0.9865250587463379,-0.01347494125366211,False,none
1,1,1.0,0.5109530091285706,1.0,0.5109530091285706,-0.48904699087142944,False,none
1,1,1.0,0.999963641166687,1.0,0.999963641166687,-3.635883331298828e-05,False,none
1,1,1.0,0.5455864667892456,1.0,0.5455864667892456,-0.4544135332107544,False,none
0,1,1.0,0.5274205207824707,2.252881259323658e-08,0.5274205207824707,0.5274205207824707,True,disagreement
0,1,1.0,0.5268905162811279,7.55914436744603e-16,0.5268905162811279,0.5268905162811279,True,disagreement
1,1,0.9999829530715942,0.5135365128517151,0.9999829530715942,0.5135365128517151,-0.48644644021987915,False,none
1,1,1.0,0.5109530091285706,1.0,0.5109530091285706,-0.48904699087142944,False,none
1,1,1.0,0.5040201544761658,1.0,0.5040201544761658,-0.49597984552383423,False,none
1,1,1.0,0.5015119314193726,1.0,0.5015119314193726,-0.49848806858062744,False,none
1,1,1.0,0.5099814534187317,1.0,0.5099814534187317,-0.4900185465812683,False,none
1,1,1.0,0.5266715288162231,1.0,0.5266715288162231,-0.47332847118377686,False,none
1,1,0.8972595930099487,0.5206748843193054,0.8972595930099487,0.5206748843193054,-0.3765847086906433,False,none
1,0,0.9999985694885254,0.7435733675956726,0.9999985694885254,0.2564266622066498,-0.7435718774795532,True,disagreement
1,1,1.0,0.5109530091285706,1.0,0.5109530091285706,-0.48904699087142944,False,none
0,1,0.9999376535415649,0.9876234531402588,6.228335405467078e-05,0.9876234531402588,0.9875611662864685,True,"disagreement,high_confidence_disagreement"
1,0,1.0,0.5024039149284363,1.0,0.49759605526924133,-0.502403974533081,True,disagreement
1,1,0.5000002980232239,0.9796540141105652,0.5000002980232239,0.9796540141105652,0.4796537160873413,False,none
1,1,1.0,0.5603460073471069,1.0,0.5603460073471069,-0.43965399265289307,False,none
1,1,1.0,0.5505925416946411,1.0,0.5505925416946411,-0.4494074583053589,False,none
1,1,1.0,0.5271929502487183,1.0,0.5271929502487183,-0.47280704975128174,False,none
1,1,1.0,0.5049330592155457,1.0,0.5049330592155457,-0.49506694078445435,False,none
1,1,1.0,0.5015276670455933,1.0,0.5015276670455933,-0.49847233295440674,False,none
1,1,1.0,0.5109530091285706,1.0,0.5109530091285706,-0.48904699087142944,False,none
1,1,0.9999988079071045,0.5243991017341614,0.9999988079071045,0.5243991017341614,-0.4755997061729431,False,none
1,1,1.0,0.50924152135849,1.0,0.50924152135849,-0.49075847864151,False,none
1,1,1.0,0.5089082717895508,1.0,0.5089082717895508,-0.4910917282104492,False,none
1,0,1.0,0.5024039149284363,1.0,0.49759605526924133,-0.502403974533081,True,disagreement
1,1,1.0,0.5603671073913574,1.0,0.5603671073913574,-0.4396328926086426,False,none
1,1,1.0,0.5179773569107056,1.0,0.5179773569107056,-0.48202264308929443,False,none
1,0,1.0,0.5024039149284363,1.0,0.49759605526924133,-0.502403974533081,True,disagreement
1,0,1.0,0.5024039149284363,1.0,0.49759605526924133,-0.502403974533081,True,disagreement
1,1,1.0,0.5136459469795227,1.0,0.5136459469795227,-0.4863540530204773,False,none
1,1,1.0,0.5109530091285706,1.0,0.5109530091285706,-0.48904699087142944,False,none
1,1,0.9999997615814209,0.5376021862030029,0.9999997615814209,0.5376021862030029,-0.46239757537841797,False,none
1,1,1.0,0.5107941627502441,1.0,0.5107941627502441,-0.48920583724975586,False,none
1,1,1.0,0.5505925416946411,1.0,0.5505925416946411,-0.4494074583053589,False,none
1,1,1.0,0.513422966003418,1.0,0.513422966003418,-0.48657703399658203,False,none
1,1,1.0,0.5205482244491577,1.0,0.5205482244491577,-0.4794517755508423,False,none
1,1,1.0,0.5364078283309937,1.0,0.5364078283309937,-0.46359217166900635,False,none
1,1,1.0,0.9998968839645386,1.0,0.9998968839645386,-0.00010311603546142578,False,none
1,1,1.0,0.5368648171424866,1.0,0.5368648171424866,-0.4631351828575134,False,none
1,1,1.0,0.5458766222000122,1.0,0.5458766222000122,-0.4541233777999878,False,none
1,1,1.0,0.5134550333023071,1.0,0.5134550333023071,-0.48654496669769287,False,none
1,0,1.0,0.5024039149284363,1.0,0.49759605526924133,-0.502403974533081,True,disagreement
1,1,1.0,0.5001422762870789,1.0,0.5001422762870789,-0.49985772371292114,False,none
1,1,1.0,0.9559184908866882,1.0,0.9559184908866882,-0.04408150911331177,False,none
1,1,1.0,0.5099814534187317,1.0,0.5099814534187317,-0.4900185465812683,False,none
1,1,1.0,0.5099814534187317,1.0,0.5099814534187317,-0.4900185465812683,False,none
1,1,1.0,0.5034775733947754,1.0,0.5034775733947754,-0.4965224266052246,False,none
1,0,1.0,0.5024039149284363,1.0,0.49759605526924133,-0.502403974533081,True,disagreement
1,1,1.0,0.5123279094696045,1.0,0.5123279094696045,-0.4876720905303955,False,none
1,1,1.0,0.9809549450874329,1.0,0.9809549450874329,-0.01904505491256714,False,none
1,1,1.0,0.5116621255874634,1.0,0.5116621255874634,-0.4883378744125366,False,none
1,1,1.0,0.5271929502487183,1.0,0.5271929502487183,-0.47280704975128174,False,none
0,1,0.5000079870223999,0.5376958250999451,0.4999920129776001,0.5376958250999451,0.03770381212234497,True,disagreement
1,1,1.0,0.5305424928665161,1.0,0.5305424928665161,-0.4694575071334839,False,none
1,1,1.0,0.5099814534187317,1.0,0.5099814534187317,-0.4900185465812683,False,none
1,1,1.0,0.5014511346817017,1.0,0.5014511346817017,-0.49854886531829834,False,none
1,1,1.0,0.5015119314193726,1.0,0.5015119314193726,-0.49848806858062744,False,none
1,1,1.0,0.5109530091285706,1.0,0.5109530091285706,-0.48904699087142944,False,none
1,0,1.0,0.5016689896583557,1.0,0.4983310103416443,-0.5016689896583557,True,disagreement
1,1,1.0,0.5099814534187317,1.0,0.5099814534187317,-0.4900185465812683,False,none
0,1,1.0,0.5513038039207458,1.4955475080569158e-08,0.5513038039207458,0.5513038039207458,True,disagreement
1,1,1.0,0.5262665748596191,1.0,0.5262665748596191,-0.47373342514038086,False,none
1,1,1.0,0.5060437321662903,1.0,0.5060437321662903,-0.4939562678337097,False,none
1,1,1.0,0.5109530091285706,1.0,0.5109530091285706,-0.48904699087142944,False,none
0,1,1.0,0.5513038039207458,1.4955475080569158e-08,0.5513038039207458,0.5513038039207458,True,disagreement
1,1,1.0,0.5015119314193726,1.0,0.5015119314193726,-0.49848806858062744,False,none
0,1,0.9999988079071045,0.5189312696456909,1.2331095149420435e-06,0.5189312696456909,0.5189300179481506,True,disagreement
1,1,1.0,0.5166453123092651,1.0,0.5166453123092651,-0.48335468769073486,False,none
1,0,1.0,0.5011241436004639,1.0,0.49887579679489136,-0.5011242032051086,True,disagreement
1,1,0.5000051259994507,0.5294025540351868,0.5000051259994507,0.5294025540351868,0.029397428035736084,False,none
1,1,1.0,0.9969245791435242,1.0,0.9969245791435242,-0.00307542085647583,False,none
1,1,0.9999986886978149,0.5242920517921448,0.9999986886978149,0.5242920517921448,-0.47570663690567017,False,none
1,1,0.9604532122612,0.5555527806282043,0.9604532122612,0.5555527806282043,-0.4049004316329956,False,none
1,0,0.5019401907920837,0.6464419364929199,0.5019401907920837,0.3535580337047577,-0.14838215708732605,True,disagreement
1,1,0.9690089821815491,0.5553865432739258,0.9690089821815491,0.5553865432739258,-0.4136224389076233,False,none
1,1,1.0,0.5099814534187317,1.0,0.5099814534187317,-0.4900185465812683,False,none
1,1,1.0,0.5419420003890991,1.0,0.5419420003890991,-0.4580579996109009,False,none
1,1,1.0,0.9999502897262573,1.0,0.9999502897262573,-4.971027374267578e-05,False,none
1,1,1.0,0.5252899527549744,1.0,0.5252899527549744,-0.47471004724502563,False,none
1,0,1.0,0.5024039149284363,1.0,0.49759605526924133,-0.502403974533081,True,disagreement
1,1,1.0,0.9999864101409912,1.0,0.9999864101409912,-1.3589859008789062e-05,False,none
1,1,0.9604532122612,0.5555527806282043,0.9604532122612,0.5555527806282043,-0.4049004316329956,False,none
1,1,0.540229320526123,0.5144209265708923,0.540229320526123,0.5144209265708923,-0.025808393955230713,False,none
1,1,1.0,0.5031856894493103,1.0,0.5031856894493103,-0.4968143105506897,False,none
1,1,0.9996234178543091,0.9986976385116577,0.9996234178543091,0.9986976385116577,-0.0009257793426513672,False,none
1,1,1.0,0.5111141204833984,1.0,0.5111141204833984,-0.48888587951660156,False,none
1,1,1.0,0.5364078283309937,1.0,0.5364078283309937,-0.46359217166900635,False,none
1,1,1.0,0.5084521770477295,1.0,0.5084521770477295,-0.4915478229522705,False,none
1,1,0.5000002384185791,0.5227117538452148,0.5000002384185791,0.5227117538452148,0.022711515426635742,False,none
1,1,1.0,0.5109530091285706,1.0,0.5109530091285706,-0.48904699087142944,False,none
1,1,1.0,0.5099814534187317,1.0,0.5099814534187317,-0.4900185465812683,False,none
1,1,0.9999983310699463,0.525807797908783,0.9999983310699463,0.525807797908783,-0.47419053316116333,False,none
1,1,1.0,0.5109530091285706,1.0,0.5109530091285706,-0.48904699087142944,False,none
1,1,1.0,0.5099814534187317,1.0,0.5099814534187317,-0.4900185465812683,False,none
1,1,1.0,0.5109530091285706,1.0,0.5109530091285706,-0.48904699087142944,False,none
1,1,1.0,0.5103180408477783,1.0,0.5103180408477783,-0.4896819591522217,False,none
1,0,1.0,0.500298261642456,1.0,0.49970167875289917,-0.5002983212471008,True,disagreement
1,1,1.0,0.5109530091285706,1.0,0.5109530091285706,-0.48904699087142944,False,none
1,1,1.0,0.5109530091285706,1.0,0.5109530091285706,-0.48904699087142944,False,none
1,1,0.9604532122612,0.5555527806282043,0.9604532122612,0.5555527806282043,-0.4049004316329956,False,none
0,1,0.9972983002662659,0.7306905388832092,0.002701721154153347,0.7306905388832092,0.7279888391494751,True,"disagreement,high_confidence_disagreement"
1,1,1.0,0.5218076705932617,1.0,0.5218076705932617,-0.4781923294067383,False,none
1,1,1.0,0.5088827013969421,1.0,0.5088827013969421,-0.49111729860305786,False,none
1,1,1.0,0.999988317489624,1.0,0.999988317489624,-1.1682510375976562e-05,False,none
0,1,0.9830576777458191,0.9553179740905762,0.016942353919148445,0.9553179740905762,0.9383755922317505,True,"disagreement,high_confidence_disagreement"
1,1,1.0,0.5180137157440186,1.0,0.5180137157440186,-0.48198628425598145,False,none
0,1,1.0,0.5301254391670227,6.9183144774475216e-18,0.5301254391670227,0.5301254391670227,True,disagreement
1,0,1.0,0.5024039149284363,1.0,0.49759605526924133,-0.502403974533081,True,disagreement
1,1,1.0,0.5107941627502441,1.0,0.5107941627502441,-0.48920583724975586,False,none
1,1,1.0,0.5192248225212097,1.0,0.5192248225212097,-0.4807751774787903,False,none
1,0,1.0,0.5024039149284363,1.0,0.49759605526924133,-0.502403974533081,True,disagreement
1,1,1.0,0.5107941627502441,1.0,0.5107941627502441,-0.48920583724975586,False,none
1,1,1.0,0.9999550580978394,1.0,0.9999550580978394,-4.494190216064453e-05,False,none
1,0,1.0,0.5024039149284363,1.0,0.49759605526924133,-0.502403974533081,True,disagreement
1,1,1.0,0.5212632417678833,1.0,0.5212632417678833,-0.4787367582321167,False,none
1,1,1.0,0.9999879598617554,1.0,0.9999879598617554,-1.2040138244628906e-05,False,none
1,1,1.0,0.5092172026634216,1.0,0.5092172026634216,-0.49078279733657837,False,none
0,1,0.5000003576278687,0.9883087873458862,0.4999997019767761,0.9883087873458862,0.4883090853691101,True,disagreement
1,1,1.0,0.5099814534187317,1.0,0.5099814534187317,-0.4900185465812683,False,none
1,1,1.0,0.5109530091285706,1.0,0.5109530091285706,-0.48904699087142944,False,none
0,1,1.0,0.5391356348991394,9.030682451838246e-12,0.5391356348991394,0.5391356348991394,True,disagreement
0,1,0.8773579597473145,0.5265169739723206,0.12264201045036316,0.5265169739723206,0.4038749635219574,True,disagreement
1,1,0.9999998807907104,0.507937490940094,0.9999998807907104,0.507937490940094,-0.49206238985061646,False,none
1,1,1.0,0.5505925416946411,1.0,0.5505925416946411,-0.4494074583053589,False,none
1,1,1.0,0.5109530091285706,1.0,0.5109530091285706,-0.48904699087142944,False,none
1,1,1.0,0.5107941627502441,1.0,0.5107941627502441,-0.48920583724975586,False,none
0,1,0.9999998807907104,0.5084315538406372,1.1881141404046502e-07,0.5084315538406372,0.5084314346313477,True,disagreement
0,1,1.0,0.5513038039207458,1.4955475080569158e-08,0.5513038039207458,0.5513038039207458,True,disagreement
1,1,1.0,0.5109530091285706,1.0,0.5109530091285706,-0.48904699087142944,False,none
1,1,1.0,0.5109530091285706,1.0,0.5109530091285706,-0.48904699087142944,False,none
1,1,0.9999983310699463,0.525807797908783,0.9999983310699463,0.525807797908783,-0.47419053316116333,False,none
1,1,1.0,0.5027474761009216,1.0,0.5027474761009216,-0.49725252389907837,False,none
1,1,1.0,0.5109530091285706,1.0,0.5109530091285706,-0.48904699087142944,False,none
1,0,1.0,0.5024039149284363,1.0,0.49759605526924133,-0.502403974533081,True,disagreement
1,0,1.0,0.5007752776145935,1.0,0.4992246925830841,-0.5007753372192383,True,disagreement
1,1,1.0,0.5149232149124146,1.0,0.5149232149124146,-0.48507678508758545,False,none
1,1,0.9076521396636963,0.9890572428703308,0.9076521396636963,0.9890572428703308,0.08140510320663452,False,none
1,1,1.0,0.5109530091285706,1.0,0.5109530091285706,-0.48904699087142944,False,none
1,1,1.0,0.5099814534187317,1.0,0.5099814534187317,-0.4900185465812683,False,none
1,1,1.0,0.5207509398460388,1.0,0.5207509398460388,-0.4792490601539612,False,none
1,1,1.0,0.5087793469429016,1.0,0.5087793469429016,-0.4912206530570984,False,none
1,1,1.0,0.5526567101478577,1.0,0.5526567101478577,-0.44734328985214233,False,none
1,1,1.0,0.5057743191719055,1.0,0.5057743191719055,-0.4942256808280945,False,none
1,1,1.0,0.5109530091285706,1.0,0.5109530091285706,-0.48904699087142944,False,none
1,1,1.0,0.9997419714927673,1.0,0.9997419714927673,-0.000258028507232666,False,none
1,1,1.0,0.9908539056777954,1.0,0.9908539056777954,-0.00914609432220459,False,none
1,1,1.0,0.5099921822547913,1.0,0.5099921822547913,-0.49000781774520874,False,none
1,0,1.0,0.5024039149284363,1.0,0.49759605526924133,-0.502403974533081,True,disagreement
1,1,1.0,0.5117395520210266,1.0,0.5117395520210266,-0.4882604479789734,False,none
1,0,1.0,0.5013106465339661,1.0,0.49868935346603394,-0.5013106465339661,True,disagreement
1,1,1.0,0.5145715475082397,1.0,0.5145715475082397,-0.48542845249176025,False,none
1,1,1.0,0.5111141204833984,1.0,0.5111141204833984,-0.48888587951660156,False,none
1,1,1.0,0.5109530091285706,1.0,0.5109530091285706,-0.48904699087142944,False,none
1,1,1.0,0.5088914036750793,1.0,0.5088914036750793,-0.49110859632492065,False,none
1,1,1.0,0.5109530091285706,1.0,0.5109530091285706,-0.48904699087142944,False,none
0,1,1.0,0.5162827372550964,1.2785104919199597e-10,0.5162827372550964,0.5162827372550964,True,disagreement
1,1,1.0,0.5107941627502441,1.0,0.5107941627502441,-0.48920583724975586,False,none
1,1,1.0,0.5117412805557251,1.0,0.5117412805557251,-0.4882587194442749,False,none
1,1,1.0,0.5111141204833984,1.0,0.5111141204833984,-0.48888587951660156,False,none
1,1,1.0,0.9999920129776001,1.0,0.9999920129776001,-7.987022399902344e-06,False,none
1,1,1.0,0.5118602514266968,1.0,0.5118602514266968,-0.4881397485733032,False,none
1,0,1.0,0.5024039149284363,1.0,0.49759605526924133,-0.502403974533081,True,disagreement
1,1,1.0,0.5099814534187317,1.0,0.5099814534187317,-0.4900185465812683,False,none
1,1,1.0,0.5099814534187317,1.0,0.5099814534187317,-0.4900185465812683,False,none
1,0,1.0,0.5011465549468994,1.0,0.49885350465774536,-0.5011464953422546,True,disagreement
0,1,1.0,0.5077240467071533,3.152383243332224e-08,0.5077240467071533,0.5077239871025085,True,disagreement
1,0,1.0,0.5024039149284363,1.0,0.49759605526924133,-0.502403974533081,True,disagreement
1,1,0.5613107085227966,0.5171113014221191,0.5613107085227966,0.5171113014221191,-0.04419940710067749,False,none
1,1,1.0,0.5099814534187317,1.0,0.5099814534187317,-0.4900185465812683,False,none
0,0,0.9999780654907227,0.987257182598114,2.1942731109447777e-05,0.012742848135530949,0.012720905244350433,False,none
1,1,1.0,0.5396579504013062,1.0,0.5396579504013062,-0.46034204959869385,False,none
1,1,1.0,0.5395939946174622,1.0,0.5395939946174622,-0.46040600538253784,False,none
0,1,0.9998061060905457,0.5153653621673584,0.0001938910281751305,0.5153653621673584,0.515171468257904,True,disagreement
0,1,0.5968406796455383,0.9217174649238586,0.40315932035446167,0.9217174649238586,0.518558144569397,True,disagreement
1,1,1.0,0.5522578358650208,1.0,0.5522578358650208,-0.44774216413497925,False,none
1,1,1.0,0.5008283257484436,1.0,0.5008283257484436,-0.4991716742515564,False,none
1,1,1.0,0.5095474720001221,1.0,0.5095474720001221,-0.49045252799987793,False,none
1,1,0.9995848536491394,0.9230343103408813,0.9995848536491394,0.9230343103408813,-0.07655054330825806,False,none
1,0,0.978131115436554,0.6226487755775452,0.978131115436554,0.3773512840270996,-0.6007798314094543,True,disagreement
1,1,1.0,0.5240935683250427,1.0,0.5240935683250427,-0.4759064316749573,False,none
1,1,1.0,0.5109530091285706,1.0,0.5109530091285706,-0.48904699087142944,False,none
1,1,1.0,0.5266715288162231,1.0,0.5266715288162231,-0.47332847118377686,False,none
0,1,1.0,0.5513038039207458,1.4955475080569158e-08,0.5513038039207458,0.5513038039207458,True,disagreement
1,1,1.0,0.5319153666496277,1.0,0.5319153666496277,-0.4680846333503723,False,none
1,1,1.0,0.9998981952667236,1.0,0.9998981952667236,-0.00010180473327636719,False,none
1,1,0.9604532122612,0.5555527806282043,0.9604532122612,0.5555527806282043,-0.4049004316329956,False,none
1,1,1.0,0.5266715288162231,1.0,0.5266715288162231,-0.47332847118377686,False,none
1,1,1.0,0.9998012185096741,1.0,0.9998012185096741,-0.00019878149032592773,False,none
1,1,1.0,0.5122567415237427,1.0,0.5122567415237427,-0.4877432584762573,False,none
1,1,1.0,0.5266715288162231,1.0,0.5266715288162231,-0.47332847118377686,False,none
1,1,0.500000536441803,0.97434401512146,0.500000536441803,0.97434401512146,0.474343478679657,False,none
1,1,1.0,0.5109530091285706,1.0,0.5109530091285706,-0.48904699087142944,False,none
1,1,1.0,0.5118569135665894,1.0,0.5118569135665894,-0.48814308643341064,False,none
1,1,1.0,0.5458766222000122,1.0,0.5458766222000122,-0.4541233777999878,False,none
1,1,1.0,0.5099814534187317,1.0,0.5099814534187317,-0.4900185465812683,False,none
1,1,1.0,0.5229451060295105,1.0,0.5229451060295105,-0.4770548939704895,False,none
1,1,1.0,0.5505925416946411,1.0,0.5505925416946411,-0.4494074583053589,False,none
1,1,1.0,0.5200091004371643,1.0,0.5200091004371643,-0.4799908995628357,False,none
1,1,1.0,0.5109530091285706,1.0,0.5109530091285706,-0.48904699087142944,False,none
1,1,1.0,0.5179773569107056,1.0,0.5179773569107056,-0.48202264308929443,False,none
1,1,1.0,0.5099814534187317,1.0,0.5099814534187317,-0.4900185465812683,False,none
0,1,1.0,0.5426200032234192,5.701408789526852e-11,0.5426200032234192,0.5426200032234192,True,disagreement
1,1,1.0,0.5099814534187317,1.0,0.5099814534187317,-0.4900185465812683,False,none
1,1,1.0,0.505892813205719,1.0,0.505892813205719,-0.494107186794281,False,none
1,1,1.0,0.539264440536499,1.0,0.539264440536499,-0.460735559463501,False,none
1,1,1.0,0.5109530091285706,1.0,0.5109530091285706,-0.48904699087142944,False,none
1,1,1.0,0.5099814534187317,1.0,0.5099814534187317,-0.4900185465812683,False,none
1,1,1.0,0.5271929502487183,1.0,0.5271929502487183,-0.47280704975128174,False,none
1,1,1.0,0.539264440536499,1.0,0.539264440536499,-0.460735559463501,False,none
1,0,1.0,0.5013106465339661,1.0,0.49868935346603394,-0.5013106465339661,True,disagreement
1,1,1.0,0.5099814534187317,1.0,0.5099814534187317,-0.4900185465812683,False,none
1,0,1.0,0.5024039149284363,1.0,0.49759605526924133,-0.502403974533081,True,disagreement
1,1,1.0,0.5099814534187317,1.0,0.5099814534187317,-0.4900185465812683,False,none
1,1,1.0,0.9503903388977051,1.0,0.9503903388977051,-0.04960966110229492,False,none
1,1,0.9999278783798218,0.5033416152000427,0.9999278783798218,0.5033416152000427,-0.49658626317977905,False,none
1,1,1.0,0.5115560293197632,1.0,0.5115560293197632,-0.4884439706802368,False,none
1,1,1.0,0.8256601691246033,1.0,0.8256601691246033,-0.17433983087539673,False,none
1,1,1.0,0.5179773569107056,1.0,0.5179773569107056,-0.48202264308929443,False,none
1,1,0.9946626424789429,0.5046267509460449,0.9946626424789429,0.5046267509460449,-0.49003589153289795,False,none
1,1,0.9999983310699463,0.525807797908783,0.9999983310699463,0.525807797908783,-0.47419053316116333,False,none
1,1,1.0,0.5213027000427246,1.0,0.5213027000427246,-0.4786972999572754,False,none
1,1,1.0,0.5099814534187317,1.0,0.5099814534187317,-0.4900185465812683,False,none
1,1,1.0,0.5099814534187317,1.0,0.5099814534187317,-0.4900185465812683,False,none
1,1,0.9604532122612,0.5555527806282043,0.9604532122612,0.5555527806282043,-0.4049004316329956,False,none
1,1,1.0,0.5015119314193726,1.0,0.5015119314193726,-0.49848806858062744,False,none
0,1,1.0,0.5513038039207458,1.4955475080569158e-08,0.5513038039207458,0.5513038039207458,True,disagreement
1,1,1.0,0.533604085445404,1.0,0.533604085445404,-0.46639591455459595,False,none
1,1,1.0,0.5099814534187317,1.0,0.5099814534187317,-0.4900185465812683,False,none
1,1,1.0,0.5245640277862549,1.0,0.5245640277862549,-0.4754359722137451,False,none
1,0,0.596927285194397,0.7700507640838623,0.596927285194397,0.2299492210149765,-0.3669780492782593,True,disagreement
1,1,1.0,0.5099814534187317,1.0,0.5099814534187317,-0.4900185465812683,False,none
1,1,1.0,0.9999504089355469,1.0,0.9999504089355469,-4.9591064453125e-05,False,none
1,1,1.0,0.5336517691612244,1.0,0.5336517691612244,-0.46634823083877563,False,none
1,1,0.9999829530715942,0.5135365128517151,0.9999829530715942,0.5135365128517151,-0.48644644021987915,False,none
1,1,1.0,0.5125675797462463,1.0,0.5125675797462463,-0.48743242025375366,False,none
1,1,1.0,0.5173743367195129,1.0,0.5173743367195129,-0.48262566328048706,False,none
1,1,1.0,0.5521075129508972,1.0,0.5521075129508972,-0.4478924870491028,False,none
1,1,1.0,0.5364078283309937,1.0,0.5364078283309937,-0.46359217166900635,False,none
1,1,0.9604532122612,0.5555527806282043,0.9604532122612,0.5555527806282043,-0.4049004316329956,False,none
1,1,1.0,0.5095235705375671,1.0,0.5095235705375671,-0.49047642946243286,False,none
0,1,1.0,0.5287901759147644,9.156570916426183e-19,0.5287901759147644,0.5287901759147644,True,disagreement
1,1,0.9996674060821533,0.5012592077255249,0.9996674060821533,0.5012592077255249,-0.4984081983566284,False,none
1,1,1.0,0.5111141204833984,1.0,0.5111141204833984,-0.48888587951660156,False,none
1,1,1.0,0.5110364556312561,1.0,0.5110364556312561,-0.4889635443687439,False,none
1,1,1.0,0.5109530091285706,1.0,0.5109530091285706,-0.48904699087142944,False,none
1,1,1.0,0.5364078283309937,1.0,0.5364078283309937,-0.46359217166900635,False,none
1,1,1.0,0.5528453588485718,1.0,0.5528453588485718,-0.4471546411514282,False,none
1,1,1.0,0.5242372751235962,1.0,0.5242372751235962,-0.4757627248764038,False,none
0,1,0.9525076150894165,0.5224664807319641,0.04749232903122902,0.5224664807319641,0.4749741554260254,True,disagreement
1,1,1.0,0.5109530091285706,1.0,0.5109530091285706,-0.48904699087142944,False,none
1,1,1.0,0.5015119314193726,1.0,0.5015119314193726,-0.49848806858062744,False,none
1,1,1.0,0.5109530091285706,1.0,0.5109530091285706,-0.48904699087142944,False,none
1,1,1.0,0.5014873147010803,1.0,0.5014873147010803,-0.4985126852989197,False,none
1,1,1.0,0.5179773569107056,1.0,0.5179773569107056,-0.48202264308929443,False,none
1,1,1.0,0.5115494132041931,1.0,0.5115494132041931,-0.4884505867958069,False,none
1,1,1.0,0.5005999803543091,1.0,0.5005999803543091,-0.4994000196456909,False,none
1,1,0.9999994039535522,0.5363602638244629,0.9999994039535522,0.5363602638244629,-0.46363914012908936,False,none
0,1,0.9874525666236877,0.5043926239013672,0.01254744827747345,0.5043926239013672,0.49184519052505493,True,disagreement
1,1,1.0,0.5107941627502441,1.0,0.5107941627502441,-0.48920583724975586,False,none
1,1,1.0,0.9999415874481201,1.0,0.9999415874481201,-5.841255187988281e-05,False,none
1,1,1.0,0.5109530091285706,1.0,0.5109530091285706,-0.48904699087142944,False,none
1,1,1.0,0.5109530091285706,1.0,0.5109530091285706,-0.48904699087142944,False,none
1,1,1.0,0.5109530091285706,1.0,0.5109530091285706,-0.48904699087142944,False,none
1,1,1.0,0.5105468034744263,1.0,0.5105468034744263,-0.48945319652557373,False,none
1,1,1.0,0.5099814534187317,1.0,0.5099814534187317,-0.4900185465812683,False,none
1,1,1.0,0.5266715288162231,1.0,0.5266715288162231,-0.47332847118377686,False,none
1,1,1.0,0.5242339968681335,1.0,0.5242339968681335,-0.47576600313186646,False,none
1,1,1.0,0.9986165761947632,1.0,0.9986165761947632,-0.0013834238052368164,False,none
1,1,1.0,0.5109530091285706,1.0,0.5109530091285706,-0.48904699087142944,False,none
0,1,1.0,0.527152419090271,1.1850257284244904e-17,0.527152419090271,0.527152419090271,True,disagreement
0,0,1.0,0.8946225047111511,2.1856841669887217e-08,0.10537748038768768,0.10537745803594589,False,none
1,1,1.0,0.5107941627502441,1.0,0.5107941627502441,-0.48920583724975586,False,none
1,0,1.0,0.5024039149284363,1.0,0.49759605526924133,-0.502403974533081,True,disagreement
1,1,1.0,0.5266715288162231,1.0,0.5266715288162231,-0.47332847118377686,False,none
1,1,1.0,0.5252899527549744,1.0,0.5252899527549744,-0.47471004724502563,False,none
1,1,1.0,0.5090734362602234,1.0,0.5090734362602234,-0.4909265637397766,False,none
1,1,1.0,0.5126393437385559,1.0,0.5126393437385559,-0.4873606562614441,False,none
1,1,1.0,0.5271929502487183,1.0,0.5271929502487183,-0.47280704975128174,False,none
1,1,1.0,0.5109530091285706,1.0,0.5109530091285706,-0.48904699087142944,False,none
1,1,1.0,0.9999871253967285,1.0,0.9999871253967285,-1.2874603271484375e-05,False,none
1,1,0.9999996423721313,0.5088546276092529,0.9999996423721313,0.5088546276092529,-0.4911450147628784,False,none
0,1,1.0,0.5344558358192444,7.315198446988802e-11,0.5344558358192444,0.5344558358192444,True,disagreement
1,1,1.0,0.539264440536499,1.0,0.539264440536499,-0.460735559463501,False,none
1,0,1.0,0.5024039149284363,1.0,0.49759605526924133,-0.502403974533081,True,disagreement
1,1,0.9999997615814209,0.5006377696990967,0.9999997615814209,0.5006377696990967,-0.4993619918823242,False,none
1,1,1.0,0.5061177611351013,1.0,0.5061177611351013,-0.4938822388648987,False,none
1,0,1.0,0.5019564032554626,1.0,0.49804359674453735,-0.5019564032554626,True,disagreement
0,1,1.0,0.5147007703781128,1.013526875440822e-21,0.5147007703781128,0.5147007703781128,True,disagreement
1,1,1.0,0.5384503602981567,1.0,0.5384503602981567,-0.46154963970184326,False,none
1,1,1.0,0.5109530091285706,1.0,0.5109530091285706,-0.48904699087142944,False,none
0,1,1.0,0.5513038039207458,1.4955475080569158e-08,0.5513038039207458,0.5513038039207458,True,disagreement
1,1,1.0,0.5205271244049072,1.0,0.5205271244049072,-0.4794728755950928,False,none
1,0,0.861902117729187,0.7616095542907715,0.861902117729187,0.23839052021503448,-0.6235116124153137,True,disagreement
1,1,1.0,0.537186324596405,1.0,0.537186324596405,-0.46281367540359497,False,none
1,1,1.0,0.5011199712753296,1.0,0.5011199712753296,-0.4988800287246704,False,none
1,1,1.0,0.5099814534187317,1.0,0.5099814534187317,-0.4900185465812683,False,none
1,1,1.0,0.5044795274734497,1.0,0.5044795274734497,-0.4955204725265503,False,none
1,1,1.0,0.9999076128005981,1.0,0.9999076128005981,-9.238719940185547e-05,False,none
1,1,1.0,0.5109530091285706,1.0,0.5109530091285706,-0.48904699087142944,False,none
1,1,1.0,0.5099814534187317,1.0,0.5099814534187317,-0.4900185465812683,False,none
1,1,0.9208550453186035,0.5276086330413818,0.9208550453186035,0.5276086330413818,-0.3932464122772217,False,none
1,1,1.0,0.5128872394561768,1.0,0.5128872394561768,-0.48711276054382324,False,none
1,1,1.0,0.5109530091285706,1.0,0.5109530091285706,-0.48904699087142944,False,none
1,1,1.0,0.5109530091285706,1.0,0.5109530091285706,-0.48904699087142944,False,none
1,1,1.0,0.5146858096122742,1.0,0.5146858096122742,-0.48531419038772583,False,none
1,1,1.0,0.5266715288162231,1.0,0.5266715288162231,-0.47332847118377686,False,none
1,1,1.0,0.5111141204833984,1.0,0.5111141204833984,-0.48888587951660156,False,none
1,1,1.0,0.5212632417678833,1.0,0.5212632417678833,-0.4787367582321167,False,none
1,1,1.0,0.5099814534187317,1.0,0.5099814534187317,-0.4900185465812683,False,none
1,1,0.9604532122612,0.5555527806282043,0.9604532122612,0.5555527806282043,-0.4049004316329956,False,none
1,1,1.0,0.5179773569107056,1.0,0.5179773569107056,-0.48202264308929443,False,none
1,1,1.0,0.5099814534187317,1.0,0.5099814534187317,-0.4900185465812683,False,none
1,0,0.9385058879852295,0.7773759365081787,0.9385058879852295,0.2226240187883377,-0.715881884098053,True,disagreement
1,1,1.0,0.5099814534187317,1.0,0.5099814534187317,-0.4900185465812683,False,none
1,1,0.9997957348823547,0.533322274684906,0.9997957348823547,0.533322274684906,-0.46647346019744873,False,none
0,1,1.0,0.5391356348991394,9.030682451838246e-12,0.5391356348991394,0.5391356348991394,True,disagreement
1,1,1.0,0.5099814534187317,1.0,0.5099814534187317,-0.4900185465812683,False,none
1,1,1.0,0.9999899864196777,1.0,0.9999899864196777,-1.0013580322265625e-05,False,none
1,1,1.0,0.5445204973220825,1.0,0.5445204973220825,-0.4554795026779175,False,none
1,1,1.0,0.5266715288162231,1.0,0.5266715288162231,-0.47332847118377686,False,none
1,0,1.0,0.5024039149284363,1.0,0.49759605526924133,-0.502403974533081,True,disagreement
1,1,1.0,0.5537874102592468,1.0,0.5537874102592468,-0.4462125897407532,False,none
0,1,1.0,0.5414960384368896,5.230448611822736e-19,0.5414960384368896,0.5414960384368896,True,disagreement
1,1,1.0,0.5113186240196228,1.0,0.5113186240196228,-0.4886813759803772,False,none
1,0,1.0,0.5024039149284363,1.0,0.49759605526924133,-0.502403974533081,True,disagreement
1,1,1.0,0.5107941627502441,1.0,0.5107941627502441,-0.48920583724975586,False,none
1,1,1.0,0.5277377963066101,1.0,0.5277377963066101,-0.4722622036933899,False,none
1,1,1.0,0.5067335963249207,1.0,0.5067335963249207,-0.49326640367507935,False,none
1,1,1.0,0.513573944568634,1.0,0.513573944568634,-0.48642605543136597,False,none
1,1,1.0,0.9822944402694702,1.0,0.9822944402694702,-0.017705559730529785,False,none
1,1,1.0,0.5109530091285706,1.0,0.5109530091285706,-0.48904699087142944,False,none
0,1,1.0,0.5364072918891907,6.192191941492564e-13,0.5364072918891907,0.5364072918891907,True,disagreement
1,1,0.9999994039535522,0.5363602638244629,0.9999994039535522,0.5363602638244629,-0.46363914012908936,False,none
1,1,0.7732167840003967,0.5371086597442627,0.7732167840003967,0.5371086597442627,-0.23610812425613403,False,none
0,1,1.0,0.5513038039207458,1.4955475080569158e-08,0.5513038039207458,0.5513038039207458,True,disagreement
1,1,1.0,0.5015119314193726,1.0,0.5015119314193726,-0.49848806858062744,False,none
0,1,0.9999988079071045,0.5098985433578491,1.1557617654034402e-06,0.5098985433578491,0.5098974108695984,True,disagreement
1,1,1.0,0.5111141204833984,1.0,0.5111141204833984,-0.48888587951660156,False,none
0,1,0.9335994720458984,0.5437155961990356,0.06640052050352097,0.5437155961990356,0.4773150682449341,True,disagreement
1,1,1.0,0.5142675042152405,1.0,0.5142675042152405,-0.4857324957847595,False,none
1,1,1.0,0.9998341798782349,1.0,0.9998341798782349,-0.00016582012176513672,False,none
1,1,1.0,0.5101139545440674,1.0,0.5101139545440674,-0.4898860454559326,False,none
1,1,1.0,0.5099814534187317,1.0,0.5099814534187317,-0.4900185465812683,False,none
1,1,1.0,0.5198000073432922,1.0,0.5198000073432922,-0.48019999265670776,False,none
1,1,1.0,0.506470263004303,1.0,0.506470263004303,-0.493529736995697,False,none
1,1,1.0,0.5144898891448975,1.0,0.5144898891448975,-0.48551011085510254,False,none
1,1,1.0,0.5143496990203857,1.0,0.5143496990203857,-0.48565030097961426,False,none
1,1,1.0,0.9999200105667114,1.0,0.9999200105667114,-7.998943328857422e-05,False,none
0,1,0.5000001192092896,0.5298235416412354,0.49999988079071045,0.5298235416412354,0.029823660850524902,True,disagreement
1,1,1.0,0.5118681192398071,1.0,0.5118681192398071,-0.48813188076019287,False,none
1,1,1.0,0.9874841570854187,1.0,0.9874841570854187,-0.012515842914581299,False,none
1,1,1.0,0.5107941627502441,1.0,0.5107941627502441,-0.48920583724975586,False,none
1,1,1.0,0.5113002061843872,1.0,0.5113002061843872,-0.4886997938156128,False,none
1,1,1.0,0.5266715288162231,1.0,0.5266715288162231,-0.47332847118377686,False,none
0,1,0.9994165897369385,0.5031360983848572,0.000583370216190815,0.5031360983848572,0.5025527477264404,True,disagreement
1,1,1.0,0.5039686560630798,1.0,0.5039686560630798,-0.49603134393692017,False,none
0,1,1.0,0.5268905162811279,7.559202071565562e-16,0.5268905162811279,0.5268905162811279,True,disagreement
1,1,1.0,0.5252899527549744,1.0,0.5252899527549744,-0.47471004724502563,False,none
0,1,0.9999998807907104,0.5037307739257812,1.3677586707672162e-07,0.5037307739257812,0.5037306547164917,True,disagreement
1,1,1.0,0.5271929502487183,1.0,0.5271929502487183,-0.47280704975128174,False,none
1,1,1.0,0.5090069770812988,1.0,0.5090069770812988,-0.49099302291870117,False,none
1,1,1.0,0.5015276670455933,1.0,0.5015276670455933,-0.49847233295440674,False,none
1,1,1.0,0.5109530091285706,1.0,0.5109530091285706,-0.48904699087142944,False,none
1,0,1.0,0.5024039149284363,1.0,0.49759605526924133,-0.502403974533081,True,disagreement
1,1,1.0,0.5213947892189026,1.0,0.5213947892189026,-0.4786052107810974,False,none
1,1,1.0,0.523724377155304,1.0,0.523724377155304,-0.47627562284469604,False,none
1,1,0.9996389150619507,0.5327589511871338,0.9996389150619507,0.5327589511871338,-0.4668799638748169,False,none
1,1,1.0,0.5118681192398071,1.0,0.5118681192398071,-0.48813188076019287,False,none
1,1,1.0,0.539785623550415,1.0,0.539785623550415,-0.46021437644958496,False,none
0,0,0.9923032522201538,0.5420002937316895,0.007696750573813915,0.45799973607063293,0.45030298829078674,False,none
1,1,1.0,0.5505925416946411,1.0,0.5505925416946411,-0.4494074583053589,False,none
1,1,1.0,0.5109530091285706,1.0,0.5109530091285706,-0.48904699087142944,False,none
1,1,1.0,0.9943656921386719,1.0,0.9943656921386719,-0.005634307861328125,False,none
1,1,1.0,0.5182443261146545,1.0,0.5182443261146545,-0.48175567388534546,False,none
1,1,0.9999998807907104,0.507937490940094,0.9999998807907104,0.507937490940094,-0.49206238985061646,False,none
1,1,0.9604532122612,0.5555527806282043,0.9604532122612,0.5555527806282043,-0.4049004316329956,False,none
1,1,1.0,0.5099814534187317,1.0,0.5099814534187317,-0.4900185465812683,False,none
1,1,1.0,0.5099814534187317,1.0,0.5099814534187317,-0.4900185465812683,False,none
1,1,1.0,0.5133225321769714,1.0,0.5133225321769714,-0.48667746782302856,False,none
1,0,1.0,0.5024039149284363,1.0,0.49759605526924133,-0.502403974533081,True,disagreement
1,1,1.0,0.5111141204833984,1.0,0.5111141204833984,-0.48888587951660156,False,none
1,1,1.0,0.5222752094268799,1.0,0.5222752094268799,-0.4777247905731201,False,none
1,0,1.0,0.5983059406280518,1.0,0.40169408917427063,-0.5983059406280518,True,disagreement
1,1,1.0,0.5266715288162231,1.0,0.5266715288162231,-0.47332847118377686,False,none
1,1,1.0,0.5099814534187317,1.0,0.5099814534187317,-0.4900185465812683,False,none
1,1,0.921661913394928,0.8023025989532471,0.921661913394928,0.8023025989532471,-0.11935931444168091,False,none
1,1,1.0,0.5099814534187317,1.0,0.5099814534187317,-0.4900185465812683,False,none
1,1,0.726546585559845,0.5482843518257141,0.726546585559845,0.5482843518257141,-0.17826223373413086,False,none
1,1,0.9987282156944275,0.5202404260635376,0.9987282156944275,0.5202404260635376,-0.4784877896308899,False,none
1,1,1.0,0.5054123997688293,1.0,0.5054123997688293,-0.49458760023117065,False,none
1,0,1.0,0.5024039149284363,1.0,0.49759605526924133,-0.502403974533081,True,disagreement
1,1,1.0,0.5109530091285706,1.0,0.5109530091285706,-0.48904699087142944,False,none
1,1,0.9604532122612,0.5555527806282043,0.9604532122612,0.5555527806282043,-0.4049004316329956,False,none
1,1,1.0,0.5015119314193726,1.0,0.5015119314193726,-0.49848806858062744,False,none
1,1,1.0,0.5284696817398071,1.0,0.5284696817398071,-0.47153031826019287,False,none
1,0,1.0,0.5013106465339661,1.0,0.49868935346603394,-0.5013106465339661,True,disagreement
1,1,1.0,0.5266715288162231,1.0,0.5266715288162231,-0.47332847118377686,False,none
1,1,1.0,0.5412365198135376,1.0,0.5412365198135376,-0.4587634801864624,False,none
1,1,1.0,0.5179773569107056,1.0,0.5179773569107056,-0.48202264308929443,False,none
1,0,1.0,0.5013106465339661,1.0,0.49868935346603394,-0.5013106465339661,True,disagreement
1,1,0.9088085889816284,0.554812490940094,0.9088085889816284,0.554812490940094,-0.3539960980415344,False,none
0,1,1.0,0.5287845730781555,1.3523247799351878e-10,0.5287845730781555,0.5287845730781555,True,disagreement
1,1,0.9999992847442627,0.5027871131896973,0.9999992847442627,0.5027871131896973,-0.49721217155456543,False,none
1,1,1.0,0.5109530091285706,1.0,0.5109530091285706,-0.48904699087142944,False,none
1,1,1.0,0.5047845840454102,1.0,0.5047845840454102,-0.49521541595458984,False,none
1,1,1.0,0.904049277305603,1.0,0.904049277305603,-0.09595072269439697,False,none
1,1,1.0,0.5099814534187317,1.0,0.5099814534187317,-0.4900185465812683,False,none
1,0,1.0,0.5016700625419617,1.0,0.49832987785339355,-0.5016701221466064,True,disagreement
1,1,1.0,0.5099814534187317,1.0,0.5099814534187317,-0.4900185465812683,False,none
1,1,1.0,0.539264440536499,1.0,0.539264440536499,-0.460735559463501,False,none
1,0,1.0,0.5024039149284363,1.0,0.49759605526924133,-0.502403974533081,True,disagreement
1,1,1.0,0.5099814534187317,1.0,0.5099814534187317,-0.4900185465812683,False,none
1,1,1.0,0.5336412191390991,1.0,0.5336412191390991,-0.4663587808609009,False,none
1,0,1.0,0.5013106465339661,1.0,0.49868935346603394,-0.5013106465339661,True,disagreement
1,1,1.0,0.5241934061050415,1.0,0.5241934061050415,-0.4758065938949585,False,none
1,1,1.0,0.5505925416946411,1.0,0.5505925416946411,-0.4494074583053589,False,none
1,1,1.0,0.5179773569107056,1.0,0.5179773569107056,-0.48202264308929443,False,none
1,1,1.0,0.5118681192398071,1.0,0.5118681192398071,-0.48813188076019287,False,none
1,1,1.0,0.5099814534187317,1.0,0.5099814534187317,-0.4900185465812683,False,none
1,1,1.0,0.5015119314193726,1.0,0.5015119314193726,-0.49848806858062744,False,none
1,1,1.0,0.5109530091285706,1.0,0.5109530091285706,-0.48904699087142944,False,none
1,1,1.0,0.9997456669807434,1.0,0.9997456669807434,-0.0002543330192565918,False,none
1,1,1.0,0.9999728202819824,1.0,0.9999728202819824,-2.7179718017578125e-05,False,none
1,1,1.0,0.5111141204833984,1.0,0.5111141204833984,-0.48888587951660156,False,none
1,1,1.0,0.5109530091285706,1.0,0.5109530091285706,-0.48904699087142944,False,none
1,1,1.0,0.5109530091285706,1.0,0.5109530091285706,-0.48904699087142944,False,none
1,1,1.0,0.5400261282920837,1.0,0.5400261282920837,-0.45997387170791626,False,none
1,1,1.0,0.5133709907531738,1.0,0.5133709907531738,-0.48662900924682617,False,none
1,1,1.0,0.5109530091285706,1.0,0.5109530091285706,-0.48904699087142944,False,none
1,0,1.0,0.5001084208488464,1.0,0.4998915493488312,-0.5001084804534912,True,disagreement
1,1,0.9998804330825806,0.5320836901664734,0.9998804330825806,0.5320836901664734,-0.4677967429161072,False,none
1,1,1.0,0.5111141204833984,1.0,0.5111141204833984,-0.48888587951660156,False,none
1,1,1.0,0.5109530091285706,1.0,0.5109530091285706,-0.48904699087142944,False,none
1,0,1.0,0.5002967119216919,1.0,0.49970322847366333,-0.5002967715263367,True,disagreement
1,1,1.0,0.5266715288162231,1.0,0.5266715288162231,-0.47332847118377686,False,none
1,0,1.0,0.5024039149284363,1.0,0.49759605526924133,-0.502403974533081,True,disagreement
1,1,1.0,0.5088054537773132,1.0,0.5088054537773132,-0.49119454622268677,False,none
1,1,1.0,0.5246846675872803,1.0,0.5246846675872803,-0.4753153324127197,False,none
0,1,1.0,0.5513038039207458,1.4955475080569158e-08,0.5513038039207458,0.5513038039207458,True,disagreement
0,1,0.5000001192092896,0.533849835395813,0.49999988079071045,0.533849835395813,0.03384995460510254,True,disagreement
1,1,0.9604532122612,0.5555527806282043,0.9604532122612,0.5555527806282043,-0.4049004316329956,False,none
1,1,1.0,0.5099814534187317,1.0,0.5099814534187317,-0.4900185465812683,False,none
1,1,1.0,0.5166453123092651,1.0,0.5166453123092651,-0.48335468769073486,False,none
1,0,1.0,0.5007883310317993,1.0,0.4992116689682007,-0.5007883310317993,True,disagreement
1,1,1.0,0.5271929502487183,1.0,0.5271929502487183,-0.47280704975128174,False,none
1,1,1.0,0.9999140501022339,1.0,0.9999140501022339,-8.594989776611328e-05,False,none
1,1,1.0,0.5387840867042542,1.0,0.5387840867042542,-0.46121591329574585,False,none
1,1,0.9999998807907104,0.507937490940094,0.9999998807907104,0.507937490940094,-0.49206238985061646,False,none
1,1,1.0,0.9995474219322205,1.0,0.9995474219322205,-0.000452578067779541,False,none
1,1,1.0,0.5640819072723389,1.0,0.5640819072723389,-0.43591809272766113,False,none
1,0,1.0,0.5013106465339661,1.0,0.49868935346603394,-0.5013106465339661,True,disagreement
1,1,1.0,0.5421318411827087,1.0,0.5421318411827087,-0.45786815881729126,False,none
1,1,1.0,0.5256593823432922,1.0,0.5256593823432922,-0.47434061765670776,False,none
1,1,1.0,0.5111141204833984,1.0,0.5111141204833984,-0.48888587951660156,False,none
1,1,1.0,0.5109530091285706,1.0,0.5109530091285706,-0.48904699087142944,False,none
1,1,1.0,0.5266715288162231,1.0,0.5266715288162231,-0.47332847118377686,False,none
0,0,1.0,0.9993829727172852,1.047649467178502e-11,0.0006170294946059585,0.0006170294946059585,False,none
1,1,1.0,0.5099814534187317,1.0,0.5099814534187317,-0.4900185465812683,False,none
1,1,1.0,0.5143496990203857,1.0,0.5143496990203857,-0.48565030097961426,False,none
0,1,1.0,0.5513038039207458,1.4955475080569158e-08,0.5513038039207458,0.5513038039207458,True,disagreement
1,1,1.0,0.5502162575721741,1.0,0.5502162575721741,-0.4497837424278259,False,none
1,1,1.0,0.5109530091285706,1.0,0.5109530091285706,-0.48904699087142944,False,none
1,0,1.0,0.5024039149284363,1.0,0.49759605526924133,-0.502403974533081,True,disagreement
1,1,1.0,0.5257729887962341,1.0,0.5257729887962341,-0.47422701120376587,False,none
1,1,1.0,0.5481849312782288,1.0,0.5481849312782288,-0.45181506872177124,False,none
1,1,1.0,0.5111141204833984,1.0,0.5111141204833984,-0.48888587951660156,False,none
1,1,1.0,0.5099814534187317,1.0,0.5099814534187317,-0.4900185465812683,False,none
1,0,1.0,0.5013106465339661,1.0,0.49868935346603394,-0.5013106465339661,True,disagreement
1,1,1.0,0.5099814534187317,1.0,0.5099814534187317,-0.4900185465812683,False,none
1,1,1.0,0.5252899527549744,1.0,0.5252899527549744,-0.47471004724502563,False,none
1,1,0.9991143345832825,0.544424831867218,0.9991143345832825,0.544424831867218,-0.45468950271606445,False,none
1,1,1.0,0.9998717308044434,1.0,0.9998717308044434,-0.00012826919555664062,False,none
1,1,1.0,0.9998574256896973,1.0,0.9998574256896973,-0.00014257431030273438,False,none
1,0,0.9315500259399414,0.5202323794364929,0.9315500259399414,0.4797675609588623,-0.4517824649810791,True,disagreement
0,1,1.0,0.5513038039207458,1.4955475080569158e-08,0.5513038039207458,0.5513038039207458,True,disagreement
1,1,1.0,0.9999850988388062,1.0,0.9999850988388062,-1.4901161193847656e-05,False,none
1,1,0.9999873638153076,0.5408564209938049,0.9999873638153076,0.5408564209938049,-0.4591309428215027,False,none
1,1,1.0,0.5105027556419373,1.0,0.5105027556419373,-0.48949724435806274,False,none
1,1,1.0,0.5099814534187317,1.0,0.5099814534187317,-0.4900185465812683,False,none
0,1,0.9999998807907104,0.5054109692573547,6.765229443317367e-08,0.5054109692573547,0.50541090965271,True,disagreement
1,1,1.0,0.5099814534187317,1.0,0.5099814534187317,-0.4900185465812683,False,none
1,1,1.0,0.5099814534187317,1.0,0.5099814534187317,-0.4900185465812683,False,none
1,1,1.0,0.5057429075241089,1.0,0.5057429075241089,-0.4942570924758911,False,none
1,1,1.0,0.5197253823280334,1.0,0.5197253823280334,-0.48027461767196655,False,none
1,1,0.9604532122612,0.5555527806282043,0.9604532122612,0.5555527806282043,-0.4049004316329956,False,none
1,1,1.0,0.5016401410102844,1.0,0.5016401410102844,-0.4983598589897156,False,none
1,1,0.7844352126121521,0.5093404054641724,0.7844352126121521,0.5093404054641724,-0.27509480714797974,False,none
1,1,1.0,0.534148633480072,1.0,0.534148633480072,-0.465851366519928,False,none
1,1,1.0,0.5518779754638672,1.0,0.5518779754638672,-0.4481220245361328,False,none
1,1,1.0,0.5395939946174622,1.0,0.5395939946174622,-0.46040600538253784,False,none
1,0,0.7553389072418213,0.5381550192832947,0.7553389072418213,0.46184489130973816,-0.29349401593208313,True,disagreement
1,1,1.0,0.5241063237190247,1.0,0.5241063237190247,-0.47589367628097534,False,none
1,1,1.0,0.5205482244491577,1.0,0.5205482244491577,-0.4794517755508423,False,none
1,1,1.0,0.5099814534187317,1.0,0.5099814534187317,-0.4900185465812683,False,none
1,1,1.0,0.5204825401306152,1.0,0.5204825401306152,-0.47951745986938477,False,none
1,0,1.0,0.5011720657348633,1.0,0.49882790446281433,-0.5011720657348633,True,disagreement
1,0,1.0,0.5012260675430298,1.0,0.4987739026546478,-0.5012260675430298,True,disagreement
1,1,1.0,0.5099814534187317,1.0,0.5099814534187317,-0.4900185465812683,False,none
1,1,0.9604532122612,0.5555527806282043,0.9604532122612,0.5555527806282043,-0.4049004316329956,False,none
1,1,0.9924271702766418,0.5072318911552429,0.9924271702766418,0.5072318911552429,-0.4851952791213989,False,none
1,1,1.0,0.5239055752754211,1.0,0.5239055752754211,-0.47609442472457886,False,none
1,1,0.9972144961357117,0.5370450615882874,0.9972144961357117,0.5370450615882874,-0.4601694345474243,False,none
1,1,1.0,0.5109530091285706,1.0,0.5109530091285706,-0.48904699087142944,False,none
1,1,1.0,0.5395939946174622,1.0,0.5395939946174622,-0.46040600538253784,False,none
1,1,0.9997573494911194,0.5330648422241211,0.9997573494911194,0.5330648422241211,-0.4666925072669983,False,none
1,1,0.999944806098938,0.5304369330406189,0.999944806098938,0.5304369330406189,-0.4695078730583191,False,none
1,1,1.0,0.5252899527549744,1.0,0.5252899527549744,-0.47471004724502563,False,none
1,0,1.0,0.5013106465339661,1.0,0.49868935346603394,-0.5013106465339661,True,disagreement
1,1,1.0,0.5204825401306152,1.0,0.5204825401306152,-0.47951745986938477,False,none
1,1,1.0,0.5099814534187317,1.0,0.5099814534187317,-0.4900185465812683,False,none
1,1,0.9999998807907104,0.507937490940094,0.9999998807907104,0.507937490940094,-0.49206238985061646,False,none
1,1,1.0,0.5109530091285706,1.0,0.5109530091285706,-0.48904699087142944,False,none
1,1,1.0,0.5118681192398071,1.0,0.5118681192398071,-0.48813188076019287,False,none
1,1,1.0,0.5102055668830872,1.0,0.5102055668830872,-0.48979443311691284,False,none
1,0,1.0,0.5024039149284363,1.0,0.49759605526924133,-0.502403974533081,True,disagreement
1,1,1.0,0.9854726195335388,1.0,0.9854726195335388,-0.014527380466461182,False,none
0,1,0.9999911785125732,0.5186960101127625,8.763109690335114e-06,0.5186960101127625,0.5186872482299805,True,disagreement
0,1,1.0,0.5289505124092102,4.858166757770732e-09,0.5289505124092102,0.5289505124092102,True,disagreement
1,1,1.0,0.5109530091285706,1.0,0.5109530091285706,-0.48904699087142944,False,none
0,1,0.7291494011878967,0.9888874888420105,0.27085059881210327,0.9888874888420105,0.7180368900299072,True,"disagreement,high_confidence_disagreement"
1,1,0.9897630214691162,0.5470890998840332,0.9897630214691162,0.5470890998840332,-0.442673921585083,False,none
1,1,1.0,0.5015119314193726,1.0,0.5015119314193726,-0.49848806858062744,False,none
1,1,1.0,0.5087743997573853,1.0,0.5087743997573853,-0.49122560024261475,False,none
1,1,0.9928280711174011,0.5108240842819214,0.9928280711174011,0.5108240842819214,-0.48200398683547974,False,none
1,1,1.0,0.5099814534187317,1.0,0.5099814534187317,-0.4900185465812683,False,none
0,1,1.0,0.5227503776550293,1.0586456017369628e-10,0.5227503776550293,0.5227503776550293,True,disagreement
1,1,1.0,0.5109530091285706,1.0,0.5109530091285706,-0.48904699087142944,False,none
1,1,1.0,0.5266715288162231,1.0,0.5266715288162231,-0.47332847118377686,False,none
1,1,1.0,0.5228091478347778,1.0,0.5228091478347778,-0.47719085216522217,False,none
1,1,1.0,0.5109530091285706,1.0,0.5109530091285706,-0.48904699087142944,False,none
1,0,0.9472590684890747,0.6291253566741943,0.9472590684890747,0.37087464332580566,-0.576384425163269,True,disagreement
1,1,1.0,0.539264440536499,1.0,0.539264440536499,-0.460735559463501,False,none
1,1,1.0,0.5111141204833984,1.0,0.5111141204833984,-0.48888587951660156,False,none
1,1,1.0,0.5099814534187317,1.0,0.5099814534187317,-0.4900185465812683,False,none
1,1,1.0,0.507637083530426,1.0,0.507637083530426,-0.492362916469574,False,none
1,1,1.0,0.5109530091285706,1.0,0.5109530091285706,-0.48904699087142944,False,none
1,1,1.0,0.5491265654563904,1.0,0.5491265654563904,-0.4508734345436096,False,none
1,1,1.0,0.5109530091285706,1.0,0.5109530091285706,-0.48904699087142944,False,none
1,1,1.0,0.9894564747810364,1.0,0.9894564747810364,-0.010543525218963623,False,none
1,1,1.0,0.5408474206924438,1.0,0.5408474206924438,-0.45915257930755615,False,none
1,1,1.0,0.5111873149871826,1.0,0.5111873149871826,-0.4888126850128174,False,none
0,1,1.0,0.5224591493606567,4.629792105248498e-09,0.5224591493606567,0.5224591493606567,True,disagreement
1,1,1.0,0.5052375197410583,1.0,0.5052375197410583,-0.49476248025894165,False,none
1,1,0.9999998807907104,0.507937490940094,0.9999998807907104,0.507937490940094,-0.49206238985061646,False,none
1,0,1.0,0.5024039149284363,1.0,0.49759605526924133,-0.502403974533081,True,disagreement
0,1,0.9999996423721313,0.5048218369483948,3.3788805353651696e-07,0.5048218369483948,0.5048214793205261,True,disagreement
0,1,0.8954470753669739,0.507847785949707,0.1045529693365097,0.507847785949707,0.40329480171203613,True,disagreement
1,1,1.0,0.5166088938713074,1.0,0.5166088938713074,-0.4833911061286926,False,none
1,1,1.0,0.5222907662391663,1.0,0.5222907662391663,-0.47770923376083374,False,none
1,1,1.0,0.5121094584465027,1.0,0.5121094584465027,-0.4878905415534973,False,none
1,0,1.0,0.5024039149284363,1.0,0.49759605526924133,-0.502403974533081,True,disagreement
1,1,1.0,0.5099814534187317,1.0,0.5099814534187317,-0.4900185465812683,False,none
1,1,0.9604532122612,0.5555527806282043,0.9604532122612,0.5555527806282043,-0.4049004316329956,False,none
1,1,1.0,0.5266715288162231,1.0,0.5266715288162231,-0.47332847118377686,False,none
1,1,0.9997689127922058,0.5458729267120361,0.9997689127922058,0.5458729267120361,-0.4538959860801697,False,none
1,1,0.9996389150619507,0.9686013460159302,0.9996389150619507,0.9686013460159302,-0.031037569046020508,False,none
0,1,0.5000098943710327,0.5445595979690552,0.4999901056289673,0.5445595979690552,0.04456949234008789,True,disagreement
1,1,1.0,0.539264440536499,1.0,0.539264440536499,-0.460735559463501,False,none
1,1,1.0,0.5109530091285706,1.0,0.5109530091285706,-0.48904699087142944,False,none
1,1,1.0,0.505545973777771,1.0,0.505545973777771,-0.494454026222229,False,none
1,1,1.0,0.5099814534187317,1.0,0.5099814534187317,-0.4900185465812683,False,none
1,1,1.0,0.5392387509346008,1.0,0.5392387509346008,-0.46076124906539917,False,none
1,1,1.0,0.5015119314193726,1.0,0.5015119314193726,-0.49848806858062744,False,none
1,0,0.6913982033729553,0.6887722611427307,0.6913982033729553,0.3112277686595917,-0.38017043471336365,True,disagreement
1,1,1.0,0.5271929502487183,1.0,0.5271929502487183,-0.47280704975128174,False,none
0,1,1.0,0.5268524885177612,3.790159741612342e-09,0.5268524885177612,0.5268524885177612,True,disagreement
1,1,1.0,0.9999237060546875,1.0,0.9999237060546875,-7.62939453125e-05,False,none
1,1,1.0,0.8872162103652954,1.0,0.8872162103652954,-0.11278378963470459,False,none
1,1,1.0,0.9999758005142212,1.0,0.9999758005142212,-2.4199485778808594e-05,False,none
1,1,0.7668954133987427,0.5501593947410583,0.7668954133987427,0.5501593947410583,-0.21673601865768433,False,none
1,1,1.0,0.9999450445175171,1.0,0.9999450445175171,-5.4955482482910156e-05,False,none
1,1,1.0,0.5266715288162231,1.0,0.5266715288162231,-0.47332847118377686,False,none
1,1,1.0,0.5109530091285706,1.0,0.5109530091285706,-0.48904699087142944,False,none
1,1,0.5000077486038208,0.5299619436264038,0.5000077486038208,0.5299619436264038,0.029954195022583008,False,none
0,0,0.5379533767700195,0.5753023028373718,0.4620465934276581,0.42469772696495056,-0.03734886646270752,False,none
1,1,1.0,0.9999229907989502,1.0,0.9999229907989502,-7.700920104980469e-05,False,none
1,1,1.0,0.50924152135849,1.0,0.50924152135849,-0.49075847864151,False,none
0,1,1.0,0.5456551909446716,1.55830973125326e-11,0.5456551909446716,0.5456551909446716,True,disagreement
