sampling,duration,len,mean,var,std,kurtosis,skew,n_peaks,smooth10_n_peaks,smooth20_n_peaks,diff_peaks,diff2_peaks,diff_var,diff2_var,gaps_squared,len_weighted,var_div_duration,var_div_len,anomaly
1.0,174.0,175.0,-1.6305293e-07,1.5586363e-10,1.2484536e-05,-1.3450474,0.056870203,2.0,2.0,2.0,2.0,5.0,4.691101e-12,9.221133e-12,206.0,175.0,8.95768e-13,8.906493e-13,1
5.0,185.0,38.0,0.2934052,0.09628955,0.31030557,-1.2393315,0.5630725,2.0,1.0,1.0,2.0,1.0,0.0070984103,0.0115185985,925.0,190.0,0.00052048406,0.0025339355,1
5.0,210.0,43.0,8.775807e-06,8.925327e-11,9.447395e-06,-0.8615816,-0.56215465,1.0,1.0,1.0,10.0,13.0,1.6491582e-12,9.300014e-13,1050.0,215.0,4.2501557e-13,2.0756576e-12,0
5.0,885.0,178.0,9.700201e-06,2.4932814e-11,4.993277e-06,-0.20711552,-0.899548,1.0,1.0,1.0,56.0,58.0,2.3146415e-13,6.1774083e-13,4425.0,890.0,2.8172672e-14,1.40072e-13,0
1.0,252.0,253.0,-7.73173e-06,4.7648846e-10,2.1828615e-05,-1.3868802,-0.09966775,1.0,1.0,1.0,74.0,84.0,5.2245903e-13,7.137834e-13,350.0,253.0,1.8908271e-12,1.8833535e-12,0
1.0,386.0,388.0,-9.35789e-06,3.9128023e-10,1.9780804e-05,-1.2246572,-0.18481046,1.0,1.0,1.0,124.0,134.0,3.2789177e-13,7.6929137e-13,540.0,388.0,1.0136794e-12,1.0084542e-12,0
5.0,781.0,157.0,2.0194625e-06,2.5797595e-10,1.606163e-05,-1.0348717,-0.1406973,1.0,1.0,1.0,48.0,52.0,6.9238083e-13,8.076413e-13,3911.0,785.0,3.303149e-13,1.6431589e-12,0
5.0,235.0,48.0,0.24621324,0.101887174,0.31919768,-0.8576983,0.88385105,1.0,1.0,1.0,1.0,5.0,0.0032544117,0.00064863916,1175.0,240.0,0.00043356244,0.0021226495,0
5.0,90.0,19.0,6.916548e-06,4.4228646e-10,2.1030608e-05,-1.3347213,-0.017019803,1.0,1.0,2.0,2.0,3.0,5.38947e-11,1.1904029e-11,450.0,95.0,4.914294e-12,2.3278235e-11,0
1.0,138.0,127.0,0.03177558,0.0015855691,0.039819207,-1.1287459,0.69758964,4.0,1.0,1.0,15.0,19.0,5.6656765e-05,0.0001178727,176.0,127.0,1.1489631e-05,1.2484797e-05,1
5.0,170.0,35.0,0.21147196,0.040470704,0.20117332,-1.3850645,0.39661205,1.0,1.0,1.0,2.0,2.0,0.0016881736,0.00047612205,850.0,175.0,0.00023806297,0.0011563059,0
5.0,80.0,17.0,-4.463564e-06,6.765526e-10,2.6010624e-05,-1.4073781,-0.08912393,1.0,1.0,2.0,1.0,0.0,9.0874065e-11,1.15298925e-11,400.0,85.0,8.456907e-12,3.979721e-11,0
5.0,335.0,58.0,-1.0617437e-06,8.2600754e-10,2.8740347e-05,-1.1000298,0.47473064,2.0,1.0,1.0,2.0,4.0,1.5052434e-10,3.648689e-10,4425.0,290.0,2.4656943e-12,1.424151e-11,1
1.0,748.0,749.0,1.9911638e-05,4.5784354e-10,2.1397278e-05,-1.018917,-0.6770223,2.0,2.0,1.0,1.0,3.0,8.803068e-12,2.4444086e-11,1038.0,749.0,6.120903e-13,6.112731e-13,1
5.0,210.0,43.0,0.12634209,0.01957593,0.139914,-1.0338082,0.78337514,1.0,1.0,1.0,1.0,7.0,0.00076089293,0.00020674015,1050.0,215.0,9.321871e-05,0.00045525416,0
1.0,185.0,186.0,-7.5435382e-06,8.7467235e-11,9.352392e-06,-1.1978992,-0.20818055,3.0,1.0,1.0,41.0,44.0,1.5755302e-12,4.361466e-12,253.0,186.0,4.7279585e-13,4.7025394e-13,0
5.0,95.0,20.0,9.748626e-06,5.007601e-10,2.237767e-05,-1.1139369,-0.25249636,1.0,1.0,1.0,3.0,4.0,5.2228565e-11,1.4624527e-11,475.0,100.0,5.2711594e-12,2.5038006e-11,0
1.0,336.0,290.0,0.0025328347,2.8008824e-05,0.0052923365,2.0480905,1.8873628,15.0,2.0,1.0,22.0,25.0,1.8360056e-06,5.2362607e-06,446.0,290.0,8.3359595e-08,9.658215e-08,0
5.0,80.0,17.0,1.6787135e-06,3.707986e-10,1.9256131e-05,-1.5058857,-0.018123772,1.0,1.0,2.0,1.0,2.0,5.3992463e-11,6.5126585e-12,400.0,85.0,4.6349825e-12,2.1811681e-11,0
5.0,75.0,16.0,1.0219477e-06,5.3033244e-10,2.3028948e-05,-1.4674779,-0.06324612,1.0,1.0,2.0,1.0,2.0,8.461936e-11,1.3539962e-11,375.0,80.0,7.0710993e-12,3.3145778e-11,0
1.0,176.0,160.0,0.2099903,0.04811853,0.21935937,-1.3828738,0.5027771,1.0,1.0,1.0,17.0,27.0,0.00012087109,6.367325e-05,246.0,160.0,0.00027340074,0.00030074082,0
5.0,530.0,107.0,0.37972182,0.16132234,0.4016495,-1.2272992,0.57404196,1.0,1.0,1.0,11.0,27.0,0.0007461281,9.43116e-05,2650.0,535.0,0.00030438177,0.0015076854,0
1.0,391.0,392.0,-3.2345738e-06,1.977654e-10,1.4062909e-05,-0.79576373,-0.8117326,1.0,2.0,2.0,2.0,3.0,1.0906849e-11,3.1264873e-11,533.0,392.0,5.0579387e-13,5.045036e-13,1
1.0,441.0,442.0,0.017010001,0.0003091108,0.017581547,-1.3663782,0.48099008,13.0,1.0,1.0,71.0,86.0,2.1230228e-06,5.8437085e-06,441.0,442.0,7.009315e-07,6.9934566e-07,0
1.0,301.0,302.0,4.268022e-06,5.629414e-10,2.3726387e-05,-0.9134368,-0.46488413,1.0,1.0,1.0,93.0,103.0,4.457724e-13,7.4294564e-13,413.0,302.0,1.8702373e-12,1.8640443e-12,0
1.0,306.0,307.0,5.0745366e-06,1.7746442e-10,1.3321577e-05,1.2731496,1.471848,1.0,1.0,1.0,2.0,2.0,1.5722031e-11,4.2015398e-11,342.0,307.0,5.7994907e-13,5.7806e-13,1
5.0,60.0,13.0,0.86892706,0.02010427,0.14178953,-1.157973,-0.12429043,1.0,1.0,1.0,1.0,0.0,0.004306259,0.0012775047,300.0,65.0,0.00033507118,0.0015464824,0
5.0,90.0,19.0,-1.944846e-06,5.7402216e-10,2.395876e-05,-1.300951,0.0975984,1.0,1.0,2.0,1.0,3.0,7.036494e-11,1.21184816e-11,450.0,95.0,6.3780244e-12,3.0211694e-11,0
1.0,187.0,188.0,-1.8629236e-06,7.579213e-10,2.753037e-05,-1.4837958,-0.034872826,1.0,1.0,1.0,45.0,51.0,1.7724308e-12,2.676771e-12,187.0,188.0,4.053055e-12,4.031496e-12,0
5.0,182.0,37.0,4.0121975e-07,1.3732766e-10,1.1718688e-05,-1.0915364,-0.04834694,2.0,1.0,1.0,2.0,2.0,2.0069765e-11,3.3568853e-11,926.0,185.0,7.545476e-13,3.7115584e-12,1
5.0,75.0,16.0,3.0161532e-06,1.6260662e-10,1.275173e-05,-1.3979367,0.002480928,1.0,1.0,2.0,2.0,4.0,2.6747776e-11,5.719421e-12,375.0,80.0,2.1680882e-12,1.0162914e-11,0
5.0,235.0,48.0,-2.7431884e-07,4.3280485e-10,2.0803962e-05,-1.4832892,-0.0093221655,1.0,1.0,1.0,5.0,14.0,7.829785e-12,1.057196e-12,1175.0,240.0,1.8417227e-12,9.016767e-12,0
5.0,55.0,12.0,0.8338537,0.015970472,0.12637433,-1.3710861,0.04848688,1.0,1.0,1.0,1.0,0.0,0.004650547,0.0009803239,275.0,60.0,0.0002903722,0.0013308726,0
1.0,292.0,293.0,0.17325172,0.04366275,0.20895633,-1.0969054,0.7477676,2.0,1.0,1.0,32.0,42.0,6.648399e-05,9.4860276e-05,292.0,293.0,0.00014952997,0.00014901962,0
1.0,175.0,176.0,1.494401e-06,2.7181168e-10,1.6486712e-05,-1.4919573,-0.015243301,1.0,1.0,1.0,50.0,57.0,7.1063354e-13,1.1492262e-12,235.0,176.0,1.5532096e-12,1.5443846e-12,0
5.0,80.0,17.0,9.852385e-06,5.843438e-10,2.4173205e-05,-1.0553617,-0.207657,1.0,1.0,1.0,1.0,3.0,8.18111e-11,1.4730302e-11,400.0,85.0,7.304298e-12,3.4373168e-11,0
5.0,80.0,17.0,0.07038959,0.003073458,0.05543878,-1.4963337,0.107041135,1.0,1.0,1.0,1.0,0.0,0.0004504218,7.823977e-05,400.0,85.0,3.8418228e-05,0.00018079166,0
5.0,185.0,38.0,0.0530667,0.005275003,0.07262922,-0.53939974,1.0151969,2.0,1.0,1.0,2.0,3.0,0.0015519396,0.003017406,925.0,190.0,2.851353e-05,0.00013881587,1
1.0,372.0,363.0,0.004709245,2.5035279e-05,0.0050035263,-1.3094623,0.4846274,47.0,1.0,1.0,59.0,69.0,3.1627515e-06,9.475837e-06,482.0,363.0,6.729913e-08,6.896771e-08,0
5.0,325.0,66.0,0.14070454,0.030507008,0.17466256,-0.9707951,0.8335224,1.0,1.0,1.0,3.0,5.0,0.00058252824,0.0002898159,1625.0,330.0,9.386772e-05,0.0004622274,0
5.0,380.0,77.0,0.62494844,0.09494723,0.3081351,-1.4567765,0.082832,1.0,1.0,1.0,4.0,23.0,0.00067718123,6.87538e-05,1900.0,385.0,0.00024986113,0.0012330809,0
1.0,439.0,440.0,-7.3756464e-06,1.10433045e-10,1.0508713e-05,-1.3624942,-0.17528957,2.0,2.0,2.0,1.0,4.0,2.911672e-12,5.926026e-12,511.0,440.0,2.515559e-13,2.5098418e-13,1
1.0,371.0,372.0,-5.3995996e-06,5.5983745e-11,7.4822287e-06,-1.510656,-0.1216109,1.0,1.0,1.0,64.0,81.0,3.9675026e-13,9.719004e-13,507.0,372.0,1.5089958e-13,1.5049393e-13,1
5.0,250.0,51.0,0.22229858,0.094917394,0.30808666,-0.4404618,1.0533805,2.0,1.0,1.0,1.0,1.0,0.017396463,0.04650056,1250.0,255.0,0.0003796696,0.0018611255,1
5.0,225.0,46.0,-6.101513e-06,7.4130764e-11,8.609923e-06,-1.5077952,0.022436345,1.0,1.0,1.0,7.0,15.0,1.6956805e-12,6.788934e-13,1125.0,230.0,3.2947007e-13,1.6115384e-12,0
1.0,369.0,370.0,4.9636433e-06,1.4585835e-10,1.2077183e-05,-1.3512031,-0.08359017,1.0,1.0,1.0,116.0,124.0,2.5613067e-13,6.3858565e-13,459.0,370.0,3.9528008e-13,3.9421176e-13,0
5.0,265.0,54.0,0.22294928,0.121782586,0.34897363,-0.06969317,1.2460643,1.0,1.0,1.0,1.0,5.0,0.004215247,0.00046369087,1325.0,270.0,0.00045955693,0.002255233,0
1.0,170.0,171.0,-7.1963555e-06,6.8046974e-10,2.6085816e-05,-1.3265287,0.10168249,2.0,1.0,1.0,1.0,2.0,5.4709487e-11,1.6092712e-10,236.0,171.0,4.0027634e-12,3.9793555e-12,1
5.0,90.0,19.0,0.08760848,0.0055393656,0.07442691,-1.4286069,0.2350523,1.0,1.0,1.0,1.0,3.0,0.00071138935,0.0001891832,450.0,95.0,6.1548504e-05,0.00029154556,0
5.0,570.0,115.0,5.824768e-06,1.5793129e-10,1.2567072e-05,-0.4981264,-0.42768326,1.0,1.0,1.0,28.0,38.0,8.5377994e-13,5.6009987e-13,2850.0,575.0,2.7707245e-13,1.3733156e-12,0
1.0,267.0,238.0,0.27369988,0.12653033,0.35571104,-0.9067774,0.8637725,1.0,1.0,1.0,17.0,31.0,0.00018578621,7.805171e-05,349.0,238.0,0.0004738964,0.0005316401,0
5.0,250.0,51.0,4.5324282e-07,4.736136e-10,2.1762664e-05,-0.76875764,-0.54310036,1.0,1.0,1.0,10.0,17.0,6.68924e-12,1.446163e-12,1250.0,255.0,1.8944542e-12,9.28654e-12,0
5.0,205.0,42.0,0.22980767,0.05594015,0.2365167,-1.3866767,0.46037063,1.0,1.0,1.0,2.0,4.0,0.0018088637,0.0007268753,1025.0,210.0,0.0002728788,0.0013319084,0
1.0,231.0,232.0,-2.4303652e-06,7.350877e-10,2.71125e-05,-1.4392165,-0.01539101,1.0,1.0,1.0,58.0,76.0,9.188304e-13,1.0601011e-12,231.0,232.0,3.1821978e-12,3.1684815e-12,0
5.0,235.0,48.0,-7.301357e-07,6.7490874e-10,2.5979007e-05,-1.4568152,0.015307775,1.0,1.0,1.0,2.0,17.0,1.1858819e-11,8.973188e-13,1175.0,240.0,2.8719522e-12,1.4060599e-11,0
5.0,560.0,113.0,0.34605658,0.15293092,0.3910638,-1.1989465,0.6445066,1.0,1.0,1.0,6.0,18.0,0.00075989746,0.00016269268,2800.0,565.0,0.0002730909,0.0013533708,0
1.0,294.0,295.0,0.31741443,0.14770824,0.38432828,-1.1112227,0.73331976,1.0,1.0,1.0,21.0,28.0,0.00018498766,0.00021386312,294.0,295.0,0.00050240895,0.00050070585,0
1.0,391.0,351.0,0.18884034,0.05861256,0.24210031,-1.0112581,0.8121546,2.0,1.0,1.0,16.0,19.0,0.00012392092,0.0002509533,535.0,351.0,0.00014990424,0.00016698735,0
5.0,655.0,132.0,2.6004598e-06,7.6978546e-10,2.7745007e-05,-1.3696694,-0.15346812,1.0,1.0,1.0,3.0,7.0,4.6423802e-12,6.2772496e-12,3275.0,660.0,1.1752449e-12,5.831708e-12,1
1.0,486.0,455.0,0.10553482,0.023992352,0.15489465,-0.6064197,1.0436648,2.0,1.0,1.0,39.0,46.0,1.6244056e-05,1.3722361e-05,596.0,455.0,4.936698e-05,5.2730444e-05,0
5.0,315.0,64.0,0.20867094,0.09390931,0.30644625,-0.2958072,1.1456242,1.0,1.0,1.0,1.0,9.0,0.002049297,0.00015737135,1575.0,320.0,0.0002981248,0.001467333,0
5.0,215.0,44.0,-1.4242894e-05,1.5634266e-10,1.2503706e-05,-1.195932,-0.36494493,1.0,1.0,1.0,5.0,15.0,2.9418232e-12,8.6312614e-13,1075.0,220.0,7.2717516e-13,3.5532421e-12,0
5.0,550.0,111.0,0.31047815,0.12721069,0.3566661,-1.3015163,0.60855544,1.0,1.0,1.0,4.0,15.0,0.000634961,0.00010736437,2750.0,555.0,0.00023129217,0.0011460423,0
1.0,158.0,159.0,-4.313484e-06,9.743291e-11,9.8708115e-06,-1.3936797,0.0043021026,2.0,1.0,1.0,28.0,36.0,2.013044e-12,4.2492455e-12,158.0,159.0,6.16664e-13,6.127856e-13,0
5.0,80.0,17.0,1.0818455e-05,4.8796606e-10,2.2089953e-05,-0.9778127,-0.17276993,1.0,1.0,1.0,2.0,3.0,7.3164204e-11,9.881898e-12,400.0,85.0,6.0995757e-12,2.8703886e-11,0
1.0,169.0,170.0,1.5444158e-08,2.365498e-10,1.5380176e-05,-1.5192485,-0.02274044,1.0,1.0,1.0,50.0,56.0,6.5478715e-13,9.636568e-13,211.0,170.0,1.3997029e-12,1.3914694e-12,0
5.0,80.0,17.0,-1.3885006e-06,1.4810872e-10,1.2169992e-05,-1.4625038,-0.09323231,1.0,1.0,2.0,1.0,1.0,2.1635273e-11,2.3458386e-12,400.0,85.0,1.851359e-12,8.712277e-12,0
5.0,265.0,54.0,0.3617423,0.14929648,0.38638902,-1.0814406,0.7230087,1.0,1.0,1.0,1.0,7.0,0.003211019,0.00038739573,1325.0,270.0,0.0005633829,0.0027647496,0
5.0,281.0,57.0,7.1610784e-06,3.759887e-11,6.1317915e-06,-1.5169932,-0.06981229,1.0,1.0,1.0,18.0,19.0,7.156946e-13,7.908176e-13,1435.0,285.0,1.338038e-13,6.5962925e-13,0
1.0,251.0,253.0,-1.024168e-05,2.705021e-10,1.6446947e-05,-1.4580858,-0.0475477,1.0,1.0,1.0,75.0,90.0,4.8247186e-13,9.407023e-13,347.0,253.0,1.0776976e-12,1.0691782e-12,0
5.0,195.0,40.0,-2.6569396e-06,1.1002529e-10,1.0489294e-05,-0.568877,-0.7922105,1.0,1.0,1.0,10.0,15.0,1.9872405e-12,6.5644034e-13,975.0,200.0,5.6423225e-13,2.7506322e-12,0
1.0,216.0,217.0,2.265339e-06,1.3622749e-10,1.1671653e-05,-1.4890604,0.0019479593,2.0,1.0,1.0,26.0,51.0,6.692201e-13,1.3332062e-12,254.0,217.0,6.306828e-13,6.277764e-13,1
5.0,345.0,70.0,0.111151025,0.0255605,0.15987651,-0.6276609,1.0277398,2.0,1.0,1.0,3.0,3.0,0.00204414,0.0048322817,1725.0,350.0,7.4088406e-05,0.00036515,1
1.0,158.0,160.0,-7.133315e-06,4.1586926e-10,2.0392872e-05,-1.4287648,-0.021996964,1.0,1.0,1.0,31.0,40.0,6.507023e-12,1.787873e-11,220.0,160.0,2.632084e-12,2.599183e-12,0
5.0,35.0,8.0,0.9444215,0.014571277,0.12071154,-0.8988222,-0.45896453,1.0,1.0,1.0,1.0,0.0,0.00769583,0.0018274572,175.0,40.0,0.0004163222,0.0018214097,0
1.0,313.0,280.0,0.24722172,0.12489775,0.35340875,-0.5391833,1.0516207,1.0,1.0,1.0,20.0,27.0,0.00017533585,0.000111844914,421.0,280.0,0.00039903432,0.00044606338,0
1.0,175.0,173.0,0.28419033,0.082931384,0.2879781,-1.347834,0.5160152,1.0,1.0,1.0,13.0,14.0,0.00023173606,0.00021718715,207.0,173.0,0.00047389363,0.00047937216,0
1.0,512.0,514.0,2.4247872e-06,1.5627988e-10,1.2501195e-05,-0.42604485,-0.56592184,4.0,2.0,2.0,42.0,60.0,2.4985222e-12,6.6320083e-12,648.0,514.0,3.0523414e-13,3.0404645e-13,1
5.0,290.0,59.0,-1.1974657e-06,7.292157e-10,2.7003993e-05,-1.5020207,0.06289171,1.0,1.0,1.0,6.0,18.0,8.895738e-12,1.0770721e-12,1450.0,295.0,2.5145368e-12,1.2359587e-11,0
1.0,182.0,183.0,1.7816113e-06,4.0341777e-10,2.0085263e-05,-0.83385587,-0.4487887,1.0,1.0,1.0,26.0,37.0,3.6082947e-12,9.70165e-12,182.0,183.0,2.216581e-12,2.2044686e-12,0
5.0,190.0,39.0,0.35032558,0.12808241,0.35788605,-1.2358644,0.61296105,1.0,1.0,1.0,2.0,5.0,0.004743138,0.0006439998,950.0,195.0,0.000674118,0.0032841645,0
1.0,222.0,223.0,2.1581268e-06,2.9226704e-10,1.709582e-05,-0.98897755,-0.28013766,2.0,1.0,1.0,1.0,1.0,2.4086172e-11,7.1766995e-11,222.0,223.0,1.3165182e-12,1.3106146e-12,1
5.0,160.0,33.0,0.111757524,0.009329068,0.0965871,-1.675368,-0.052753255,2.0,1.0,1.0,1.0,1.0,0.002758797,0.0072779907,800.0,165.0,5.830667e-05,0.000282699,1
5.0,765.0,154.0,0.327623,0.14496608,0.3807441,-1.1927364,0.65819246,1.0,1.0,1.0,14.0,21.0,0.00041263908,0.0001333368,3825.0,770.0,0.00018949814,0.0009413382,0
5.0,40.0,9.0,0.97883713,0.012597082,0.11223672,-1.0816306,-0.24767835,1.0,1.0,1.0,1.0,0.0,0.0061711837,0.0016088065,200.0,45.0,0.00031492705,0.0013996758,0
1.0,178.0,179.0,-2.2378415e-06,1.9518356e-10,1.3970811e-05,-1.5101081,0.033368815,1.0,1.0,1.0,38.0,44.0,6.782468e-13,1.1857555e-12,206.0,179.0,1.0965368e-12,1.090411e-12,1
5.0,85.0,18.0,9.550059e-06,5.0463606e-10,2.2464106e-05,-0.97829974,-0.27620798,1.0,1.0,1.0,1.0,4.0,6.290639e-11,1.5326485e-11,425.0,90.0,5.936895e-12,2.8035336e-11,0
1.0,250.0,251.0,3.2757653e-06,8.3576264e-11,9.142005e-06,-1.1002301,-0.27339584,1.0,1.0,1.0,75.0,79.0,2.5203177e-13,6.1575143e-13,328.0,251.0,3.3430507e-13,3.3297318e-13,0
1.0,204.0,205.0,-2.1547942e-06,1.2088117e-10,1.0994598e-05,-1.4369448,-0.11765108,2.0,2.0,1.0,1.0,5.0,2.872689e-12,5.6272417e-12,234.0,205.0,5.9255476e-13,5.896642e-13,1
5.0,271.0,55.0,3.0009762e-06,2.40158e-10,1.5497031e-05,-1.4986225,-0.011943792,1.0,1.0,1.0,7.0,17.0,3.4512991e-12,8.2606724e-13,1361.0,275.0,8.861919e-13,4.366509e-12,0
5.0,70.0,15.0,-9.888173e-07,2.5298275e-10,1.590543e-05,-1.4748536,-0.030155005,1.0,1.0,2.0,1.0,2.0,4.7487042e-11,6.7658444e-12,350.0,75.0,3.6140392e-12,1.6865516e-11,0
5.0,212.0,43.0,-9.0664855e-07,1.319769e-10,1.148812e-05,-1.5164526,-0.063160874,1.0,1.0,1.0,11.0,14.0,3.256675e-12,1.0797216e-12,1084.0,215.0,6.2253257e-13,3.0692302e-12,0
5.0,245.0,50.0,1.3686058e-06,3.2143385e-10,1.7928576e-05,-1.4213374,-0.07594966,1.0,1.0,1.0,11.0,20.0,5.4698646e-12,1.2513542e-12,1225.0,250.0,1.3119748e-12,6.428677e-12,0
5.0,75.0,16.0,1.3312338e-06,2.4088817e-10,1.5520573e-05,-1.3703439,-0.1643776,1.0,1.0,2.0,1.0,3.0,3.5246583e-11,4.784085e-12,375.0,80.0,3.2118423e-12,1.505551e-11,0
5.0,870.0,175.0,1.7082066e-05,9.8217524e-11,9.9104755e-06,-0.5491066,-0.4288631,19.0,5.0,2.0,20.0,21.0,6.582765e-11,1.9545279e-10,4350.0,875.0,1.1289371e-13,5.61243e-13,1
1.0,196.0,197.0,4.515496e-06,1.1657847e-10,1.0797151e-05,-1.2208385,-0.061299276,1.0,1.0,1.0,13.0,10.0,9.36689e-13,1.8417657e-12,244.0,197.0,5.947881e-13,5.9176893e-13,1
5.0,260.0,53.0,-4.217315e-07,7.4366485e-10,2.727022e-05,-1.379161,-0.05775113,1.0,1.0,1.0,5.0,17.0,1.0782885e-11,1.1764645e-12,1300.0,265.0,2.8602496e-12,1.4031412e-11,0
5.0,265.0,54.0,1.8636312e-06,2.7933036e-10,1.6713178e-05,-1.5042143,0.08466333,1.0,1.0,1.0,6.0,17.0,4.0322108e-12,3.875356e-13,1325.0,270.0,1.0540769e-12,5.1727845e-12,0
5.0,235.0,48.0,0.39608905,0.26564687,0.5154094,-0.61434346,0.94524527,1.0,1.0,1.0,1.0,3.0,0.008630697,0.001501856,1175.0,240.0,0.0011304122,0.00553431,0
5.0,105.0,22.0,-1.5119787e-06,5.361959e-10,2.3155904e-05,-1.1528349,-0.23309264,1.0,1.0,1.0,1.0,3.0,3.814549e-11,3.4288494e-12,525.0,110.0,5.106628e-12,2.4372542e-11,0
5.0,410.0,83.0,0.5629033,0.12636803,0.35548282,-1.4120239,0.2040066,1.0,1.0,1.0,7.0,25.0,0.000792397,8.087114e-05,2050.0,415.0,0.00030821472,0.0015225064,0
5.0,640.0,129.0,1.4260508e-05,2.1639275e-10,1.4710294e-05,-1.1781913,-0.12972037,1.0,1.0,1.0,30.0,41.0,7.3332134e-13,7.218577e-13,3200.0,645.0,3.3811368e-13,1.6774632e-12,0
1.0,668.0,620.0,0.1931284,0.06518151,0.2553067,-0.919163,0.8694337,3.0,1.0,1.0,97.0,172.0,1.787751e-05,1.29508435e-05,916.0,620.0,9.757711e-05,0.00010513147,0
1.0,168.0,169.0,-3.6535744e-06,2.2858249e-10,1.5118945e-05,-1.399524,-0.05468522,1.0,1.0,1.0,43.0,51.0,1.5832004e-12,3.8975693e-12,202.0,169.0,1.3606101e-12,1.3525591e-12,0
1.0,496.0,497.0,7.720787e-06,5.4532207e-10,2.3352133e-05,-1.4431665,-0.0031486065,1.0,1.0,1.0,143.0,159.0,3.0216232e-13,6.296257e-13,496.0,497.0,1.0994397e-12,1.0972276e-12,0
5.0,475.0,96.0,0.41486892,0.17104428,0.413575,-1.3538737,0.49208456,1.0,1.0,1.0,9.0,25.0,0.000963595,0.00014022176,2375.0,480.0,0.00036009323,0.0017817112,0
5.0,265.0,54.0,5.6881286e-06,1.0260292e-09,3.203169e-05,-1.4072362,-0.090264186,1.0,1.0,1.0,6.0,19.0,1.4033994e-11,1.6312256e-12,1325.0,270.0,3.871808e-12,1.9000539e-11,0
5.0,220.0,45.0,0.120743886,0.03691488,0.19213246,1.5492519,1.6415533,2.0,2.0,1.0,1.0,2.0,0.014489605,0.029191634,1100.0,225.0,0.00016779492,0.0008203307,1
1.0,194.0,195.0,-1.5552825e-05,3.161141e-10,1.7779597e-05,-1.376282,-0.51341754,1.0,1.0,1.0,1.0,3.0,2.5645159e-12,4.187943e-12,232.0,195.0,1.6294541e-12,1.6210979e-12,1
5.0,235.0,48.0,2.9478083e-06,2.951185e-10,1.7179013e-05,-1.3749995,-0.09239118,1.0,1.0,1.0,6.0,19.0,5.1651452e-12,1.1854925e-12,1175.0,240.0,1.2558234e-12,6.148302e-12,0
5.0,285.0,58.0,0.19787064,0.056045096,0.23673846,-0.23583123,1.1254325,1.0,1.0,1.0,2.0,8.0,0.0017860536,0.0004047555,1425.0,290.0,0.00019664946,0.0009662948,1
1.0,471.0,472.0,0.055446383,0.008187916,0.09048711,-0.13255298,1.2656108,3.0,2.0,1.0,23.0,56.0,1.3252858e-05,7.647054e-06,471.0,472.0,1.738411e-05,1.734728e-05,1
1.0,671.0,673.0,2.6254702e-06,4.6008847e-10,2.1449672e-05,-1.2690655,-0.1880213,3.0,2.0,1.0,2.0,3.0,5.385483e-12,1.4869142e-11,921.0,673.0,6.856758e-13,6.836381e-13,1
5.0,155.0,32.0,0.11786919,0.01843246,0.13576621,-1.2282029,0.6437555,1.0,1.0,1.0,2.0,4.0,0.0012019927,0.00057590374,775.0,160.0,0.0001189191,0.0005760144,0
5.0,655.0,132.0,2.0949667e-05,3.01781e-10,1.7371845e-05,-1.4658363,-0.04987377,1.0,1.0,1.0,38.0,45.0,8.638141e-13,5.0985615e-13,3275.0,660.0,4.6073437e-13,2.2862196e-12,0
5.0,100.0,21.0,4.060673e-06,4.5137402e-10,2.1245565e-05,-1.3276019,-0.14666559,1.0,1.0,2.0,1.0,5.0,4.138254e-11,5.0666255e-12,500.0,105.0,4.51374e-12,2.1494001e-11,0
1.0,551.0,552.0,1.4230007e-05,4.8525506e-10,2.2028506e-05,-1.4081,0.0489697,2.0,2.0,1.0,1.0,3.0,1.5257447e-12,3.092423e-12,553.0,552.0,8.806807e-13,8.7908527e-13,1
1.0,281.0,282.0,0.22649387,0.11690801,0.34191814,-0.22165407,1.1881878,1.0,1.0,1.0,18.0,43.0,0.00019649885,0.00015611218,281.0,282.0,0.00041604272,0.00041456742,0
5.0,220.0,45.0,0.12633206,0.025881324,0.16087674,-1.0263684,0.79896945,1.0,1.0,1.0,1.0,5.0,0.0009422337,0.0002875735,1100.0,225.0,0.000117642376,0.0005751405,0
1.0,264.0,265.0,-3.5782923e-06,9.166052e-10,3.0275487e-05,-1.5047333,0.02748872,1.0,1.0,1.0,79.0,90.0,9.442409e-13,1.2007915e-12,264.0,265.0,3.4719892e-12,3.4588875e-12,0
5.0,100.0,21.0,8.6069906e-07,3.6335446e-10,1.906186e-05,-1.391261,-0.11433017,1.0,1.0,2.0,1.0,1.0,3.341374e-11,2.7596029e-12,500.0,105.0,3.6335446e-12,1.7302593e-11,0
1.0,451.0,432.0,0.20352238,0.06372409,0.2524363,-0.7836839,0.9279334,1.0,1.0,1.0,15.0,27.0,9.259001e-05,0.0001715632,619.0,432.0,0.00014129511,0.00014750948,0
1.0,314.0,297.0,0.30433834,0.11475725,0.3387584,-1.2298193,0.64223766,2.0,1.0,1.0,21.0,28.0,0.00019720427,0.00035817243,414.0,297.0,0.00036546896,0.00038638804,0
1.0,183.0,184.0,-4.545543e-06,3.8296916e-10,1.9569597e-05,-0.7126271,-0.07236603,2.0,2.0,2.0,1.0,2.0,1.2959194e-11,2.5482488e-11,239.0,184.0,2.0927277e-12,2.0813542e-12,1
1.0,177.0,179.0,-1.8439049e-06,5.8195904e-10,2.4123827e-05,-1.4052033,-0.015879191,1.0,1.0,1.0,45.0,60.0,9.382178e-13,6.780398e-13,247.0,179.0,3.287904e-12,3.2511678e-12,0
5.0,150.0,31.0,-2.3720409e-06,9.69241e-11,9.845004e-06,-0.738367,-0.6943789,1.0,1.0,1.0,6.0,9.0,2.736355e-12,7.5367967e-13,750.0,155.0,6.4616064e-13,3.1265838e-12,0
5.0,75.0,16.0,1.301156e-05,4.856763e-10,2.2038064e-05,-1.3793998,-0.14991166,1.0,1.0,2.0,1.0,3.0,7.944313e-11,1.5267664e-11,375.0,80.0,6.4756837e-12,3.0354767e-11,0
1.0,222.0,223.0,0.3346083,0.16125832,0.4015698,-0.9939176,0.79673046,1.0,1.0,1.0,26.0,31.0,0.00034908095,0.00039259263,222.0,223.0,0.0007263889,0.0007231315,0
5.0,480.0,97.0,0.352471,0.1387456,0.37248573,-1.2538382,0.59407663,1.0,1.0,1.0,4.0,15.0,0.00084198045,0.00016602085,2400.0,485.0,0.00028905334,0.0014303671,0
5.0,250.0,51.0,-2.7239446e-06,1.0314913e-09,3.2116837e-05,-1.4639316,0.21788138,1.0,1.0,1.0,1.0,16.0,1.6764277e-11,7.178237e-13,1250.0,255.0,4.125965e-12,2.022532e-11,0
1.0,322.0,323.0,-3.0496729e-05,1.4227633e-11,3.7719535e-06,-1.2340584,-0.23005645,2.0,1.0,1.0,104.0,108.0,1.9623298e-13,5.531091e-13,446.0,323.0,4.4185196e-14,4.40484e-14,0
5.0,555.0,112.0,0.29920053,0.12088775,0.34768915,-1.1392719,0.69636416,1.0,1.0,1.0,2.0,17.0,0.0006317472,0.00011062173,2775.0,560.0,0.00021781577,0.0010793549,0
5.0,264.0,54.0,0.23151715,0.11403779,0.33769482,-0.3226143,1.1386658,1.0,1.0,1.0,1.0,6.0,0.0035025927,0.00034224684,1318.0,270.0,0.00043196132,0.002111811,0
5.0,350.0,71.0,-4.4396006e-06,1.0965751e-10,1.0471748e-05,-1.2581931,-0.10506189,1.0,1.0,1.0,22.0,22.0,1.101283e-12,9.448631e-13,1750.0,355.0,3.133072e-13,1.544472e-12,0
1.0,501.0,502.0,5.773268e-06,4.412677e-10,2.1006372e-05,-0.4508547,-0.39018372,4.0,4.0,4.0,4.0,8.0,2.4974897e-11,5.89164e-11,657.0,502.0,8.807738e-13,8.790193e-13,1
1.0,162.0,146.0,0.026904868,0.0015358165,0.039189495,-0.74569106,0.9674651,2.0,1.0,1.0,12.0,17.0,3.9627746e-05,8.554873e-05,204.0,146.0,9.480348e-06,1.051929e-05,1
5.0,115.0,24.0,4.683057e-06,5.137363e-10,2.2665752e-05,-1.2805935,-0.12234475,1.0,1.0,1.0,1.0,8.0,3.6547963e-11,5.4166563e-12,575.0,120.0,4.467272e-12,2.140568e-11,0
5.0,255.0,52.0,0.048018772,0.0052163713,0.07222445,-0.49583414,1.0803144,1.0,1.0,1.0,2.0,4.0,0.0002464483,0.00021640281,1275.0,260.0,2.0456358e-05,0.000100314835,0
5.0,230.0,47.0,0.2773092,0.11552888,0.3398954,-0.6314663,0.98266506,1.0,1.0,1.0,1.0,9.0,0.0039454116,0.00034371807,1150.0,235.0,0.00050229946,0.0024580613,0
5.0,390.0,79.0,0.5750211,0.15301158,0.39116696,-1.4309486,0.1793735,1.0,1.0,1.0,6.0,22.0,0.001041272,9.875533e-05,1950.0,395.0,0.0003923374,0.0019368554,0
1.0,386.0,387.0,3.8650337e-06,8.0441365e-10,2.8362187e-05,-1.4347894,0.0136373835,1.0,1.0,1.0,123.0,132.0,4.8122e-13,7.857986e-13,536.0,387.0,2.0839732e-12,2.0785884e-12,0
1.0,183.0,184.0,0.083090626,0.008549087,0.09246127,-1.1716589,0.6452906,2.0,1.0,1.0,23.0,36.0,4.989789e-05,8.709443e-05,183.0,184.0,4.6716323e-05,4.6462428e-05,1
5.0,175.0,36.0,0.21304397,0.015858348,0.12592994,-1.0462058,-0.4008217,3.0,1.0,1.0,3.0,4.0,0.0014491724,0.0004210891,875.0,180.0,9.0619134e-05,0.00044050967,1
5.0,285.0,58.0,0.29111204,0.17682992,0.42051148,-0.47057027,1.081009,1.0,1.0,1.0,1.0,5.0,0.0044476273,0.00031654068,1425.0,290.0,0.00062045583,0.0030487918,0
5.0,120.0,25.0,-1.504152e-08,1.8442894e-10,1.3580462e-05,-0.95117867,-0.39111897,1.0,1.0,1.0,1.0,5.0,1.12333415e-11,1.0827042e-12,600.0,125.0,1.5369079e-12,7.377158e-12,0
5.0,175.0,36.0,0.101758815,0.012786346,0.113076724,-1.0402172,0.7227687,2.0,1.0,1.0,3.0,3.0,0.001493116,0.0028846695,875.0,180.0,7.306483e-05,0.00035517628,1
5.0,260.0,53.0,3.4311902e-06,2.4186905e-10,1.555214e-05,-1.3573816,-0.16635251,3.0,1.0,1.0,3.0,3.0,1.9453094e-11,4.195389e-11,1300.0,265.0,9.302656e-13,4.563567e-12,1
5.0,890.0,179.0,-1.0367415e-05,2.8549285e-10,1.6896534e-05,-1.2821648,-0.18023865,1.0,1.0,1.0,52.0,60.0,6.491689e-13,7.1392214e-13,4450.0,895.0,3.2077848e-13,1.5949322e-12,0
1.0,328.0,329.0,6.4328015e-06,1.8101066e-10,1.34540205e-05,-0.6693012,-0.5799301,1.0,1.0,1.0,91.0,105.0,2.7237376e-13,6.0664516e-13,328.0,329.0,5.518618e-13,5.501844e-13,0
5.0,85.0,18.0,2.632456e-06,3.7908737e-10,1.9470166e-05,-1.2615474,-0.2050406,1.0,1.0,2.0,1.0,3.0,4.5458515e-11,4.5935872e-12,425.0,90.0,4.4598518e-12,2.106041e-11,0
1.0,249.0,250.0,2.5603076e-06,5.6133403e-10,2.369249e-05,-1.4583844,-0.039400727,1.0,1.0,1.0,67.0,66.0,2.0902876e-12,4.50763e-12,249.0,250.0,2.2543536e-12,2.2453363e-12,0
5.0,410.0,83.0,0.6512173,0.04968011,0.22289035,-1.4078716,0.15475139,1.0,1.0,1.0,17.0,26.0,0.00032720334,7.319203e-05,2050.0,415.0,0.000121171,0.00059855555,0
5.0,230.0,47.0,1.3501328e-06,4.062223e-10,2.0154957e-05,-1.4785889,0.12509766,1.0,1.0,1.0,1.0,14.0,7.68449e-12,4.8678965e-13,1150.0,235.0,1.766184e-12,8.643028e-12,0
5.0,236.0,48.0,-6.2037743e-06,1.6979611e-10,1.3030583e-05,-0.8855683,-0.411001,2.0,1.0,1.0,2.0,5.0,8.548472e-12,1.25405806e-11,1186.0,240.0,7.1947504e-13,3.5374188e-12,1
5.0,235.0,48.0,3.7476032e-06,6.1153177e-10,2.4729168e-05,-0.8247892,-0.5452023,1.0,1.0,1.0,5.0,15.0,8.415105e-12,1.0984822e-12,1175.0,240.0,2.6022628e-12,1.27402455e-11,0
5.0,830.0,167.0,0.22646037,0.08316899,0.28839034,-0.83796257,0.86994666,2.0,1.0,1.0,12.0,27.0,0.00022162953,5.216978e-05,4150.0,835.0,0.0001002036,0.0004980179,0
5.0,215.0,44.0,0.22843869,0.10695601,0.3270413,-0.5748468,1.0369154,1.0,1.0,1.0,1.0,2.0,0.0046381466,0.000559773,1075.0,220.0,0.00049746985,0.0024308185,0
1.0,288.0,258.0,0.25552168,0.121804535,0.34900507,-0.7007966,0.9703865,1.0,1.0,1.0,13.0,25.0,0.00017128579,8.789671e-05,388.0,258.0,0.0004229324,0.0004721106,0
5.0,75.0,16.0,-3.3281063e-07,6.0873695e-10,2.4672596e-05,-1.4655911,0.003929596,1.0,1.0,2.0,1.0,3.0,9.9261085e-11,1.332893e-11,375.0,80.0,8.116493e-12,3.804606e-11,0
1.0,252.0,236.0,0.2754308,0.1162267,0.3409204,-1.0621322,0.7666921,1.0,1.0,1.0,9.0,23.0,0.00019774945,0.0001618531,332.0,236.0,0.00046121707,0.000492486,0
1.0,188.0,189.0,2.7385836e-06,2.4363128e-10,1.5608692e-05,-1.4228863,-0.07848381,1.0,1.0,1.0,54.0,61.0,6.1574785e-13,9.692337e-13,188.0,189.0,1.2959111e-12,1.2890544e-12,0
5.0,75.0,16.0,2.1535532e-06,5.855113e-10,2.4197341e-05,-1.489803,0.004379442,1.0,1.0,2.0,1.0,2.0,9.5685834e-11,1.3138403e-11,375.0,80.0,7.806817e-12,3.6594457e-11,0
5.0,940.0,188.0,-5.370822e-06,1.011658e-10,1.0058121e-05,-0.9044532,-0.4285124,1.0,1.0,1.0,58.0,62.0,3.849843e-13,7.907341e-13,4792.0,940.0,1.07623186e-13,5.3811594e-13,0
5.0,75.0,16.0,2.3918512e-06,5.9395583e-10,2.437121e-05,-1.4662284,-0.098579615,1.0,1.0,2.0,1.0,0.0,9.6673516e-11,9.73149e-12,375.0,80.0,7.919411e-12,3.712224e-11,0
5.0,245.0,50.0,0.27865025,0.08015623,0.28311875,-1.4173425,0.4406079,1.0,1.0,1.0,3.0,11.0,0.0016830785,0.00031372323,1225.0,250.0,0.0003271683,0.0016031247,0
5.0,255.0,52.0,2.5286434e-05,3.6657824e-10,1.9146233e-05,-0.5913692,-0.7488444,1.0,1.0,1.0,7.0,17.0,4.466803e-12,6.2655957e-13,1275.0,260.0,1.4375618e-12,7.049582e-12,0
1.0,841.0,737.0,0.11336649,0.024541618,0.15665765,-0.68099654,0.98573214,5.0,1.0,1.0,112.0,114.0,6.5170734e-06,8.601532e-06,1151.0,737.0,2.9181472e-05,3.3299348e-05,0
1.0,396.0,397.0,1.213706e-05,4.862786e-10,2.2051725e-05,-0.80495304,-0.72243917,1.0,1.0,1.0,127.0,132.0,2.461912e-13,5.3936575e-13,552.0,397.0,1.2279762e-12,1.224883e-12,0
5.0,210.0,43.0,-5.731292e-06,4.085934e-10,2.0213694e-05,-1.5240909,0.019763317,1.0,1.0,1.0,4.0,11.0,9.272851e-12,1.2100568e-12,1050.0,215.0,1.945683e-12,9.5021725e-12,0
5.0,175.0,36.0,0.3305023,0.14902332,0.38603538,-0.865802,0.8167309,2.0,1.0,1.0,2.0,3.0,0.04597749,0.09615985,875.0,180.0,0.00085156184,0.0041395365,1
1.0,390.0,391.0,-3.4055856e-06,8.0602314e-10,2.8390547e-05,-1.4815557,0.03789691,1.0,1.0,1.0,118.0,134.0,4.2784016e-13,6.693257e-13,542.0,391.0,2.066726e-12,2.0614402e-12,0
5.0,40.0,9.0,1.004588,0.011884346,0.109015346,-1.2604741,-0.1138306,1.0,1.0,1.0,1.0,0.0,0.0057008048,0.001645761,200.0,45.0,0.00029710864,0.0013204828,0
1.0,307.0,273.0,0.23384447,0.1302589,0.360914,-0.1340706,1.2200993,1.0,1.0,1.0,14.0,24.0,0.0002163915,0.000116414565,419.0,273.0,0.0004242961,0.00047713882,0
1.0,191.0,192.0,0.10729471,0.021037867,0.14504436,-0.71037716,0.95975024,2.0,1.0,1.0,18.0,27.0,0.00010143205,0.00016376481,191.0,192.0,0.0001101459,0.000109572225,0
5.0,240.0,49.0,0.17307056,0.025354309,0.15923037,-1.4718033,0.4611446,1.0,1.0,1.0,4.0,6.0,0.00075579016,0.00037737665,1200.0,245.0,0.000105642954,0.0005174349,1
5.0,275.0,56.0,1.3493348e-06,3.0631517e-10,1.7501861e-05,-1.3932574,-0.13689347,1.0,1.0,1.0,9.0,18.0,4.1157524e-12,1.0437326e-12,1375.0,280.0,1.1138733e-12,5.4699136e-12,0
1.0,161.0,163.0,-5.429011e-06,1.824873e-10,1.3508786e-05,-1.427364,-0.060210828,1.0,1.0,1.0,49.0,55.0,5.522557e-13,8.3291685e-13,219.0,163.0,1.1334615e-12,1.119554e-12,0
1.0,198.0,191.0,0.3300602,0.13948196,0.37347284,-1.2480897,0.623999,1.0,1.0,1.0,16.0,25.0,0.00027319143,0.00015619776,254.0,191.0,0.0007044543,0.00073027203,0
5.0,192.0,30.0,-3.0813997e-06,1.3621307e-10,1.1671035e-05,-1.0017712,0.12291538,2.0,1.0,1.0,2.0,4.0,4.0636574e-11,7.725926e-11,3222.0,150.0,7.0944303e-13,4.5404353e-12,1
5.0,340.0,69.0,1.5588073e-06,5.6236166e-10,2.3714165e-05,-1.4732131,-0.106413215,1.0,1.0,1.0,10.0,26.0,5.157478e-12,8.066313e-13,1700.0,345.0,1.6540048e-12,8.150169e-12,0
5.0,80.0,17.0,2.2229176e-06,1.6327874e-10,1.2778057e-05,-1.3327174,-0.08931725,1.0,1.0,2.0,1.0,5.0,2.4016285e-11,5.13534e-12,400.0,85.0,2.0409844e-12,9.604632e-12,0
5.0,240.0,49.0,0.3552066,0.20774077,0.45578587,-0.8541983,0.86318904,1.0,1.0,1.0,1.0,2.0,0.00589199,0.00041134527,1200.0,245.0,0.00086558657,0.0042396076,0
1.0,617.0,618.0,3.6067755e-07,1.4147832e-10,1.1894465e-05,-1.1747755,-0.1911038,2.0,1.0,1.0,51.0,122.0,3.341911e-13,8.4006814e-13,799.0,618.0,2.2930033e-13,2.2892932e-13,1
5.0,475.0,96.0,0.65211564,0.13819163,0.37174135,-1.4756566,0.1907924,1.0,1.0,1.0,15.0,30.0,0.0006716233,0.00013858794,2375.0,480.0,0.00029092975,0.0014394962,0
1.0,171.0,172.0,4.5670618e-06,3.3370298e-10,1.826754e-05,-0.97764796,-0.38304102,2.0,2.0,1.0,16.0,26.0,1.6371326e-11,3.931133e-11,233.0,172.0,1.9514793e-12,1.9401336e-12,1
5.0,605.0,122.0,5.084253e-06,1.8233319e-10,1.35030805e-05,-1.4403343,-0.111545056,1.0,1.0,1.0,32.0,41.0,8.1942005e-13,1.0461124e-12,3025.0,610.0,3.0137717e-13,1.4945343e-12,0
5.0,255.0,52.0,0.23469141,0.113947704,0.3375614,-0.45093566,1.0807317,1.0,1.0,1.0,1.0,5.0,0.0035406263,0.00028843182,1275.0,260.0,0.00044685375,0.0021913021,0
5.0,370.0,75.0,0.7082918,0.035369407,0.18806757,-1.4501455,0.09370457,1.0,1.0,1.0,15.0,25.0,0.00029000183,8.144547e-05,1850.0,375.0,9.559299e-05,0.00047159212,0
5.0,75.0,16.0,2.9166674e-06,4.9141136e-10,2.21678e-05,-1.4349234,-0.059948996,1.0,1.0,2.0,1.0,2.0,7.970614e-11,9.675712e-12,375.0,80.0,6.552151e-12,3.071321e-11,0
5.0,240.0,49.0,0.25910535,0.12270457,0.35029212,-0.7295327,0.9525818,1.0,1.0,1.0,1.0,5.0,0.003806131,0.00034614396,1200.0,245.0,0.000511269,0.002504175,0
5.0,110.0,23.0,2.2204647e-06,7.9396956e-10,2.8177466e-05,-1.4982209,0.04401545,1.0,1.0,2.0,1.0,6.0,6.205412e-11,5.8797602e-12,550.0,115.0,7.217905e-12,3.4520418e-11,0
5.0,230.0,47.0,-5.5798155e-06,6.1721367e-10,2.4843786e-05,-1.3819666,-0.01700063,1.0,1.0,1.0,2.0,15.0,1.1285522e-11,6.8125394e-13,1150.0,235.0,2.6835379e-12,1.3132206e-11,0
1.0,169.0,170.0,-2.5671138e-06,5.210298e-10,2.2826076e-05,-1.1340325,-0.27698016,2.0,2.0,1.0,2.0,4.0,5.803616e-12,1.0835467e-11,169.0,170.0,3.0830163e-12,3.064881e-12,1
5.0,185.0,38.0,4.425111e-06,5.282383e-10,2.2983435e-05,-1.1702154,-0.2864517,1.0,1.0,1.0,2.0,11.0,1.1937492e-11,1.1976489e-12,925.0,190.0,2.855342e-12,1.3901008e-11,0
1.0,183.0,184.0,2.3132875e-06,1.9784652e-10,1.4065792e-05,-1.4839028,0.019116003,1.0,1.0,1.0,49.0,54.0,4.993158e-13,7.098087e-13,207.0,184.0,1.0811286e-12,1.0752528e-12,0
1.0,410.0,392.0,0.39507425,0.17763932,0.4214728,-1.1892247,0.6329496,2.0,1.0,1.0,47.0,46.0,0.00011301782,0.0001389031,568.0,392.0,0.00043326663,0.00045316154,0
5.0,270.0,55.0,-2.6861294e-06,3.045492e-10,1.7451337e-05,-1.4859579,-0.038519077,1.0,1.0,1.0,11.0,18.0,4.48739e-12,1.1182511e-12,1370.0,275.0,1.1279599e-12,5.537258e-12,0
1.0,180.0,181.0,-1.539893e-06,2.2431929e-10,1.4977292e-05,-1.4614961,-0.0003316724,5.0,1.0,1.0,26.0,32.0,1.8944028e-12,5.059638e-12,208.0,181.0,1.2462183e-12,1.2393331e-12,0
1.0,193.0,194.0,5.798177e-06,6.141589e-10,2.4782228e-05,-1.3177555,0.071551815,1.0,1.0,1.0,1.0,1.0,6.2546105e-12,1.1356505e-11,259.0,194.0,3.1821702e-12,3.1657673e-12,1
5.0,785.0,158.0,2.805442e-06,6.344314e-10,2.5187921e-05,-1.3453066,-0.25838435,1.0,1.0,1.0,38.0,56.0,1.5514252e-12,9.533697e-13,3925.0,790.0,8.0819287e-13,4.0153887e-12,0
5.0,375.0,76.0,0.6665724,0.06346751,0.25192758,-1.3992386,0.1825138,1.0,1.0,1.0,15.0,25.0,0.00050038006,0.000109226436,1875.0,380.0,0.00016924669,0.0008350988,0
5.0,240.0,49.0,-3.3475533e-06,3.6427042e-10,1.908587e-05,-1.5005443,0.0041571255,1.0,1.0,1.0,6.0,18.0,6.4297556e-12,1.2711571e-12,1200.0,245.0,1.5177934e-12,7.43409e-12,0
5.0,835.0,160.0,5.5228827e-07,4.1684295e-10,2.0416732e-05,-1.0230885,0.3349471,2.0,2.0,1.0,2.0,3.0,4.926662e-11,1.4312655e-10,5975.0,800.0,4.9921314e-13,2.6052684e-12,1
5.0,95.0,20.0,-7.995916e-06,2.883002e-10,1.6979404e-05,-1.3833579,0.18337356,1.0,1.0,1.0,2.0,6.0,3.4499126e-11,1.1823911e-11,475.0,100.0,3.0347387e-12,1.4415009e-11,0
5.0,100.0,21.0,3.0094304e-06,5.227865e-10,2.2864524e-05,-1.385647,-0.29113603,1.0,1.0,2.0,3.0,5.0,5.68352e-11,2.5759046e-11,500.0,105.0,5.227865e-12,2.4894595e-11,0
1.0,183.0,185.0,-3.519951e-06,5.304922e-10,2.3032417e-05,-1.4857589,-0.037119728,1.0,1.0,1.0,50.0,62.0,8.4772445e-13,6.8420465e-13,255.0,185.0,2.8988645e-12,2.8675254e-12,0
5.0,95.0,20.0,0.131912,0.011402381,0.10678193,-1.4993441,0.0878051,1.0,1.0,1.0,1.0,3.0,0.00128524,0.00038127636,475.0,100.0,0.00012002506,0.000570119,0
1.0,179.0,180.0,9.223773e-07,2.0971153e-10,1.4481419e-05,-1.4559628,-0.00071283913,1.0,1.0,1.0,53.0,58.0,5.8180256e-13,9.245826e-13,205.0,180.0,1.1715727e-12,1.165064e-12,0
5.0,75.0,16.0,-2.897669e-07,6.463081e-10,2.542259e-05,-1.4785506,-0.067116275,1.0,1.0,2.0,1.0,0.0,1.0580437e-10,1.2839584e-11,375.0,80.0,8.617441e-12,4.0394257e-11,0
5.0,465.0,94.0,0.53507066,0.1347357,0.36706364,-1.3688294,0.293715,1.0,1.0,1.0,14.0,26.0,0.00071932294,0.0002194035,2325.0,470.0,0.0002897542,0.0014333586,0
5.0,400.0,81.0,0.23514979,0.114942074,0.33903107,0.2058072,1.3272861,1.0,1.0,1.0,2.0,12.0,0.0019542028,0.00020402536,2000.0,405.0,0.0002873552,0.0014190379,0
1.0,637.0,574.0,0.097848155,0.021252152,0.14578117,-0.37585998,1.1288898,2.0,1.0,1.0,76.0,77.0,9.117539e-06,9.824076e-06,835.0,574.0,3.3362874e-05,3.7024656e-05,0
5.0,200.0,41.0,-7.5273506e-06,1.7507996e-10,1.3231779e-05,-0.8924161,-0.42329493,1.0,1.0,1.0,5.0,12.0,4.148037e-12,8.9703017e-13,1016.0,205.0,8.7539985e-13,4.270243e-12,0
5.0,75.0,16.0,1.7652446e-06,1.21282e-10,1.101281e-05,-1.4431407,0.032292336,1.0,1.0,2.0,1.0,2.0,1.9576507e-11,2.834977e-12,375.0,80.0,1.6170933e-12,7.580125e-12,0
1.0,190.0,191.0,4.6800346e-06,4.4151577e-10,2.1012276e-05,-1.2173432,-0.19064203,1.0,1.0,1.0,29.0,45.0,2.6514476e-12,5.4236975e-12,190.0,191.0,2.3237673e-12,2.311601e-12,0
5.0,105.0,22.0,2.8237198e-06,9.139267e-10,3.023122e-05,-1.5022999,0.060962643,1.0,1.0,2.0,1.0,5.0,7.829891e-11,7.4702345e-12,525.0,110.0,8.7040635e-12,4.1542124e-11,0
1.0,289.0,290.0,-1.0715736e-05,2.721974e-10,1.6498405e-05,-1.4115366,-0.021957787,2.0,2.0,2.0,1.0,8.0,1.5711541e-12,2.860394e-12,347.0,290.0,9.418594e-13,9.386117e-13,1
1.0,256.0,257.0,3.0451588e-06,6.316685e-10,2.5133017e-05,-1.2361361,-0.08656072,1.0,1.0,1.0,1.0,5.0,2.5180053e-12,4.792815e-12,256.0,257.0,2.467455e-12,2.4578542e-12,1
1.0,438.0,439.0,0.024136554,0.00049212214,0.022183826,-1.4533534,0.2924175,12.0,1.0,1.0,82.0,94.0,3.1608217e-06,8.672923e-06,438.0,439.0,1.1235666e-06,1.1210071e-06,0
1.0,200.0,201.0,0.14624871,0.027209174,0.16495204,-0.9371806,0.81695515,2.0,1.0,1.0,17.0,22.0,0.00011277853,0.00020667701,200.0,201.0,0.00013604587,0.00013536902,0
1.0,199.0,200.0,-9.359005e-08,3.158079e-10,1.7770984e-05,-1.4665973,-0.048738115,1.0,1.0,1.0,34.0,31.0,1.1680807e-12,2.7144914e-12,255.0,200.0,1.5869745e-12,1.5790395e-12,0
5.0,245.0,50.0,-3.8330305e-05,3.5266e-11,5.9385184e-06,-1.4112916,0.0027278473,1.0,1.0,1.0,17.0,19.0,8.448888e-13,8.969036e-13,1225.0,250.0,1.4394285e-13,7.0531997e-13,0
5.0,80.0,17.0,1.2237247e-06,1.9809109e-10,1.4074483e-05,-1.4905692,-0.106576316,1.0,1.0,2.0,2.0,4.0,2.9605107e-11,6.8979466e-12,400.0,85.0,2.4761384e-12,1.1652417e-11,0
5.0,95.0,20.0,8.9249505e-07,1.7857725e-10,1.336328e-05,-1.351002,-0.20115079,1.0,1.0,2.0,1.0,7.0,1.977205e-11,3.9610338e-12,475.0,100.0,1.8797605e-12,8.928863e-12,0
5.0,500.0,101.0,0.3927774,0.14481916,0.3805511,-1.3178593,0.5202055,1.0,1.0,1.0,4.0,15.0,0.00079914345,0.00017736256,2500.0,505.0,0.0002896383,0.001433853,0
1.0,182.0,183.0,-3.4398522e-06,3.6499756e-10,1.910491e-05,-0.7475564,-0.69384265,1.0,1.0,1.0,21.0,25.0,1.8350245e-12,4.1972354e-12,182.0,183.0,2.005481e-12,1.9945222e-12,0
5.0,105.0,22.0,-6.560909e-09,6.5108885e-10,2.5516441e-05,-1.4828508,-0.0068459357,1.0,1.0,2.0,2.0,6.0,5.551665e-11,5.47983e-12,525.0,110.0,6.200846e-12,2.9594948e-11,0
5.0,135.0,28.0,0.08927274,0.005984676,0.07736069,-1.4251503,0.13347831,2.0,1.0,1.0,1.0,2.0,0.0026645835,0.0055804444,675.0,140.0,4.4330933e-05,0.00021373843,1
5.0,225.0,46.0,5.0687845e-06,4.2312248e-10,2.0569942e-05,-1.3702939,-0.08056104,1.0,1.0,1.0,5.0,15.0,8.231358e-12,1.1324043e-12,1125.0,230.0,1.8805443e-12,9.198315e-12,0
1.0,437.0,438.0,0.0145889735,0.00090091914,0.030015316,1.7233955,1.8308768,3.0,2.0,1.0,2.0,9.0,1.049215e-05,1.4395686e-05,437.0,438.0,2.0615998e-06,2.056893e-06,1
1.0,598.0,599.0,9.838438e-06,1.3542198e-10,1.1637095e-05,-1.4150791,-0.12380697,1.0,1.0,1.0,182.0,196.0,2.2867003e-13,6.472084e-13,822.0,599.0,2.2645818e-13,2.2608011e-13,0
5.0,355.0,72.0,0.72890353,0.03838416,0.19591875,-1.4976654,0.051032558,1.0,1.0,1.0,15.0,26.0,0.00033543026,9.6841635e-05,1775.0,360.0,0.00010812438,0.0005331133,0
5.0,130.0,27.0,-2.8068888e-07,2.4341673e-10,1.5601818e-05,-1.297874,0.16358581,1.0,1.0,1.0,1.0,7.0,1.603622e-11,1.839886e-12,650.0,135.0,1.8724365e-12,9.015434e-12,0
5.0,210.0,43.0,0.3450316,0.19410074,0.44056866,-0.86041236,0.87040037,1.0,1.0,1.0,2.0,9.0,0.0073574875,0.0013098216,1050.0,215.0,0.0009242892,0.0045139706,0
1.0,205.0,207.0,7.768149e-06,7.219219e-10,2.6868605e-05,-1.411776,-0.112604104,1.0,1.0,1.0,53.0,67.0,9.391333e-13,8.67145e-13,287.0,207.0,3.5215702e-12,3.4875455e-12,0
5.0,475.0,96.0,0.5333817,0.16099453,0.40124124,-1.4295716,0.18629475,1.0,1.0,1.0,9.0,27.0,0.0007575406,7.7693185e-05,2375.0,480.0,0.00033893585,0.0016770263,0
5.0,215.0,44.0,0.2548784,0.058101114,0.24104173,-1.5479482,0.36763012,1.0,1.0,1.0,4.0,12.0,0.0015589723,0.0002437862,1075.0,220.0,0.00027023774,0.0013204799,0
1.0,488.0,453.0,0.1459227,0.032693207,0.18081263,-1.0689473,0.7718679,1.0,1.0,1.0,24.0,87.0,1.9554509e-05,1.37751085e-05,634.0,453.0,6.6994275e-05,7.2170435e-05,0
5.0,205.0,42.0,5.256756e-06,5.342142e-10,2.3113074e-05,-1.4792659,-0.054209147,1.0,1.0,1.0,3.0,11.0,1.2435763e-11,1.6964495e-12,1025.0,210.0,2.6059229e-12,1.27193854e-11,0
5.0,185.0,38.0,0.14644614,0.037642837,0.19401762,-0.7705914,0.93634975,1.0,1.0,1.0,2.0,7.0,0.0019899588,0.0005244969,925.0,190.0,0.00020347479,0.000990601,0
1.0,172.0,173.0,7.562725e-06,4.629795e-10,2.1516958e-05,-1.4248329,-0.0865799,1.0,1.0,1.0,2.0,2.0,6.555814e-12,1.23006145e-11,234.0,173.0,2.6917411e-12,2.676182e-12,1
1.0,184.0,175.0,3.9287543e-06,6.8988565e-10,2.6265674e-05,-1.3314447,0.005884712,1.0,1.0,1.0,37.0,53.0,2.1447124e-12,3.4801756e-12,294.0,175.0,3.7493784e-12,3.9422038e-12,1
1.0,231.0,232.0,2.2651313e-06,4.6113194e-10,2.1473983e-05,-1.3689971,0.009416841,2.0,2.0,1.0,1.0,7.0,3.4149933e-12,6.3157223e-12,231.0,232.0,1.9962421e-12,1.9876377e-12,1
5.0,245.0,50.0,0.31834018,0.13403311,0.36610535,-1.2047337,0.65382,1.0,1.0,1.0,1.0,4.0,0.0031275554,0.00028239805,1225.0,250.0,0.00054707396,0.0026806623,0
1.0,177.0,178.0,2.714598e-06,7.429014e-10,2.7256217e-05,-1.4306011,-0.061023977,1.0,1.0,1.0,43.0,56.0,1.4274218e-12,1.4108921e-12,197.0,178.0,4.197183e-12,4.1736033e-12,0
5.0,580.0,117.0,3.7418888e-06,4.2227594e-10,2.0549354e-05,-1.401847,-0.10443775,1.0,1.0,1.0,26.0,39.0,1.6850316e-12,8.8763496e-13,2900.0,585.0,7.28062e-13,3.609196e-12,0
5.0,195.0,40.0,-2.5710951e-06,2.6941357e-10,1.6413824e-05,-1.5284215,0.06583811,1.0,1.0,1.0,1.0,11.0,7.0951526e-12,8.407188e-13,975.0,200.0,1.3816082e-12,6.7353393e-12,0
5.0,100.0,21.0,4.259463e-06,5.9121796e-10,2.4314975e-05,-1.2509563,0.08874067,1.0,1.0,2.0,1.0,4.0,6.311959e-11,1.0641814e-11,500.0,105.0,5.91218e-12,2.8153237e-11,0
1.0,440.0,441.0,3.1349552e-07,3.0481836e-10,1.7459048e-05,-1.14153,0.133963,2.0,2.0,1.0,2.0,3.0,1.7687948e-11,5.2041586e-11,606.0,441.0,6.9276903e-13,6.9119813e-13,1
5.0,90.0,19.0,0.13694164,0.020118883,0.14184104,-1.313775,0.51807034,1.0,1.0,1.0,1.0,2.0,0.0028539947,0.0006995087,450.0,95.0,0.00022354313,0.0010588885,0
1.0,208.0,196.0,0.16428016,0.024918627,0.15785635,-1.3146014,0.483691,1.0,1.0,1.0,23.0,35.0,8.6685104e-05,0.00014515773,276.0,196.0,0.000119801094,0.00012713585,0
1.0,209.0,210.0,0.3592988,0.18625318,0.4315706,-1.061057,0.74615633,2.0,1.0,1.0,21.0,26.0,0.00035285993,0.00025089705,209.0,210.0,0.0008911635,0.00088691985,0
5.0,331.0,67.0,-8.703128e-07,2.7751293e-10,1.665872e-05,-1.1996199,0.20870014,9.0,2.0,2.0,10.0,12.0,1.7576673e-10,4.858439e-10,1663.0,335.0,8.3840763e-13,4.141984e-12,1
1.0,178.0,179.0,0.42519417,0.15638383,0.39545396,-1.3020629,0.56745213,1.0,1.0,1.0,25.0,30.0,0.00041516294,0.00042821933,178.0,179.0,0.0008785608,0.00087365264,0
5.0,95.0,20.0,-2.926714e-06,5.1587973e-10,2.2712986e-05,-1.4333245,0.24395035,1.0,1.0,2.0,2.0,6.0,6.243037e-11,2.3495006e-11,475.0,100.0,5.430313e-12,2.5793985e-11,0
1.0,229.0,230.0,-2.8001243e-06,6.8895534e-10,2.6247959e-05,-1.4812499,-0.06732148,1.0,1.0,1.0,57.0,70.0,8.735332e-13,9.261943e-13,229.0,230.0,3.0085385e-12,2.9954578e-12,0
5.0,95.0,20.0,-7.4605356e-07,2.1097259e-10,1.4524895e-05,-1.088291,-0.35239413,1.0,1.0,2.0,2.0,3.0,1.9644905e-11,5.038425e-12,475.0,100.0,2.220764e-12,1.0548629e-11,0
5.0,105.0,22.0,8.4862774e-07,4.6310838e-10,2.1519952e-05,-1.5159371,-0.0038729454,1.0,1.0,2.0,1.0,4.0,3.9578996e-11,3.8957158e-12,525.0,110.0,4.410556e-12,2.1050382e-11,0
5.0,281.0,57.0,-6.7194696e-06,2.5348362e-10,1.5921169e-05,-1.4414045,0.063140795,1.0,1.0,1.0,11.0,19.0,3.3670705e-12,9.052948e-13,1425.0,285.0,9.0207697e-13,4.447081e-12,0
5.0,100.0,21.0,2.7143062e-06,8.7480545e-10,2.957711e-05,-1.4998913,0.017594768,1.0,1.0,2.0,1.0,2.0,8.194669e-11,6.7171893e-12,500.0,105.0,8.748054e-12,4.1657403e-11,0
5.0,95.0,20.0,0.13452582,0.022387352,0.14962403,-1.2151728,0.63772756,1.0,1.0,1.0,1.0,3.0,0.003106255,0.00073089806,475.0,100.0,0.00023565633,0.0011193677,0
5.0,195.0,40.0,0.3457829,0.12777314,0.35745367,-0.73156446,0.86480945,2.0,1.0,1.0,3.0,3.0,0.032128472,0.058065783,975.0,200.0,0.00065524684,0.0031943282,1
1.0,293.0,294.0,1.7511297e-06,7.407908e-10,2.7217473e-05,-1.509555,0.06887404,1.0,1.0,1.0,91.0,100.0,6.0595057e-13,8.0769175e-13,411.0,294.0,2.5282964e-12,2.5196967e-12,0
5.0,155.0,32.0,0.027120765,0.001946944,0.04412419,-0.32043952,1.1870615,1.0,1.0,1.0,1.0,4.0,0.0002947183,0.00034290008,775.0,160.0,1.25609295e-05,6.0842e-05,0
1.0,314.0,301.0,0.20988934,0.11201335,0.33468395,-0.00046789786,1.2783339,2.0,1.0,1.0,19.0,24.0,0.00021173072,0.00023181346,364.0,301.0,0.0003567304,0.00037213735,0
5.0,80.0,17.0,2.2326142e-06,4.451299e-10,2.1098102e-05,-1.4747254,-0.06491443,1.0,1.0,2.0,1.0,2.0,6.412415e-11,6.6180212e-12,400.0,85.0,5.564124e-12,2.618411e-11,0
5.0,415.0,84.0,0.63599324,0.10592747,0.325465,-1.4902052,0.08016433,1.0,1.0,1.0,14.0,27.0,0.0006367964,6.776579e-05,2075.0,420.0,0.0002552469,0.0012610413,0
1.0,195.0,195.0,-9.060793e-07,3.3802236e-10,1.8385384e-05,1.3072801,-0.57205695,2.0,2.0,2.0,2.0,2.0,1.1502601e-10,3.349031e-10,197.0,195.0,1.733448e-12,1.733448e-12,1
5.0,200.0,41.0,0.25489703,0.11854409,0.34430233,-0.9034946,0.8771983,1.0,1.0,1.0,1.0,3.0,0.0057857977,0.0018248264,1000.0,205.0,0.0005927204,0.002891319,0
5.0,240.0,49.0,4.312911e-06,2.884386e-10,1.698348e-05,-1.4899629,0.05158672,1.0,1.0,1.0,5.0,15.0,5.092408e-12,7.6380113e-13,1200.0,245.0,1.2018275e-12,5.886502e-12,0
5.0,185.0,38.0,-1.4469505e-06,2.429141e-10,1.5585701e-05,-1.3478038,-0.11351236,1.0,1.0,1.0,6.0,12.0,6.8688184e-12,1.1079388e-12,925.0,190.0,1.3130493e-12,6.3924764e-12,0
1.0,272.0,241.0,0.28088775,0.15231915,0.39028087,-0.6730703,0.9881613,1.0,1.0,1.0,19.0,31.0,0.00024818777,0.00011722746,378.0,241.0,0.0005599969,0.00063202967,0
1.0,221.0,222.0,6.963037e-06,6.600911e-10,2.5692238e-05,-1.3099544,-0.16176704,1.0,1.0,1.0,67.0,77.0,8.710886e-13,1.0171316e-12,221.0,222.0,2.9868376e-12,2.9733833e-12,0
1.0,270.0,249.0,0.267145,0.11188099,0.33448616,-0.9727883,0.8159157,2.0,1.0,1.0,15.0,23.0,0.00017614271,0.00015148534,356.0,249.0,0.00041437402,0.00044932123,0
5.0,100.0,21.0,6.0126706e-07,1.1027843e-10,1.0501354e-05,-1.4914072,-0.15230307,1.0,1.0,2.0,3.0,4.0,1.1337404e-11,4.6407296e-12,500.0,105.0,1.1027843e-12,5.251354e-12,0
5.0,235.0,48.0,0.39163637,0.2283483,0.47785804,-1.0532582,0.7512993,1.0,1.0,1.0,1.0,4.0,0.006291187,0.00066758133,1175.0,240.0,0.0009716949,0.0047572562,0
5.0,75.0,16.0,6.9714974e-07,3.2449016e-10,1.801361e-05,-1.0197655,-0.45769396,1.0,1.0,2.0,1.0,1.0,4.19416e-11,6.990628e-12,375.0,80.0,4.3265352e-12,2.0280635e-11,0
5.0,95.0,20.0,-4.430167e-06,1.7075373e-10,1.3067277e-05,-1.5268478,-0.02915448,1.0,1.0,2.0,1.0,5.0,1.8272647e-11,3.2713088e-12,475.0,100.0,1.7974077e-12,8.537686e-12,0
5.0,90.0,19.0,-3.9968522e-06,5.45614e-10,2.3358381e-05,-1.3668593,0.25189325,2.0,1.0,3.0,2.0,1.0,3.279733e-10,8.9688024e-10,450.0,95.0,6.0623776e-12,2.8716526e-11,1
5.0,85.0,18.0,-6.545267e-08,1.9154801e-10,1.3840087e-05,-1.439293,-0.08953001,1.0,1.0,2.0,1.0,4.0,2.4602657e-11,4.159444e-12,425.0,90.0,2.253506e-12,1.0641556e-11,0
5.0,415.0,84.0,0.6178833,0.09380863,0.30628192,-1.4470496,0.19338505,1.0,1.0,1.0,9.0,27.0,0.00057291257,6.820144e-05,2075.0,420.0,0.00022604488,0.0011167694,0
5.0,230.0,47.0,-4.3557634e-06,9.936073e-10,3.1521537e-05,-1.5003462,0.063069895,1.0,1.0,1.0,3.0,14.0,1.8531236e-11,1.3937077e-12,1150.0,235.0,4.3200317e-12,2.1140582e-11,0
5.0,90.0,19.0,1.6760505e-06,2.1165188e-10,1.454826e-05,-1.455809,-0.21676165,1.0,1.0,2.0,3.0,4.0,2.8408002e-11,9.558858e-12,450.0,95.0,2.3516876e-12,1.1139573e-11,0
5.0,75.0,16.0,-2.4097862e-06,7.33906e-10,2.70907e-05,-1.4601622,-0.069898844,1.0,1.0,2.0,1.0,2.0,1.1991308e-10,1.2632961e-11,375.0,80.0,9.785414e-12,4.5869124e-11,0
5.0,225.0,46.0,-7.4820045e-06,1.0252542e-10,1.0125484e-05,-1.4602973,0.018748892,1.0,1.0,1.0,8.0,15.0,2.2378809e-12,7.4265377e-13,1125.0,230.0,4.5566854e-13,2.2288135e-12,0
5.0,400.0,81.0,0.5786261,0.13942964,0.3734028,-1.4625429,0.11612644,1.0,1.0,1.0,9.0,29.0,0.0008950099,7.28639e-05,2000.0,405.0,0.00034857413,0.0017213537,0
1.0,130.0,131.0,0.056575965,0.0029393,0.05421531,-1.2022731,0.47291413,3.0,1.0,1.0,19.0,24.0,5.292307e-05,0.00010170737,130.0,131.0,2.2609998e-05,2.2437403e-05,1
1.0,292.0,274.0,0.21526225,0.05119128,0.22625491,-1.1952693,0.5693139,2.0,1.0,1.0,27.0,37.0,7.8857935e-05,9.757334e-05,388.0,274.0,0.00017531261,0.0001868295,0
1.0,438.0,440.0,5.702657e-06,5.697817e-10,2.3870101e-05,-1.4150434,0.052275445,2.0,2.0,2.0,2.0,2.0,2.076188e-11,5.602552e-11,610.0,440.0,1.3008715e-12,1.2949584e-12,1
5.0,279.0,57.0,-3.1008734e-05,9.048193e-11,9.512199e-06,-1.334731,-0.046341226,1.0,1.0,1.0,12.0,16.0,1.2709114e-12,5.665392e-13,1391.0,285.0,3.24308e-13,1.5874022e-12,0
1.0,298.0,290.0,0.38138565,0.15933356,0.39916608,-1.3607316,0.5012921,1.0,1.0,1.0,26.0,32.0,0.00015203202,0.00014450667,356.0,290.0,0.00053467636,0.00054942607,0
1.0,195.0,196.0,3.7591722e-06,9.645157e-10,3.1056654e-05,-1.4954,-0.050040573,1.0,1.0,1.0,54.0,67.0,1.232643e-12,7.096333e-13,273.0,196.0,4.9462344e-12,4.9209985e-12,0
5.0,95.0,20.0,7.639573e-06,5.3877663e-10,2.3211562e-05,-0.81162655,-0.28963697,1.0,1.0,1.0,2.0,5.0,5.795962e-11,1.3222761e-11,475.0,100.0,5.671333e-12,2.6938831e-11,0
5.0,215.0,44.0,0.40344167,0.21714316,0.46598622,-1.1710339,0.6621061,1.0,1.0,1.0,1.0,2.0,0.006492928,0.00045432386,1075.0,220.0,0.0010099682,0.004935072,0
5.0,205.0,42.0,-6.7966303e-06,2.9131667e-10,1.7068001e-05,-1.4310064,0.022618176,1.0,1.0,1.0,4.0,11.0,6.8944104e-12,8.866032e-13,1025.0,210.0,1.4210568e-12,6.936111e-12,0
5.0,957.0,192.0,-1.1857177e-06,1.1671011e-10,1.08032455e-05,-1.0906811,0.04156184,2.0,2.0,1.0,3.0,11.0,1.4707343e-12,2.8842072e-12,4797.0,960.0,1.2195415e-13,6.078652e-13,1
5.0,335.0,68.0,0.26279792,0.10213122,0.31957975,-1.0129066,0.7730757,2.0,1.0,1.0,2.0,2.0,0.0060036476,0.014201499,1675.0,340.0,0.00030486932,0.0015019297,1
5.0,40.0,9.0,1.0130758,0.019264877,0.13879797,-1.1481744,-0.25925872,1.0,1.0,1.0,1.0,0.0,0.0074201026,0.002429641,200.0,45.0,0.00048162192,0.0021405418,0
5.0,230.0,47.0,2.2448635e-06,7.3485296e-10,2.7108172e-05,-1.3121991,-0.07377691,1.0,1.0,1.0,4.0,13.0,1.319286e-11,1.2435747e-12,1150.0,235.0,3.1950128e-12,1.5635169e-11,0
5.0,205.0,42.0,0.32049546,0.14260077,0.37762517,-1.1318836,0.6994938,1.0,1.0,1.0,2.0,3.0,0.0048978166,0.00059565,1025.0,210.0,0.0006956135,0.0033952566,0
5.0,110.0,23.0,3.9894087e-07,5.1555576e-10,2.2705852e-05,-1.5008662,0.004927022,1.0,1.0,2.0,1.0,5.0,4.0233827e-11,3.6723823e-12,550.0,115.0,4.6868702e-12,2.2415467e-11,0
1.0,535.0,536.0,4.9156565e-06,6.4782907e-10,2.5452486e-05,-1.1437299,-0.07808576,2.0,2.0,2.0,2.0,2.0,1.2962403e-11,3.661371e-11,701.0,536.0,1.2108954e-12,1.2086363e-12,1
5.0,205.0,42.0,0.121965654,0.018733509,0.13687041,-0.77059525,0.890552,1.0,1.0,1.0,3.0,5.0,0.0008236874,0.0002008243,1025.0,210.0,9.1382964e-05,0.0004460359,0
5.0,100.0,21.0,1.96587e-06,1.5201879e-10,1.232959e-05,-1.4969246,-0.16313575,1.0,1.0,2.0,1.0,4.0,1.4907646e-11,2.0000277e-12,500.0,105.0,1.520188e-12,7.2389902e-12,0
5.0,225.0,46.0,-5.1343595e-06,1.8385142e-10,1.3559182e-05,-1.4789279,-0.0036995606,1.0,1.0,1.0,7.0,15.0,3.686432e-12,5.756623e-13,1125.0,230.0,8.171174e-13,3.99677e-12,0
5.0,390.0,79.0,0.27750713,0.114173464,0.33789563,-1.0923095,0.7392652,1.0,1.0,1.0,3.0,6.0,0.0012304211,0.00031226932,1950.0,395.0,0.00029275246,0.0014452337,0
5.0,495.0,100.0,0.44963735,0.1764109,0.42001298,-1.4671352,0.3137465,1.0,1.0,1.0,9.0,22.0,0.00083377934,0.00010591501,2475.0,500.0,0.00035638563,0.0017641089,0
5.0,85.0,18.0,8.03434e-06,5.213894e-10,2.2833952e-05,-1.4764303,0.026365547,1.0,1.0,2.0,2.0,4.0,7.1197215e-11,2.6590034e-11,425.0,90.0,6.1339926e-12,2.8966076e-11,0
5.0,273.0,55.0,0.23813884,0.07108316,0.26661426,-1.3693331,0.55024457,1.0,1.0,1.0,2.0,8.0,0.0013624307,0.00016145398,1387.0,275.0,0.00026037788,0.0012924211,0
5.0,235.0,48.0,0.24864863,0.09421228,0.3069402,-0.78066176,0.94721174,1.0,1.0,1.0,2.0,3.0,0.0039080796,0.0017763311,1175.0,240.0,0.00040090331,0.0019627558,0
5.0,195.0,40.0,0.31965813,0.12925828,0.35952508,-1.2518708,0.6099853,1.0,1.0,1.0,1.0,8.0,0.0045749266,0.00055071356,975.0,200.0,0.00066286296,0.003231457,0
1.0,442.0,443.0,-4.1032886e-06,1.841268e-10,1.3569333e-05,-1.2920232,-0.18065353,1.0,1.0,1.0,135.0,149.0,2.5147815e-13,6.5588317e-13,582.0,443.0,4.1657644e-13,4.1563609e-13,0
1.0,170.0,172.0,-4.5242614e-06,1.8860818e-10,1.3733469e-05,-1.0156006,-0.41476762,2.0,2.0,1.0,2.0,13.0,1.7505867e-12,3.2342787e-12,234.0,172.0,1.1094599e-12,1.0965593e-12,1
1.0,431.0,432.0,-4.3166904e-07,1.4897944e-10,1.2205714e-05,1.7181708,0.7141639,2.0,3.0,2.0,1.0,2.0,1.639916e-11,3.296825e-11,431.0,432.0,3.4565994e-13,3.448598e-13,1
1.0,225.0,226.0,2.573581e-06,3.9915987e-10,1.9978987e-05,-1.2579966,-0.18486717,4.0,2.0,1.0,13.0,27.0,6.2379845e-12,1.3737722e-11,293.0,226.0,1.7740439e-12,1.7661942e-12,1
1.0,180.0,182.0,-5.2985047e-07,7.9053725e-10,2.8116494e-05,-1.485083,-0.03242481,1.0,1.0,1.0,51.0,64.0,1.1998542e-12,7.806929e-13,252.0,182.0,4.3918736e-12,4.343611e-12,0
5.0,205.0,42.0,3.507824e-08,2.2763796e-10,1.5087676e-05,-1.4874123,0.061505098,1.0,1.0,1.0,8.0,12.0,5.635763e-12,1.1151392e-12,1025.0,210.0,1.1104291e-12,5.419952e-12,0
5.0,420.0,61.0,-7.9861575e-06,7.8284e-10,2.7979278e-05,-1.0871865,0.45683968,2.0,1.0,1.0,1.0,2.0,6.9108434e-11,1.5817271e-10,17100.0,305.0,1.8639049e-12,1.2833443e-11,1
1.0,290.0,278.0,0.22691976,0.036096424,0.1899906,-0.9641289,0.4445424,3.0,1.0,1.0,18.0,18.0,0.00014147851,0.00028525118,402.0,278.0,0.00012447043,0.00012984325,1
1.0,176.0,167.0,-1.8754153e-06,5.69757e-10,2.3869583e-05,-1.2205775,-0.29476994,1.0,1.0,1.0,33.0,43.0,2.5053828e-12,5.010278e-12,286.0,167.0,3.2372557e-12,3.4117186e-12,1
5.0,100.0,21.0,5.817437e-06,3.6741363e-10,1.9168037e-05,-1.2792908,-0.06256573,1.0,1.0,2.0,2.0,8.0,3.609891e-11,1.006654e-11,500.0,105.0,3.674136e-12,1.7495887e-11,0
5.0,175.0,36.0,3.1372147e-06,2.2418074e-10,1.4972667e-05,-1.3463407,-0.095713735,1.0,1.0,1.0,4.0,10.0,7.18703e-12,1.8460908e-12,875.0,180.0,1.2810328e-12,6.2272427e-12,0
1.0,210.0,197.0,0.3163333,0.12682934,0.35613108,-1.2668157,0.6123544,1.0,1.0,1.0,15.0,21.0,0.00023888884,0.00014129338,282.0,197.0,0.0006039493,0.0006438038,0
5.0,420.0,85.0,0.6561139,0.066587895,0.2580463,-1.3263801,0.044144835,1.0,1.0,1.0,10.0,30.0,0.00039760215,8.3793544e-05,2100.0,425.0,0.00015854262,0.00078338705,0
1.0,359.0,360.0,-7.372667e-07,4.1183712e-10,2.029377e-05,-0.58575404,-0.80217934,2.0,2.0,1.0,1.0,3.0,1.1158629e-11,3.115375e-11,499.0,360.0,1.1471786e-12,1.143992e-12,1
5.0,235.0,48.0,0.34074968,0.15865755,0.3983184,-0.8725947,0.83559656,1.0,1.0,1.0,3.0,7.0,0.005378482,0.0021540467,1175.0,240.0,0.0006751385,0.0033053656,0
5.0,230.0,47.0,0.22336319,0.08028449,0.2833452,-0.6215524,1.016235,1.0,1.0,1.0,1.0,5.0,0.0030338645,0.00033337306,1150.0,235.0,0.00034906302,0.0017081806,0
5.0,480.0,97.0,0.49145374,0.17536904,0.41877088,-1.505965,0.18775222,1.0,1.0,1.0,12.0,26.0,0.00084401167,0.00011290923,2400.0,485.0,0.00036535217,0.0018079282,0
1.0,242.0,243.0,0.32901478,0.16468637,0.4058157,-1.043479,0.7727666,1.0,1.0,1.0,16.0,22.0,0.00030330286,0.00037142934,242.0,243.0,0.0006805222,0.0006777217,0
5.0,220.0,45.0,0.18516627,0.04348107,0.20852114,-1.3535601,0.5576155,1.0,1.0,1.0,1.0,4.0,0.0014728054,0.00072524446,1100.0,225.0,0.00019764123,0.000966246,0
5.0,495.0,100.0,4.280587e-06,4.6644305e-10,2.1597292e-05,-1.4078679,0.14764678,1.0,1.0,1.0,20.0,34.0,2.1866775e-12,7.917177e-13,2475.0,500.0,9.423092e-13,4.6644303e-12,0
1.0,476.0,477.0,-3.6393963e-06,6.4764843e-10,2.5448939e-05,-1.2436105,0.42563227,1.0,1.0,1.0,5.0,8.0,1.4893835e-12,3.0047525e-12,644.0,477.0,1.360606e-12,1.3577535e-12,1
5.0,390.0,79.0,0.37668687,0.14943615,0.3865697,-1.3495984,0.5150601,1.0,1.0,1.0,2.0,9.0,0.001423938,0.00035969855,1950.0,395.0,0.0003831696,0.0018915967,0
5.0,115.0,24.0,4.22875e-06,6.924152e-10,2.6313783e-05,-1.2690511,-0.13589397,1.0,1.0,1.0,1.0,4.0,4.8083586e-11,3.275492e-12,575.0,120.0,6.0210014e-12,2.8850632e-11,0
1.0,195.0,196.0,1.7843633e-06,6.1334743e-10,2.4765852e-05,-1.4890311,0.030573597,1.0,1.0,1.0,51.0,60.0,1.1231518e-12,1.4115141e-12,273.0,196.0,3.1453713e-12,3.1293236e-12,0
5.0,225.0,46.0,4.9217084e-07,4.2197526e-10,2.0542037e-05,-1.5052778,0.06910597,1.0,1.0,1.0,3.0,15.0,8.259901e-12,6.603074e-13,1125.0,230.0,1.8754455e-12,9.173376e-12,0
5.0,225.0,46.0,0.081021726,0.009060039,0.09518424,-1.2649513,0.620496,1.0,1.0,1.0,3.0,5.0,0.00036026214,0.00030258976,1125.0,230.0,4.026684e-05,0.00019695738,0
5.0,75.0,16.0,8.911681e-07,2.1191762e-10,1.455739e-05,-1.5018729,-0.06871582,1.0,1.0,2.0,1.0,3.0,3.568422e-11,7.74518e-12,375.0,80.0,2.8255681e-12,1.3244851e-11,0
5.0,305.0,62.0,0.22490203,0.057590935,0.23998111,-0.9348189,0.7274914,1.0,1.0,1.0,3.0,7.0,0.0014624493,0.0011859412,1525.0,310.0,0.00018882274,0.00092888606,1
5.0,465.0,94.0,-2.0737529e-05,2.7661198e-10,1.6631657e-05,-1.2724179,-0.12861522,1.0,1.0,1.0,24.0,29.0,1.366905e-12,9.041786e-13,2361.0,470.0,5.948645e-13,2.9426808e-12,0
5.0,220.0,45.0,-3.680202e-07,4.281188e-10,2.0691032e-05,-1.4882542,-0.109538026,1.0,1.0,1.0,4.0,17.0,8.794479e-12,8.849607e-13,1100.0,225.0,1.9459946e-12,9.513751e-12,0
1.0,469.0,470.0,0.26126942,0.14557205,0.38153905,-0.17617233,1.188929,2.0,1.0,1.0,36.0,71.0,9.323498e-05,7.2629744e-05,469.0,470.0,0.00031038816,0.00030972777,0
1.0,427.0,427.0,9.979503e-06,5.119774e-10,2.2626917e-05,-1.3276585,-0.1658965,1.0,1.0,1.0,129.0,145.0,3.584903e-13,7.519437e-13,595.0,427.0,1.1990103e-12,1.1990103e-12,0
1.0,330.0,331.0,7.201652e-06,4.843424e-10,2.200778e-05,-0.81605506,-0.56322706,1.0,1.0,1.0,91.0,105.0,3.839842e-13,7.271705e-13,372.0,331.0,1.4677042e-12,1.46327e-12,0
5.0,360.0,73.0,0.688694,0.0901985,0.30033067,-1.4567726,0.07819425,1.0,1.0,1.0,8.0,25.0,0.0007149665,7.5632866e-05,1800.0,365.0,0.00025055138,0.0012355959,0
1.0,220.0,221.0,-9.529907e-06,2.8473268e-10,1.6874024e-05,-0.7054198,-0.67173624,3.0,2.0,1.0,3.0,16.0,2.8258069e-12,5.7156224e-12,246.0,221.0,1.2942395e-12,1.2883831e-12,1
5.0,75.0,16.0,-3.1579923e-06,3.7888032e-10,1.946485e-05,-1.4877416,-0.048440337,1.0,1.0,2.0,1.0,1.0,6.229297e-11,6.539286e-12,375.0,80.0,5.0517377e-12,2.368002e-11,0
5.0,470.0,95.0,0.5679792,0.10414206,0.32271048,-1.4485381,0.22607045,1.0,1.0,1.0,11.0,30.0,0.0004993696,5.417214e-05,2350.0,475.0,0.00022157886,0.0010962322,0
5.0,55.0,12.0,0.96039027,0.021658529,0.14716837,-1.0921974,-0.3199159,1.0,1.0,1.0,1.0,0.0,0.0046520703,0.001000199,275.0,60.0,0.00039379142,0.0018048773,0
1.0,293.0,267.0,0.073330894,0.009457427,0.09724931,-0.56077796,1.0200235,1.0,1.0,1.0,35.0,52.0,5.3408807e-05,0.00012261866,399.0,267.0,3.227791e-05,3.5421075e-05,0
1.0,261.0,239.0,0.24769431,0.10219609,0.31968123,-0.82371265,0.90172803,1.0,1.0,1.0,10.0,22.0,0.00017786305,0.00013893016,361.0,239.0,0.0003915559,0.0004275987,0
5.0,380.0,77.0,0.19865862,0.06902571,0.26272744,-0.93027955,0.86104083,1.0,1.0,1.0,2.0,3.0,0.0010541829,0.00046849248,1900.0,385.0,0.00018164661,0.0008964378,0
5.0,85.0,18.0,-5.4956484e-08,2.1547186e-10,1.467896e-05,-1.4728729,-0.038593866,1.0,1.0,2.0,1.0,1.0,2.7785465e-11,2.9656481e-12,425.0,90.0,2.5349631e-12,1.197066e-11,0
1.0,420.0,411.0,4.5476636e-06,5.1943e-10,2.2791008e-05,-1.4030188,0.13254684,3.0,2.0,2.0,2.0,5.0,5.997633e-12,1.19862705e-11,658.0,411.0,1.2367381e-12,1.26382e-12,1
1.0,230.0,231.0,-5.7640113e-06,6.254211e-10,2.5008421e-05,-0.81487143,0.37370896,1.0,1.0,1.0,1.0,1.0,8.440557e-12,1.6065786e-11,230.0,231.0,2.7192222e-12,2.7074508e-12,1
5.0,170.0,35.0,0.04939139,0.0058047385,0.07618883,-0.13819142,1.2053314,2.0,1.0,1.0,2.0,2.0,0.003109855,0.008758533,850.0,175.0,3.414552e-05,0.00016584966,1
1.0,177.0,178.0,2.772588e-06,2.4019667e-10,1.5498279e-05,-1.3626893,-0.02225356,8.0,1.0,1.0,30.0,44.0,6.1212953e-12,1.7720287e-11,207.0,178.0,1.3570433e-12,1.3494195e-12,0
1.0,200.0,202.0,-4.01306e-06,7.030624e-10,2.6515323e-05,-1.5032768,0.042281717,1.0,1.0,1.0,53.0,63.0,2.0956522e-12,4.619261e-12,280.0,202.0,3.515312e-12,3.480507e-12,0
1.0,296.0,297.0,0.3310542,0.13037993,0.3610816,-0.6028801,1.0015368,2.0,1.0,1.0,31.0,49.0,0.00018837296,0.00021038763,296.0,297.0,0.0004404727,0.00043898963,0
5.0,400.0,81.0,0.33859596,0.1478895,0.38456404,-1.2014574,0.6508283,1.0,1.0,1.0,3.0,5.0,0.0015733183,0.0008487475,2000.0,405.0,0.00036972374,0.0018257962,0
5.0,65.0,14.0,0.9476141,0.019136854,0.13833602,-1.3146967,-0.10386801,1.0,1.0,1.0,1.0,3.0,0.0034678823,0.00079232536,325.0,70.0,0.00029441313,0.0013669181,0
5.0,287.0,58.0,0.28401682,0.086027205,0.29330394,-1.3768446,0.4677269,1.0,1.0,1.0,4.0,11.0,0.0013204117,0.00015484655,1447.0,290.0,0.00029974637,0.0014832277,0
5.0,225.0,46.0,6.626705e-06,6.1720024e-10,2.4843514e-05,-1.4705898,0.04797127,1.0,1.0,1.0,4.0,14.0,1.1945167e-11,1.4879467e-12,1125.0,230.0,2.743112e-12,1.3417396e-11,0
5.0,260.0,53.0,0.38142678,0.15522254,0.39398292,-1.0537177,0.7518878,1.0,1.0,1.0,3.0,11.0,0.0036555429,0.0008763272,1300.0,265.0,0.0005970098,0.002928727,0
1.0,370.0,319.0,0.005806105,3.7959424e-05,0.0061611217,-1.4183006,0.45663643,37.0,1.0,1.0,48.0,65.0,2.4149238e-06,6.739055e-06,510.0,319.0,1.02593035e-07,1.18995054e-07,0
5.0,245.0,50.0,-3.4800887e-06,4.9174875e-10,2.2175409e-05,-1.4644593,-0.0411506,1.0,1.0,1.0,5.0,16.0,8.2104636e-12,1.011831e-12,1225.0,250.0,2.0071377e-12,9.834976e-12,0
1.0,290.0,291.0,0.21367058,0.09770553,0.31257883,-0.42017516,1.1067563,2.0,1.0,1.0,13.0,17.0,0.00016949976,0.00018782727,290.0,291.0,0.0003369156,0.00033575782,0
5.0,245.0,50.0,2.462712e-07,9.1105173e-10,3.0183633e-05,-1.5040574,0.028028607,1.0,1.0,1.0,3.0,14.0,1.5016207e-11,8.9959154e-13,1225.0,250.0,3.7185784e-12,1.8221034e-11,0
1.0,177.0,179.0,4.1472435e-06,6.280266e-10,2.5060457e-05,-0.8749599,-0.20645083,1.0,1.0,1.0,1.0,2.0,1.0047558e-11,1.9378686e-11,229.0,179.0,3.5481726e-12,3.508528e-12,1
5.0,190.0,39.0,-2.036957e-05,3.4030784e-10,1.8447434e-05,-1.4824939,0.026762221,1.0,1.0,1.0,7.0,12.0,9.409658e-12,1.6060684e-12,950.0,195.0,1.7910939e-12,8.725842e-12,0
1.0,154.0,155.0,0.17099953,0.02533513,0.15917012,-1.4816965,0.25570667,2.0,1.0,1.0,16.0,18.0,0.00014700195,0.00031265305,154.0,155.0,0.00016451383,0.00016345245,0
1.0,202.0,203.0,1.8956792e-06,5.732081e-10,2.3941764e-05,-1.5034648,-0.016668478,1.0,1.0,1.0,54.0,61.0,1.7740205e-12,3.708229e-12,206.0,203.0,2.8376637e-12,2.823685e-12,0
5.0,261.0,53.0,0.22171214,0.05296214,0.23013504,-1.3594884,0.58923334,1.0,1.0,1.0,1.0,7.0,0.0013052449,0.000418359,1311.0,265.0,0.00020292007,0.0009992856,0
5.0,70.0,15.0,1.5009093e-06,4.920434e-10,2.2182052e-05,-1.4427989,-0.1336104,1.0,1.0,2.0,1.0,0.0,9.292075e-11,9.288664e-12,350.0,75.0,7.0291915e-12,3.2802892e-11,0
5.0,240.0,49.0,-1.4222717e-06,8.3543095e-10,2.8903823e-05,-1.4939921,-0.014162686,1.0,1.0,1.0,8.0,15.0,1.4782895e-11,2.120667e-12,1200.0,245.0,3.4809625e-12,1.7049612e-11,0
5.0,255.0,52.0,1.3441497e-05,6.8982403e-10,2.62645e-05,-1.120866,-0.34052753,1.0,1.0,1.0,5.0,17.0,1.023275e-11,9.691921e-13,1275.0,260.0,2.7051922e-12,1.3265847e-11,0
5.0,235.0,48.0,0.31565595,0.13916665,0.37305048,-1.1381214,0.6977,1.0,1.0,1.0,2.0,3.0,0.0036636945,0.0004714807,1175.0,240.0,0.0005921985,0.0028993054,0
1.0,196.0,197.0,1.79753e-08,7.739084e-10,2.781921e-05,-1.4850695,-0.06662275,1.0,1.0,1.0,44.0,55.0,1.4800674e-12,2.0558431e-12,272.0,197.0,3.948512e-12,3.928469e-12,0
5.0,340.0,69.0,0.20127851,0.109467246,0.33085835,0.26368046,1.3642188,1.0,1.0,1.0,1.0,6.0,0.0025947697,0.00024261524,1700.0,345.0,0.00032196246,0.0015864818,0
5.0,285.0,58.0,0.2401767,0.09444121,0.30731288,-0.33895254,1.1121026,1.0,1.0,1.0,2.0,7.0,0.0025276644,0.0004487531,1425.0,290.0,0.00033137266,0.0016282967,0
5.0,205.0,42.0,0.2763987,0.09511946,0.30841443,-1.2719553,0.5969681,1.0,1.0,1.0,2.0,5.0,0.0031065496,0.0005781131,1025.0,210.0,0.00046399736,0.002264749,0
5.0,80.0,17.0,-2.1882724e-06,1.5864965e-10,1.259562e-05,-1.4797639,-0.05780665,1.0,1.0,2.0,1.0,1.0,2.2432244e-11,3.9933803e-12,400.0,85.0,1.9831207e-12,9.332333e-12,0
1.0,209.0,210.0,-5.8042096e-06,2.2828398e-10,1.510907e-05,-1.0094025,-0.26592663,2.0,2.0,2.0,2.0,2.0,3.4101708e-11,9.9686356e-11,209.0,210.0,1.0922679e-12,1.0870665e-12,1
5.0,250.0,43.0,5.071793e-06,4.3865253e-10,2.0944033e-05,-1.3948282,-0.3634895,1.0,1.0,1.0,2.0,2.0,1.6657469e-11,1.1186018e-11,3050.0,215.0,1.7546101e-12,1.0201222e-11,1
1.0,193.0,194.0,-3.7372765e-06,8.1664436e-10,2.857699e-05,-1.4758694,-0.016484793,1.0,1.0,1.0,45.0,62.0,3.1669333e-12,6.0617453e-12,193.0,194.0,4.231318e-12,4.209507e-12,0
5.0,80.0,17.0,1.3849005e-06,1.7213683e-10,1.3120092e-05,-1.4658158,-0.08828611,1.0,1.0,2.0,1.0,2.0,2.5368877e-11,3.9958267e-12,400.0,85.0,2.1517105e-12,1.0125695e-11,0
5.0,90.0,19.0,-2.9114642e-06,3.7013823e-10,1.9238976e-05,-1.5101308,0.047806207,1.0,1.0,2.0,1.0,2.0,4.47725e-11,1.0602178e-11,450.0,95.0,4.112647e-12,1.9480959e-11,0
1.0,556.0,557.0,9.700626e-07,6.0753497e-10,2.4648223e-05,-1.4291537,0.06968624,1.0,1.0,1.0,159.0,181.0,2.9387796e-13,6.0693003e-13,556.0,557.0,1.0926888e-12,1.090727e-12,0
1.0,300.0,301.0,0.001448343,1.2861338e-05,0.0035862708,4.05522,2.3374991,7.0,1.0,1.0,14.0,17.0,9.308226e-07,2.7084143e-06,300.0,301.0,4.287113e-08,4.27287e-08,0
5.0,170.0,35.0,-3.085101e-06,5.862609e-11,7.656768e-06,-1.435701,0.029088832,1.0,1.0,1.0,6.0,10.0,2.3318086e-12,9.90289e-13,850.0,175.0,3.4485934e-13,1.6750311e-12,0
5.0,236.0,48.0,-3.721768e-07,2.3903396e-10,1.5460724e-05,-1.4614373,-0.01108772,1.0,1.0,1.0,6.0,15.0,4.501798e-12,1.0391988e-12,1186.0,240.0,1.0128558e-12,4.9798746e-12,0
5.0,45.0,10.0,1.0367624,0.017025623,0.13048227,-1.0779407,-0.33469227,1.0,1.0,1.0,1.0,0.0,0.00513983,0.001694646,225.0,50.0,0.00037834718,0.0017025623,0
1.0,480.0,481.0,1.2177035e-05,5.308743e-10,2.304071e-05,-1.2516925,-0.12511465,1.0,1.0,1.0,121.0,137.0,2.272475e-12,6.5511108e-12,666.0,481.0,1.105988e-12,1.1036888e-12,0
1.0,168.0,170.0,-3.978198e-06,6.599194e-10,2.5688896e-05,-1.1880322,-0.01017437,2.0,2.0,1.0,1.0,3.0,2.9631717e-11,7.397554e-11,232.0,170.0,3.928092e-12,3.8818788e-12,1
1.0,203.0,186.0,0.044852924,0.0032153558,0.056704108,-0.9771592,0.7820199,2.0,1.0,1.0,17.0,27.0,3.0730364e-05,5.320819e-05,259.0,186.0,1.5839192e-05,1.728686e-05,1
5.0,355.0,72.0,0.3586827,0.15987928,0.3998491,-1.2460077,0.6023553,1.0,1.0,1.0,4.0,6.0,0.0018677016,0.0005689302,1775.0,360.0,0.0004503642,0.0022205457,0
1.0,685.0,687.0,5.635407e-06,4.0684928e-10,2.0170506e-05,-1.0062349,-0.6072766,1.0,1.0,1.0,211.0,230.0,3.0318041e-13,7.7896343e-13,939.0,687.0,5.9394053e-13,5.9221145e-13,0
5.0,215.0,44.0,0.22732747,0.049094155,0.22157201,-1.4270216,0.4370235,1.0,1.0,1.0,1.0,9.0,0.001316742,0.00019235902,1075.0,220.0,0.0002283449,0.0011157762,0
1.0,195.0,196.0,-4.6391892e-06,2.2115026e-10,1.48711215e-05,-1.5240314,0.03878033,2.0,1.0,1.0,19.0,31.0,1.6658833e-12,4.310103e-12,213.0,196.0,1.1341039e-12,1.1283177e-12,0
5.0,240.0,49.0,-4.0813748e-06,2.6730343e-10,1.6349417e-05,-1.3968092,0.03101205,1.0,1.0,1.0,7.0,14.0,4.743423e-12,9.646624e-13,1200.0,245.0,1.1137644e-12,5.4551723e-12,0
5.0,295.0,37.0,-3.7107024e-05,4.41611e-11,6.6453817e-06,-1.2837921,0.3522458,1.0,1.0,0.0,2.0,2.0,6.50459e-12,1.3006117e-11,15275.0,185.0,1.4969864e-13,1.1935432e-12,1
5.0,450.0,91.0,0.4794448,0.16844149,0.41041625,-1.4668158,0.2567121,1.0,1.0,1.0,10.0,22.0,0.00094282016,0.00023084354,2250.0,455.0,0.00037431443,0.0018510054,0
5.0,185.0,38.0,-3.6464156e-05,2.5401845e-10,1.5937956e-05,1.3747324,1.8012971,6.0,3.0,1.0,5.0,9.0,6.221187e-10,1.7903627e-09,925.0,190.0,1.3730728e-12,6.684696e-12,1
5.0,95.0,20.0,1.311647e-05,4.9099175e-10,2.2158334e-05,-0.7153421,-0.5061757,1.0,1.0,1.0,1.0,5.0,4.713093e-11,1.0624362e-11,475.0,100.0,5.168334e-12,2.4549588e-11,0
5.0,615.0,124.0,-1.4806639e-05,2.953053e-10,1.718445e-05,-1.3759989,0.021566302,1.0,1.0,1.0,37.0,39.0,9.418431e-13,7.757546e-13,3075.0,620.0,4.8017124e-13,2.3814943e-12,0
5.0,75.0,16.0,2.9034413e-06,7.932031e-10,2.8163862e-05,-1.441096,-0.11388522,1.0,1.0,2.0,1.0,1.0,1.3020418e-10,1.44910655e-11,375.0,80.0,1.0576042e-11,4.9575195e-11,0
1.0,513.0,514.0,4.173001e-07,1.7334015e-10,1.3165871e-05,-0.85952425,0.30599725,1.0,1.0,1.0,4.0,2.0,1.1309736e-12,2.510247e-12,707.0,514.0,3.3789502e-13,3.3723764e-13,1
5.0,620.0,125.0,0.409115,0.17558719,0.41903126,-1.3942633,0.45796296,1.0,1.0,1.0,14.0,23.0,0.0006090048,0.00015951032,3100.0,625.0,0.00028320515,0.0014046975,0
5.0,80.0,17.0,-1.230171e-05,4.1038322e-11,6.406116e-06,-1.488706,-0.083419435,1.0,1.0,0.0,2.0,6.0,6.4149085e-12,2.802386e-12,400.0,85.0,5.1297904e-13,2.414019e-12,0
1.0,199.0,200.0,2.9080754e-06,7.718211e-10,2.7781669e-05,-1.4949019,0.018579552,1.0,1.0,1.0,42.0,45.0,1.4196994e-12,1.8345575e-12,277.0,200.0,3.878498e-12,3.8591053e-12,0
5.0,235.0,40.0,-2.0241685e-06,4.4293805e-10,2.1046093e-05,0.43965575,0.801751,3.0,1.0,1.0,3.0,3.0,2.5620697e-10,8.6102214e-10,2975.0,200.0,1.8848428e-12,1.1073451e-11,1
5.0,175.0,36.0,1.1682338e-05,3.8494202e-10,1.961994e-05,-1.4796127,-0.018014487,1.0,1.0,1.0,3.0,9.0,1.2646308e-11,2.7526935e-12,875.0,180.0,2.1996686e-12,1.0692834e-11,0
5.0,405.0,82.0,0.59456396,0.15984401,0.39980495,-1.4882658,0.12721531,1.0,1.0,1.0,10.0,29.0,0.0010347212,0.00014019551,2025.0,410.0,0.00039467658,0.0019493172,0
5.0,225.0,46.0,0.3610269,0.15644318,0.39552897,-1.0139195,0.7437915,1.0,1.0,1.0,2.0,4.0,0.0045689684,0.0006846735,1125.0,230.0,0.000695303,0.0034009386,0
1.0,203.0,204.0,1.5210468e-06,1.278085e-10,1.1305242e-05,-1.4727384,-0.06189774,1.0,1.0,1.0,58.0,66.0,4.017285e-13,7.7181143e-13,225.0,204.0,6.2959853e-13,6.2651224e-13,0
1.0,182.0,183.0,-6.476712e-06,4.3731388e-10,2.0912052e-05,-1.49312,-0.030117854,1.0,1.0,1.0,52.0,57.0,7.1447974e-13,5.828696e-13,254.0,183.0,2.4028236e-12,2.3896933e-12,0
1.0,178.0,179.0,-1.8588908e-06,1.89712e-10,1.3773598e-05,-0.12707116,-0.3417236,2.0,2.0,2.0,1.0,1.0,3.4929053e-11,6.97497e-11,178.0,179.0,1.0657977e-12,1.0598435e-12,1
5.0,220.0,45.0,1.521802e-07,7.390831e-10,2.7186083e-05,-1.3149351,-0.051378623,1.0,1.0,1.0,1.0,14.0,1.2984973e-11,1.0127812e-12,1100.0,225.0,3.3594687e-12,1.6424069e-11,0
5.0,265.0,54.0,0.21631144,0.09753323,0.31230313,-0.41296187,1.0976473,1.0,1.0,1.0,1.0,5.0,0.0028596898,0.00023374794,1325.0,270.0,0.00036804995,0.001806171,0
5.0,235.0,48.0,1.7989269e-06,1.414248e-10,1.1892216e-05,-1.4602085,-0.014290927,1.0,1.0,1.0,11.0,16.0,2.6765701e-12,7.022372e-13,1175.0,240.0,6.0180767e-13,2.94635e-12,0
5.0,335.0,68.0,0.12465797,0.019646037,0.14016433,-0.8186914,0.87939024,1.0,1.0,1.0,3.0,6.0,0.00037428207,0.00018577697,1675.0,340.0,5.8644888e-05,0.00028891233,0
5.0,95.0,20.0,1.7606905e-06,5.9517097e-10,2.4396126e-05,-1.4901711,0.13313328,1.0,1.0,2.0,1.0,5.0,6.883549e-11,1.7195433e-11,475.0,100.0,6.2649577e-12,2.975855e-11,0
5.0,385.0,78.0,0.6464485,0.112654656,0.33564067,-1.4507277,0.1381179,1.0,1.0,1.0,7.0,24.0,0.00078576274,7.490725e-05,1925.0,390.0,0.0002926095,0.0014442904,0
5.0,221.0,45.0,-1.5839772e-06,5.019947e-10,2.2405238e-05,-1.4850366,0.010751052,1.0,1.0,1.0,4.0,15.0,1.0383809e-11,1.3763204e-12,1125.0,225.0,2.2714693e-12,1.11554386e-11,0
5.0,90.0,19.0,1.0965715e-05,3.7190892e-10,1.928494e-05,-1.1206949,-0.13787279,1.0,1.0,2.0,2.0,3.0,5.0739614e-11,1.3710941e-11,450.0,95.0,4.1323212e-12,1.9574153e-11,0
5.0,225.0,46.0,9.770738e-06,7.2681533e-10,2.6959513e-05,-1.290461,-0.07067563,1.0,1.0,1.0,4.0,17.0,1.3918617e-11,1.8500796e-12,1125.0,230.0,3.2302904e-12,1.5800333e-11,0
1.0,236.0,223.0,0.2802513,0.09214286,0.30355042,-1.0279049,0.7541139,1.0,1.0,1.0,30.0,39.0,0.00015397996,9.9903635e-05,328.0,223.0,0.00039043583,0.00041319666,0
1.0,297.0,290.0,0.19657114,0.05384522,0.23204572,-0.6250519,0.9292089,1.0,1.0,1.0,27.0,41.0,9.39451e-05,8.8437104e-05,339.0,290.0,0.00018129703,0.00018567317,0
1.0,175.0,176.0,-5.4819334e-06,3.9679612e-10,1.9919742e-05,-1.4874514,0.016129287,1.0,1.0,1.0,48.0,61.0,7.009598e-13,5.603671e-13,245.0,176.0,2.2674065e-12,2.2545236e-12,0
5.0,250.0,51.0,-9.55185e-07,2.5473246e-10,1.596034e-05,-1.2598928,-0.17472,1.0,1.0,1.0,8.0,16.0,4.1096774e-12,1.2181505e-12,1250.0,255.0,1.0189298e-12,4.9947537e-12,0
1.0,255.0,256.0,-3.749101e-07,2.2769468e-10,1.5089556e-05,-1.428218,-0.07202255,1.0,1.0,1.0,41.0,48.0,6.326151e-13,1.159788e-12,339.0,256.0,8.9292034e-13,8.8943235e-13,1
1.0,225.0,226.0,3.1613027e-07,3.3832082e-10,1.8393499e-05,-1.2414978,-0.011359905,2.0,2.0,1.0,8.0,15.0,3.9861972e-12,8.086356e-12,293.0,226.0,1.503648e-12,1.4969947e-12,1
5.0,130.0,27.0,0.048764776,0.0029298204,0.054127816,-0.9032983,0.70810264,2.0,1.0,1.0,2.0,2.0,0.0015985409,0.0030868242,650.0,135.0,2.253708e-05,0.00010851187,1
5.0,185.0,38.0,0.123780176,0.021761306,0.14751713,-1.37113,0.58842325,1.0,1.0,1.0,2.0,5.0,0.0014341812,0.0016080714,925.0,190.0,0.000117628675,0.00057266594,0
1.0,178.0,180.0,-3.84913e-06,6.640561e-10,2.5769286e-05,-1.495643,-0.0036867545,1.0,1.0,1.0,48.0,56.0,1.086661e-12,7.6835944e-13,248.0,180.0,3.7306525e-12,3.6892004e-12,0
5.0,75.0,16.0,6.174088e-08,6.8934475e-10,2.6255377e-05,-1.5049407,-0.037261464,1.0,1.0,2.0,1.0,0.0,1.1276773e-10,1.3546471e-11,375.0,80.0,9.191263e-12,4.3084047e-11,0
1.0,186.0,187.0,4.2481297e-06,4.9850746e-10,2.2327282e-05,-1.4220387,-0.08965819,1.0,1.0,1.0,37.0,47.0,1.6159219e-12,2.6213578e-12,186.0,187.0,2.6801478e-12,2.6658155e-12,0
5.0,100.0,21.0,-2.9044666e-06,4.322266e-10,2.079006e-05,-1.5143414,-0.009903305,1.0,1.0,2.0,1.0,4.0,4.102899e-11,5.4717637e-12,500.0,105.0,4.322266e-12,2.0582218e-11,0
5.0,220.0,45.0,0.14800432,0.033830866,0.1839317,-1.0554326,0.77012736,1.0,1.0,1.0,3.0,5.0,0.001212806,0.00039342584,1100.0,225.0,0.00015377667,0.000751797,0
5.0,505.0,102.0,0.42967185,0.16020425,0.40025523,-1.2863691,0.52486515,1.0,1.0,1.0,7.0,20.0,0.0008338577,0.00016575104,2525.0,510.0,0.00031723615,0.0015706299,0
5.0,302.0,61.0,0.23300327,0.07573889,0.27520698,-1.2040826,0.6674135,1.0,1.0,1.0,1.0,6.0,0.0013487078,0.00035579444,1528.0,305.0,0.00025079102,0.0012416212,0
5.0,160.0,33.0,0.20596875,0.037414473,0.1934282,-1.4372413,0.3553851,1.0,1.0,1.0,1.0,1.0,0.0016685213,0.00022209022,800.0,165.0,0.00023384044,0.0011337718,0
5.0,185.0,38.0,0.1903434,0.05915657,0.24322124,-0.9692856,0.833903,1.0,1.0,1.0,1.0,7.0,0.0028372596,0.0003763091,925.0,190.0,0.00031976524,0.0015567519,0
1.0,289.0,276.0,0.36933786,0.17363298,0.4166929,-1.228869,0.61966276,2.0,1.0,1.0,33.0,49.0,0.00018059462,0.00014736217,357.0,276.0,0.00060080615,0.000629105,0
1.0,171.0,172.0,-8.532835e-07,1.1769918e-10,1.0848926e-05,-1.3013141,-0.15386586,2.0,2.0,1.0,1.0,3.0,3.399092e-12,6.5339227e-12,171.0,172.0,6.882993e-13,6.8429756e-13,1
5.0,95.0,20.0,0.122605436,0.009296568,0.09641871,-1.4252305,0.15827483,1.0,1.0,1.0,1.0,3.0,0.0011069096,0.0002994287,475.0,100.0,9.785861e-05,0.0004648284,0
1.0,180.0,181.0,-4.140156e-06,2.9247627e-10,1.7101938e-05,-1.4150007,-0.036088306,1.0,1.0,1.0,54.0,58.0,6.0210376e-13,7.5160163e-13,248.0,181.0,1.6248682e-12,1.615891e-12,0
1.0,449.0,450.0,4.5841357e-06,2.298256e-10,1.5160001e-05,-1.4114754,-0.003265587,2.0,2.0,1.0,39.0,70.0,1.717106e-12,4.4762098e-12,571.0,450.0,5.1186106e-13,5.1072357e-13,1
1.0,271.0,272.0,8.486808e-07,5.466024e-10,2.3379529e-05,-0.8870885,-0.13849795,2.0,2.0,2.0,3.0,6.0,2.4757597e-11,6.240985e-11,339.0,272.0,2.016983e-12,2.0095676e-12,1
5.0,75.0,16.0,-4.1127996e-06,4.2977522e-10,2.073102e-05,-1.4230506,-0.08231506,1.0,1.0,2.0,1.0,1.0,6.9496735e-11,1.12079105e-11,375.0,80.0,5.730336e-12,2.6860951e-11,0
1.0,175.0,176.0,5.2339988e-06,3.2201117e-10,1.794467e-05,-1.4329275,-0.06010893,1.0,1.0,1.0,51.0,58.0,6.9716243e-13,8.5049583e-13,243.0,176.0,1.840064e-12,1.829609e-12,0
1.0,195.0,196.0,0.26941925,0.09043848,0.3007299,-1.3166496,0.5854363,1.0,1.0,1.0,15.0,25.0,0.0001700252,0.00011031362,195.0,196.0,0.0004637871,0.00046142083,0
5.0,65.0,14.0,-2.4490072e-07,1.2131092e-10,1.1014124e-05,-0.26200628,-0.95981765,1.0,1.0,1.0,0.0,3.0,1.8645321e-11,4.423472e-12,325.0,70.0,1.8663218e-12,8.665065e-12,0
1.0,345.0,320.0,0.3749435,0.18450028,0.42953494,-1.1436557,0.6800012,1.0,1.0,1.0,12.0,17.0,0.00014549034,0.0001083887,477.0,320.0,0.0005347834,0.00057656335,0
1.0,176.0,177.0,1.867428e-06,4.1867187e-10,2.0461473e-05,-1.4198594,-0.0025247831,1.0,1.0,1.0,50.0,57.0,8.1771254e-13,8.271261e-13,244.0,177.0,2.3788174e-12,2.3653779e-12,0
5.0,465.0,80.0,7.535545e-06,5.7210836e-10,2.3918787e-05,-0.71588606,-0.5747516,1.0,1.0,1.0,4.0,8.0,3.738736e-12,2.9474576e-12,7575.0,400.0,1.2303406e-12,7.1513546e-12,1
5.0,985.0,198.0,-2.3036268e-06,3.842843e-10,1.960317e-05,1.7198641,0.7937532,6.0,3.0,1.0,6.0,8.0,1.4112111e-10,3.7332842e-10,4925.0,990.0,3.9013636e-13,1.9408299e-12,1
5.0,225.0,46.0,0.2209573,0.05521334,0.23497519,-1.4597882,0.4714169,1.0,1.0,1.0,1.0,10.0,0.0014220077,0.00015442508,1125.0,230.0,0.00024539264,0.00120029,0
1.0,492.0,493.0,5.8921637e-06,4.2539205e-10,2.0625035e-05,-0.6444999,0.18014419,2.0,2.0,2.0,13.0,23.0,6.286629e-12,1.2809248e-11,492.0,493.0,8.64618e-13,8.628642e-13,1
5.0,235.0,48.0,1.7903939e-06,9.73089e-10,3.1194373e-05,-1.0102632,0.10426975,3.0,1.0,1.0,2.0,5.0,2.2256343e-10,4.848705e-10,1175.0,240.0,4.1408045e-12,2.0272688e-11,1
5.0,250.0,51.0,1.8664549e-06,5.702208e-10,2.3879296e-05,-1.443251,-0.022484917,1.0,1.0,1.0,4.0,18.0,9.051201e-12,1.0286568e-12,1250.0,255.0,2.2808832e-12,1.11808e-11,0
5.0,80.0,17.0,-3.8916588e-07,6.2466415e-10,2.4993282e-05,-1.4563113,-0.11380213,1.0,1.0,2.0,1.0,0.0,8.9403415e-11,1.0028652e-11,400.0,85.0,7.808302e-12,3.6744947e-11,0
5.0,90.0,19.0,5.0333324e-07,3.6701578e-10,1.9157656e-05,-1.4298944,0.071472816,1.0,1.0,2.0,3.0,5.0,4.557072e-11,9.24915e-12,450.0,95.0,4.077953e-12,1.931662e-11,0
1.0,370.0,372.0,7.4283116e-07,2.0013048e-10,1.4146748e-05,-1.3625236,-0.09285276,2.0,2.0,2.0,3.0,12.0,1.285003e-12,2.6535729e-12,468.0,372.0,5.408932e-13,5.379852e-13,1
5.0,110.0,23.0,-4.0313084e-06,2.8395564e-10,1.6850983e-05,-0.44737887,-0.38387355,1.0,1.0,0.0,4.0,3.0,4.5974856e-11,7.944307e-11,550.0,115.0,2.581415e-12,1.2345897e-11,1
5.0,815.0,164.0,7.5055397e-07,2.1846712e-10,1.4780633e-05,-0.8110488,-0.3093539,1.0,1.0,1.0,50.0,54.0,5.7792145e-13,6.635988e-13,4075.0,820.0,2.6805782e-13,1.3321166e-12,0
5.0,460.0,93.0,-1.001362e-06,9.423434e-10,3.069761e-05,-1.4713005,0.111021794,1.0,1.0,1.0,6.0,9.0,5.461244e-12,3.3757103e-12,2300.0,465.0,2.0485727e-12,1.01327245e-11,0
5.0,202.0,41.0,-3.91373e-06,4.0191767e-10,2.0047884e-05,-1.0030676,-0.45144424,1.0,1.0,1.0,3.0,13.0,7.622132e-12,7.2678707e-13,1038.0,205.0,1.9896914e-12,9.80287e-12,0
1.0,189.0,190.0,7.017154e-06,7.6165274e-10,2.7598056e-05,-1.0739005,-0.31490108,1.0,1.0,1.0,58.0,68.0,1.0784858e-12,1.1094435e-12,265.0,190.0,4.0299084e-12,4.0086983e-12,0
5.0,580.0,117.0,3.7357129e-06,2.8354405e-10,1.6838767e-05,-1.1200132,0.087769054,3.0,1.0,1.0,2.0,5.0,1.5804899e-11,3.0591703e-11,2900.0,585.0,4.8886904e-13,2.4234534e-12,1
1.0,230.0,231.0,0.31187576,0.16702278,0.40868422,-0.8280399,0.8928617,1.0,1.0,1.0,21.0,22.0,0.0003231484,0.0002930672,230.0,231.0,0.00072618603,0.00072304235,0
5.0,75.0,16.0,-5.54218e-06,4.1766693e-10,2.04369e-05,-1.4256636,-0.09662049,1.0,1.0,2.0,1.0,1.0,6.564248e-11,9.544351e-12,375.0,80.0,5.5688926e-12,2.6104183e-11,0
5.0,275.0,56.0,0.22837007,0.03591538,0.18951353,-1.3224943,0.1805405,1.0,1.0,1.0,2.0,12.0,0.00085225905,0.00011971229,1375.0,280.0,0.00013060139,0.00064134604,1
1.0,322.0,280.0,0.22930267,0.13034756,0.36103678,-0.0742175,1.2495065,1.0,1.0,1.0,12.0,19.0,0.00020617826,0.00010127074,448.0,280.0,0.00040480608,0.000465527,0
5.0,55.0,12.0,0.86892223,0.014522051,0.12050747,-0.7975821,-0.41499656,1.0,1.0,1.0,2.0,1.0,0.003910652,0.0019926166,275.0,60.0,0.00026403728,0.0012101709,0
1.0,267.0,239.0,0.26559937,0.1230771,0.35082346,-0.8551181,0.893038,2.0,1.0,1.0,19.0,25.0,0.00020429329,0.00014350003,369.0,239.0,0.0004609629,0.00051496696,0
1.0,207.0,208.0,-2.9092896e-06,4.3832304e-10,2.0936166e-05,-0.75789094,-0.65580595,2.0,2.0,2.0,6.0,11.0,5.7865388e-12,1.2057197e-11,207.0,208.0,2.1175026e-12,2.1073223e-12,1
5.0,225.0,46.0,4.1024514e-06,5.657557e-10,2.378562e-05,-0.85388404,-0.6573684,1.0,1.0,1.0,5.0,13.0,6.324514e-12,9.0463596e-13,1125.0,230.0,2.5144698e-12,1.2299037e-11,0
5.0,75.0,16.0,-1.250772e-07,1.4056047e-10,1.185582e-05,-1.4199269,-0.17251706,1.0,1.0,2.0,2.0,2.0,2.3451742e-11,3.625974e-12,375.0,80.0,1.8741395e-12,8.785029e-12,0
1.0,189.0,190.0,-3.5433688e-06,4.1343987e-10,2.033322e-05,-1.4960499,-0.0042213993,1.0,1.0,1.0,61.0,65.0,6.740231e-13,6.543541e-13,265.0,190.0,2.1875125e-12,2.1759994e-12,0
5.0,290.0,57.0,0.27071947,0.09169772,0.3028163,-0.45793232,1.048542,1.0,1.0,1.0,3.0,5.0,0.002367426,0.0003527661,1600.0,285.0,0.00031619903,0.0016087319,0
1.0,312.0,314.0,-6.2659874e-06,6.566076e-10,2.5624357e-05,-1.5111727,0.04238993,1.0,1.0,1.0,87.0,105.0,5.4410887e-13,8.3954203e-13,426.0,314.0,2.1045117e-12,2.091107e-12,0
1.0,201.0,202.0,1.0183377e-06,3.6778547e-10,1.9177734e-05,-0.9139039,-0.4742774,1.0,1.0,1.0,43.0,53.0,1.5282867e-12,3.3704899e-12,201.0,202.0,1.8297785e-12,1.82072e-12,0
5.0,85.0,18.0,-2.9781395e-07,1.8137361e-10,1.3467502e-05,-1.5156012,-0.015643546,1.0,1.0,2.0,1.0,2.0,2.3474769e-11,3.3886516e-12,425.0,90.0,2.1338072e-12,1.0076311e-11,0
5.0,1335.0,268.0,-1.0750317e-05,4.973177e-10,2.2300621e-05,-1.474116,-0.12875243,1.0,1.0,1.0,80.0,90.0,4.967067e-13,6.22395e-13,6675.0,1340.0,3.725226e-13,1.855663e-12,0
5.0,510.0,103.0,0.36805,0.14497046,0.38074985,-1.3637713,0.46985918,1.0,1.0,1.0,10.0,27.0,0.00072841585,9.669902e-05,2550.0,515.0,0.0002842558,0.0014074801,0
5.0,100.0,21.0,2.613789e-06,5.822326e-10,2.4129497e-05,-1.4901586,-0.025602147,1.0,1.0,2.0,1.0,2.0,5.4610143e-11,4.4391977e-12,500.0,105.0,5.822326e-12,2.7725362e-11,0
5.0,70.0,15.0,-8.75586e-07,2.7880293e-10,1.6697393e-05,-1.4237698,-0.09826423,1.0,1.0,2.0,1.0,1.0,5.0036638e-11,6.719649e-12,350.0,75.0,3.982899e-12,1.8586861e-11,0
5.0,50.0,11.0,0.9538949,0.013930718,0.11802846,-1.0896182,-0.24797745,1.0,1.0,1.0,1.0,0.0,0.0044120015,0.00082424184,250.0,55.0,0.00027861437,0.001266429,0
5.0,215.0,44.0,0.21367118,0.07713573,0.2777332,-0.8100082,0.92687285,1.0,1.0,1.0,1.0,7.0,0.0030068108,0.0003551482,1075.0,220.0,0.00035877083,0.0017530847,0
1.0,537.0,539.0,-2.1072137e-06,6.8818695e-10,2.6233318e-05,-1.3862666,0.16108933,3.0,2.0,2.0,2.0,2.0,2.0216967e-11,5.8201617e-11,729.0,539.0,1.28154e-12,1.2767848e-12,1
5.0,75.0,16.0,-7.807917e-06,4.2119763e-10,2.05231e-05,-1.4753634,-0.027797414,1.0,1.0,2.0,1.0,3.0,6.822508e-11,8.744538e-12,375.0,80.0,5.6159686e-12,2.6324852e-11,0
5.0,260.0,53.0,-3.0270328e-06,2.2914408e-10,1.5137505e-05,-1.3441539,0.1536954,2.0,1.0,1.0,3.0,2.0,1.355549e-11,2.6215101e-11,1300.0,265.0,8.8132333e-13,4.323473e-12,1
5.0,205.0,42.0,0.29254732,0.121841505,0.34905803,-1.0816412,0.7375743,1.0,1.0,1.0,1.0,6.0,0.004222298,0.00032807334,1025.0,210.0,0.0005943488,0.0029009883,0
5.0,145.0,30.0,-7.758708e-06,2.1643999e-11,4.652311e-06,-0.96200275,-0.28607437,1.0,1.0,0.0,7.0,9.0,8.9996554e-13,5.8106796e-13,725.0,150.0,1.4926896e-13,7.214666e-13,0
1.0,215.0,209.0,0.2654297,0.074566446,0.27306858,-1.2207371,0.61949533,1.0,1.0,1.0,29.0,31.0,0.0001413253,0.000116761345,271.0,209.0,0.00034682069,0.00035677725,0
5.0,235.0,48.0,3.260942e-07,5.469973e-10,2.3387973e-05,-1.1210396,-0.27088335,1.0,1.0,1.0,5.0,15.0,7.826888e-12,7.4358076e-13,1175.0,240.0,2.327648e-12,1.1395777e-11,0
5.0,85.0,18.0,-4.8483887e-08,3.9363404e-10,1.9840212e-05,-1.4506258,0.04055684,1.0,1.0,2.0,2.0,3.0,5.8217584e-11,2.868052e-11,425.0,90.0,4.6309887e-12,2.1868557e-11,0
5.0,470.0,95.0,0.5874936,0.15371905,0.39207023,-1.4370424,0.20356454,1.0,1.0,1.0,8.0,28.0,0.00073120097,8.179348e-05,2350.0,475.0,0.00032706183,0.0016180953,0
5.0,75.0,16.0,-1.0561675e-06,3.6538786e-10,1.9115121e-05,-1.5427767,-0.02051943,1.0,1.0,2.0,1.0,4.0,6.0422056e-11,1.0070888e-11,375.0,80.0,4.871838e-12,2.2836741e-11,0
1.0,202.0,204.0,6.5901713e-06,7.368607e-10,2.7145177e-05,-1.416051,-0.009546089,1.0,1.0,1.0,42.0,42.0,1.6707309e-12,3.0526937e-12,280.0,204.0,3.647825e-12,3.6120623e-12,0
5.0,210.0,43.0,-1.7637263e-05,4.232999e-10,2.0574253e-05,-1.5231397,-0.045963027,1.0,1.0,1.0,3.0,13.0,9.54624e-12,1.0209378e-12,1050.0,215.0,2.0157138e-12,9.844184e-12,0
5.0,75.0,16.0,1.7111183e-06,4.8642934e-10,2.2055143e-05,-1.4726263,-0.08700029,1.0,1.0,2.0,1.0,1.0,7.9396906e-11,9.493008e-12,375.0,80.0,6.4857247e-12,3.0401834e-11,0
5.0,201.0,41.0,-1.1121746e-06,4.946695e-10,2.2241167e-05,-1.479203,-0.06516722,1.0,1.0,1.0,5.0,13.0,1.25238205e-11,1.7214304e-12,1015.0,205.0,2.4610424e-12,1.206511e-11,0
5.0,235.0,48.0,-4.191118e-06,1.4017537e-10,1.1839568e-05,-1.2925656,-0.08686317,1.0,1.0,1.0,6.0,15.0,2.4712584e-12,5.556528e-13,1175.0,240.0,5.9649096e-13,2.9203202e-12,0
1.0,205.0,206.0,-7.2796497e-06,5.213074e-10,2.2832157e-05,-1.4054538,-0.054010797,1.0,1.0,1.0,56.0,65.0,8.3209817e-13,9.900839e-13,205.0,206.0,2.5429628e-12,2.5306183e-12,0
1.0,330.0,314.0,0.41159588,0.19214329,0.43834153,-1.2576239,0.56517196,2.0,1.0,1.0,31.0,33.0,0.000163525,0.0001771125,420.0,314.0,0.0005822524,0.0006119213,0
1.0,184.0,185.0,6.311814e-08,7.821093e-10,2.7966218e-05,-1.4898144,-0.016411185,1.0,1.0,1.0,47.0,58.0,1.4779796e-12,1.47237e-12,184.0,185.0,4.2505942e-12,4.227618e-12,0
1.0,278.0,279.0,2.0047935e-06,4.310031e-10,2.0760614e-05,-1.4872429,0.032546684,1.0,1.0,1.0,85.0,93.0,4.3122754e-13,6.3914553e-13,382.0,279.0,1.5503708e-12,1.544814e-12,0
5.0,515.0,104.0,2.667648e-05,2.1459011e-10,1.4648895e-05,-1.1671839,-0.21316025,1.0,1.0,1.0,25.0,30.0,8.261627e-13,7.120211e-13,2575.0,520.0,4.1667985e-13,2.0633664e-12,0
1.0,413.0,413.0,2.0823031e-06,5.094468e-10,2.257093e-05,-1.4692087,0.017055156,1.0,1.0,1.0,116.0,139.0,3.3141052e-13,5.969693e-13,439.0,413.0,1.2335275e-12,1.2335275e-12,0
5.0,75.0,16.0,1.2166772e-05,4.2717288e-10,2.0668162e-05,-1.4276079,-0.15676567,1.0,1.0,2.0,1.0,3.0,7.047705e-11,1.1273152e-11,375.0,80.0,5.6956384e-12,2.6698305e-11,0
5.0,1115.0,224.0,1.533264e-05,3.196048e-10,1.7877494e-05,1.5847303,0.65177286,12.0,4.0,3.0,12.0,21.0,2.474554e-10,7.053768e-10,5575.0,1120.0,2.8664107e-13,1.426807e-12,1
5.0,210.0,43.0,-2.747564e-06,3.5908632e-10,1.8949573e-05,-1.5006111,0.01010909,1.0,1.0,1.0,5.0,15.0,8.2898315e-12,1.0986689e-12,1050.0,215.0,1.7099348e-12,8.350844e-12,0
1.0,203.0,204.0,-2.4286408e-06,4.3567153e-10,2.0872747e-05,-0.62135845,-0.6428609,1.0,1.0,1.0,11.0,12.0,3.2709237e-12,7.848802e-12,203.0,204.0,2.1461652e-12,2.1356447e-12,1
1.0,177.0,178.0,-3.2549026e-06,6.183475e-10,2.4866595e-05,-1.4847687,-0.018956209,1.0,1.0,1.0,54.0,60.0,1.0289784e-12,7.7352653e-13,239.0,178.0,3.4934887e-12,3.4738623e-12,0
1.0,233.0,219.0,0.31104723,0.106334254,0.32608932,-1.1368464,0.6883225,1.0,1.0,1.0,8.0,13.0,0.00037338107,0.00052555697,419.0,219.0,0.00045637018,0.00048554453,1
5.0,75.0,16.0,9.284875e-06,7.0505807e-10,2.6552929e-05,-1.3767686,-0.09815388,1.0,1.0,2.0,2.0,2.0,1.117326e-10,2.344405e-11,375.0,80.0,9.4007736e-12,4.406613e-11,0
5.0,225.0,46.0,3.6044796e-06,4.1568304e-10,2.0388306e-05,-1.2310427,-0.22966237,1.0,1.0,1.0,1.0,16.0,7.463885e-12,5.7238605e-13,1125.0,230.0,1.8474803e-12,9.036588e-12,0
5.0,105.0,22.0,-1.0016337e-06,2.1502398e-10,1.4663696e-05,-1.530709,-0.012399085,1.0,1.0,2.0,1.0,6.0,1.882685e-11,2.2062174e-12,525.0,110.0,2.0478474e-12,9.773817e-12,0
5.0,225.0,46.0,2.6227285e-06,3.9709858e-10,1.9927333e-05,-1.3231264,-0.10547875,1.0,1.0,1.0,7.0,16.0,7.45216e-12,1.2406774e-12,1145.0,230.0,1.7648826e-12,8.632578e-12,0
5.0,200.0,41.0,0.27637553,0.11778461,0.3431976,-1.0629685,0.76400626,1.0,1.0,1.0,1.0,6.0,0.0047472217,0.0011058624,1000.0,205.0,0.00058892305,0.0028727953,0
5.0,220.0,45.0,7.213407e-06,5.2105237e-10,2.2826573e-05,-1.4976287,-0.0017170857,1.0,1.0,1.0,6.0,14.0,1.0836618e-11,1.6412924e-12,1100.0,225.0,2.36842e-12,1.1578942e-11,0
1.0,292.0,286.0,0.4186408,0.15969165,0.39961436,-1.2193737,0.58430624,1.0,1.0,1.0,40.0,48.0,0.00014908913,0.00013339557,392.0,286.0,0.0005468892,0.0005583624,0
5.0,230.0,47.0,7.423791e-06,6.406054e-10,2.5310184e-05,-0.81589365,-0.58095264,1.0,1.0,1.0,2.0,15.0,8.664594e-12,6.7314513e-13,1150.0,235.0,2.785241e-12,1.3629902e-11,0
1.0,302.0,285.0,0.2108394,0.069528475,0.2636825,-1.0168407,0.80438113,2.0,1.0,1.0,16.0,24.0,0.0001240946,0.0001668972,402.0,285.0,0.00023022674,0.00024395956,0
5.0,80.0,17.0,3.7402328e-06,4.0286624e-10,2.0071528e-05,-1.3822806,-0.03875242,1.0,1.0,2.0,2.0,4.0,5.4587977e-11,1.3454288e-11,400.0,85.0,5.035828e-12,2.3698014e-11,0
5.0,215.0,44.0,5.600304e-06,7.7349915e-10,2.7811851e-05,-1.4203019,-0.028547177,1.0,1.0,1.0,6.0,16.0,1.637088e-11,1.8964767e-12,1075.0,220.0,3.5976703e-12,1.7579526e-11,0
5.0,805.0,162.0,0.28719348,0.12176506,0.3489485,-1.1905116,0.7031303,1.0,1.0,1.0,13.0,24.0,0.00030953958,4.9311144e-05,4025.0,810.0,0.00015126095,0.00075163617,0
5.0,80.0,17.0,0.15157422,0.016523987,0.12854566,-1.3275827,0.30881512,1.0,1.0,1.0,1.0,1.0,0.0026336946,0.0007531362,400.0,85.0,0.00020654984,0.00097199925,0
5.0,640.0,129.0,1.9365343e-05,4.0269627e-10,2.0067293e-05,-1.0390216,-0.33185184,1.0,1.0,1.0,37.0,43.0,1.2259814e-12,9.580169e-13,3200.0,645.0,6.2921294e-13,3.1216765e-12,0
1.0,240.0,241.0,-1.6662615e-06,8.9643437e-10,2.9940515e-05,-1.4932835,-0.016440231,1.0,1.0,1.0,66.0,77.0,9.845303e-13,1.027406e-12,240.0,241.0,3.7351433e-12,3.719645e-12,0
1.0,232.0,233.0,-1.3023825e-07,5.059907e-10,2.2494236e-05,-1.366334,-0.11004475,2.0,2.0,2.0,2.0,3.0,6.984613e-12,1.3197843e-11,232.0,233.0,2.1809943e-12,2.1716337e-12,1
5.0,230.0,47.0,0.22845177,0.076739244,0.2770185,-1.109287,0.72903526,1.0,1.0,1.0,4.0,6.0,0.0023662436,0.0007957022,1150.0,235.0,0.0003336489,0.0016327499,0
5.0,105.0,22.0,5.3951226e-07,6.0632255e-10,2.4623618e-05,-1.492239,-0.0011628746,1.0,1.0,2.0,2.0,4.0,5.259391e-11,6.860087e-12,525.0,110.0,5.7745007e-12,2.7560116e-11,0
5.0,325.0,66.0,0.22552054,0.10715497,0.32734534,-0.25922945,1.1593759,1.0,1.0,1.0,2.0,6.0,0.0022785,0.00041240282,1625.0,330.0,0.0003297076,0.0016235602,0
5.0,370.0,75.0,0.64056927,0.086606085,0.2942891,-1.4323856,0.015467356,1.0,1.0,1.0,11.0,21.0,0.00064599444,8.468366e-05,1850.0,375.0,0.00023407051,0.0011547478,0
5.0,85.0,18.0,7.0336573e-06,6.0280025e-10,2.4551991e-05,-1.0956804,-0.20455857,1.0,1.0,2.0,2.0,3.0,7.3281714e-11,1.39251275e-11,425.0,90.0,7.0917677e-12,3.3488903e-11,0
1.0,283.0,252.0,0.23510614,0.10419123,0.32278666,-0.671024,0.9875014,3.0,1.0,1.0,16.0,28.0,0.0001873184,0.00015448594,377.0,252.0,0.0003681669,0.00041345728,0
5.0,90.0,19.0,3.4800298e-06,2.9653047e-10,1.722006e-05,-1.3947401,-0.036241006,1.0,1.0,2.0,2.0,7.0,3.61744e-11,9.378469e-12,450.0,95.0,3.294783e-12,1.5606866e-11,0
1.0,221.0,222.0,0.29746017,0.107820444,0.32836023,-1.2732681,0.6158718,1.0,1.0,1.0,20.0,29.0,0.00017206083,0.00012997449,221.0,222.0,0.00048787534,0.00048567768,0
5.0,70.0,15.0,-4.8384986e-06,9.1383484e-11,9.5594705e-06,-0.30640343,-0.8524754,1.0,1.0,1.0,1.0,4.0,1.142164e-11,1.926139e-12,350.0,75.0,1.3054783e-12,6.092232e-12,0
5.0,85.0,18.0,2.4182566e-06,4.7484494e-10,2.1790936e-05,-1.4779605,0.004924733,1.0,1.0,2.0,1.0,4.0,6.191885e-11,8.629515e-12,425.0,90.0,5.586411e-12,2.6380275e-11,0
1.0,503.0,504.0,1.7777364e-05,2.906435e-10,1.7048269e-05,-1.3672849,-0.14030793,2.0,1.0,1.0,82.0,102.0,1.5140488e-12,3.6245505e-12,503.0,504.0,5.7782007e-13,5.7667364e-13,0
1.0,271.0,262.0,0.23912013,0.11623735,0.34093598,-0.5557254,1.0463586,1.0,1.0,1.0,19.0,30.0,0.00016566536,6.936057e-05,303.0,262.0,0.0004289201,0.000443654,0
5.0,386.0,78.0,6.698902e-06,2.8124952e-10,1.6770497e-05,-1.028291,-0.40660086,1.0,1.0,1.0,16.0,25.0,1.7447134e-12,5.694475e-13,1936.0,390.0,7.286257e-13,3.6057633e-12,0
1.0,182.0,183.0,1.7306312e-06,1.6294646e-10,1.2765048e-05,-1.4864119,0.013171721,1.0,1.0,1.0,51.0,58.0,4.66967e-13,7.317834e-13,182.0,183.0,8.9531025e-13,8.9041784e-13,0
5.0,240.0,49.0,3.5941778e-06,8.475837e-10,2.9113291e-05,-1.4930563,0.046799634,1.0,1.0,1.0,5.0,16.0,1.4715064e-11,1.8480115e-12,1200.0,245.0,3.5315988e-12,1.7297627e-11,0
5.0,215.0,44.0,0.36085284,0.1763189,0.41990346,-1.1431892,0.67924553,1.0,1.0,1.0,3.0,6.0,0.005882547,0.0021332786,1093.0,220.0,0.0008200879,0.0040072477,0
5.0,75.0,16.0,5.3105787e-06,1.9946926e-10,1.4123359e-05,-1.4468106,-0.08408169,1.0,1.0,2.0,2.0,3.0,3.5022228e-11,1.1894293e-11,375.0,80.0,2.65959e-12,1.2466829e-11,0
5.0,575.0,116.0,-5.5783257e-06,1.492508e-10,1.2216825e-05,-1.1037557,-0.3747377,1.0,1.0,1.0,33.0,40.0,5.5205525e-13,5.6294476e-13,2875.0,580.0,2.5956662e-13,1.2866449e-12,0
5.0,40.0,9.0,1.1186317,0.011430661,0.106914274,-1.4629068,0.0745075,1.0,1.0,1.0,1.0,0.0,0.006206651,0.0017647826,200.0,45.0,0.00028576652,0.0012700735,0
5.0,210.0,43.0,-2.9768864e-06,3.6684278e-10,1.915314e-05,-0.8542806,-0.6621919,1.0,1.0,1.0,8.0,14.0,4.60786e-12,1.0977e-12,1050.0,215.0,1.7468704e-12,8.531228e-12,0
5.0,409.0,82.0,2.277293e-06,3.029056e-10,1.7404183e-05,-1.3337128,-0.09293532,1.0,1.0,1.0,19.0,29.0,2.0787291e-12,8.7737646e-13,2079.0,410.0,7.406005e-13,3.693971e-12,0
5.0,824.0,142.0,3.554555e-06,4.6811777e-10,2.163603e-05,-0.93605506,-0.6065381,1.0,1.0,1.0,2.0,1.0,2.4927681e-12,4.805528e-12,19176.0,710.0,5.681041e-13,3.296604e-12,1
5.0,385.0,78.0,4.09595e-06,3.618999e-10,1.9023666e-05,-1.3316791,-0.04046609,1.0,1.0,1.0,12.0,26.0,2.5019524e-12,7.038339e-13,1925.0,390.0,9.399997e-13,4.639742e-12,0
1.0,345.0,337.0,0.20929979,0.06757703,0.25995582,-0.20789252,1.1446999,2.0,1.0,1.0,44.0,51.0,0.00010766748,0.000115194096,403.0,337.0,0.00019587544,0.0002005253,1
5.0,255.0,52.0,0.10095355,0.010649512,0.10319647,-1.0540612,0.72747,2.0,1.0,1.0,2.0,5.0,0.0009192504,0.0015593992,1275.0,260.0,4.176279e-05,0.0002047983,1
1.0,171.0,173.0,-3.9779834e-06,4.4974158e-10,2.1207112e-05,-1.328992,-0.08918686,1.0,1.0,1.0,46.0,60.0,8.1597066e-13,7.72868e-13,237.0,173.0,2.6300678e-12,2.5996622e-12,0
1.0,460.0,461.0,4.1380845e-06,4.0126108e-10,2.0031503e-05,-0.63250536,-0.79479516,3.0,3.0,2.0,2.0,7.0,4.239989e-12,8.620589e-12,634.0,461.0,8.723067e-13,8.7041447e-13,1
5.0,295.0,60.0,0.3731635,0.14714764,0.38359827,-1.3979379,0.45443192,1.0,1.0,1.0,3.0,12.0,0.0021545116,0.0004452601,1501.0,300.0,0.00049880554,0.0024524606,0
1.0,1001.0,1002.0,-4.4145354e-06,1.0281941e-10,1.0139991e-05,-1.0982636,-0.115487896,1.0,1.0,1.0,70.0,92.0,3.2741347e-13,8.583529e-13,1297.0,1002.0,1.027167e-13,1.02614186e-13,1
5.0,190.0,39.0,1.1971897e-06,2.1279967e-10,1.4587655e-05,-1.50193,0.014196186,1.0,1.0,1.0,7.0,13.0,6.1122335e-12,1.4318399e-12,950.0,195.0,1.1199982e-12,5.456402e-12,0
5.0,225.0,46.0,-8.688483e-07,8.0945595e-10,2.8450939e-05,-1.4898828,0.0005583185,1.0,1.0,1.0,2.0,11.0,1.5891104e-11,1.7926023e-12,1125.0,230.0,3.597582e-12,1.7596868e-11,0
1.0,496.0,427.0,0.05551969,0.008316974,0.091197446,0.11079843,1.3268528,5.0,1.0,1.0,15.0,41.0,7.790016e-06,5.400345e-06,692.0,427.0,1.6768094e-05,1.9477691e-05,0
1.0,446.0,448.0,-1.567342e-07,6.887699e-10,2.6244425e-05,-1.4200448,0.047637112,2.0,2.0,2.0,2.0,3.0,2.9636373e-11,8.4292656e-11,614.0,448.0,1.5443271e-12,1.5374327e-12,1
5.0,415.0,84.0,0.6665398,0.04781344,0.21866286,-1.4523617,0.15094642,1.0,1.0,1.0,19.0,30.0,0.0003108579,7.666021e-05,2075.0,420.0,0.000115213115,0.00056920765,0
5.0,205.0,42.0,3.0210253e-06,4.0313938e-10,2.007833e-05,-0.7779494,-0.56148696,1.0,1.0,1.0,5.0,13.0,7.872057e-12,1.2874245e-12,1025.0,210.0,1.9665335e-12,9.598557e-12,0
1.0,456.0,457.0,-6.82379e-08,3.2099154e-10,1.7916236e-05,-0.6099826,0.17559935,2.0,2.0,2.0,1.0,2.0,5.2170625e-12,1.0479527e-11,598.0,457.0,7.0392883e-13,7.023885e-13,1
5.0,305.0,62.0,4.942975e-06,7.156793e-10,2.6752183e-05,-0.92766684,-0.4205671,2.0,1.0,1.0,3.0,3.0,9.411911e-11,2.5250346e-10,1525.0,310.0,2.3464895e-12,1.1543214e-11,1
5.0,210.0,43.0,0.29952925,0.14709629,0.38353133,-0.8182185,0.8967453,1.0,1.0,1.0,1.0,5.0,0.005596161,0.00060804334,1050.0,215.0,0.00070045853,0.003420844,0
5.0,265.0,54.0,2.1198891e-06,8.2006135e-10,2.8636712e-05,-1.4906524,0.07549331,1.0,1.0,1.0,3.0,16.0,1.1529675e-11,9.304164e-13,1325.0,270.0,3.094571e-12,1.5186321e-11,0
1.0,685.0,630.0,0.21472628,0.060947526,0.24687552,-1.322834,0.6025397,5.0,1.0,1.0,39.0,92.0,1.9153089e-05,1.5849939e-05,941.0,630.0,8.897449e-05,9.674211e-05,1
5.0,360.0,71.0,0.75245,0.053847346,0.23205031,-1.4863956,-0.075419664,1.0,1.0,1.0,7.0,22.0,0.00047968506,0.00011372857,1950.0,355.0,0.00014957596,0.00075841334,0
1.0,387.0,388.0,-3.084926e-06,3.238299e-10,1.7995275e-05,-1.1401883,0.1123737,2.0,2.0,2.0,1.0,2.0,4.5735082e-12,9.259463e-12,509.0,388.0,8.367698e-13,8.3461314e-13,1
1.0,170.0,171.0,0.20824267,0.040099427,0.20024842,-1.2971762,0.5199273,1.0,1.0,1.0,18.0,17.0,0.00025469728,0.00052685634,170.0,171.0,0.00023587898,0.00023449957,0
5.0,220.0,45.0,-4.8631937e-06,2.909663e-10,1.7057735e-05,-1.2248062,-0.24410228,1.0,1.0,1.0,8.0,14.0,5.22113e-12,1.0616255e-12,1100.0,225.0,1.3225742e-12,6.465918e-12,0
5.0,270.0,55.0,-3.520268e-05,7.3572856e-11,8.577462e-06,-1.4959576,-0.02040908,1.0,1.0,1.0,16.0,20.0,1.2193802e-12,7.664528e-13,1350.0,275.0,2.7249204e-13,1.3376882e-12,0
5.0,495.0,100.0,0.4306823,0.16324002,0.40402973,-1.472239,0.34748632,1.0,1.0,1.0,8.0,29.0,0.0007716843,8.604261e-05,2475.0,500.0,0.0003297778,0.0016324001,0
5.0,85.0,18.0,1.1652245e-05,5.070057e-10,2.2516788e-05,-1.1472218,-0.14246458,1.0,1.0,2.0,1.0,4.0,6.9037366e-11,9.542267e-12,425.0,90.0,5.9647734e-12,2.8166986e-11,0
5.0,95.0,20.0,0.17079437,0.024348222,0.15603916,-1.3922791,0.36910927,1.0,1.0,1.0,1.0,3.0,0.0028528676,0.00060285843,475.0,100.0,0.00025629706,0.0012174111,0
5.0,530.0,107.0,4.377031e-06,8.0211376e-10,2.8321614e-05,-1.3362806,0.056105923,1.0,1.0,1.0,19.0,33.0,2.6644375e-12,7.721234e-13,2650.0,535.0,1.5134222e-12,7.496391e-12,0
5.0,80.0,17.0,3.5728358e-06,1.7083378e-10,1.3070339e-05,-1.0984433,-0.30920228,1.0,1.0,2.0,1.0,2.0,2.49894e-11,3.6985844e-12,400.0,85.0,2.1354223e-12,1.0049046e-11,0
5.0,80.0,17.0,-8.016524e-06,5.569018e-10,2.3598768e-05,-1.4179021,-0.0114792185,1.0,1.0,2.0,1.0,1.0,7.686742e-11,1.112503e-11,400.0,85.0,6.9612727e-12,3.275893e-11,0
1.0,478.0,479.0,-1.2997764e-06,1.0257918e-10,1.01281385e-05,-0.89838773,-0.26632127,2.0,2.0,2.0,2.0,3.0,5.702212e-12,1.5519124e-11,540.0,479.0,2.146008e-13,2.1415278e-13,1
5.0,595.0,120.0,2.063005e-05,2.3507768e-10,1.5332243e-05,-1.1779742,-0.14916095,1.0,1.0,1.0,34.0,41.0,8.3218453e-13,5.8753523e-13,2975.0,600.0,3.9508856e-13,1.9589807e-12,0
5.0,240.0,49.0,0.26911426,0.13393418,0.3659702,-0.7060738,0.96344084,1.0,1.0,1.0,1.0,5.0,0.004192521,0.0003606395,1200.0,245.0,0.00055805914,0.0027333507,0
5.0,100.0,21.0,9.896862e-07,4.7441423e-10,2.1781052e-05,-1.4614687,-0.063493215,1.0,1.0,2.0,1.0,4.0,4.405505e-11,4.790675e-12,500.0,105.0,4.7441426e-12,2.2591155e-11,0
1.0,456.0,457.0,1.2488651e-05,4.6445509e-10,2.1551221e-05,-1.4043742,-0.04252927,1.0,1.0,1.0,143.0,155.0,3.3168447e-13,7.453826e-13,638.0,457.0,1.0185419e-12,1.0163131e-12,0
1.0,175.0,176.0,-9.2557207e-07,2.5818847e-10,1.6068245e-05,-1.4676664,-0.008557909,1.0,1.0,1.0,54.0,59.0,6.0128356e-13,8.415361e-13,235.0,176.0,1.4753628e-12,1.4669801e-12,0
1.0,432.0,432.0,3.894327e-06,5.924161e-10,2.4339599e-05,-1.3571745,0.17697516,2.0,2.0,2.0,1.0,2.0,2.7408455e-12,5.4728353e-12,594.0,432.0,1.3713336e-12,1.3713336e-12,1
5.0,375.0,76.0,0.690458,0.09748924,0.31223267,-1.4996179,0.08339814,1.0,1.0,1.0,12.0,24.0,0.0007197884,0.000105432286,1875.0,380.0,0.0002599713,0.0012827531,0
1.0,312.0,313.0,5.127768e-06,4.8498305e-10,2.2022332e-05,-1.3553815,-0.08642884,1.0,1.0,1.0,98.0,105.0,4.4595154e-13,8.0145385e-13,408.0,313.0,1.5544329e-12,1.5494666e-12,0
1.0,628.0,629.0,8.501573e-06,4.8135596e-10,2.1939826e-05,-0.94756037,-0.22961225,2.0,2.0,2.0,1.0,2.0,4.8595936e-12,9.834353e-12,656.0,629.0,7.664904e-13,7.652718e-13,1
5.0,320.0,65.0,0.21067448,0.108118095,0.32881317,-0.075482674,1.2448437,1.0,1.0,1.0,2.0,4.0,0.002769774,0.00086578465,1600.0,325.0,0.00033786905,0.0016633553,0
1.0,400.0,401.0,0.2778586,0.086072564,0.29338124,-0.15015529,1.0704676,3.0,2.0,2.0,55.0,81.0,0.00011478614,0.00013528057,402.0,401.0,0.0002151814,0.0002146448,1
1.0,228.0,229.0,0.36614525,0.18345371,0.42831495,-1.0366374,0.7621332,2.0,1.0,1.0,19.0,21.0,0.00029843493,0.00023177455,228.0,229.0,0.0008046215,0.0008011079,0
1.0,331.0,314.0,0.22988439,0.03811519,0.19523112,-1.5892655,0.10453385,3.0,1.0,1.0,46.0,51.0,0.00016873676,0.00041369707,445.0,314.0,0.00011515163,0.00012138596,0
1.0,185.0,186.0,6.9671455e-06,2.3819755e-10,1.543365e-05,-1.4296845,-0.102190495,3.0,1.0,1.0,40.0,52.0,2.3558835e-12,4.9350103e-12,185.0,186.0,1.2875544e-12,1.2806321e-12,0
5.0,375.0,76.0,0.64288694,0.09483598,0.30795452,-1.4607304,0.12450067,1.0,1.0,1.0,8.0,25.0,0.00069592515,6.0454164e-05,1875.0,380.0,0.00025289596,0.0012478419,0
1.0,452.0,453.0,0.013716839,0.0009005286,0.03000881,3.6760771,2.2079687,2.0,2.0,2.0,8.0,36.0,1.20512295e-05,9.467052e-06,452.0,453.0,1.99232e-06,1.987922e-06,1
5.0,240.0,49.0,1.0721046e-06,3.229807e-10,1.7971664e-05,-1.434929,-0.050258636,1.0,1.0,1.0,5.0,14.0,5.6679292e-12,1.3491503e-12,1214.0,245.0,1.3457528e-12,6.5914427e-12,0
1.0,798.0,798.0,3.4704194e-06,3.7788278e-10,1.9439207e-05,-0.934178,-0.39882106,4.0,4.0,4.0,4.0,8.0,5.844651e-12,1.1699643e-11,1032.0,798.0,4.7353733e-13,4.7353733e-13,1
5.0,325.0,66.0,0.18431571,0.08560536,0.29258394,0.04581739,1.2887051,1.0,1.0,1.0,2.0,6.0,0.0021492923,0.00049161795,1625.0,330.0,0.0002634011,0.0012970509,0
5.0,105.0,22.0,-1.0804982e-06,5.527309e-10,2.351023e-05,-1.1578003,-0.28229073,1.0,1.0,1.0,1.0,6.0,3.9686938e-11,4.290425e-12,525.0,110.0,5.2641043e-12,2.5124134e-11,0
1.0,208.0,209.0,5.3377053e-06,5.392836e-10,2.3222481e-05,-1.3777008,-0.058894303,1.0,1.0,1.0,69.0,71.0,7.636937e-13,8.103916e-13,274.0,209.0,2.5927097e-12,2.5803042e-12,0
5.0,320.0,65.0,0.3831564,0.13119502,0.36220855,-1.3923687,0.34750763,1.0,1.0,1.0,2.0,13.0,0.0013671992,0.00011181523,1600.0,325.0,0.00040998444,0.0020183849,0
5.0,85.0,18.0,3.8753774e-06,4.7440457e-10,2.178083e-05,-1.3747585,0.04108519,1.0,1.0,2.0,1.0,3.0,6.448607e-11,1.0847652e-11,425.0,90.0,5.5812304e-12,2.635581e-11,0
1.0,180.0,181.0,8.081113e-06,7.247176e-10,2.692058e-05,-1.4511429,-0.051267564,1.0,1.0,1.0,47.0,64.0,1.1404304e-12,7.820272e-13,232.0,181.0,4.026209e-12,4.0039647e-12,0
1.0,188.0,190.0,-3.2103658e-06,7.524935e-10,2.7431615e-05,-1.129821,0.1799463,3.0,3.0,1.0,2.0,5.0,1.7092274e-11,3.3304602e-11,252.0,190.0,4.002625e-12,3.960492e-12,1
5.0,225.0,46.0,0.31894174,0.17616509,0.41972026,-0.722705,0.9381165,1.0,1.0,1.0,2.0,9.0,0.006086301,0.0008998077,1125.0,230.0,0.00078295596,0.003829676,0
5.0,255.0,52.0,0.36104742,0.25339672,0.50338525,-0.34003907,1.0785956,1.0,1.0,1.0,2.0,3.0,0.008077704,0.0017500921,1275.0,260.0,0.0009937127,0.004873014,0
5.0,390.0,79.0,0.24974716,0.10605788,0.3256653,-0.7276872,0.95482963,1.0,1.0,1.0,1.0,13.0,0.0013748268,0.00020219415,1950.0,395.0,0.00027194328,0.0013425049,0
5.0,70.0,15.0,-3.1935374e-06,9.002472e-11,9.488136e-06,-1.273991,-0.122518145,1.0,1.0,2.0,1.0,2.0,1.5217121e-11,3.4235882e-12,350.0,75.0,1.2860674e-12,6.001648e-12,0
1.0,174.0,175.0,-2.2114723e-07,3.5337663e-10,1.8798315e-05,-1.3480222,-0.060018808,1.0,1.0,1.0,45.0,55.0,7.2036935e-13,7.6431217e-13,230.0,175.0,2.0309002e-12,2.019295e-12,0
5.0,255.0,52.0,0.23102632,0.11176401,0.33431125,-0.39951342,1.1015568,1.0,1.0,1.0,2.0,5.0,0.0035737683,0.0005209007,1275.0,260.0,0.00043829024,0.0021493079,0
5.0,85.0,18.0,-9.195139e-08,4.86799e-10,2.2063521e-05,-0.838224,-0.56902605,1.0,1.0,1.0,1.0,6.0,4.279249e-11,6.4033522e-12,425.0,90.0,5.727047e-12,2.7044388e-11,0
1.0,169.0,170.0,0.26001993,0.054316655,0.23305933,-1.4603089,0.2710293,1.0,1.0,1.0,23.0,26.0,0.0001846835,0.0002765269,169.0,170.0,0.00032140032,0.00031950974,0
1.0,165.0,166.0,-2.970854e-06,1.0248916e-10,1.0123693e-05,-0.46699113,-0.62322253,4.0,3.0,1.0,5.0,12.0,9.96307e-12,2.0328551e-11,165.0,166.0,6.211464e-13,6.1740456e-13,1
5.0,365.0,74.0,0.68359756,0.06256125,0.2501225,-1.5065552,0.10079191,1.0,1.0,1.0,11.0,25.0,0.00049704674,8.6315944e-05,1825.0,370.0,0.0001714007,0.0008454223,0
1.0,188.0,188.0,3.7492991e-06,5.22638e-10,2.2861277e-05,-1.3504397,-0.07240987,1.0,1.0,1.0,50.0,59.0,9.301161e-13,1.011943e-12,194.0,188.0,2.7799891e-12,2.7799891e-12,0
5.0,420.0,85.0,0.62360495,0.09284978,0.30471262,-1.4309791,0.1722526,1.0,1.0,1.0,17.0,25.0,0.0005632126,8.099334e-05,2100.0,425.0,0.00022107092,0.0010923505,0
5.0,215.0,44.0,0.10635015,0.020833792,0.14433916,-0.6350326,1.0204536,1.0,1.0,1.0,3.0,6.0,0.0010644245,0.00058236066,1075.0,220.0,9.690136e-05,0.00047349528,0
5.0,510.0,103.0,-1.733589e-07,2.7814856e-10,1.6677786e-05,-1.5021384,-0.048840642,1.0,1.0,1.0,26.0,34.0,1.3496871e-12,8.276035e-13,2550.0,515.0,5.4538936e-13,2.7004716e-12,0
5.0,75.0,16.0,-6.5351935e-07,2.7058472e-10,1.644946e-05,-1.481785,-0.048943743,1.0,1.0,2.0,1.0,1.0,4.441703e-11,6.116683e-12,375.0,80.0,3.6077964e-12,1.6911545e-11,0
5.0,95.0,20.0,-2.3948292e-06,2.1021541e-10,1.4498807e-05,-1.4395752,-0.097278796,1.0,1.0,2.0,2.0,5.0,2.1837034e-11,2.9231448e-12,475.0,100.0,2.212794e-12,1.0510771e-11,0
5.0,241.0,49.0,0.3455333,0.19865413,0.44570634,-0.8888899,0.8604743,1.0,1.0,1.0,3.0,11.0,0.0058405087,0.0010357188,1211.0,245.0,0.000824291,0.004054166,0
5.0,190.0,39.0,-6.0897055e-06,1.8974222e-10,1.3774695e-05,-1.4851907,0.027775932,1.0,1.0,1.0,8.0,14.0,5.3866976e-12,1.1450618e-12,950.0,195.0,9.986432e-13,4.865185e-12,0
5.0,65.0,14.0,-4.14206e-06,3.7237845e-11,6.102282e-06,-1.5684108,-0.043793403,1.0,1.0,2.0,1.0,2.0,8.794721e-12,2.769165e-12,325.0,70.0,5.728899e-13,2.659846e-12,0
1.0,263.0,264.0,7.8351627e-07,7.643686e-10,2.7647218e-05,-1.4367713,-0.03236039,1.0,1.0,1.0,68.0,86.0,7.3101665e-13,8.0177705e-13,263.0,264.0,2.9063447e-12,2.8953357e-12,0
5.0,305.0,62.0,0.19823356,0.03578979,0.1891819,-0.989254,0.52903855,1.0,1.0,1.0,3.0,5.0,0.0008657586,0.00033858433,1525.0,310.0,0.000117343574,0.0005772547,1
5.0,235.0,48.0,-1.1474057e-06,3.884051e-10,1.9707997e-05,-1.49238,0.0015560614,1.0,1.0,1.0,6.0,17.0,7.210485e-12,1.4288744e-12,1175.0,240.0,1.6527877e-12,8.091773e-12,0
5.0,425.0,84.0,0.6519151,0.16681045,0.40842435,-1.400415,0.21366036,1.0,1.0,1.0,11.0,24.0,0.0010307633,0.00013494544,2275.0,420.0,0.0003924952,0.0019858386,0
1.0,179.0,180.0,-2.1904584e-06,5.1358134e-10,2.2662334e-05,-1.3938525,-0.08250666,2.0,1.0,1.0,2.0,3.0,2.256706e-11,5.1707194e-11,245.0,180.0,2.8691697e-12,2.8532298e-12,1
5.0,225.0,46.0,2.8724783e-08,3.9815848e-10,1.995391e-05,-1.4400924,-0.032816198,1.0,1.0,1.0,8.0,16.0,8.052227e-12,1.3634577e-12,1125.0,230.0,1.7695933e-12,8.65562e-12,0
1.0,316.0,304.0,0.38148934,0.12023389,0.3467476,-1.1829965,0.65235573,2.0,1.0,1.0,16.0,22.0,0.00013209706,0.00015185798,438.0,304.0,0.000380487,0.00039550624,0
5.0,660.0,133.0,-4.715117e-06,1.9355445e-10,1.3912385e-05,-1.4274639,0.21273097,1.0,1.0,1.0,36.0,40.0,7.091682e-13,6.967696e-13,3300.0,665.0,2.9326433e-13,1.4552966e-12,0
5.0,206.0,42.0,-8.683737e-06,8.319143e-11,9.120934e-06,-1.0646825,-0.30413628,1.0,1.0,1.0,11.0,14.0,2.081002e-12,8.844124e-13,1040.0,210.0,4.038419e-13,1.9807485e-12,0
1.0,458.0,431.0,0.2216656,0.07057329,0.26565635,-1.1569011,0.71543324,3.0,1.0,1.0,54.0,72.0,4.4905595e-05,5.0451574e-05,634.0,431.0,0.00015409016,0.00016374314,0
5.0,95.0,20.0,-8.283981e-07,3.5278916e-10,1.8782683e-05,-1.4421873,-0.116993055,1.0,1.0,2.0,2.0,3.0,3.8035478e-11,8.179804e-12,475.0,100.0,3.7135702e-12,1.763946e-11,0
1.0,177.0,178.0,2.2087656e-07,5.141056e-10,2.2673896e-05,-1.4957788,0.015209389,1.0,1.0,1.0,54.0,62.0,9.687955e-13,1.0171187e-12,247.0,178.0,2.9045514e-12,2.8882335e-12,0
5.0,1245.0,250.0,8.075227e-06,2.5097283e-10,1.5842123e-05,-1.4220942,-0.1147781,1.0,1.0,1.0,77.0,84.0,3.168563e-13,5.172084e-13,6225.0,1250.0,2.015846e-13,1.0038913e-12,0
1.0,267.0,269.0,-3.0244435e-06,9.917611e-11,9.9587205e-06,-1.3692225,-0.09043367,1.0,1.0,1.0,76.0,86.0,2.7435993e-13,6.617344e-13,337.0,269.0,3.714461e-13,3.686844e-13,0
5.0,230.0,47.0,0.36756945,0.19782622,0.4447766,-1.089943,0.7363923,1.0,1.0,1.0,1.0,6.0,0.005520967,0.00042227498,1150.0,235.0,0.000860114,0.0042090686,0
1.0,382.0,383.0,0.2863912,0.052172776,0.22841361,-1.2730397,0.2105741,3.0,2.0,2.0,33.0,58.0,0.0001038956,0.00012711794,382.0,383.0,0.00013657795,0.00013622135,1
1.0,153.0,155.0,0.16641597,0.02039119,0.14279772,-1.4311831,0.17708373,3.0,1.0,1.0,18.0,20.0,0.00016850482,0.00040990836,157.0,155.0,0.00013327575,0.00013155607,0
5.0,91.0,19.0,-1.7333336e-06,3.2172046e-10,1.7936567e-05,-1.3880805,-0.20712093,1.0,1.0,2.0,1.0,3.0,3.7603542e-11,3.3186086e-12,461.0,95.0,3.5353899e-12,1.6932657e-11,0
5.0,470.0,95.0,0.2371996,0.08483733,0.2912685,-0.36892337,1.1203173,1.0,1.0,1.0,1.0,12.0,0.00094414945,0.00020350238,2350.0,475.0,0.00018050497,0.00089302455,0
5.0,95.0,20.0,0.09802123,0.0100566605,0.1002829,-1.3417164,0.53565866,1.0,1.0,1.0,1.0,5.0,0.0014172915,0.000574574,475.0,100.0,0.00010585959,0.00050283305,0
5.0,255.0,52.0,-6.57392e-06,3.327608e-10,1.8241732e-05,-1.3852386,-0.018145848,1.0,1.0,1.0,7.0,17.0,5.271445e-12,1.0217921e-12,1275.0,260.0,1.3049443e-12,6.399246e-12,0
1.0,410.0,411.0,0.05012416,0.004610737,0.06790241,-0.11347554,1.244671,1.0,1.0,1.0,18.0,54.0,1.7337594e-05,2.0901538e-05,410.0,411.0,1.1245699e-05,1.1218338e-05,0
1.0,182.0,183.0,5.374017e-06,2.6896113e-10,1.6400034e-05,-1.4493525,-0.030678706,1.0,1.0,1.0,52.0,62.0,5.895075e-13,7.2352703e-13,182.0,183.0,1.4778084e-12,1.469733e-12,0
5.0,180.0,37.0,0.28117684,0.06763376,0.26006493,-1.4081031,0.34452504,1.0,1.0,1.0,1.0,4.0,0.0023429452,0.00025917168,900.0,185.0,0.0003757431,0.0018279395,0
5.0,930.0,187.0,5.0718327e-06,5.08203e-10,2.2543358e-05,-1.46071,-0.15786362,3.0,1.0,1.0,2.0,4.0,1.3273278e-11,3.0467837e-11,4650.0,935.0,5.464548e-13,2.717663e-12,1
1.0,325.0,326.0,-5.2544056e-06,5.5613447e-10,2.3582503e-05,-1.4988253,0.012133435,1.0,1.0,1.0,94.0,113.0,4.5116938e-13,6.723539e-13,325.0,326.0,1.711183e-12,1.705934e-12,0
5.0,620.0,125.0,9.023337e-06,3.9322695e-10,1.9829951e-05,-1.1553222,-0.39651096,1.0,1.0,1.0,28.0,41.0,9.764132e-13,7.371951e-13,3100.0,625.0,6.34237e-13,3.1458156e-12,0
1.0,492.0,493.0,8.410617e-06,2.829033e-10,1.681973e-05,-1.4575347,0.008462101,3.0,3.0,2.0,2.0,6.0,2.5322776e-12,5.249568e-12,614.0,493.0,5.7500673e-13,5.738404e-13,1
1.0,568.0,569.0,-5.9588483e-06,3.1618722e-10,1.7781655e-05,-1.2621448,-0.2464441,2.0,2.0,2.0,2.0,5.0,2.1625286e-12,4.451473e-12,568.0,569.0,5.566676e-13,5.5568934e-13,1
5.0,235.0,48.0,0.17388052,0.0661971,0.25728795,-0.44847998,1.1078817,1.0,1.0,1.0,1.0,5.0,0.002612911,0.0003187825,1175.0,240.0,0.00028168978,0.0013791062,0
5.0,355.0,72.0,0.25164288,0.059940334,0.24482715,-0.46402037,0.8426599,2.0,2.0,1.0,3.0,4.0,0.001398262,0.0003118989,1775.0,360.0,0.000168846,0.0008325046,1
1.0,190.0,191.0,1.4988066e-06,2.1147992e-10,1.4542349e-05,-0.8426149,-0.3033768,1.0,1.0,1.0,1.0,1.0,1.2673489e-11,3.591918e-11,190.0,191.0,1.1130523e-12,1.1072247e-12,1
1.0,477.0,478.0,3.0731647e-07,2.8066358e-10,1.6753016e-05,-1.4569255,-0.034748774,1.0,1.0,1.0,146.0,165.0,2.8399519e-13,7.2722357e-13,653.0,478.0,5.883932e-13,5.8716226e-13,0
5.0,375.0,76.0,0.3026513,0.12161335,0.34873107,-1.2396888,0.6339658,1.0,1.0,1.0,3.0,11.0,0.0012665526,0.00020852046,1875.0,380.0,0.00032430227,0.0016001756,0
5.0,220.0,45.0,4.757373e-06,3.3497058e-10,1.8302202e-05,-1.4934895,0.04359965,1.0,1.0,1.0,10.0,15.0,7.0739478e-12,1.4781533e-12,1100.0,225.0,1.5225935e-12,7.44379e-12,0
5.0,255.0,52.0,0.23575673,0.026626442,0.1631761,-1.4254465,-0.42991972,2.0,1.0,1.0,4.0,6.0,0.0012481133,0.0016214001,1275.0,260.0,0.00010441742,0.000512047,1
1.0,515.0,517.0,-8.423836e-06,1.1554575e-10,1.0749221e-05,-1.2364318,-0.20106457,6.0,1.0,1.0,92.0,123.0,1.8184629e-12,5.209262e-12,645.0,517.0,2.2436068e-13,2.2349273e-13,0
1.0,475.0,476.0,-1.1807423e-05,1.8878289e-10,1.3739828e-05,-1.412193,0.05166695,6.0,1.0,1.0,90.0,115.0,1.908814e-12,5.676327e-12,629.0,476.0,3.9743767e-13,3.966027e-13,0
5.0,75.0,16.0,-4.111336e-06,2.4658214e-10,1.5702935e-05,-1.5141323,0.07620045,1.0,1.0,2.0,1.0,4.0,4.184188e-11,1.0231094e-11,375.0,80.0,3.287762e-12,1.5411384e-11,0
1.0,316.0,317.0,-1.0564048e-05,9.2963456e-11,9.641756e-06,-1.3570052,-0.0625157,1.0,1.0,1.0,85.0,100.0,2.8194978e-13,6.866185e-13,316.0,317.0,2.9418815e-13,2.932601e-13,0
5.0,470.0,95.0,-4.7964163e-06,2.7031444e-10,1.6441241e-05,-1.0172802,-0.27517366,2.0,2.0,1.0,10.0,16.0,9.24679e-12,1.9842109e-11,2350.0,475.0,5.7513705e-13,2.845415e-12,1
5.0,205.0,42.0,0.13732488,0.0264823,0.16273384,-0.8382641,0.86280185,2.0,1.0,1.0,2.0,2.0,0.0025581904,0.0048150695,1025.0,210.0,0.00012918195,0.000630531,1
1.0,229.0,230.0,2.1019735e-06,3.6454764e-10,1.909313e-05,-1.4942385,0.019844297,1.0,1.0,1.0,64.0,64.0,2.3320675e-12,6.430784e-12,289.0,230.0,1.5919111e-12,1.5849897e-12,0
5.0,145.0,30.0,0.024610985,0.0008162966,0.028570905,-0.1354473,1.0728233,2.0,1.0,1.0,3.0,4.0,0.00021489625,0.00036876948,725.0,150.0,5.629632e-06,2.7209888e-05,1
1.0,441.0,441.0,2.3156192e-06,2.929822e-10,1.7116723e-05,-1.3067147,-0.049491245,2.0,2.0,2.0,1.0,4.0,1.2326507e-12,2.5435504e-12,461.0,441.0,6.643587e-13,6.643587e-13,1
5.0,395.0,80.0,0.6014731,0.10941017,0.33077207,-1.44239,0.13449518,1.0,1.0,1.0,8.0,28.0,0.00072289817,7.118796e-05,1975.0,400.0,0.00027698776,0.0013676271,0
5.0,220.0,45.0,0.21626705,0.052975085,0.23016317,-1.3849573,0.4985929,1.0,1.0,1.0,2.0,8.0,0.0013881063,0.00016521776,1100.0,225.0,0.00024079584,0.0011772241,0
5.0,175.0,36.0,0.32846737,0.098468244,0.3137965,-1.4358861,0.39871502,1.0,1.0,1.0,2.0,7.0,0.0037544402,0.0005667468,875.0,180.0,0.0005626757,0.002735229,0
5.0,200.0,41.0,1.4689246e-06,1.6621782e-10,1.28925485e-05,-1.498222,0.09897617,1.0,1.0,1.0,5.0,11.0,4.2382317e-12,4.9274197e-13,1000.0,205.0,8.310891e-13,4.054093e-12,0
1.0,203.0,197.0,0.37630895,0.1840937,0.4290614,-1.2011443,0.64475554,1.0,1.0,1.0,11.0,21.0,0.00031011758,0.00011238694,251.0,197.0,0.0009068655,0.00093448575,0
5.0,235.0,48.0,1.7362873e-06,7.6258017e-10,2.7614853e-05,-1.4580165,-0.04602307,1.0,1.0,1.0,4.0,15.0,1.3502212e-11,1.5174087e-12,1175.0,240.0,3.2450219e-12,1.5887087e-11,0
1.0,216.0,217.0,-3.8975904e-06,7.7930995e-10,2.7916123e-05,-1.4952048,0.018298669,1.0,1.0,1.0,66.0,73.0,1.0935445e-12,1.2156781e-12,216.0,217.0,3.6079165e-12,3.59129e-12,0
5.0,100.0,21.0,3.2733192e-07,2.0825255e-10,1.4430958e-05,-1.4909018,-0.13128228,1.0,1.0,2.0,1.0,6.0,2.0285808e-11,2.4572928e-12,500.0,105.0,2.0825256e-12,9.916788e-12,0
1.0,194.0,195.0,0.029085131,0.0015668623,0.039583612,-0.6896447,0.94130266,2.0,1.0,1.0,18.0,24.0,2.2759823e-05,4.5966142e-05,194.0,195.0,8.076609e-06,8.035191e-06,1
1.0,224.0,225.0,6.1566095e-07,5.5140575e-10,2.348203e-05,-0.8025095,-0.583327,2.0,1.0,1.0,2.0,7.0,2.8720934e-12,5.3908384e-12,226.0,225.0,2.4616327e-12,2.4506922e-12,1
5.0,215.0,44.0,5.917578e-06,7.065266e-10,2.6580568e-05,-1.1529033,-0.23532692,1.0,1.0,1.0,3.0,11.0,1.355858e-11,9.516724e-13,1075.0,220.0,3.2861702e-12,1.6057423e-11,0
5.0,145.0,30.0,2.6805057e-05,6.26972e-11,7.918156e-06,-0.9710844,-0.5340711,1.0,1.0,1.0,5.0,9.0,2.4557396e-12,8.306169e-13,725.0,150.0,4.323945e-13,2.0899068e-12,0
5.0,220.0,45.0,3.742511e-06,4.5445686e-10,2.1317994e-05,-1.4750777,-0.12854914,1.0,1.0,1.0,3.0,16.0,9.5706585e-12,1.2826819e-12,1100.0,225.0,2.065713e-12,1.0099041e-11,0
5.0,100.0,21.0,2.3389853e-06,2.6445915e-10,1.62622e-05,-1.4031744,0.13532154,1.0,1.0,2.0,2.0,5.0,2.7199047e-11,6.811187e-12,500.0,105.0,2.6445916e-12,1.2593293e-11,0
5.0,190.0,39.0,0.2949771,0.11088458,0.33299336,-1.2169546,0.63603073,1.0,1.0,1.0,1.0,6.0,0.0041713966,0.0004824579,950.0,195.0,0.00058360305,0.0028431942,0
5.0,686.0,137.0,-1.7760821e-06,8.027541e-11,8.959654e-06,-1.2883818,-0.18998735,1.0,1.0,1.0,42.0,46.0,4.6285794e-13,9.047138e-13,3468.0,685.0,1.1701955e-13,5.859519e-13,0
5.0,245.0,50.0,-2.322388e-06,4.934675e-10,2.2214128e-05,-1.4899303,0.020130647,1.0,1.0,1.0,5.0,15.0,8.276671e-12,1.3067493e-12,1225.0,250.0,2.0141532e-12,9.86935e-12,0
5.0,80.0,17.0,1.7072462e-06,4.3889176e-10,2.0949743e-05,-1.5048143,-0.06874979,1.0,1.0,2.0,1.0,4.0,6.332708e-11,6.7135577e-12,400.0,85.0,5.4861467e-12,2.5817161e-11,0
1.0,243.0,244.0,2.3466112e-06,8.9088675e-10,2.9847726e-05,-1.487809,0.002250175,1.0,1.0,1.0,47.0,53.0,3.0884835e-12,6.299153e-12,243.0,244.0,3.6662006e-12,3.6511753e-12,0
5.0,220.0,21.0,0.028545704,0.0027802307,0.052727893,6.3686047,2.8087237,1.0,1.0,1.0,1.0,2.0,0.0033779691,0.0076860026,16100.0,105.0,1.2637412e-05,0.00013239193,1
1.0,182.0,184.0,-7.178252e-07,5.542762e-10,2.354307e-05,-1.4902805,0.03250557,1.0,1.0,1.0,26.0,42.0,6.835458e-12,1.8515191e-11,254.0,184.0,3.0454736e-12,3.0123705e-12,0
5.0,75.0,16.0,1.3498119e-06,5.687658e-10,2.3848812e-05,-1.4688107,-0.059551653,1.0,1.0,2.0,1.0,2.0,9.259099e-11,1.1926415e-11,375.0,80.0,7.583544e-12,3.5547863e-11,0
1.0,348.0,317.0,0.40016675,0.18546522,0.43065673,-1.2862377,0.5517797,1.0,1.0,1.0,17.0,25.0,0.00015358148,0.00015288651,468.0,317.0,0.000532946,0.00058506377,0
1.0,428.0,429.0,-2.1578244e-06,4.5379617e-10,2.1302492e-05,-1.3905408,0.043877974,3.0,1.0,1.0,58.0,79.0,2.1630536e-12,5.340143e-12,428.0,429.0,1.0602713e-12,1.0577999e-12,0
5.0,150.0,31.0,0.07964973,0.004252598,0.065211944,-0.8421893,0.70501715,1.0,1.0,1.0,2.0,4.0,0.00044232263,0.00032500678,750.0,155.0,2.8350654e-05,0.00013718058,1
1.0,283.0,284.0,0.22171172,0.11297282,0.3361143,-0.24345432,1.1811898,1.0,1.0,1.0,18.0,24.0,0.00020895114,0.00021762478,283.0,284.0,0.00039919725,0.00039779162,0
5.0,195.0,40.0,0.12577267,0.015644187,0.12507673,-1.28009,0.5039637,1.0,1.0,1.0,1.0,6.0,0.00055288913,9.0799775e-05,975.0,200.0,8.02266e-05,0.00039110467,0
5.0,85.0,18.0,3.2134167e-06,7.7060974e-10,2.7759857e-05,-1.4967905,-0.012056706,1.0,1.0,2.0,1.0,2.0,9.861509e-11,1.03447554e-11,425.0,90.0,9.065997e-12,4.281165e-11,0
1.0,173.0,174.0,-6.7356887e-06,6.870703e-10,2.6212025e-05,-1.488023,-0.004380623,1.0,1.0,1.0,48.0,58.0,1.2911074e-12,1.1288405e-12,207.0,174.0,3.9715045e-12,3.94868e-12,0
5.0,60.0,13.0,0.80810076,0.014646785,0.1210239,-1.3173393,0.17133953,1.0,1.0,1.0,1.0,0.0,0.0037434122,0.0010811491,300.0,65.0,0.00024411308,0.0011266758,0
5.0,610.0,123.0,-1.7516193e-05,1.4661455e-10,1.21084495e-05,-1.2729611,-0.13917275,1.0,1.0,1.0,38.0,41.0,5.412229e-13,7.8072466e-13,3050.0,615.0,2.4035174e-13,1.1919882e-12,0
5.0,520.0,105.0,-3.2459536e-06,7.056316e-11,8.400188e-06,-1.4014857,-0.0017150388,1.0,1.0,1.0,29.0,35.0,4.9610267e-13,6.469953e-13,2600.0,525.0,1.3569838e-13,6.720301e-13,0
5.0,210.0,43.0,-1.107602e-05,1.9328734e-10,1.39027825e-05,-1.2388698,-0.3028629,2.0,1.0,1.0,3.0,3.0,2.2819316e-11,3.9362846e-11,1050.0,215.0,9.20416e-13,4.4950545e-12,1
5.0,100.0,21.0,-4.3853147e-06,2.9239186e-10,1.709947e-05,-1.1070601,-0.23102202,1.0,1.0,2.0,2.0,6.0,2.5547304e-11,4.3281524e-12,500.0,105.0,2.9239187e-12,1.3923422e-11,0
1.0,341.0,342.0,0.0008884301,6.905907e-06,0.0026279092,8.145685,2.9975586,10.0,2.0,2.0,13.0,15.0,1.5558734e-06,3.4083557e-06,341.0,342.0,2.0251926e-08,2.019271e-08,1
5.0,220.0,45.0,0.2717619,0.07314949,0.27046162,-1.4872696,0.37821501,1.0,1.0,1.0,3.0,4.0,0.0020079704,0.0008690995,1100.0,225.0,0.00033249767,0.0016255442,0
5.0,220.0,45.0,4.7051476e-06,1.3989396e-10,1.1827678e-05,-1.497042,0.009389462,1.0,1.0,1.0,8.0,15.0,3.0999153e-12,1.140186e-12,1100.0,225.0,6.3588165e-13,3.1087548e-12,0
5.0,85.0,18.0,2.2532638e-06,8.1641904e-10,2.8573048e-05,-1.4668593,-0.058772545,1.0,1.0,2.0,1.0,0.0,1.0379959e-10,9.268072e-12,425.0,90.0,9.60493e-12,4.535661e-11,0
1.0,182.0,183.0,5.0716003e-06,8.729236e-10,2.9545281e-05,-1.467908,0.0066184592,1.0,1.0,1.0,50.0,64.0,1.2769147e-12,7.517429e-13,254.0,183.0,4.7962836e-12,4.7700745e-12,0
1.0,167.0,169.0,-8.293589e-08,4.713895e-10,2.1711507e-05,-1.187916,-0.23287216,1.0,1.0,1.0,37.0,43.0,2.1790588e-12,4.849974e-12,233.0,169.0,2.8226915e-12,2.789287e-12,0
5.0,715.0,144.0,0.35102817,0.17463824,0.4178974,-1.095434,0.7471798,1.0,1.0,1.0,13.0,24.0,0.0005709533,0.0001348944,3575.0,720.0,0.0002442493,0.0012127656,0
5.0,100.0,21.0,-7.7999977e-07,3.2984945e-10,1.8161758e-05,-0.864931,-0.5296906,1.0,1.0,1.0,1.0,5.0,2.2089733e-11,2.9386179e-12,500.0,105.0,3.2984945e-12,1.5707116e-11,0
1.0,440.0,442.0,1.2137943e-06,6.507067e-10,2.5508953e-05,-1.1175482,-0.36555916,1.0,1.0,1.0,137.0,152.0,3.1728954e-13,6.566295e-13,616.0,442.0,1.4788789e-12,1.4721871e-12,0
5.0,270.0,55.0,1.0273316e-05,4.718557e-10,2.172224e-05,0.2405576,-0.6819903,2.0,1.0,1.0,1.0,2.0,3.885845e-10,1.3086576e-09,1350.0,275.0,1.7476138e-12,8.579195e-12,1
1.0,210.0,211.0,-8.219218e-06,6.5932854e-10,2.5677393e-05,-1.495352,-0.017829182,1.0,1.0,1.0,24.0,50.0,1.9252644e-12,3.2501517e-12,210.0,211.0,3.1396598e-12,3.1247797e-12,0
1.0,247.0,230.0,0.17447282,0.040053453,0.20013359,-0.90668166,0.845949,1.0,1.0,1.0,23.0,36.0,0.00011640463,0.00016827989,345.0,230.0,0.00016215973,0.00017414545,0
1.0,181.0,182.0,3.452827e-06,2.3927402e-10,1.5468484e-05,-1.13987,-0.27852213,1.0,1.0,1.0,41.0,42.0,7.74272e-13,1.5719688e-12,181.0,182.0,1.3219559e-12,1.3146925e-12,0
5.0,45.0,10.0,0.8363494,0.015212877,0.12334049,-1.4265556,0.115055464,1.0,1.0,1.0,1.0,0.0,0.0063975467,0.0028620684,225.0,50.0,0.00033806392,0.0015212876,0
5.0,240.0,49.0,0.306127,0.099233694,0.3150138,-1.2412332,0.60360396,1.0,1.0,1.0,2.0,6.0,0.0023895602,0.0004003943,1200.0,245.0,0.00041347372,0.0020251775,0
5.0,400.0,81.0,0.67350733,0.043924898,0.20958267,-1.4956733,0.117442586,1.0,1.0,1.0,12.0,22.0,0.00029823458,7.6129894e-05,2000.0,405.0,0.00010981224,0.00054228265,0
5.0,206.0,42.0,3.6755314e-06,3.9680725e-10,1.9920022e-05,-1.407026,-0.014703058,1.0,1.0,1.0,6.0,15.0,9.433651e-12,1.5435041e-12,1036.0,210.0,1.9262489e-12,9.4477915e-12,0
5.0,95.0,20.0,0.11089468,0.008193422,0.09051753,-1.38443,0.26972288,1.0,1.0,1.0,2.0,3.0,0.00095987576,0.00033685556,475.0,100.0,8.624655e-05,0.00040967113,0
1.0,281.0,265.0,0.23025522,0.053971037,0.23231667,-1.1241603,0.5990943,1.0,1.0,1.0,20.0,45.0,8.357969e-05,8.064394e-05,387.0,265.0,0.00019206775,0.0002036643,0
5.0,375.0,76.0,4.5656847e-07,1.2113921e-10,1.1006326e-05,-1.4798629,0.009076796,1.0,1.0,1.0,22.0,25.0,1.0867715e-12,7.508182e-13,1875.0,380.0,3.230379e-13,1.593937e-12,0
5.0,250.0,27.0,-2.2939994e-05,3.226998e-10,1.7963848e-05,-0.72631323,0.6217756,1.0,1.0,0.0,1.0,1.0,6.548432e-11,1.2321674e-10,16250.0,135.0,1.2907993e-12,1.1951845e-11,1
1.0,197.0,198.0,-5.8286787e-06,4.8678206e-10,2.206314e-05,-1.2429407,-0.18919623,2.0,1.0,1.0,13.0,18.0,2.1462784e-12,5.156769e-12,275.0,198.0,2.470975e-12,2.4584954e-12,0
5.0,235.0,48.0,2.7462245e-06,4.1866338e-10,2.0461264e-05,-1.3183601,-0.15462907,1.0,1.0,1.0,5.0,17.0,7.359769e-12,1.1450506e-12,1175.0,240.0,1.7815463e-12,8.722153e-12,0
1.0,772.0,774.0,6.853397e-06,2.4171223e-10,1.5547097e-05,-0.8865928,-0.562243,1.0,1.0,1.0,240.0,256.0,2.576016e-13,7.495051e-13,1008.0,774.0,3.1309872e-13,3.122897e-13,0
5.0,234.0,48.0,-1.8193135e-06,6.825939e-10,2.6126498e-05,-1.5157511,0.06607659,1.0,1.0,1.0,5.0,16.0,1.247457e-11,1.4885342e-12,1186.0,240.0,2.917068e-12,1.4220706e-11,0
5.0,270.0,55.0,-3.1416627e-07,8.1431006e-10,2.8536118e-05,-1.48276,0.052948035,1.0,1.0,1.0,3.0,20.0,1.1304732e-11,1.3667788e-12,1350.0,275.0,3.0159631e-12,1.4805638e-11,0
5.0,95.0,20.0,5.530715e-07,1.2972591e-10,1.1389729e-05,-1.3769183,-0.22989826,1.0,1.0,2.0,4.0,6.0,1.6168395e-11,7.685805e-12,475.0,100.0,1.3655359e-12,6.4862954e-12,0
5.0,55.0,12.0,0.87668514,0.02016761,0.14201272,-1.0556589,-0.22788188,1.0,1.0,1.0,1.0,1.0,0.0049553607,0.001095129,275.0,60.0,0.00036668382,0.0016806341,0
5.0,235.0,48.0,-3.344794e-07,4.2148407e-10,2.0530077e-05,-1.4798524,0.03385385,1.0,1.0,1.0,7.0,16.0,7.671063e-12,1.1272664e-12,1175.0,240.0,1.7935493e-12,8.780918e-12,0
1.0,210.0,211.0,1.7187409e-06,2.3427724e-10,1.5306117e-05,-1.3237752,-0.13158982,1.0,1.0,1.0,64.0,73.0,3.9372764e-13,5.616809e-13,264.0,211.0,1.1156059e-12,1.1103187e-12,0
1.0,452.0,442.0,8.025414e-06,4.7862253e-10,2.1877444e-05,-1.4069672,0.05643033,2.0,2.0,2.0,1.0,4.0,7.602004e-12,1.5472394e-11,564.0,442.0,1.0588995e-12,1.0828565e-12,1
5.0,250.0,51.0,0.23559515,0.11310276,0.33630753,-0.48083937,1.070685,1.0,1.0,1.0,3.0,5.0,0.0038159348,0.0010279308,1250.0,255.0,0.00045241104,0.0022177012,0
5.0,270.0,55.0,0.34373826,0.17370549,0.4167799,-0.70979446,0.9337915,1.0,1.0,1.0,2.0,11.0,0.004183371,0.0006630251,1378.0,275.0,0.0006433537,0.0031582818,0
5.0,242.0,49.0,-6.415038e-07,1.4206517e-10,1.1919109e-05,-0.92184204,-0.50162315,1.0,1.0,1.0,11.0,16.0,1.947993e-12,6.08731e-13,1232.0,245.0,5.8704615e-13,2.899289e-12,0
5.0,80.0,17.0,-8.900941e-07,1.9870754e-10,1.4096366e-05,-1.2363275,-0.2622067,1.0,1.0,2.0,1.0,4.0,2.5754485e-11,4.0820177e-12,400.0,85.0,2.4838443e-12,1.1688679e-11,0
1.0,158.0,149.0,0.15836975,0.026036842,0.16135935,-1.2704685,0.53584415,1.0,1.0,1.0,21.0,27.0,0.0001671482,0.000316615,204.0,149.0,0.00016479014,0.00017474391,0
5.0,275.0,56.0,0.21137804,0.053722806,0.23178181,-1.2404563,0.6441366,1.0,1.0,1.0,2.0,6.0,0.0010907295,0.00024308119,1375.0,280.0,0.00019535565,0.00095933577,0
5.0,270.0,55.0,5.101506e-06,8.3660695e-10,2.892416e-05,-1.2801638,-0.11927965,1.0,1.0,1.0,5.0,18.0,1.019132e-11,9.0159184e-13,1350.0,275.0,3.0985444e-12,1.5211036e-11,0
1.0,558.0,559.0,-2.812744e-06,1.0547891e-10,1.02702925e-05,-1.3951975,-0.06119925,3.0,3.0,2.0,4.0,23.0,1.1744673e-12,2.551118e-12,654.0,559.0,1.8903031e-13,1.8869215e-13,1
1.0,126.0,127.0,0.11801639,0.00719534,0.08482535,-1.3823515,0.37613842,1.0,1.0,1.0,19.0,23.0,8.150757e-05,0.00015435708,126.0,127.0,5.7105874e-05,5.6656223e-05,1
5.0,240.0,49.0,-3.7823654e-07,6.0985955e-10,2.4695335e-05,-1.5090151,0.02888661,1.0,1.0,1.0,5.0,17.0,1.0574171e-11,1.1147733e-12,1200.0,245.0,2.5410815e-12,1.2446113e-11,0
5.0,95.0,20.0,0.08765615,0.010110826,0.1005526,-1.2110015,0.6495635,1.0,1.0,1.0,1.0,2.0,0.0014568744,0.00038400682,475.0,100.0,0.000106429754,0.00050554133,0
1.0,424.0,355.0,0.015136826,0.0011064634,0.03326354,2.2618752,1.9953368,2.0,1.0,1.0,4.0,21.0,1.4896892e-05,1.1098383e-05,588.0,355.0,2.6095834e-06,3.116798e-06,1
1.0,443.0,445.0,1.3516306e-05,1.3626428e-10,1.1673229e-05,-1.72356,-0.1159156,3.0,3.0,3.0,3.0,12.0,3.1607713e-12,6.669686e-12,575.0,445.0,3.075943e-13,3.0621187e-13,1
5.0,195.0,40.0,3.9080583e-06,2.6083188e-10,1.615029e-05,-1.3361769,-0.035034172,1.0,1.0,1.0,3.0,11.0,6.6113963e-12,7.962808e-13,975.0,200.0,1.3375993e-12,6.520797e-12,0
5.0,190.0,39.0,-1.7967155e-05,2.5134894e-10,1.5853988e-05,-1.021684,-0.5793226,1.0,1.0,0.0,7.0,12.0,3.8794133e-12,1.4700667e-12,950.0,195.0,1.3228892e-12,6.4448447e-12,0
5.0,560.0,113.0,1.1806977e-05,3.4458292e-10,1.8562945e-05,-1.2455119,-0.13114002,1.0,1.0,1.0,31.0,43.0,1.6111347e-12,1.1531174e-12,2800.0,565.0,6.1532664e-13,3.0494062e-12,0
5.0,75.0,16.0,2.7621932e-06,1.430863e-10,1.1961869e-05,-1.4915128,0.016991029,1.0,1.0,2.0,2.0,5.0,2.717397e-11,1.34990335e-11,375.0,80.0,1.9078174e-12,8.942894e-12,0
1.0,263.0,265.0,1.5422092e-06,7.702718e-10,2.7753771e-05,-1.4830692,0.026237262,1.0,1.0,1.0,80.0,90.0,6.7441316e-13,7.451653e-13,367.0,265.0,2.92879e-12,2.906686e-12,0
1.0,267.0,268.0,3.9924603e-06,5.3826715e-10,2.3200584e-05,-1.0296607,-0.31204674,1.0,1.0,1.0,18.0,19.0,5.0838006e-12,1.0296995e-11,267.0,268.0,2.0159818e-12,2.0084594e-12,1
5.0,265.0,54.0,0.2204436,0.059350938,0.24362049,-1.3692201,0.53728837,1.0,1.0,1.0,1.0,4.0,0.0013244662,0.00054032804,1325.0,270.0,0.0002239658,0.0010990915,0
1.0,567.0,518.0,0.16544887,0.04448336,0.21091078,-0.6214646,1.0073599,1.0,1.0,1.0,20.0,64.0,2.9635668e-05,1.9832423e-05,793.0,518.0,7.84539e-05,8.587521e-05,0
1.0,350.0,351.0,-6.3540206e-06,2.4591698e-10,1.568174e-05,-1.3300056,-0.03415074,2.0,2.0,2.0,1.0,4.0,2.204159e-12,4.5991743e-12,482.0,351.0,7.0261993e-13,7.0061817e-13,1
5.0,195.0,40.0,0.14595653,0.025656298,0.16017583,-1.4090565,0.5616183,1.0,1.0,1.0,1.0,3.0,0.0016276281,0.0016520665,975.0,200.0,0.00013157076,0.00064140745,0
5.0,215.0,44.0,6.18724e-07,1.4021229e-10,1.1841127e-05,-0.98364764,-0.31801602,1.0,1.0,1.0,7.0,12.0,2.7403414e-12,1.0911612e-12,1075.0,220.0,6.5215015e-13,3.186643e-12,0
5.0,100.0,21.0,1.3459553e-05,6.101172e-10,2.470055e-05,-1.1789216,-0.3538439,1.0,1.0,1.0,2.0,5.0,5.601139e-11,5.3145435e-12,500.0,105.0,6.101172e-12,2.9053199e-11,0
5.0,300.0,61.0,0.18996724,0.026592683,0.16307263,-1.6860096,-0.057608,2.0,1.0,1.0,2.0,3.0,0.0013962851,0.0027164575,1500.0,305.0,8.864228e-05,0.00043594564,1
5.0,85.0,18.0,9.518508e-06,5.0280774e-10,2.2423375e-05,-1.1316221,-0.27767068,1.0,1.0,1.0,2.0,5.0,5.7984097e-11,1.42255105e-11,425.0,90.0,5.915385e-12,2.7933763e-11,0
5.0,105.0,22.0,2.965715e-06,3.2196942e-10,1.7943506e-05,-1.3963782,-0.12402889,1.0,1.0,1.0,2.0,4.0,2.7250074e-11,3.4905416e-12,525.0,110.0,3.0663753e-12,1.4634974e-11,0
5.0,115.0,24.0,0.08781563,0.004595372,0.067789175,-1.549509,-0.27158597,1.0,1.0,1.0,1.0,2.0,0.0002705554,0.00019800484,575.0,120.0,3.9959756e-05,0.00019147384,0
5.0,145.0,30.0,0.15000935,0.017857088,0.13363041,-1.4052308,0.31115884,1.0,1.0,1.0,2.0,4.0,0.001101019,0.00072990154,725.0,150.0,0.00012315233,0.00059523626,0
5.0,360.0,73.0,3.733494e-06,6.8876266e-10,2.6244288e-05,-1.1653972,-0.2888647,1.0,1.0,1.0,14.0,27.0,4.988705e-12,1.1185319e-12,1830.0,365.0,1.9132296e-12,9.4351055e-12,0
5.0,195.0,15.0,0.1484684,0.010337266,0.10167235,-1.5366964,-0.117786,1.0,1.0,1.0,1.0,2.0,0.0032325992,0.006941416,17225.0,75.0,5.3011623e-05,0.0006891511,1
1.0,213.0,195.0,0.36487573,0.17586504,0.41936266,-1.1991458,0.65235454,1.0,1.0,1.0,15.0,22.0,0.00034934838,0.00024633558,291.0,195.0,0.00082565745,0.000901872,0
5.0,195.0,40.0,0.12794356,0.042764004,0.2067946,1.3284876,1.6056938,3.0,2.0,1.0,2.0,4.0,0.040657766,0.10764915,975.0,200.0,0.00021930259,0.0010691001,1
1.0,513.0,515.0,8.138894e-06,6.942084e-10,2.6347834e-05,-0.7816366,-0.51993066,2.0,2.0,2.0,2.0,2.0,1.778687e-11,5.0519405e-11,699.0,515.0,1.3532327e-12,1.3479775e-12,1
5.0,65.0,14.0,-2.3193124e-06,5.661982e-11,7.5246144e-06,-0.6819025,-0.6276947,1.0,1.0,2.0,1.0,3.0,1.1026449e-11,4.8282454e-12,325.0,70.0,8.7107415e-13,4.0442727e-12,0
5.0,1030.0,207.0,-1.2213848e-05,3.3492212e-10,1.8300878e-05,-1.4903302,0.09325928,1.0,1.0,1.0,57.0,64.0,6.206479e-13,9.0683515e-13,5150.0,1035.0,3.251671e-13,1.6179812e-12,0
1.0,206.0,201.0,0.34500524,0.16727842,0.40899685,-1.1305119,0.7077059,1.0,1.0,1.0,20.0,27.0,0.0002987983,0.0001402347,218.0,201.0,0.0008120312,0.00083223096,0
1.0,247.0,238.0,0.39719447,0.14849915,0.38535586,-1.3678564,0.46588752,1.0,1.0,1.0,23.0,37.0,0.00017845976,0.00014638703,343.0,238.0,0.0006012111,0.00062394596,0
5.0,100.0,21.0,1.3879924e-06,5.192433e-10,2.2786911e-05,-1.4416133,-0.07820839,1.0,1.0,2.0,1.0,3.0,4.823626e-11,4.2356643e-12,500.0,105.0,5.1924333e-12,2.4725872e-11,0
5.0,595.0,120.0,0.4113571,0.19363858,0.44004384,-1.2281085,0.59227675,1.0,1.0,1.0,10.0,19.0,0.00078357424,0.00017296721,2975.0,600.0,0.000325443,0.0016136548,0
5.0,330.0,67.0,0.18894476,0.028195802,0.16791606,-1.4820622,0.10957145,2.0,1.0,1.0,3.0,5.0,0.0008865718,0.0010077619,1650.0,335.0,8.5441825e-05,0.00042083286,1
5.0,790.0,159.0,0.288015,0.13929476,0.37322214,-0.87108016,0.87747735,1.0,1.0,1.0,9.0,20.0,0.00042027805,0.00011266938,3950.0,795.0,0.00017632247,0.0008760677,0
5.0,85.0,18.0,-2.104187e-06,8.936025e-11,9.453055e-06,-1.3351325,-0.1493873,1.0,1.0,1.0,2.0,7.0,1.3683964e-11,3.8227186e-12,425.0,90.0,1.0512971e-12,4.9644585e-12,0
1.0,292.0,256.0,0.25280476,0.13606033,0.36886355,-0.45140773,1.090648,1.0,1.0,1.0,13.0,20.0,0.0002607452,0.00022552017,408.0,256.0,0.00046596,0.00053148565,0
5.0,190.0,39.0,1.0382941e-05,5.983808e-10,2.4461822e-05,-1.3487215,-0.12002607,1.0,1.0,1.0,1.0,11.0,1.5536546e-11,8.189939e-13,950.0,195.0,3.1493725e-12,1.5343097e-11,0
5.0,226.0,46.0,-9.273952e-08,1.5718657e-10,1.2537407e-05,-1.4169445,-0.022722334,1.0,1.0,1.0,3.0,15.0,3.0555356e-12,4.9783615e-13,1140.0,230.0,6.955158e-13,3.4170995e-12,0
1.0,303.0,275.0,0.120534286,0.025907166,0.16095704,-0.79562044,0.9245173,1.0,1.0,1.0,32.0,36.0,6.629255e-05,0.00012050632,415.0,275.0,8.55022e-05,9.420788e-05,0
1.0,693.0,616.0,0.18662697,0.060611434,0.2461939,-0.90316904,0.87278134,2.0,1.0,1.0,96.0,105.0,1.4737846e-05,9.6717595e-06,967.0,616.0,8.746239e-05,9.839518e-05,0
5.0,210.0,43.0,-5.316042e-06,1.3477376e-10,1.160921e-05,-0.9927428,-0.45415577,1.0,1.0,1.0,9.0,10.0,2.1884447e-12,6.676419e-13,1050.0,215.0,6.417798e-13,3.1342734e-12,0
5.0,240.0,49.0,0.2540245,0.035641808,0.18879038,-1.0413157,0.24044308,2.0,1.0,1.0,4.0,6.0,0.001355281,0.0006714058,1200.0,245.0,0.00014850753,0.0007273839,1
5.0,286.0,58.0,0.35689944,0.16190785,0.40237775,-1.1485057,0.67608273,1.0,1.0,1.0,2.0,13.0,0.0028549847,0.00040848623,1436.0,290.0,0.00056611135,0.0027915146,0
1.0,285.0,286.0,-1.0323487e-06,4.4691334e-10,2.1140324e-05,-1.4412016,0.02973785,1.0,1.0,1.0,91.0,100.0,5.0813916e-13,9.0834724e-13,391.0,286.0,1.568117e-12,1.562634e-12,0
5.0,475.0,96.0,0.47436705,0.19098894,0.43702284,-1.4133037,0.3967348,1.0,1.0,1.0,10.0,19.0,0.0010333018,0.00020533435,2375.0,480.0,0.000402082,0.0019894682,0
5.0,90.0,19.0,9.018717e-06,4.6319149e-10,2.1521884e-05,-0.785075,-0.44673654,1.0,1.0,1.0,1.0,4.0,5.2088032e-11,7.891109e-12,450.0,95.0,5.146572e-12,2.43785e-11,0
5.0,345.0,70.0,0.23720135,0.10228745,0.3198241,-0.79307836,0.9266705,1.0,1.0,1.0,3.0,11.0,0.0016068803,0.00023116509,1725.0,350.0,0.00029648538,0.0014612493,0
5.0,210.0,43.0,-2.7886002e-05,7.503176e-11,8.662088e-06,-1.1370335,-0.19162397,1.0,1.0,1.0,8.0,13.0,1.9025924e-12,7.6250264e-13,1050.0,215.0,3.572941e-13,1.7449246e-12,0
1.0,315.0,317.0,4.4116873e-06,6.311006e-10,2.5121715e-05,-1.2167116,-0.12817593,1.0,1.0,1.0,97.0,104.0,5.293624e-13,8.4284625e-13,441.0,317.0,2.003494e-12,1.9908537e-12,0
1.0,443.0,445.0,1.6091926e-05,6.127864e-10,2.4754523e-05,-0.40794927,-0.7743516,1.0,1.0,1.0,136.0,147.0,3.756456e-13,8.1497856e-13,615.0,445.0,1.383265e-12,1.3770481e-12,0
5.0,385.0,78.0,1.7402851e-06,4.519355e-10,2.1258775e-05,-1.3692173,-0.11215051,1.0,1.0,1.0,20.0,28.0,3.0453728e-12,8.7543005e-13,1925.0,390.0,1.1738584e-12,5.7940445e-12,0
5.0,195.0,40.0,0.27783373,0.105079636,0.3241599,-1.107373,0.7372257,1.0,1.0,1.0,1.0,2.0,0.0044082594,0.00072226144,975.0,200.0,0.00053886994,0.002626991,0
5.0,220.0,45.0,-5.373102e-07,6.0830546e-10,2.4663848e-05,-1.149009,-0.29047596,1.0,1.0,1.0,3.0,3.0,2.6035068e-11,3.334006e-11,1100.0,225.0,2.7650248e-12,1.3517899e-11,1
1.0,689.0,658.0,0.17201729,0.043728083,0.20911261,-1.1706705,0.7073004,2.0,1.0,2.0,58.0,116.0,1.1130279e-05,1.1415795e-05,791.0,658.0,6.346602e-05,6.645606e-05,0
5.0,95.0,20.0,2.0559446e-05,5.215213e-10,2.283684e-05,-1.3821354,-0.25977442,1.0,1.0,1.0,2.0,4.0,5.917393e-11,1.0272535e-11,475.0,100.0,5.489698e-12,2.6076067e-11,0
5.0,190.0,39.0,1.3214766e-05,2.9007657e-10,1.7031634e-05,-1.3404951,-0.10430397,1.0,1.0,1.0,7.0,13.0,7.534322e-12,1.7134724e-12,950.0,195.0,1.5267189e-12,7.437861e-12,0
1.0,193.0,195.0,7.0993456e-06,5.15832e-10,2.2711934e-05,-1.2966216,-0.07004832,2.0,1.0,1.0,1.0,2.0,5.5801964e-11,1.6470648e-10,257.0,195.0,2.6727045e-12,2.6452922e-12,1
5.0,210.0,43.0,-3.106115e-06,3.504091e-10,1.8719216e-05,-1.2969285,-0.10771014,1.0,1.0,1.0,5.0,15.0,7.662371e-12,1.4357642e-12,1050.0,215.0,1.6686147e-12,8.149048e-12,0
5.0,235.0,48.0,-4.5064353e-06,3.4676165e-10,1.8621537e-05,-1.4980215,-0.021593485,1.0,1.0,1.0,5.0,15.0,6.319354e-12,8.0870336e-13,1175.0,240.0,1.4755815e-12,7.224201e-12,0
1.0,445.0,446.0,0.30505013,0.13508408,0.36753786,-1.1447191,0.71607953,2.0,1.0,1.0,38.0,55.0,6.738306e-05,6.216614e-05,445.0,446.0,0.0003035597,0.00030287908,0
1.0,191.0,192.0,-2.8827178e-06,1.0048277e-10,1.00241095e-05,-1.2498167,-0.1570675,1.0,1.0,1.0,56.0,63.0,3.6283286e-13,7.520203e-13,227.0,192.0,5.260878e-13,5.2334775e-13,0
5.0,90.0,19.0,0.18472037,0.024285683,0.15583864,-1.4386725,0.2974889,1.0,1.0,1.0,1.0,3.0,0.0030107964,0.00055632,450.0,95.0,0.00026984094,0.0012781939,0
5.0,95.0,20.0,7.509935e-07,3.2268183e-10,1.7963346e-05,-1.5192403,0.13850448,1.0,1.0,2.0,1.0,6.0,3.5250025e-11,7.82919e-12,475.0,100.0,3.3966508e-12,1.613409e-11,0
1.0,378.0,380.0,2.990795e-06,3.8437253e-10,1.960542e-05,-0.73637855,-0.07829425,1.0,1.0,1.0,111.0,127.0,3.793821e-13,6.807879e-13,528.0,380.0,1.0168586e-12,1.0115066e-12,0
1.0,564.0,565.0,1.1224711e-05,3.9114084e-10,1.977728e-05,-1.1745076,-0.08487441,3.0,3.0,3.0,2.0,5.0,9.776753e-12,1.9892593e-11,656.0,565.0,6.9351214e-13,6.922847e-13,1
1.0,238.0,217.0,0.31180954,0.16356839,0.40443587,-0.8826397,0.86635274,1.0,1.0,1.0,19.0,26.0,0.00030723316,0.00019942188,322.0,217.0,0.0006872621,0.00075377134,0
1.0,482.0,483.0,-1.1451239e-05,2.0297086e-10,1.4246784e-05,-1.2390921,-0.21687351,12.0,2.0,1.0,48.0,81.0,4.2015584e-12,1.0501982e-11,482.0,483.0,4.2110139e-13,4.2022953e-13,1
5.0,240.0,49.0,3.4143775e-06,6.573441e-10,2.5638723e-05,-1.3574125,-0.13498092,1.0,1.0,1.0,4.0,14.0,1.1251748e-11,1.7290722e-12,1200.0,245.0,2.7389339e-12,1.34151865e-11,0
1.0,243.0,223.0,0.32886526,0.14855857,0.38543296,-1.1634572,0.68014604,1.0,1.0,1.0,14.0,25.0,0.00029975057,0.00033497988,321.0,223.0,0.00061135215,0.0006661819,0
1.0,166.0,167.0,-2.401918e-06,2.7764288e-10,1.666262e-05,-1.0196644,-0.39284626,1.0,1.0,1.0,50.0,53.0,1.2077819e-12,2.6516658e-12,166.0,167.0,1.6725475e-12,1.6625323e-12,0
5.0,456.0,92.0,-2.4368417e-06,3.2484745e-10,1.8023526e-05,-0.7937499,0.014837131,1.0,1.0,1.0,4.0,12.0,4.817814e-12,3.5959111e-12,2286.0,460.0,7.1238474e-13,3.5309505e-12,1
5.0,330.0,67.0,1.9434926e-06,1.5917027e-10,1.261627e-05,-1.243708,-0.1646269,1.0,1.0,1.0,19.0,23.0,1.6144668e-12,7.504763e-13,1650.0,335.0,4.8233417e-13,2.3756758e-12,0
5.0,225.0,46.0,2.5696517e-07,5.7459415e-10,2.3970693e-05,-1.441248,0.0015786263,1.0,1.0,1.0,6.0,13.0,1.1051868e-11,2.0028389e-12,1125.0,230.0,2.5537517e-12,1.2491177e-11,0
5.0,145.0,30.0,-2.7331373e-05,1.3068269e-10,1.1431653e-05,-1.1993984,-0.21788886,1.0,1.0,1.0,5.0,9.0,5.6653146e-12,1.6450863e-12,725.0,150.0,9.0125986e-13,4.3560893e-12,0
1.0,233.0,234.0,3.806906e-06,8.7639085e-10,2.96039e-05,-1.4340996,-0.07159582,1.0,1.0,1.0,63.0,74.0,1.0726206e-12,1.1425007e-12,233.0,234.0,3.761334e-12,3.74526e-12,0
5.0,255.0,52.0,2.045418e-06,8.1713664e-10,2.8585602e-05,-1.4555854,-0.013965124,1.0,1.0,1.0,1.0,17.0,1.26795085e-11,9.734572e-13,1275.0,260.0,3.2044573e-12,1.5714166e-11,0
5.0,200.0,41.0,0.11054116,0.0197311,0.14046744,-1.2218488,0.71234757,1.0,1.0,1.0,2.0,4.0,0.0012314933,0.001370084,1000.0,205.0,9.86555e-05,0.00048124636,0
5.0,105.0,22.0,-1.0579032e-06,2.0163188e-10,1.4199714e-05,-1.5098681,-0.06719376,1.0,1.0,2.0,1.0,5.0,1.733468e-11,2.9324603e-12,525.0,110.0,1.9203035e-12,9.165085e-12,0
5.0,275.0,56.0,0.22665939,0.120737925,0.34747362,-0.14387038,1.2117207,1.0,1.0,1.0,1.0,5.0,0.003737093,0.0004590229,1375.0,280.0,0.000439047,0.0021560343,0
5.0,265.0,54.0,0.35559687,0.08494859,0.2914594,-1.4471414,0.17040022,1.0,1.0,1.0,2.0,9.0,0.0012208004,0.00022352568,1325.0,270.0,0.00032056074,0.0015731221,0
1.0,182.0,184.0,2.2454212e-06,2.3496904e-10,1.53287e-05,-1.0406986,0.27754664,3.0,2.0,1.0,3.0,6.0,6.513046e-12,1.28269765e-11,228.0,184.0,1.2910387e-12,1.2770056e-12,1
5.0,95.0,20.0,0.15028387,0.019707575,0.14038368,-1.3484253,0.4300912,1.0,1.0,1.0,1.0,3.0,0.0023505779,0.0005141938,475.0,100.0,0.00020744817,0.0009853789,0
1.0,276.0,278.0,1.3274056e-06,2.216433e-10,1.488769e-05,-0.7221424,-0.6255699,1.0,1.0,1.0,73.0,88.0,3.431009e-13,7.311975e-13,356.0,278.0,8.0305543e-13,7.9727804e-13,0
5.0,825.0,166.0,0.2730763,0.10281747,0.32065162,-1.2632164,0.6439808,1.0,1.0,1.0,10.0,26.0,0.00024948546,6.7679684e-05,4125.0,830.0,0.00012462723,0.00061938236,0
1.0,186.0,169.0,0.12563752,0.022803355,0.1510078,-1.0891759,0.7387586,1.0,1.0,1.0,16.0,24.0,0.000100274294,0.00013521402,254.0,169.0,0.00012259868,0.00013493109,0
5.0,95.0,20.0,9.31477e-06,4.353614e-10,2.0865316e-05,-0.84560627,-0.24026302,1.0,1.0,1.0,3.0,5.0,5.0103727e-11,1.6501618e-11,475.0,100.0,4.5827517e-12,2.176807e-11,0
5.0,223.0,45.0,-2.144015e-06,1.362789e-10,1.1673856e-05,-1.4950305,-0.031214487,1.0,1.0,1.0,8.0,16.0,2.924136e-12,6.70406e-13,1133.0,225.0,6.111162e-13,3.0284202e-12,0
1.0,460.0,462.0,2.0530559e-05,3.5527442e-10,1.8848725e-05,-0.8800815,-0.6115668,1.0,1.0,1.0,133.0,143.0,2.599811e-13,6.545412e-13,616.0,462.0,7.723357e-13,7.6899224e-13,0
5.0,275.0,56.0,-5.0522644e-06,3.2117667e-10,1.7921402e-05,-1.4822295,0.008297224,1.0,1.0,1.0,8.0,17.0,4.421627e-12,7.9568324e-13,1375.0,280.0,1.1679152e-12,5.735298e-12,0
5.0,80.0,17.0,-8.524359e-07,6.795791e-10,2.6068737e-05,-1.5336547,0.04409671,1.0,1.0,2.0,1.0,0.0,9.81592e-11,1.4695394e-11,400.0,85.0,8.494739e-12,3.9975242e-11,0
5.0,175.0,36.0,0.13015117,0.02233599,0.1494523,-1.4555528,0.4939636,1.0,1.0,1.0,2.0,5.0,0.0014892034,0.0012645571,875.0,180.0,0.00012763422,0.0006204442,0
5.0,165.0,34.0,-1.193523e-06,3.201544e-10,1.7892859e-05,-0.88441515,-0.5514074,1.0,1.0,1.0,3.0,11.0,8.9027796e-12,1.3257864e-12,825.0,170.0,1.9403298e-12,9.416306e-12,0
1.0,349.0,350.0,0.2748677,0.10300552,0.32094473,-1.2361231,0.6500293,1.0,1.0,1.0,19.0,30.0,7.824725e-05,7.8320154e-05,349.0,350.0,0.00029514477,0.00029430148,0
5.0,225.0,46.0,-1.5209629e-06,7.8320145e-10,2.7985736e-05,-1.4934127,0.00798315,1.0,1.0,1.0,5.0,14.0,1.54131e-11,1.488271e-12,1125.0,230.0,3.4808955e-12,1.7026118e-11,0
1.0,297.0,274.0,0.059463076,0.0055273017,0.07434583,-0.5026294,1.0065624,3.0,1.0,1.0,33.0,37.0,5.8984242e-05,0.00012437496,377.0,274.0,1.8610443e-05,2.0172634e-05,1
1.0,187.0,188.0,9.2692534e-07,1.5902266e-10,1.2610419e-05,-1.5064808,0.019081937,1.0,1.0,1.0,51.0,56.0,3.9932012e-13,5.9420996e-13,187.0,188.0,8.5038855e-13,8.458652e-13,0
1.0,187.0,188.0,1.5482295e-06,2.3533914e-10,1.5340767e-05,-1.4463689,-0.012974506,1.0,1.0,1.0,61.0,65.0,5.5485244e-13,8.476325e-13,197.0,188.0,1.2584981e-12,1.2518039e-12,0
1.0,370.0,350.0,0.22707662,0.036620975,0.19136608,-1.2162229,0.260888,3.0,2.0,2.0,36.0,50.0,8.219951e-05,9.160388e-05,492.0,350.0,9.897561e-05,0.00010463136,1
5.0,280.0,57.0,0.2089521,0.07948849,0.28193703,-0.6773476,0.96830666,1.0,1.0,1.0,2.0,3.0,0.0019463655,0.00037618005,1400.0,285.0,0.00028388746,0.001394535,0
1.0,185.0,186.0,-1.266181e-06,2.0670185e-10,1.4377129e-05,-1.4452324,-0.031721316,1.0,1.0,1.0,55.0,64.0,6.150401e-13,1.115398e-12,185.0,186.0,1.1173073e-12,1.1113003e-12,0
5.0,80.0,17.0,-1.1704483e-06,6.650128e-10,2.5787842e-05,-1.5189943,0.03284505,1.0,1.0,2.0,1.0,2.0,9.5823495e-11,1.2210715e-11,400.0,85.0,8.3126605e-12,3.91184e-11,0
5.0,210.0,43.0,4.5854117e-06,5.160514e-10,2.2716766e-05,-0.7985145,-0.649764,1.0,1.0,1.0,3.0,12.0,6.899289e-12,5.385199e-13,1050.0,215.0,2.4573878e-12,1.2001196e-11,0
5.0,250.0,51.0,0.35855433,0.13255346,0.3640789,-0.7563068,0.91914105,1.0,1.0,1.0,3.0,10.0,0.0038555488,0.0005135511,1250.0,255.0,0.0005302138,0.0025990873,0
5.0,235.0,48.0,0.32907602,0.14745694,0.38400123,-1.1606146,0.67688566,1.0,1.0,1.0,1.0,4.0,0.0038775725,0.0006396025,1175.0,240.0,0.0006274764,0.0030720197,0
5.0,420.0,85.0,0.7221493,0.0358803,0.18942097,-1.4619997,0.23291884,2.0,1.0,1.0,19.0,30.0,0.00024678983,0.000103078746,2100.0,425.0,8.542929e-05,0.0004221212,0
5.0,230.0,47.0,1.6009652e-06,1.0931817e-09,3.3063297e-05,-1.4747807,-0.0126670515,1.0,1.0,1.0,4.0,15.0,2.0369994e-11,1.7619078e-12,1150.0,235.0,4.7529636e-12,2.3259185e-11,0
5.0,315.0,64.0,0.16890061,0.05499179,0.23450328,-0.6947131,0.99471307,1.0,1.0,1.0,1.0,4.0,0.0012798014,0.00041833438,1575.0,320.0,0.0001745771,0.0008592467,0
5.0,315.0,64.0,4.088208e-06,6.5767525e-10,2.564518e-05,-1.3040683,-0.05469843,1.0,1.0,1.0,6.0,20.0,7.084963e-12,7.5787635e-13,1575.0,320.0,2.0878579e-12,1.0276176e-11,0
1.0,180.0,181.0,3.0945816e-06,2.7782296e-10,1.6668022e-05,-1.5086654,-0.0133803785,1.0,1.0,1.0,58.0,63.0,7.235222e-13,1.1707569e-12,240.0,181.0,1.543461e-12,1.5349335e-12,0
5.0,55.0,12.0,0.89175266,0.0186988,0.13674356,-0.9418857,-0.42702305,1.0,1.0,1.0,2.0,1.0,0.0040131733,0.00093609764,275.0,60.0,0.00033997817,0.0015582334,0
1.0,298.0,284.0,0.33813357,0.14289492,0.37801445,-1.2646996,0.61325914,1.0,1.0,1.0,30.0,34.0,0.00020663379,0.00030506178,400.0,284.0,0.0004795132,0.00050315115,0
5.0,186.0,38.0,1.5215757e-06,2.0256564e-10,1.4232556e-05,-1.3515493,-0.067635804,1.0,1.0,1.0,7.0,11.0,5.694977e-12,1.2681687e-12,936.0,190.0,1.0890627e-12,5.330675e-12,0
1.0,147.0,147.0,0.038199756,0.0011264423,0.033562515,-1.668169,0.12402813,10.0,1.0,1.0,27.0,36.0,4.1249357e-05,0.00010805777,149.0,147.0,7.662873e-06,7.662873e-06,1
1.0,521.0,522.0,-8.3508685e-06,3.7574951e-10,1.9384259e-05,-1.3818017,0.07309748,2.0,2.0,1.0,2.0,4.0,6.492535e-12,1.3127918e-11,521.0,522.0,7.212083e-13,7.1982665e-13,1
1.0,193.0,195.0,-1.2753613e-06,8.774069e-11,9.367e-06,-0.85867375,-0.4961005,2.0,2.0,1.0,3.0,7.0,1.6598144e-12,3.4895873e-12,223.0,195.0,4.5461497e-13,4.4995225e-13,1
5.0,140.0,29.0,0.2783831,0.03362653,0.18337537,-1.4773409,-0.18277793,2.0,1.0,1.0,3.0,4.0,0.0013501818,0.0005873802,700.0,145.0,0.00024018949,0.0011595355,0
5.0,475.0,96.0,1.066272e-05,3.4216677e-10,1.849775e-05,-0.2682116,-0.71126395,2.0,2.0,1.0,2.0,3.0,1.8004329e-11,3.5166002e-11,2375.0,480.0,7.2035113e-13,3.5642372e-12,1
1.0,265.0,236.0,0.25006965,0.1005174,0.3170448,-1.0149618,0.8045974,1.0,1.0,1.0,19.0,25.0,0.0001836079,0.00017231148,371.0,236.0,0.00037931095,0.0004259212,0
5.0,230.0,47.0,-9.381666e-07,9.229869e-10,3.03807e-05,-1.4817783,0.020864466,1.0,1.0,1.0,3.0,14.0,1.709168e-11,1.1576223e-12,1150.0,235.0,4.0129866e-12,1.963802e-11,0
1.0,215.0,204.0,0.24613616,0.073170416,0.2705003,-1.2099,0.6568068,1.0,1.0,1.0,10.0,13.0,0.00019623044,0.0002612827,301.0,204.0,0.0003403275,0.0003586785,0
5.0,80.0,17.0,1.3874629e-07,1.7641563e-10,1.3282155e-05,-1.5046871,-0.118556015,1.0,1.0,2.0,1.0,3.0,2.567839e-11,3.4199288e-12,400.0,85.0,2.2051954e-12,1.0377391e-11,0
5.0,375.0,76.0,0.35014653,0.15392528,0.39233315,-1.2463875,0.6059281,1.0,1.0,1.0,2.0,14.0,0.0014959198,9.580661e-05,1875.0,380.0,0.00041046744,0.0020253328,0
1.0,774.0,711.0,0.23715556,0.08658309,0.29425004,-1.1471627,0.7355793,1.0,1.0,1.0,33.0,102.0,2.3695362e-05,1.8111232e-05,1012.0,711.0,0.00011186446,0.000121776495,0
1.0,242.0,243.0,-1.3392658e-05,3.5341976e-11,5.9449117e-06,-0.8220674,-0.6806354,1.0,1.0,1.0,76.0,84.0,2.2578871e-13,6.003187e-13,338.0,243.0,1.4604122e-13,1.4544022e-13,0
1.0,459.0,460.0,3.7945936e-06,5.1272697e-10,2.2643475e-05,-1.4636344,-0.05179193,1.0,1.0,1.0,135.0,153.0,3.327044e-13,6.993793e-13,643.0,460.0,1.1170522e-12,1.1146238e-12,0
1.0,221.0,204.0,0.2653647,0.09264488,0.3043762,-1.2622235,0.631935,1.0,1.0,1.0,20.0,25.0,0.00017447468,0.00013788985,295.0,204.0,0.0004192076,0.00045414155,0
5.0,205.0,42.0,-9.0898275e-06,1.0639995e-10,1.0315035e-05,-1.4943246,-0.02995869,1.0,1.0,1.0,8.0,11.0,2.7063208e-12,8.435184e-13,1025.0,210.0,5.1902417e-13,2.5333323e-12,0
1.0,425.0,426.0,-6.057919e-06,2.621347e-10,1.6190574e-05,-1.3785315,0.038365763,1.0,1.0,1.0,139.0,149.0,3.3268375e-13,8.404468e-13,589.0,426.0,6.167875e-13,6.1533965e-13,0
5.0,110.0,23.0,2.23805e-06,8.4667645e-10,2.9097704e-05,-1.48938,0.07773111,1.0,1.0,2.0,1.0,5.0,6.5931836e-11,5.858054e-12,550.0,115.0,7.697058e-12,3.681202e-11,0
5.0,75.0,16.0,-3.2497728e-06,2.9322847e-10,1.7123915e-05,-1.3423768,0.05606946,1.0,1.0,2.0,2.0,4.0,5.199611e-11,2.3796234e-11,375.0,80.0,3.9097133e-12,1.832678e-11,0
1.0,359.0,360.0,-1.3641331e-06,2.1907182e-10,1.4801075e-05,-1.4266205,-0.030396862,2.0,1.0,1.0,32.0,55.0,5.9072945e-13,1.2991242e-12,477.0,360.0,6.102279e-13,6.085328e-13,1
5.0,270.0,55.0,0.36806053,0.16613318,0.40759438,-1.2100216,0.62126714,1.0,1.0,1.0,5.0,11.0,0.0032472434,0.00092187116,1350.0,275.0,0.00061530806,0.0030206032,0
1.0,176.0,178.0,-1.3631993e-06,2.9429498e-10,1.7155027e-05,-1.3881633,-0.099300444,1.0,1.0,1.0,16.0,20.0,1.1737409e-12,1.7667768e-12,238.0,178.0,1.6721305e-12,1.6533426e-12,1
5.0,105.0,22.0,3.4949546e-06,9.686302e-10,3.1122825e-05,-1.4965557,0.02593973,1.0,1.0,2.0,1.0,3.0,8.282114e-11,6.282431e-12,525.0,110.0,9.2250495e-12,4.4028645e-11,0
1.0,184.0,185.0,-3.1995926e-06,5.704155e-10,2.3883373e-05,-0.9197936,-0.004480809,2.0,2.0,2.0,1.0,2.0,1.659451e-11,3.260229e-11,246.0,185.0,3.100084e-12,3.0833268e-12,1
5.0,275.0,56.0,0.21344376,0.074786566,0.27347133,-0.80758727,0.89468825,1.0,1.0,1.0,2.0,7.0,0.0017398257,0.0002212424,1375.0,280.0,0.00027195117,0.0013354744,0
1.0,124.0,109.0,0.011812207,0.0003569068,0.018891977,-0.525036,1.1163073,4.0,1.0,1.0,9.0,14.0,1.5524543e-05,2.6075284e-05,168.0,109.0,2.8782806e-06,3.2743744e-06,1
5.0,635.0,128.0,8.538306e-06,4.69849e-10,2.1676002e-05,-1.3344287,0.2199465,1.0,1.0,1.0,34.0,42.0,1.489901e-12,6.739837e-13,3175.0,640.0,7.3991974e-13,3.6706953e-12,0
5.0,215.0,44.0,7.294468e-07,1.6014151e-10,1.2654703e-05,-1.2786487,-0.1562727,1.0,1.0,1.0,10.0,14.0,3.3346405e-12,1.1957926e-12,1075.0,220.0,7.4484424e-13,3.6395795e-12,0
5.0,80.0,17.0,0.10545019,0.008495533,0.092171215,-1.4239544,0.3282834,1.0,1.0,1.0,1.0,1.0,0.0013120904,0.00024427427,400.0,85.0,0.000106194166,0.0004997372,0
5.0,295.0,60.0,0.22404692,0.10520055,0.32434633,0.2214637,1.3417939,1.0,1.0,1.0,1.0,6.0,0.0031869004,0.00032943458,1475.0,300.0,0.00035661203,0.0017533426,0
5.0,85.0,18.0,-9.895114e-06,6.89135e-11,8.301416e-06,-1.2236903,-0.25014204,1.0,1.0,0.0,1.0,5.0,8.306915e-12,1.5400347e-12,425.0,90.0,8.1074703e-13,3.8285278e-12,0
5.0,355.0,72.0,-1.3422571e-06,4.953305e-10,2.2256021e-05,-1.3569324,-0.04418691,1.0,1.0,1.0,13.0,25.0,4.1520207e-12,8.0503963e-13,1775.0,360.0,1.3952972e-12,6.87959e-12,0
1.0,442.0,444.0,5.3287254e-06,4.0168605e-10,2.0042107e-05,-1.4412835,0.033653103,1.0,1.0,1.0,115.0,127.0,8.703464e-13,2.4090938e-12,618.0,444.0,9.087919e-13,9.0469825e-13,0
5.0,605.0,122.0,-7.4411428e-06,1.6138949e-10,1.2703916e-05,-1.4041933,-0.18317172,1.0,1.0,1.0,34.0,41.0,6.510213e-13,6.1012556e-13,3025.0,610.0,2.6675946e-13,1.3228646e-12,0
1.0,495.0,496.0,-1.8269768e-06,5.1278176e-10,2.2644686e-05,-1.3963102,0.17397235,3.0,3.0,2.0,2.0,5.0,4.9423e-12,1.0088229e-11,675.0,496.0,1.0359228e-12,1.0338343e-12,1
5.0,505.0,102.0,0.42788687,0.15423752,0.39273086,-1.2470185,0.5484233,1.0,1.0,1.0,10.0,28.0,0.00081015844,9.97174e-05,2525.0,510.0,0.00030542084,0.0015121326,0
5.0,60.0,13.0,0.89767295,0.022387322,0.14962393,-1.1098361,-0.20273332,1.0,1.0,1.0,1.0,0.0,0.0046548937,0.0011078188,300.0,65.0,0.00037312202,0.0017221017,0
1.0,714.0,715.0,1.1632235e-05,3.9965542e-10,1.9991383e-05,-1.3301979,-0.49461597,1.0,1.0,1.0,33.0,69.0,3.4598068e-13,8.0150323e-13,714.0,715.0,5.597415e-13,5.5895864e-13,1
1.0,184.0,185.0,-3.4006216e-06,2.0932255e-10,1.4467983e-05,-0.97711116,-0.37654862,1.0,1.0,1.0,44.0,53.0,9.644726e-13,1.8561686e-12,184.0,185.0,1.1376225e-12,1.1314732e-12,0
1.0,180.0,181.0,3.4953664e-06,2.5872418e-10,1.6084905e-05,-1.4225883,-0.07730366,1.0,1.0,1.0,31.0,34.0,3.1433003e-12,8.166129e-12,180.0,181.0,1.4373565e-12,1.4294153e-12,0
1.0,233.0,234.0,-1.4488029e-06,6.0328903e-10,2.4561943e-05,-1.4895453,0.015771579,1.0,1.0,1.0,55.0,63.0,1.6012962e-12,3.1328e-12,233.0,234.0,2.589223e-12,2.5781582e-12,0
5.0,205.0,42.0,2.5484574e-06,8.3351415e-10,2.8870645e-05,-1.4134997,0.08764505,1.0,1.0,1.0,1.0,11.0,1.9374603e-11,1.1070384e-12,1025.0,210.0,4.0659225e-12,1.9845575e-11,0
5.0,235.0,48.0,0.41051024,0.14910854,0.38614577,-1.0027422,0.67617357,1.0,1.0,1.0,6.0,10.0,0.004694071,0.0023113496,1175.0,240.0,0.0006345045,0.003106428,0
1.0,290.0,266.0,0.3813107,0.16733564,0.4090668,-1.2758828,0.56496793,1.0,1.0,1.0,26.0,38.0,0.00016992916,0.00013088058,404.0,266.0,0.00057701947,0.0006290814,0
5.0,321.0,65.0,-2.8476477e-06,3.9019404e-10,1.975333e-05,-1.4264841,0.122044176,2.0,1.0,1.0,9.0,10.0,1.7636712e-11,4.247802e-11,1617.0,325.0,1.2155577e-12,6.002985e-12,1
5.0,70.0,15.0,-1.0497487e-06,1.7549716e-10,1.3247534e-05,-1.4627744,-0.09282916,1.0,1.0,2.0,1.0,2.0,3.1999438e-11,5.961891e-12,350.0,75.0,2.5071024e-12,1.169981e-11,0
5.0,265.0,54.0,0.30893594,0.13676901,0.36982295,-1.1203046,0.71649796,1.0,1.0,1.0,1.0,7.0,0.0029308074,0.00025606388,1325.0,270.0,0.00051610946,0.0025327594,0
5.0,990.0,199.0,6.7300994e-06,1.3924807e-10,1.1800342e-05,-1.5086298,-0.0003859098,1.0,1.0,1.0,55.0,65.0,3.2238383e-13,5.227824e-13,4950.0,995.0,1.4065462e-13,6.9973904e-13,0
1.0,178.0,179.0,3.1837644e-06,2.471168e-10,1.571995e-05,-1.4623294,0.007918811,1.0,1.0,1.0,50.0,60.0,5.635079e-13,7.581956e-13,244.0,179.0,1.3882967e-12,1.3805409e-12,0
5.0,75.0,16.0,1.3835689e-06,6.345502e-10,2.519028e-05,-1.4280764,-0.09663167,1.0,1.0,2.0,1.0,0.0,9.761968e-11,1.311435e-11,375.0,80.0,8.46067e-12,3.9659387e-11,0
5.0,190.0,39.0,0.18177246,0.05311808,0.2304736,-1.0232455,0.80747557,1.0,1.0,1.0,1.0,8.0,0.0024318302,0.0003896353,950.0,195.0,0.00027956883,0.001362002,0
5.0,232.0,47.0,0.33018163,0.1756119,0.41906074,-0.86883956,0.8571443,1.0,1.0,1.0,2.0,7.0,0.0055830134,0.001257791,1172.0,235.0,0.00075694785,0.0037364233,0
5.0,215.0,44.0,-2.1558467e-06,3.6245118e-10,1.903815e-05,-1.3972912,0.017414505,1.0,1.0,1.0,4.0,13.0,7.535915e-12,6.8781656e-13,1075.0,220.0,1.6858195e-12,8.237527e-12,0
1.0,271.0,272.0,-5.7431084e-06,5.4161575e-10,2.327264e-05,-1.1543207,0.18812306,2.0,2.0,2.0,1.0,3.0,2.1535022e-11,5.6956346e-11,363.0,272.0,1.9985823e-12,1.9912344e-12,1
5.0,100.0,21.0,5.470257e-06,5.390564e-10,2.3217588e-05,-1.5056534,-0.11550865,1.0,1.0,2.0,1.0,4.0,5.1556346e-11,4.1751025e-12,500.0,105.0,5.390564e-12,2.5669352e-11,0
5.0,240.0,49.0,0.2984775,0.12692142,0.3562603,-0.96388805,0.8185823,1.0,1.0,1.0,1.0,3.0,0.0037458036,0.00078981835,1200.0,245.0,0.00052883924,0.002590233,0
5.0,90.0,19.0,0.11481186,0.011568315,0.107556105,-1.3740196,0.40935823,1.0,1.0,1.0,1.0,1.0,0.001490025,0.0002552498,450.0,95.0,0.00012853683,0.0006088587,0
5.0,95.0,20.0,1.519642e-06,3.8850706e-10,1.9710582e-05,-1.4185596,-0.07376958,1.0,1.0,2.0,2.0,3.0,4.233675e-11,7.807839e-12,475.0,100.0,4.089548e-12,1.9425352e-11,0
5.0,285.0,58.0,0.24650206,0.07011519,0.26479274,-1.3012241,0.56456655,1.0,1.0,1.0,3.0,2.0,0.0014392469,0.0008487032,1425.0,290.0,0.00024601823,0.0012088827,0
1.0,173.0,175.0,-8.395947e-06,3.3995334e-10,1.8437824e-05,-1.2855223,-0.13134918,1.0,1.0,1.0,51.0,58.0,6.5877496e-13,7.331873e-13,241.0,175.0,1.9650481e-12,1.9425906e-12,0
5.0,250.0,52.0,0.3112936,0.19121407,0.4372803,-0.4778971,1.0581194,1.0,1.0,1.0,5.0,11.0,0.005947523,0.0012736127,1262.0,260.0,0.0007648563,0.0036771935,0
5.0,250.0,51.0,3.0010222e-06,7.287379e-10,2.6995145e-05,-1.1976303,-0.22201139,1.0,1.0,1.0,7.0,18.0,1.0352068e-11,1.8236398e-12,1250.0,255.0,2.9149515e-12,1.4288978e-11,0
5.0,615.0,124.0,7.808766e-06,2.4385857e-10,1.5615971e-05,-1.4291123,0.25372735,1.0,1.0,1.0,35.0,42.0,8.8784297e-13,7.415288e-13,3075.0,620.0,3.9651802e-13,1.9666014e-12,0
1.0,182.0,183.0,-2.948055e-06,6.954671e-10,2.637171e-05,-1.4970651,0.031121565,1.0,1.0,1.0,30.0,36.0,2.7686766e-12,5.819877e-12,254.0,183.0,3.8212476e-12,3.8003663e-12,0
5.0,231.0,47.0,2.6599757e-06,6.933844e-10,2.6332193e-05,-1.3433434,-0.12543927,1.0,1.0,1.0,4.0,12.0,1.2919473e-11,1.1564136e-12,1161.0,235.0,3.001664e-12,1.475286e-11,0
5.0,165.0,34.0,-2.3186183e-05,1.9885223e-10,1.4101498e-05,-1.4909785,-0.038515672,1.0,1.0,1.0,4.0,9.0,7.349826e-12,1.1628881e-12,825.0,170.0,1.2051651e-12,5.848595e-12,0
5.0,95.0,20.0,0.09797158,0.0130205685,0.114107706,-1.142016,0.69256586,1.0,1.0,1.0,1.0,3.0,0.0019238949,0.0005491648,475.0,100.0,0.00013705861,0.0006510284,0
5.0,95.0,20.0,-2.6364469e-06,2.5329608e-10,1.5915279e-05,-1.4406344,0.13719583,1.0,1.0,2.0,3.0,5.0,2.9948845e-11,9.099007e-12,475.0,100.0,2.6662745e-12,1.2664804e-11,0
1.0,425.0,362.0,0.009284429,9.9798126e-05,0.009989901,-1.4518869,0.4571888,17.0,1.0,1.0,58.0,71.0,3.0948077e-06,8.961081e-06,589.0,362.0,2.3481911e-07,2.756854e-07,0
1.0,187.0,188.0,4.7972917e-06,2.40083e-10,1.5494612e-05,-1.4961002,0.032216467,1.0,1.0,1.0,48.0,57.0,1.4059267e-12,3.3489606e-12,187.0,188.0,1.2838664e-12,1.2770373e-12,0
5.0,225.0,46.0,-7.94698e-07,3.879696e-10,1.9696943e-05,-1.4051626,-0.124753565,1.0,1.0,1.0,2.0,14.0,7.403823e-12,7.0038604e-13,1125.0,230.0,1.7243093e-12,8.4341215e-12,0
1.0,206.0,207.0,3.2513049e-06,8.375966e-10,2.8941262e-05,-1.3118048,-0.098822154,1.0,1.0,1.0,18.0,26.0,5.002594e-12,1.0248305e-11,206.0,207.0,4.066003e-12,4.0463605e-12,1
5.0,215.0,44.0,0.23998359,0.058781497,0.24244896,-1.5094093,0.4161022,1.0,1.0,1.0,1.0,9.0,0.0016021747,0.00021981646,1075.0,220.0,0.00027340231,0.0013359431,0
5.0,225.0,46.0,1.5333113e-06,7.412578e-10,2.722605e-05,-1.478526,-0.04739019,1.0,1.0,1.0,5.0,17.0,1.4628864e-11,1.9136995e-12,1125.0,230.0,3.2944788e-12,1.6114299e-11,0
5.0,240.0,49.0,7.910163e-06,3.384849e-10,1.839796e-05,-1.4018811,-0.09203113,1.0,1.0,1.0,6.0,15.0,6.017125e-12,8.864508e-13,1200.0,245.0,1.4103537e-12,6.907855e-12,0
5.0,900.0,156.0,2.3139875e-05,8.966621e-10,2.9944316e-05,0.14491445,-1.1793362,2.0,1.0,1.0,2.0,3.0,3.1437408e-11,6.136024e-11,20750.0,780.0,9.962912e-13,5.7478336e-12,1
5.0,290.0,59.0,0.20546304,0.089712285,0.2995201,-0.37483403,1.1075243,2.0,1.0,1.0,3.0,3.0,0.0039393427,0.005595899,1450.0,295.0,0.0003093527,0.0015205472,1
5.0,210.0,43.0,-1.7991911e-06,6.182186e-11,7.862688e-06,-1.1725708,-0.3615566,1.0,1.0,1.0,10.0,14.0,1.1527139e-12,3.9778288e-13,1050.0,215.0,2.943898e-13,1.4377177e-12,0
1.0,175.0,176.0,-1.7772928e-06,2.0936522e-10,1.4469458e-05,-1.0580306,-0.35158396,1.0,1.0,1.0,48.0,53.0,1.3759641e-12,3.170781e-12,175.0,176.0,1.1963726e-12,1.1895751e-12,0
5.0,40.0,9.0,1.0731996,0.014591524,0.120795384,-1.1962582,-0.24160019,1.0,1.0,1.0,1.0,0.0,0.0061260844,0.0016426707,200.0,45.0,0.0003647881,0.0016212804,0
1.0,233.0,234.0,5.915301e-06,6.376249e-10,2.5251235e-05,-1.4017854,-0.04289874,1.0,1.0,1.0,65.0,74.0,8.7122155e-13,1.171193e-12,233.0,234.0,2.7365874e-12,2.7248926e-12,0
1.0,191.0,192.0,0.08239822,0.0040947576,0.063990295,-1.4090644,-0.0621603,4.0,1.0,1.0,37.0,42.0,9.096234e-05,0.00022623628,191.0,192.0,2.1438522e-05,2.1326863e-05,1
5.0,160.0,33.0,0.12346611,0.017737247,0.13318126,-1.2787423,0.56819975,1.0,1.0,1.0,2.0,5.0,0.0010150451,0.0004177076,800.0,165.0,0.0001108578,0.00053749233,0
5.0,400.0,81.0,0.2511228,0.114112735,0.33780578,-0.6069544,1.0158658,1.0,1.0,1.0,2.0,7.0,0.0014474246,0.00019901764,2000.0,405.0,0.00028528183,0.0014087992,0
1.0,184.0,185.0,1.7363352e-06,4.9068893e-10,2.2151498e-05,-1.4573954,-0.046866603,1.0,1.0,1.0,52.0,64.0,8.7729325e-13,9.471598e-13,254.0,185.0,2.6667876e-12,2.6523725e-12,0
5.0,385.0,78.0,0.17937428,0.09994296,0.31613755,0.7042264,1.5153387,1.0,1.0,1.0,1.0,4.0,0.0022050182,0.00019830362,1925.0,390.0,0.0002595921,0.00128132,0
5.0,435.0,88.0,-2.1472292e-06,2.3937748e-11,4.8926217e-06,-1.1115764,-0.16365957,1.0,1.0,1.0,29.0,29.0,3.1587252e-13,5.6959076e-13,2175.0,440.0,5.5029305e-14,2.7201985e-13,0
5.0,361.0,73.0,0.474098,0.1801965,0.42449558,-1.4338303,0.25292134,2.0,1.0,1.0,2.0,5.0,0.0075728577,0.011929144,1839.0,365.0,0.0004991593,0.002468445,1
1.0,348.0,324.0,0.42139745,0.17880076,0.4228484,-1.261008,0.5568938,1.0,1.0,1.0,24.0,31.0,0.00018132998,0.0002594594,484.0,324.0,0.0005137953,0.0005518542,0
5.0,80.0,17.0,2.3432358e-06,6.8763295e-10,2.6222757e-05,-1.3792619,-0.12810679,1.0,1.0,2.0,1.0,0.0,9.824706e-11,1.0187624e-11,400.0,85.0,8.595412e-12,4.0449e-11,0
5.0,90.0,19.0,9.90277e-06,5.0680526e-10,2.2512335e-05,-1.0183892,-0.23174453,1.0,1.0,1.0,1.0,5.0,5.6098695e-11,1.5236683e-11,450.0,95.0,5.6311696e-12,2.6673962e-11,0
1.0,199.0,199.0,4.4061775e-07,7.1943546e-10,2.6822294e-05,-1.4440643,-0.046061635,1.0,1.0,1.0,52.0,74.0,1.0829903e-12,1.1130447e-12,239.0,199.0,3.6152535e-12,3.6152535e-12,0
1.0,180.0,182.0,-4.1619305e-06,3.769195e-10,1.9414414e-05,-1.5042561,0.06666168,1.0,1.0,1.0,56.0,66.0,6.9287333e-13,7.0971495e-13,248.0,182.0,2.093997e-12,2.0709862e-12,0
5.0,255.0,52.0,5.475112e-06,7.4667317e-10,2.732532e-05,-1.3322304,-0.07838857,1.0,1.0,1.0,4.0,20.0,1.0835528e-11,8.0911715e-13,1275.0,260.0,2.92813e-12,1.4359099e-11,0
5.0,80.0,17.0,0.14821886,0.017565431,0.13253464,-1.421902,0.34126094,1.0,1.0,1.0,1.0,3.0,0.0028026754,0.000703213,400.0,85.0,0.0002195679,0.0010332607,0
1.0,267.0,244.0,0.26541364,0.116131835,0.3407812,-0.8688086,0.88010836,1.0,1.0,1.0,24.0,32.0,0.00018762148,0.00013942532,367.0,244.0,0.0004349507,0.00047595016,0
5.0,75.0,16.0,-5.9897307e-06,3.832151e-10,1.957588e-05,-1.4811821,-0.06347433,1.0,1.0,2.0,1.0,1.0,6.284459e-11,1.0754157e-11,375.0,80.0,5.1095343e-12,2.3950944e-11,0
1.0,602.0,566.0,0.029629992,0.0040061227,0.06329394,2.3706973,1.979185,3.0,1.0,1.0,42.0,46.0,4.3412388e-06,3.4241714e-06,704.0,566.0,6.6546886e-06,7.077955e-06,0
1.0,353.0,354.0,-7.9532265e-06,9.3582274e-11,9.673793e-06,-1.1454006,-0.23952553,1.0,1.0,1.0,115.0,116.0,2.8855778e-13,7.8143183e-13,471.0,354.0,2.651056e-13,2.643567e-13,0
1.0,161.0,162.0,-3.4334591e-06,2.1741009e-10,1.4744833e-05,-1.3995811,-0.0951258,1.0,1.0,1.0,41.0,51.0,6.19437e-13,8.185024e-13,221.0,162.0,1.3503733e-12,1.3420376e-12,0
5.0,265.0,54.0,-1.0560449e-06,3.4841666e-10,1.8665922e-05,-1.4713469,-0.036641583,1.0,1.0,1.0,11.0,16.0,5.0673437e-12,9.499121e-13,1343.0,270.0,1.3147798e-12,6.4521604e-12,0
1.0,236.0,237.0,7.597928e-06,6.1222744e-10,2.4743229e-05,-0.89972675,-0.4660023,1.0,1.0,1.0,74.0,81.0,6.455087e-13,8.6920054e-13,236.0,237.0,2.594184e-12,2.583238e-12,0
5.0,230.0,47.0,7.631785e-07,4.1360673e-10,2.0337324e-05,-1.4893515,-0.01604471,1.0,1.0,1.0,2.0,14.0,7.66205e-12,6.812928e-13,1150.0,235.0,1.7982901e-12,8.800144e-12,0
1.0,419.0,420.0,0.26634344,0.14443846,0.3800506,-0.45866823,1.0730509,1.0,1.0,1.0,27.0,35.0,0.000112609545,0.00011102039,419.0,420.0,0.00034472186,0.0003439011,0
5.0,185.0,38.0,0.19979215,0.06831504,0.26137146,-0.84513396,0.8944296,1.0,1.0,1.0,1.0,7.0,0.003431438,0.0005044912,925.0,190.0,0.00036927048,0.0017977642,0
5.0,45.0,10.0,0.9567311,0.013392905,0.11572772,-1.2616981,-0.12742172,1.0,1.0,1.0,1.0,0.0,0.0050500957,0.0020544291,225.0,50.0,0.0002976201,0.0013392905,0
1.0,360.0,362.0,-2.1317303e-06,1.7953251e-10,1.3398974e-05,-1.2788944,0.08437391,2.0,2.0,2.0,3.0,6.0,2.7586499e-12,5.7916224e-12,466.0,362.0,4.9870145e-13,4.9594617e-13,1
1.0,353.0,354.0,-8.328566e-07,2.0849154e-10,1.4439236e-05,-1.4848766,0.027653053,1.0,1.0,1.0,101.0,118.0,2.781907e-13,6.058906e-13,475.0,354.0,5.906276e-13,5.8895917e-13,0
1.0,215.0,216.0,0.11744367,0.025911191,0.16096954,-0.7219166,0.96688986,1.0,1.0,1.0,20.0,30.0,6.240671e-05,4.5347635e-05,215.0,216.0,0.000120517165,0.000119959215,0
1.0,179.0,180.0,-2.0140203e-06,1.577036e-10,1.255801e-05,0.35102138,-0.5798384,2.0,2.0,1.0,2.0,3.0,2.156005e-11,4.2847944e-11,179.0,180.0,8.810257e-13,8.7613114e-13,1
1.0,358.0,332.0,0.1300254,0.033523366,0.18309388,-0.6151142,1.0196656,2.0,1.0,1.0,21.0,34.0,4.925789e-05,6.266548e-05,454.0,332.0,9.364069e-05,0.00010097399,0
1.0,202.0,204.0,-1.3290168e-07,4.036149e-10,2.0090169e-05,-0.89583457,-0.47263256,1.0,1.0,1.0,62.0,69.0,5.465609e-13,7.850517e-13,242.0,204.0,1.9980935e-12,1.9785044e-12,0
5.0,275.0,56.0,0.19584171,0.057073556,0.23890072,-1.1038921,0.7467319,1.0,1.0,1.0,2.0,8.0,0.0012249149,0.00027493143,1375.0,280.0,0.0002075402,0.0010191706,0
1.0,399.0,400.0,1.5204373e-06,1.6522989e-10,1.2854178e-05,-0.111481495,0.59875506,3.0,3.0,2.0,1.0,2.0,1.9897221e-11,5.946672e-11,535.0,400.0,4.1411e-13,4.130747e-13,1
5.0,524.0,106.0,-1.7822536e-05,2.947973e-10,1.7169663e-05,-1.4660616,0.118965805,1.0,1.0,1.0,27.0,35.0,1.3092369e-12,7.181583e-13,2664.0,530.0,5.625903e-13,2.7811065e-12,0
5.0,75.0,16.0,1.413745e-06,3.448505e-10,1.857015e-05,-1.4463887,-0.08736062,1.0,1.0,2.0,2.0,2.0,5.7337204e-11,7.059225e-12,375.0,80.0,4.5980064e-12,2.1553157e-11,0
1.0,200.0,202.0,-5.529147e-06,2.9808875e-10,1.7265247e-05,-1.4784951,-0.028275743,1.0,1.0,1.0,56.0,67.0,4.70925e-13,5.090006e-13,278.0,202.0,1.4904437e-12,1.4756869e-12,0
1.0,180.0,182.0,-6.1752185e-06,7.616885e-10,2.7598704e-05,-1.4938087,-0.03047956,1.0,1.0,1.0,43.0,58.0,1.1509761e-12,7.32908e-13,252.0,182.0,4.231603e-12,4.1851015e-12,0
1.0,387.0,388.0,-1.7437637e-06,1.920766e-10,1.385917e-05,-1.2551677,-0.20063317,1.0,1.0,1.0,31.0,36.0,5.622953e-13,1.2374813e-12,387.0,388.0,4.96322e-13,4.950428e-13,1
1.0,175.0,176.0,2.2546556e-06,1.3221829e-10,1.14986215e-05,-1.4683467,-0.046962183,1.0,1.0,1.0,55.0,56.0,4.691559e-13,8.3244273e-13,175.0,176.0,7.555331e-13,7.5124027e-13,0
5.0,255.0,52.0,3.4870045e-06,8.0540774e-10,2.8379707e-05,-1.5027936,0.0029388159,1.0,1.0,1.0,5.0,16.0,1.2487093e-11,1.5088574e-12,1275.0,260.0,3.1584618e-12,1.548861e-11,0
5.0,215.0,44.0,-7.7286063e-07,1.3943355e-10,1.1808198e-05,-1.3387417,-0.041746445,1.0,1.0,1.0,8.0,13.0,3.0074066e-12,9.0256996e-13,1075.0,220.0,6.485281e-13,3.1689443e-12,0
5.0,310.0,63.0,-6.074902e-06,5.460768e-10,2.3368286e-05,-1.3335079,0.009675799,2.0,1.0,1.0,1.0,3.0,2.2078579e-11,3.4627433e-11,1550.0,315.0,1.761538e-12,8.667885e-12,1
5.0,380.0,77.0,0.24224345,0.09956253,0.3155353,-0.95388365,0.84369934,1.0,1.0,1.0,3.0,7.0,0.0012647479,0.00027784763,1900.0,385.0,0.00026200665,0.0012930199,0
1.0,328.0,329.0,-2.5333688e-05,1.289216e-10,1.1354365e-05,4.857953,-1.2294571,2.0,2.0,3.0,2.0,2.0,5.1442912e-11,1.5055203e-10,458.0,329.0,3.9305365e-13,3.9185896e-13,1
5.0,55.0,12.0,0.9664915,0.019470772,0.1395377,-1.1112638,-0.16765738,1.0,1.0,1.0,1.0,1.0,0.0050936243,0.0010791101,275.0,60.0,0.00035401402,0.0016225643,0
1.0,464.0,440.0,0.27582115,0.086525396,0.294152,-1.3321419,0.5718801,1.0,1.0,1.0,28.0,76.0,4.506578e-05,3.2312324e-05,576.0,440.0,0.00018647715,0.00019664863,0
5.0,410.0,83.0,0.21076626,0.1102699,0.33206913,0.6974801,1.5050701,1.0,1.0,1.0,1.0,16.0,0.0020925181,0.00019256657,2050.0,415.0,0.00026895097,0.0013285531,0
1.0,319.0,320.0,1.9516851e-06,4.7811305e-10,2.1865797e-05,-1.4290707,-0.055050265,1.0,1.0,1.0,89.0,100.0,3.9293056e-13,6.3901326e-13,425.0,320.0,1.4987871e-12,1.4941033e-12,0
5.0,85.0,18.0,-2.5810627e-06,4.6483606e-10,2.1560058e-05,-1.3610668,0.059700612,1.0,1.0,2.0,1.0,5.0,6.149298e-11,1.3257744e-11,425.0,90.0,5.4686594e-12,2.5824225e-11,0
1.0,512.0,512.0,-1.6318384e-06,4.4750464e-10,2.1154305e-05,-1.4757991,0.038129605,1.0,1.0,1.0,149.0,166.0,2.9962637e-13,7.0314024e-13,620.0,512.0,8.740325e-13,8.740325e-13,0
1.0,397.0,398.0,-2.289783e-06,2.9616815e-10,1.7209537e-05,-0.91851413,-0.7313333,3.0,2.0,2.0,4.0,8.0,5.676024e-12,1.15477055e-11,541.0,398.0,7.4601545e-13,7.441411e-13,1
1.0,336.0,337.0,2.39114e-06,3.719922e-10,1.92871e-05,-1.271878,-0.1562558,2.0,2.0,2.0,1.0,4.0,3.0151014e-12,6.079413e-12,336.0,337.0,1.1071196e-12,1.1038344e-12,1
5.0,395.0,80.0,0.60118747,0.15500577,0.39370772,-1.333552,0.28297085,1.0,1.0,1.0,7.0,21.0,0.0011028091,0.00011005005,1975.0,400.0,0.0003924197,0.0019375721,0
5.0,220.0,45.0,-1.5860454e-06,1.0646002e-09,3.262821e-05,-1.4819756,-0.002016131,1.0,1.0,1.0,6.0,15.0,2.1622029e-11,2.2333099e-12,1100.0,225.0,4.839092e-12,2.3657782e-11,0
5.0,75.0,16.0,-1.425505e-06,6.200762e-10,2.490133e-05,-1.4911447,-0.036962487,1.0,1.0,2.0,1.0,0.0,1.0090951e-10,1.18034246e-11,375.0,80.0,8.267683e-12,3.8754763e-11,0
5.0,80.0,17.0,1.1787463e-05,3.6834014e-10,1.919219e-05,-1.4662278,0.033671837,1.0,1.0,2.0,1.0,3.0,5.6053124e-11,1.3182441e-11,400.0,85.0,4.6042514e-12,2.1667067e-11,0
5.0,105.0,22.0,1.5340518e-06,6.000051e-10,2.4495e-05,-1.4737517,-0.05418244,1.0,1.0,2.0,1.0,4.0,5.2327916e-11,6.4839206e-12,525.0,110.0,5.7143344e-12,2.7272958e-11,0
5.0,230.0,47.0,-4.951931e-06,4.6262558e-10,2.1508733e-05,-1.4813325,-0.019414555,1.0,1.0,1.0,5.0,15.0,8.7934104e-12,9.0053415e-13,1150.0,235.0,2.0114156e-12,9.843098e-12,0
5.0,110.0,23.0,9.3036607e-07,9.026233e-10,3.004369e-05,-1.4312091,-0.028717339,1.0,1.0,1.0,1.0,4.0,6.7307486e-11,5.6156273e-12,550.0,115.0,8.205666e-12,3.9244493e-11,0
1.0,308.0,309.0,1.2264493e-05,4.0019332e-10,2.0004833e-05,-0.9893204,-0.36392218,1.0,1.0,1.0,89.0,105.0,4.2311697e-13,7.711883e-13,308.0,309.0,1.2993289e-12,1.295124e-12,0
1.0,220.0,196.0,0.12006555,0.023041539,0.1517944,-0.9720753,0.81686425,1.0,1.0,1.0,18.0,23.0,9.731953e-05,0.00016745696,308.0,196.0,0.000104734274,0.00011755888,0
1.0,642.0,643.0,-1.7364628e-05,1.2467229e-10,1.1165675e-05,-0.94604665,-0.4723293,12.0,1.0,1.0,72.0,100.0,2.4062796e-12,6.062558e-12,642.0,643.0,1.941936e-13,1.9389159e-13,1
1.0,587.0,527.0,0.29561284,0.1414799,0.37613815,-0.93926567,0.8307755,1.0,1.0,1.0,85.0,109.0,4.2715987e-05,2.7970915e-05,793.0,527.0,0.00024102197,0.0002684628,0
5.0,385.0,78.0,0.70139253,0.045809563,0.21403168,-1.4175266,0.15217833,1.0,1.0,1.0,14.0,24.0,0.00033590506,6.445676e-05,1925.0,390.0,0.000118985874,0.0005873021,0
5.0,425.0,86.0,0.65027475,0.14730942,0.3838091,-1.4524084,0.04044863,2.0,1.0,1.0,13.0,29.0,0.00086757983,0.00015493514,2125.0,430.0,0.00034661038,0.0017129002,0
1.0,227.0,228.0,5.7465368e-06,7.876351e-10,2.8064838e-05,-1.1423035,-0.22424014,1.0,1.0,1.0,6.0,6.0,3.4888167e-12,6.7773296e-12,227.0,228.0,3.4697583e-12,3.45454e-12,1
5.0,210.0,43.0,0.3079937,0.10536909,0.32460606,-0.81209654,0.8630135,1.0,1.0,1.0,1.0,5.0,0.004258039,0.00046616915,1050.0,215.0,0.0005017576,0.002450444,0
5.0,190.0,39.0,0.113157734,0.019379552,0.13921046,-0.98106974,0.86341375,1.0,1.0,1.0,3.0,4.0,0.0019378366,0.0029262835,950.0,195.0,0.00010199765,0.0004969116,0
5.0,75.0,16.0,7.9768125e-07,4.38e-10,2.092845e-05,-1.3824211,-0.10366268,1.0,1.0,2.0,1.0,1.0,6.936494e-11,9.580049e-12,375.0,80.0,5.84e-12,2.7375e-11,0
1.0,425.0,426.0,7.195646e-06,2.7406005e-10,1.6554759e-05,-1.5082767,0.108030215,1.0,1.0,1.0,132.0,142.0,3.0953365e-13,7.5827934e-13,589.0,426.0,6.448472e-13,6.433335e-13,0
1.0,372.0,349.0,0.21437922,0.066049136,0.25700027,-0.19056328,1.1170645,1.0,1.0,1.0,49.0,75.0,8.532918e-05,7.144712e-05,480.0,349.0,0.00017755145,0.00018925255,1
5.0,95.0,20.0,-5.8613546e-07,1.6723416e-10,1.2931905e-05,-1.5194457,0.048523404,1.0,1.0,2.0,3.0,6.0,1.8895026e-11,6.2323705e-12,475.0,100.0,1.7603597e-12,8.361708e-12,0
1.0,200.0,201.0,0.2607739,0.08780444,0.29631814,-1.2725995,0.6178282,1.0,1.0,1.0,14.0,23.0,0.00020821491,0.00023827275,200.0,201.0,0.00043902217,0.000436838,0
5.0,100.0,21.0,8.8806206e-07,1.4819665e-10,1.2173605e-05,-1.3816503,-0.11469541,1.0,1.0,2.0,1.0,6.0,1.4507836e-11,1.5682454e-12,500.0,105.0,1.4819666e-12,7.0569835e-12,0
1.0,229.0,230.0,-4.519542e-06,4.3323062e-10,2.0814192e-05,-1.2642493,-0.23209085,1.0,1.0,1.0,71.0,84.0,5.90942e-13,8.931565e-13,289.0,230.0,1.8918367e-12,1.8836113e-12,0
5.0,100.0,21.0,-4.819041e-06,2.679038e-10,1.6367767e-05,-1.3959448,-0.0853766,1.0,1.0,2.0,2.0,7.0,2.8364863e-11,9.022227e-12,500.0,105.0,2.6790382e-12,1.2757325e-11,0
5.0,220.0,45.0,5.636127e-07,6.3216166e-10,2.5142825e-05,-1.4651699,-0.017759938,1.0,1.0,1.0,6.0,14.0,1.3146332e-11,1.9522949e-12,1100.0,225.0,2.873462e-12,1.4048037e-11,0
5.0,100.0,21.0,2.3322272e-07,4.5580353e-10,2.1349555e-05,-1.4745749,0.0074322433,1.0,1.0,2.0,1.0,5.0,4.1410875e-11,5.686076e-12,500.0,105.0,4.5580354e-12,2.170493e-11,0
1.0,554.0,555.0,1.3264467e-05,2.469261e-10,1.5713882e-05,-1.4931486,0.008490038,4.0,1.0,1.0,88.0,108.0,1.8051298e-12,5.232795e-12,742.0,555.0,4.4571494e-13,4.4491185e-13,0
5.0,220.0,45.0,0.25471812,0.06514867,0.25524238,-1.4649374,0.37577865,1.0,1.0,1.0,1.0,3.0,0.0017851569,0.00061299925,1100.0,225.0,0.0002961303,0.0014477482,0
1.0,348.0,349.0,-3.353569e-06,1.2656146e-10,1.1249954e-05,-0.56782055,-0.69688046,2.0,2.0,2.0,1.0,3.0,4.56047e-12,9.322625e-12,348.0,349.0,3.6368234e-13,3.6264028e-13,1
5.0,95.0,20.0,-4.1014565e-07,2.0988243e-10,1.4487319e-05,-1.5656047,0.08147492,1.0,1.0,2.0,3.0,6.0,2.4833174e-11,1.2475266e-11,475.0,100.0,2.2092887e-12,1.0494121e-11,0
5.0,600.0,121.0,4.668614e-06,1.0254125e-09,3.2022064e-05,-1.4064953,-0.068382226,1.0,1.0,1.0,28.0,38.0,2.9486455e-12,8.327823e-13,3000.0,605.0,1.7090209e-12,8.474484e-12,0
1.0,232.0,215.0,0.2787487,0.060334362,0.24563053,-1.4468725,0.28346726,2.0,1.0,1.0,19.0,23.0,0.00014858473,0.00025630437,318.0,215.0,0.0002600619,0.00028062492,0
5.0,100.0,21.0,-3.6100414e-06,3.7898365e-10,1.9467503e-05,-1.4985254,-0.00883723,1.0,1.0,2.0,1.0,4.0,3.564607e-11,3.9480376e-12,500.0,105.0,3.7898365e-12,1.804684e-11,0
5.0,80.0,17.0,-6.113348e-06,2.4389377e-10,1.5617099e-05,-1.4473608,0.009922915,1.0,1.0,2.0,3.0,4.0,3.9060966e-11,1.2166966e-11,400.0,85.0,3.0486722e-12,1.4346693e-11,0
1.0,178.0,180.0,7.461377e-06,5.0008514e-10,2.2362583e-05,-1.4255999,-0.0035920173,1.0,1.0,1.0,44.0,54.0,1.8564401e-12,3.7912954e-12,248.0,180.0,2.809467e-12,2.7782507e-12,0
5.0,245.0,50.0,-1.5136647e-05,2.0261513e-10,1.4234294e-05,-1.4862043,0.060729574,1.0,1.0,1.0,10.0,18.0,3.6223268e-12,1.0061262e-12,1225.0,250.0,8.270006e-13,4.0523028e-12,0
1.0,198.0,200.0,4.069041e-06,4.4451812e-10,2.1083599e-05,-1.4026989,-0.120031625,1.0,1.0,1.0,34.0,40.0,2.541526e-12,6.3915223e-12,264.0,200.0,2.245041e-12,2.2225906e-12,0
1.0,472.0,473.0,0.013497285,0.0002047669,0.014309678,-1.3513433,0.5009596,20.0,2.0,1.0,74.0,90.0,2.9597568e-06,8.542093e-06,472.0,473.0,4.3382818e-07,4.3291098e-07,0
1.0,415.0,416.0,-1.4477868e-06,3.8431897e-10,1.9604055e-05,-1.2635866,0.19674796,1.0,1.0,1.0,5.0,3.0,1.5498688e-12,3.2293066e-12,539.0,416.0,9.260698e-13,9.238437e-13,1
1.0,300.0,284.0,0.20829844,0.045164537,0.2125195,-0.83576816,0.6925889,2.0,1.0,1.0,19.0,43.0,7.3151394e-05,6.467681e-05,358.0,284.0,0.00015054845,0.00015903005,0
5.0,365.0,74.0,0.2644617,0.12263374,0.350191,-0.8145656,0.9102119,1.0,1.0,1.0,3.0,7.0,0.0016749084,0.00024415378,1825.0,370.0,0.00033598286,0.0016572127,0
1.0,169.0,170.0,2.4936635e-06,1.4784626e-10,1.2159205e-05,-1.2895263,-0.10736315,1.0,1.0,1.0,54.0,58.0,4.977309e-13,9.294166e-13,191.0,170.0,8.7483e-13,8.6968394e-13,0
1.0,173.0,174.0,7.936907e-06,5.965982e-10,2.442536e-05,-1.4700929,-0.03258443,1.0,1.0,1.0,45.0,56.0,1.0256167e-12,7.324357e-13,241.0,174.0,3.4485446e-12,3.4287254e-12,0
5.0,235.0,48.0,-9.0702713e-07,1.5316122e-10,1.2375832e-05,-1.1484399,-0.18367055,1.0,1.0,1.0,10.0,16.0,2.9155664e-12,1.1741158e-12,1175.0,240.0,6.5174987e-13,3.1908588e-12,0
5.0,235.0,48.0,0.21884957,0.051300786,0.22649677,-1.3170351,0.5534952,1.0,1.0,1.0,2.0,5.0,0.0014483597,0.0007611797,1175.0,240.0,0.00021830123,0.0010687663,0
5.0,175.0,36.0,-4.1301505e-06,2.7368993e-10,1.6543576e-05,-1.1347568,-0.2844537,1.0,1.0,1.0,4.0,11.0,8.077078e-12,1.3068509e-12,875.0,180.0,1.5639424e-12,7.602498e-12,0
1.0,369.0,370.0,-6.12089e-06,1.5006044e-10,1.2249916e-05,-1.3908195,-0.14110701,1.0,1.0,1.0,96.0,114.0,2.6793016e-13,6.200484e-13,383.0,370.0,4.0666784e-13,4.0556873e-13,0
5.0,222.0,45.0,-2.8309648e-07,1.9093176e-10,1.3817806e-05,-1.5245633,0.053988732,1.0,1.0,1.0,11.0,16.0,4.276053e-12,1.3596802e-12,1122.0,225.0,8.6005297e-13,4.242928e-12,0
1.0,324.0,313.0,0.24218269,0.13311465,0.36484882,-0.28836447,1.1623857,1.0,1.0,1.0,23.0,35.0,0.00016167165,0.000101044956,374.0,313.0,0.0004108477,0.00042528645,0
1.0,210.0,211.0,-5.609155e-07,1.3883185e-10,1.1782692e-05,-1.5008606,-0.014079459,1.0,1.0,1.0,65.0,71.0,3.5472615e-13,6.874273e-13,240.0,211.0,6.6110404e-13,6.579708e-13,0
5.0,360.0,73.0,0.2554175,0.11923506,0.3453043,-0.75487584,0.9436494,1.0,1.0,1.0,2.0,12.0,0.0016984631,0.0001664292,1800.0,365.0,0.00033120852,0.001633357,0
1.0,184.0,185.0,-5.107884e-06,8.089411e-10,2.844189e-05,-1.5032176,-0.011608313,1.0,1.0,1.0,53.0,64.0,1.4717642e-12,1.5555458e-12,184.0,185.0,4.396419e-12,4.3726546e-12,0
1.0,191.0,192.0,2.4630415e-06,3.1787692e-10,1.7829103e-05,-0.9962427,-0.25216332,2.0,2.0,1.0,5.0,15.0,5.040071e-12,1.0762797e-11,191.0,192.0,1.6642771e-12,1.6556089e-12,1
1.0,187.0,188.0,5.918952e-06,5.2787374e-10,2.2975504e-05,-0.71924084,-0.31222102,1.0,1.0,1.0,15.0,23.0,1.33381e-12,1.6164981e-12,237.0,188.0,2.8228544e-12,2.8078392e-12,1
5.0,220.0,45.0,3.7679075e-07,9.1920094e-10,3.0318326e-05,-1.4999832,0.024776448,1.0,1.0,1.0,4.0,17.0,1.8890408e-11,2.2097506e-12,1100.0,225.0,4.178186e-12,2.0426688e-11,0
1.0,1039.0,1040.0,1.66429e-05,3.3746453e-10,1.8370207e-05,-0.47201696,-0.30993804,3.0,3.0,3.0,3.0,5.0,1.6893681e-11,4.8192433e-11,1431.0,1040.0,3.2479743e-13,3.2448512e-13,1
5.0,600.0,121.0,8.515751e-06,2.6089522e-10,1.6152251e-05,-1.097763,-0.24218366,1.0,1.0,1.0,32.0,40.0,7.857617e-13,6.779105e-13,3000.0,605.0,4.3482538e-13,2.156159e-12,0
5.0,210.0,43.0,-5.8163946e-06,5.0665466e-10,2.250899e-05,-1.1459501,-0.27496287,1.0,1.0,1.0,8.0,15.0,9.779661e-12,2.0521419e-12,1050.0,215.0,2.4126413e-12,1.1782666e-11,0
5.0,245.0,50.0,2.647312e-06,6.0435323e-10,2.4583598e-05,-1.4539604,0.05135004,1.0,1.0,1.0,6.0,17.0,1.0013817e-11,1.2714675e-12,1225.0,250.0,2.466748e-12,1.2087065e-11,0
1.0,445.0,384.0,0.0136530185,0.0002263734,0.015045711,-1.2446811,0.5803995,15.0,1.0,1.0,64.0,66.0,3.3195859e-06,9.802047e-06,715.0,384.0,5.087043e-07,5.895141e-07,0
5.0,240.0,49.0,-1.8820476e-06,1.8094698e-10,1.3451654e-05,-1.1854182,-0.26541945,1.0,1.0,1.0,11.0,15.0,2.7939471e-12,5.418879e-13,1200.0,245.0,7.539458e-13,3.6927956e-12,0
5.0,95.0,20.0,-9.923102e-06,1.9909191e-10,1.4109994e-05,-1.4642882,0.15469186,1.0,1.0,1.0,4.0,7.0,2.7053948e-11,2.0619968e-11,475.0,100.0,2.0957043e-12,9.954595e-12,0
5.0,226.0,46.0,3.780933e-06,1.4917592e-10,1.221376e-05,-1.4774042,-0.03776595,1.0,1.0,1.0,7.0,15.0,3.0908936e-12,7.7961097e-13,1136.0,230.0,6.6007047e-13,3.242955e-12,0
1.0,549.0,550.0,-1.4161443e-05,1.2530199e-10,1.1193837e-05,-0.6812759,-0.5770659,7.0,2.0,1.0,89.0,128.0,1.6467551e-12,4.3504918e-12,649.0,550.0,2.2823675e-13,2.278218e-13,1
5.0,155.0,32.0,0.22421525,0.03503416,0.18717414,-1.4184102,0.17462274,2.0,1.0,1.0,2.0,1.0,0.00393135,0.008075905,775.0,160.0,0.00022602684,0.0010948175,1
5.0,215.0,44.0,0.2418589,0.0628675,0.25073394,-1.4531692,0.43511242,1.0,1.0,1.0,3.0,6.0,0.0017972622,0.00055017875,1075.0,220.0,0.000292407,0.0014288069,0
5.0,205.0,42.0,-8.361353e-06,2.3058337e-10,1.5184972e-05,-1.0754887,-0.3210048,1.0,1.0,1.0,6.0,13.0,4.502471e-12,8.7064465e-13,1025.0,210.0,1.124797e-12,5.49008e-12,0
1.0,506.0,453.0,0.120988294,0.030180259,0.17372467,-0.6122792,1.0295856,3.0,1.0,1.0,25.0,49.0,2.2383721e-05,1.4830098e-05,674.0,453.0,5.9644783e-05,6.662309e-05,0
1.0,236.0,237.0,-2.9906394e-06,3.1476655e-10,1.774166e-05,-1.4580653,0.0040479945,1.0,1.0,1.0,67.0,76.0,5.392907e-13,8.4239554e-13,236.0,237.0,1.3337566e-12,1.3281288e-12,0
5.0,205.0,42.0,-1.2233786e-05,1.1913105e-10,1.0914718e-05,-1.2561395,-0.17650284,1.0,1.0,1.0,7.0,14.0,2.768374e-12,6.008923e-13,1025.0,210.0,5.811271e-13,2.8364537e-12,0
5.0,360.0,73.0,-1.9752176e-06,3.7751138e-10,1.9429652e-05,-1.3750055,-0.17713241,1.0,1.0,1.0,19.0,27.0,3.3268436e-12,1.3243764e-12,1800.0,365.0,1.0486427e-12,5.1713885e-12,0
5.0,90.0,19.0,1.2739658e-06,5.749123e-10,2.3977327e-05,-1.269518,-0.055189,1.0,1.0,2.0,3.0,5.0,7.148464e-11,2.201813e-11,450.0,95.0,6.387914e-12,3.025854e-11,0
5.0,90.0,19.0,0.20964175,0.0803091,0.2833886,-1.059669,0.84778255,2.0,1.0,1.0,2.0,3.0,0.07514131,0.24565583,450.0,95.0,0.0008923233,0.0042267945,1
5.0,95.0,20.0,-7.16004e-07,5.1993565e-10,2.2802096e-05,-0.96633035,-0.57972336,1.0,1.0,0.0,1.0,3.0,3.144515e-11,3.6118526e-12,475.0,100.0,5.4730066e-12,2.5996781e-11,0
5.0,310.0,53.0,-7.918431e-06,7.6053513e-10,2.7577802e-05,-0.8727121,0.3781798,2.0,1.0,1.0,2.0,3.0,2.8026154e-10,7.792734e-10,4300.0,265.0,2.4533392e-12,1.4349719e-11,1
5.0,390.0,79.0,0.64093995,0.0627552,0.2505099,-1.4757951,0.11074006,1.0,1.0,1.0,15.0,27.0,0.00043929007,9.892592e-05,1950.0,395.0,0.00016091077,0.0007943696,0
5.0,45.0,10.0,1.013468,0.015893202,0.12606825,-1.1186436,-0.02030615,1.0,1.0,1.0,1.0,0.0,0.006599492,0.0026358154,225.0,50.0,0.00035318226,0.0015893203,0
5.0,500.0,101.0,1.353925e-05,1.9618387e-10,1.4006566e-05,-1.3967329,0.004710746,1.0,1.0,1.0,28.0,33.0,9.174531e-13,6.5810107e-13,2500.0,505.0,3.9236775e-13,1.9424145e-12,0
5.0,215.0,44.0,-1.8054773e-06,5.7341876e-10,2.3946164e-05,-1.349423,-0.06825959,1.0,1.0,1.0,4.0,16.0,1.11656075e-11,1.008719e-12,1075.0,220.0,2.667064e-12,1.30322446e-11,0
5.0,40.0,9.0,0.974631,0.014552496,0.12063373,-1.2073703,-0.22665682,1.0,1.0,1.0,1.0,0.0,0.0064071063,0.002218512,200.0,45.0,0.00036381243,0.0016169441,0
5.0,860.0,173.0,0.28270224,0.08658586,0.29425475,-1.2411028,0.66163516,1.0,1.0,1.0,31.0,47.0,0.00020936098,5.9214486e-05,4300.0,865.0,0.00010068123,0.0005004963,0
5.0,100.0,21.0,6.0963025e-06,6.1559147e-10,2.4811116e-05,-1.1394066,-0.32608646,1.0,1.0,1.0,1.0,3.0,4.831037e-11,3.9516238e-12,500.0,105.0,6.1559148e-12,2.931388e-11,0
5.0,240.0,49.0,-5.447441e-08,1.1116701e-09,3.3341716e-05,-1.5012269,0.041997436,1.0,1.0,1.0,1.0,16.0,1.8832661e-11,7.5999553e-13,1200.0,245.0,4.6319584e-12,2.2687144e-11,0
5.0,221.0,45.0,0.32037526,0.16512959,0.4063614,-0.9329654,0.83340466,1.0,1.0,1.0,4.0,9.0,0.0056421612,0.0012418835,1111.0,225.0,0.00074719265,0.0036695462,0
5.0,415.0,84.0,-3.4561206e-06,3.4304207e-10,1.8521396e-05,-1.2606101,0.014987011,1.0,1.0,1.0,19.0,28.0,2.1525125e-12,8.2134354e-13,2075.0,420.0,8.266074e-13,4.0838344e-12,0
1.0,172.0,173.0,3.4147893e-06,2.659444e-10,1.6307802e-05,-1.4819399,-0.017964764,1.0,1.0,1.0,53.0,60.0,5.6398554e-13,6.2263785e-13,224.0,173.0,1.5461884e-12,1.5372509e-12,0
5.0,100.0,21.0,9.816633e-07,4.942558e-10,2.2231865e-05,-1.4448628,-0.0468476,1.0,1.0,2.0,1.0,5.0,4.6858524e-11,4.4955775e-12,500.0,105.0,4.942558e-12,2.353599e-11,0
1.0,183.0,185.0,-5.100299e-06,5.1887344e-10,2.2778793e-05,-1.4160961,-0.06422846,1.0,1.0,1.0,53.0,59.0,8.803084e-13,8.9009046e-13,255.0,185.0,2.835374e-12,2.8047213e-12,0
1.0,196.0,197.0,1.9226842e-07,1.8928625e-10,1.3758134e-05,-0.6539801,-0.4800757,2.0,2.0,1.0,1.0,5.0,5.7697935e-12,1.1371263e-11,232.0,197.0,9.657461e-13,9.608439e-13,1
5.0,75.0,16.0,1.0629096e-05,6.333195e-10,2.516584e-05,-1.3976356,-0.10095543,1.0,1.0,2.0,1.0,3.0,9.971645e-11,1.3990604e-11,375.0,80.0,8.44426e-12,3.958247e-11,0
5.0,370.0,75.0,0.72886324,0.03244106,0.18011403,-1.3990694,0.068101674,1.0,1.0,1.0,11.0,26.0,0.00025223207,4.505256e-05,1850.0,375.0,8.767854e-05,0.0004325475,0
5.0,80.0,17.0,5.9727818e-06,7.4063733e-10,2.7214652e-05,-1.4334759,-0.0067025525,1.0,1.0,2.0,1.0,1.0,1.0650507e-10,2.03724e-11,400.0,85.0,9.257966e-12,4.35669e-11,0
5.0,202.0,41.0,0.44467562,0.27248013,0.52199626,-0.9183338,0.7681383,1.0,1.0,1.0,4.0,8.0,0.010738961,0.0035295985,1034.0,205.0,0.0013489114,0.0066458564,0
5.0,230.0,47.0,-3.0708006e-06,2.2823793e-10,1.5107546e-05,-1.4452971,-0.036658853,1.0,1.0,1.0,10.0,16.0,4.455033e-12,1.0699547e-12,1150.0,235.0,9.923388e-13,4.856126e-12,0
5.0,90.0,19.0,-2.935997e-06,4.945101e-10,2.2237582e-05,-1.4530742,-0.08404709,1.0,1.0,2.0,1.0,2.0,5.6743707e-11,3.887211e-12,450.0,95.0,5.4945566e-12,2.6026847e-11,0
5.0,270.0,55.0,0.21340713,0.056642614,0.2379971,-1.1961129,0.6856998,1.0,1.0,1.0,2.0,6.0,0.0012658222,0.00044816796,1350.0,275.0,0.00020978747,0.0010298657,0
5.0,85.0,18.0,1.3383388e-06,6.388707e-10,2.5275891e-05,-1.1427486,-0.29986107,1.0,1.0,2.0,1.0,0.0,6.7611944e-11,7.963509e-12,425.0,90.0,7.516126e-12,3.5492817e-11,0
1.0,181.0,182.0,-1.7633065e-06,2.1547278e-10,1.4678991e-05,-0.77324307,-0.682437,1.0,1.0,1.0,46.0,49.0,6.345371e-13,1.441672e-12,239.0,182.0,1.1904573e-12,1.1839164e-12,0
1.0,181.0,182.0,-5.1326565e-06,3.0171893e-10,1.737006e-05,-1.0719675,-0.27043834,2.0,1.0,1.0,41.0,48.0,4.688929e-12,1.2691292e-11,247.0,182.0,1.6669554e-12,1.6577963e-12,0
5.0,60.0,13.0,0.9410658,0.01864354,0.13654135,-1.0614285,-0.1599029,1.0,1.0,1.0,1.0,0.0,0.0042451993,0.0011607083,300.0,65.0,0.00031072565,0.0014341184,0
1.0,177.0,178.0,-4.015726e-06,2.641428e-10,1.625247e-05,-0.92851985,-0.3624669,2.0,1.0,1.0,1.0,6.0,2.233309e-12,4.0815884e-12,235.0,178.0,1.4923321e-12,1.4839483e-12,1
1.0,163.0,164.0,0.024344917,0.0013955744,0.03735739,-0.104697995,1.1862676,3.0,1.0,1.0,11.0,13.0,3.2887394e-05,7.8106765e-05,163.0,164.0,8.561807e-06,8.509601e-06,0
5.0,410.0,83.0,0.5558408,0.1616983,0.40211725,-1.5200454,0.1451157,1.0,1.0,1.0,5.0,28.0,0.0009903949,7.36566e-05,2050.0,415.0,0.0003943861,0.0019481722,0
5.0,291.0,59.0,0.4051102,0.18766469,0.43320283,-1.2683839,0.55690837,1.0,1.0,1.0,2.0,14.0,0.0028785416,0.00023473563,1487.0,295.0,0.00064489583,0.0031807574,0
5.0,230.0,47.0,0.46394852,0.23960751,0.4894972,-0.99587643,0.7228087,1.0,1.0,1.0,2.0,10.0,0.0067940922,0.0013362584,1150.0,235.0,0.0010417718,0.0050980323,0
5.0,245.0,50.0,0.2716994,0.12866062,0.35869294,-0.68880683,0.97480446,1.0,1.0,1.0,1.0,11.0,0.0039618355,0.0003781122,1225.0,250.0,0.00052514544,0.0025732126,0
5.0,245.0,50.0,5.45562e-07,6.236147e-10,2.497228e-05,-1.4483017,-0.00889793,1.0,1.0,1.0,5.0,13.0,1.0155792e-11,1.0053766e-12,1225.0,250.0,2.5453663e-12,1.2472294e-11,0
5.0,95.0,20.0,4.347613e-06,4.6113596e-10,2.1474078e-05,-1.3116351,-0.19999449,1.0,1.0,2.0,1.0,2.0,4.6205307e-11,3.4420466e-12,475.0,100.0,4.854063e-12,2.30568e-11,0
1.0,178.0,179.0,-3.9347293e-07,2.4309432e-10,1.5591482e-05,-1.1746428,0.16578287,2.0,2.0,2.0,1.0,2.0,7.680489e-12,1.4968804e-11,178.0,179.0,1.3656985e-12,1.3580689e-12,1
1.0,610.0,611.0,-2.4689045e-06,5.3585647e-10,2.3148574e-05,-1.5192525,0.06294818,1.0,1.0,1.0,174.0,196.0,2.8101114e-13,6.036511e-13,610.0,611.0,8.7845323e-13,8.7701553e-13,0
1.0,177.0,178.0,5.568302e-06,1.9252418e-10,1.38753085e-05,-1.1821395,-0.07661518,1.0,1.0,1.0,13.0,16.0,9.552801e-13,1.5646167e-12,225.0,178.0,1.0877073e-12,1.0815965e-12,1
5.0,215.0,44.0,-2.9141838e-06,2.959422e-10,1.720297e-05,-1.2835209,-0.09548499,1.0,1.0,1.0,5.0,14.0,5.8902497e-12,8.410412e-13,1075.0,220.0,1.3764753e-12,6.7259588e-12,0
5.0,90.0,19.0,0.18723843,0.02650985,0.16281846,-1.3607478,0.3648288,1.0,1.0,1.0,1.0,4.0,0.003562587,0.00094515976,450.0,95.0,0.00029455387,0.0013952552,0
5.0,90.0,19.0,-1.4501469e-06,1.1930001e-10,1.0922455e-05,-1.423855,-0.08031114,1.0,1.0,2.0,2.0,5.0,1.6102052e-11,6.2828627e-12,450.0,95.0,1.3255558e-12,6.2789483e-12,0
1.0,179.0,180.0,1.7732934e-06,3.7026837e-10,1.9242358e-05,-0.6502015,-0.36594388,1.0,1.0,1.0,2.0,2.0,1.2121689e-11,2.3086684e-11,223.0,180.0,2.0685383e-12,2.0570464e-12,1
5.0,230.0,47.0,1.393393e-06,5.505536e-10,2.346388e-05,-1.4354459,-0.03726152,1.0,1.0,1.0,4.0,15.0,9.964037e-12,8.518336e-13,1150.0,235.0,2.3937113e-12,1.1713907e-11,0
1.0,572.0,573.0,2.4462508e-06,7.835469e-10,2.7991908e-05,-1.2436134,0.072310045,2.0,2.0,2.0,2.0,2.0,2.003712e-11,5.5844225e-11,782.0,573.0,1.3698372e-12,1.3674465e-12,1
1.0,185.0,186.0,-6.5236377e-06,2.500855e-10,1.5814092e-05,-0.6905052,-0.7442022,2.0,1.0,1.0,27.0,35.0,1.8235066e-12,4.373566e-12,185.0,186.0,1.3518135e-12,1.3445457e-12,0
1.0,222.0,223.0,-1.5544785e-05,1.3646007e-10,1.1681613e-05,-1.550006,-0.09905141,2.0,2.0,1.0,2.0,5.0,3.479538e-12,6.6254684e-12,268.0,223.0,6.14685e-13,6.1192853e-13,1
5.0,432.0,87.0,-1.7754537e-05,5.5939506e-11,7.479272e-06,-0.33414814,-0.7107634,1.0,1.0,1.0,25.0,29.0,5.4865894e-13,8.0113227e-13,2200.0,435.0,1.294896e-13,6.4298285e-13,0
5.0,255.0,52.0,3.322208e-06,2.6146307e-10,1.616982e-05,-1.4929787,-0.018837282,1.0,1.0,1.0,10.0,17.0,4.232229e-12,8.57425e-13,1275.0,260.0,1.0253454e-12,5.0281363e-12,0
5.0,430.0,87.0,0.28452474,0.1371068,0.37027934,-0.53556913,1.0228919,1.0,1.0,1.0,3.0,12.0,0.0014775689,0.00018293914,2150.0,435.0,0.00031885304,0.0015759403,0
1.0,124.0,105.0,0.0074997256,0.00018831706,0.013722867,-0.046463754,1.3536859,5.0,1.0,1.0,6.0,9.0,1.3336161e-05,2.2022405e-05,170.0,105.0,1.518686e-06,1.7934958e-06,1
1.0,415.0,416.0,1.3214e-06,5.2264293e-10,2.2861384e-05,-1.45541,0.038187455,1.0,1.0,1.0,129.0,137.0,4.05951e-13,8.470844e-13,507.0,416.0,1.2593805e-12,1.2563532e-12,0
5.0,225.0,46.0,4.275595e-06,9.458448e-10,3.075459e-05,-1.4013903,-0.03547926,1.0,1.0,1.0,1.0,14.0,1.819214e-11,9.179824e-13,1125.0,230.0,4.2037545e-12,2.0561844e-11,0
5.0,205.0,42.0,0.23229934,0.10097911,0.3177721,-0.8117922,0.9270579,1.0,1.0,1.0,1.0,4.0,0.0044990126,0.0007217096,1025.0,210.0,0.00049258105,0.0024042644,0
1.0,195.0,196.0,-1.3124625e-07,2.4384858e-10,1.5615651e-05,-1.4229914,-0.06202995,2.0,1.0,1.0,41.0,36.0,2.3971463e-12,6.25371e-12,227.0,196.0,1.2505055e-12,1.2441254e-12,0
1.0,161.0,162.0,0.055367373,0.0036848888,0.060703285,-0.6478761,0.9406828,1.0,1.0,1.0,19.0,15.0,4.7686648e-05,7.90207e-05,161.0,162.0,2.2887509e-05,2.2746228e-05,1
5.0,100.0,21.0,-5.867353e-06,4.629621e-10,2.1516555e-05,-1.4846648,-0.017123304,1.0,1.0,2.0,1.0,4.0,4.3945608e-11,4.830943e-12,500.0,105.0,4.629621e-12,2.2045815e-11,0
1.0,327.0,310.0,0.23714474,0.11100856,0.33317947,-0.19806981,1.1931947,1.0,1.0,1.0,32.0,59.0,0.00016221553,0.00014368288,451.0,310.0,0.00033947572,0.00035809213,0
5.0,80.0,17.0,1.7794649e-06,2.1842826e-10,1.4779319e-05,-1.5351189,0.042249467,1.0,1.0,2.0,1.0,2.0,3.234911e-11,8.054044e-12,400.0,85.0,2.7303533e-12,1.2848721e-11,0
5.0,90.0,19.0,-5.3736126e-06,6.237072e-11,7.897514e-06,-1.4909656,-0.06426624,1.0,1.0,2.0,2.0,5.0,7.629613e-12,2.2196975e-12,450.0,95.0,6.93008e-13,3.2826695e-12,0
5.0,211.0,43.0,-1.1140368e-06,4.2729148e-10,2.067103e-05,-1.3823833,-0.11406128,1.0,1.0,1.0,5.0,13.0,9.313549e-12,1.1587106e-12,1061.0,215.0,2.0250782e-12,9.937011e-12,0
5.0,225.0,46.0,0.21421234,0.054079726,0.23255049,-1.3405352,0.5311303,1.0,1.0,1.0,2.0,6.0,0.0014106745,0.00021619131,1125.0,230.0,0.00024035433,0.0011756462,0
1.0,188.0,190.0,1.7198988e-06,3.7523565e-10,1.9371e-05,-1.4959902,-0.030805057,1.0,1.0,1.0,57.0,67.0,6.6229596e-13,7.522869e-13,262.0,190.0,1.9959345e-12,1.9749246e-12,0
5.0,185.0,38.0,0.27927932,0.08458056,0.2908274,-1.3237126,0.52837926,1.0,1.0,1.0,2.0,6.0,0.003175653,0.0005689187,925.0,190.0,0.00045719225,0.0022258044,0
5.0,95.0,20.0,7.5054794e-07,1.1041468e-10,1.0507839e-05,-1.3809028,-0.30756325,1.0,1.0,2.0,2.0,4.0,1.2942283e-11,2.0188753e-12,475.0,100.0,1.1622597e-12,5.5207336e-12,0
5.0,205.0,42.0,1.5397443e-06,3.7993794e-10,1.9491996e-05,-1.4926628,-0.018997531,1.0,1.0,1.0,3.0,14.0,9.21689e-12,1.3940772e-12,1025.0,210.0,1.8533558e-12,9.0461414e-12,0
5.0,105.0,22.0,8.065359e-06,4.8049226e-10,2.1920134e-05,-1.2380399,-0.05715652,1.0,1.0,1.0,1.0,4.0,4.2735492e-11,7.363627e-12,525.0,110.0,4.5761164e-12,2.1840557e-11,0
1.0,856.0,858.0,-4.922142e-06,1.5231381e-10,1.2341548e-05,-0.60777086,-0.5236244,3.0,3.0,3.0,2.0,6.0,2.810419e-12,5.8632886e-12,1116.0,858.0,1.779367e-13,1.7752192e-13,1
1.0,237.0,238.0,1.5111075e-06,3.0902284e-10,1.7579045e-05,-0.07952569,-0.81622225,2.0,2.0,2.0,2.0,3.0,5.1021888e-11,1.4571896e-10,237.0,238.0,1.3038938e-12,1.2984153e-12,1
5.0,200.0,41.0,-5.376693e-06,7.755461e-10,2.7848628e-05,-1.4700414,-0.0028276686,1.0,1.0,1.0,2.0,12.0,1.8371837e-11,1.1238739e-12,1000.0,205.0,3.8777306e-12,1.8915758e-11,0
5.0,110.0,23.0,0.08537568,0.01181073,0.108677186,-0.97341895,0.8231196,1.0,1.0,1.0,1.0,2.0,0.001501137,0.0003686038,550.0,115.0,0.00010737028,0.00051351,0
1.0,473.0,474.0,3.9801516e-06,2.0375046e-10,1.4274118e-05,-1.1224664,-0.12154935,1.0,1.0,1.0,144.0,155.0,2.5974088e-13,6.702876e-13,655.0,474.0,4.307621e-13,4.298533e-13,0
5.0,235.0,48.0,2.7761462e-06,6.2227323e-10,2.4945406e-05,-1.2213776,-0.17866458,1.0,1.0,1.0,5.0,16.0,1.0210156e-11,1.2291817e-12,1175.0,240.0,2.6479713e-12,1.2964026e-11,0
5.0,235.0,48.0,1.443858e-06,5.902559e-10,2.4295183e-05,-0.9583494,-0.5068626,1.0,1.0,1.0,8.0,15.0,7.0297513e-12,1.1131368e-12,1175.0,240.0,2.5117272e-12,1.2296998e-11,0
1.0,255.0,256.0,5.003626e-07,5.6991734e-10,2.3872943e-05,-1.5020056,-0.004382721,1.0,1.0,1.0,55.0,66.0,1.2025695e-12,2.5494988e-12,255.0,256.0,2.23497e-12,2.2262396e-12,0
1.0,281.0,282.0,0.24064912,0.14790937,0.38458988,0.062622875,1.2943724,1.0,1.0,1.0,19.0,27.0,0.00022792855,8.7732034e-05,281.0,282.0,0.00052636786,0.0005245013,0
1.0,198.0,200.0,3.7875566e-06,8.3403023e-10,2.8879582e-05,-1.3895944,-0.036059927,1.0,1.0,1.0,45.0,59.0,1.0699547e-12,7.0793035e-13,276.0,200.0,4.2122738e-12,4.170151e-12,0
5.0,75.0,16.0,9.243531e-07,6.177764e-10,2.4855108e-05,-1.4991053,-0.056278586,1.0,1.0,2.0,1.0,2.0,1.010708e-10,1.1967406e-11,375.0,80.0,8.237019e-12,3.8611024e-11,0
5.0,205.0,42.0,0.17186597,0.04167666,0.20414862,-0.9751469,0.7895014,1.0,1.0,1.0,1.0,9.0,0.001483661,0.00013498787,1025.0,210.0,0.00020330078,0.0009923014,0
1.0,321.0,322.0,0.20765214,0.11071624,0.3327405,0.0054049087,1.2832302,1.0,1.0,1.0,12.0,18.0,0.00016143903,0.00012798786,321.0,322.0,0.0003449104,0.00034383926,0
1.0,188.0,189.0,2.9166292e-06,1.4835878e-10,1.2180262e-05,-1.5048908,-0.015425485,1.0,1.0,1.0,40.0,47.0,4.714496e-13,7.31126e-13,188.0,189.0,7.8914246e-13,7.849671e-13,1
1.0,179.0,180.0,6.0265324e-07,2.454558e-10,1.5667028e-05,-1.4247893,-0.019998737,1.0,1.0,1.0,51.0,57.0,5.123414e-13,6.301461e-13,239.0,180.0,1.3712614e-12,1.3636432e-12,0
5.0,175.0,36.0,2.138926e-05,2.0574935e-10,1.4343966e-05,-1.3499944,-0.011812037,2.0,1.0,1.0,1.0,2.0,6.791515e-11,1.3705846e-10,875.0,180.0,1.1757106e-12,5.7152594e-12,1
5.0,45.0,10.0,0.9122729,0.014548592,0.120617546,-1.3894117,0.12488475,1.0,1.0,1.0,1.0,0.0,0.0059572235,0.0025731623,225.0,50.0,0.00032330205,0.0014548593,0
5.0,490.0,99.0,0.46693516,0.183817,0.42873886,-1.4489821,0.30756167,1.0,1.0,1.0,5.0,24.0,0.0008662809,6.760213e-05,2450.0,495.0,0.00037513673,0.0018567374,0
5.0,100.0,21.0,0.30977625,0.16865158,0.41067213,-1.1378673,0.79380816,2.0,1.0,1.0,2.0,2.0,0.08506011,0.23701715,500.0,105.0,0.0016865159,0.008031028,1
1.0,411.0,377.0,0.020140255,0.00039777448,0.019944284,-1.5194316,0.3459256,15.0,2.0,1.0,80.0,82.0,4.6466453e-06,1.3977372e-05,553.0,377.0,9.678212e-07,1.0551048e-06,0
1.0,183.0,183.0,8.497665e-06,7.2971557e-10,2.7013248e-05,-1.4730382,-0.053177867,1.0,1.0,1.0,47.0,59.0,1.1153179e-12,7.4652697e-13,257.0,183.0,3.987517e-12,3.987517e-12,0
1.0,208.0,209.0,1.8081764e-06,2.723322e-10,1.650249e-05,-1.2845209,-0.15987048,2.0,1.0,1.0,11.0,17.0,1.4417804e-12,3.5969103e-12,268.0,209.0,1.3092895e-12,1.303025e-12,0
5.0,515.0,104.0,-2.4275191e-06,3.8226664e-10,1.955164e-05,-1.4500109,0.183856,1.0,1.0,1.0,27.0,32.0,1.7207156e-12,7.681035e-13,2575.0,520.0,7.4226535e-13,3.675641e-12,0
1.0,176.0,177.0,-8.241447e-06,3.4144076e-10,1.8478117e-05,-1.1652293,-0.20929399,1.0,1.0,1.0,38.0,46.0,1.844633e-12,4.2057547e-12,176.0,177.0,1.9400044e-12,1.929044e-12,0
5.0,611.0,123.0,5.1971756e-06,1.9179372e-10,1.3848961e-05,-1.279064,0.010173639,1.0,1.0,1.0,38.0,44.0,7.48097e-13,7.8842656e-13,3061.0,615.0,3.1390133e-13,1.5592985e-12,0
5.0,335.0,68.0,0.2961732,0.11525764,0.33949617,-1.0646063,0.7256884,2.0,1.0,1.0,1.0,1.0,0.0112672,0.03004528,1675.0,340.0,0.00034405265,0.0016949653,1
1.0,194.0,195.0,2.8929196e-06,2.1281915e-10,1.4588322e-05,-1.3743776,-0.069716945,2.0,2.0,1.0,4.0,15.0,3.1113725e-12,6.1669654e-12,194.0,195.0,1.097006e-12,1.0913802e-12,1
1.0,390.0,391.0,2.970241e-06,5.908005e-10,2.4306388e-05,-1.36231,-0.06698204,1.0,1.0,1.0,115.0,128.0,3.6237205e-13,6.822689e-13,484.0,391.0,1.5148732e-12,1.5109988e-12,0
5.0,220.0,45.0,-3.7862271e-06,6.07858e-10,2.4654775e-05,-1.3048457,-0.15002787,1.0,1.0,1.0,5.0,14.0,1.1864459e-11,1.886145e-12,1100.0,225.0,2.7629908e-12,1.3507955e-11,0
5.0,100.0,21.0,8.92269e-06,4.1740622e-10,2.0430522e-05,-1.3907932,0.001121283,1.0,1.0,2.0,3.0,6.0,4.4146915e-11,1.1840725e-11,500.0,105.0,4.174062e-12,1.9876488e-11,0
5.0,95.0,20.0,3.5885344e-06,2.426574e-10,1.5577465e-05,-1.3239766,-0.18469134,1.0,1.0,2.0,3.0,6.0,3.06466e-11,1.3013818e-11,475.0,100.0,2.5542884e-12,1.213287e-11,0
5.0,235.0,48.0,1.3940156e-06,8.401097e-10,2.8984647e-05,-1.4787866,0.022772744,1.0,1.0,1.0,5.0,16.0,1.5133481e-11,1.6263351e-12,1175.0,240.0,3.574935e-12,1.7502286e-11,0
5.0,215.0,44.0,0.099458,0.017759787,0.13326585,-0.7883475,0.91584766,1.0,1.0,1.0,2.0,5.0,0.0007108457,0.00012218184,1075.0,220.0,8.260366e-05,0.0004036315,0
1.0,219.0,220.0,-1.7818991e-07,3.230651e-10,1.7974013e-05,-1.4724233,0.037260186,1.0,1.0,1.0,64.0,72.0,5.752136e-13,8.971636e-13,269.0,220.0,1.4751831e-12,1.4684778e-12,0
1.0,185.0,186.0,1.8359533e-06,1.9612419e-10,1.4004434e-05,-1.235692,-0.10841362,1.0,1.0,1.0,57.0,60.0,4.722387e-13,6.9959153e-13,185.0,186.0,1.0601307e-12,1.0544311e-12,0
5.0,415.0,84.0,0.52915394,0.16393608,0.4048902,-1.5118304,0.17504674,1.0,1.0,1.0,8.0,16.0,0.0010278196,0.00018549764,2075.0,420.0,0.0003950267,0.00195162,0
1.0,434.0,435.0,-4.042041e-06,4.763282e-10,2.1824944e-05,-1.4215261,0.117209144,1.0,1.0,1.0,133.0,149.0,3.4034911e-13,7.1447687e-13,598.0,435.0,1.0975305e-12,1.0950073e-12,0
5.0,205.0,42.0,1.0390673e-05,3.2256028e-10,1.7959963e-05,-1.3554982,-0.10136911,1.0,1.0,1.0,4.0,12.0,7.197669e-12,7.206364e-13,1025.0,210.0,1.5734648e-12,7.680007e-12,0
1.0,341.0,309.0,0.2778907,0.088025436,0.29669082,-1.3764241,0.5179886,1.0,1.0,1.0,25.0,31.0,8.752066e-05,0.00010399314,469.0,309.0,0.0002581391,0.00028487196,0
1.0,365.0,366.0,1.1993602e-05,2.97657e-10,1.725274e-05,-0.7919962,-0.7471345,1.0,1.0,1.0,105.0,123.0,2.7613038e-13,6.4827305e-13,365.0,366.0,8.1549866e-13,8.132705e-13,1
5.0,240.0,49.0,0.24990034,0.1277844,0.35746944,-0.5048962,1.061963,1.0,1.0,1.0,1.0,4.0,0.0044284128,0.00044801203,1200.0,245.0,0.00053243496,0.0026078448,0
1.0,443.0,430.0,0.026448261,0.0009459003,0.030755492,0.5420641,1.1929384,3.0,2.0,2.0,12.0,45.0,1.591199e-05,1.8707024e-05,471.0,430.0,2.135215e-06,2.199768e-06,1
5.0,240.0,49.0,1.0441422e-06,9.343766e-10,3.0567575e-05,-1.487377,-0.028954485,1.0,1.0,1.0,1.0,14.0,1.5760431e-11,7.7679665e-13,1200.0,245.0,3.893236e-12,1.9068911e-11,0
5.0,186.0,38.0,2.7345076e-08,2.445547e-10,1.5638245e-05,-1.0291234,-0.2831647,2.0,1.0,1.0,2.0,2.0,3.240601e-11,5.5885265e-11,936.0,190.0,1.3148103e-12,6.4356506e-12,1
5.0,420.0,85.0,0.5533835,0.15417181,0.39264718,-1.3732507,0.29772493,1.0,1.0,1.0,9.0,17.0,0.0010782667,0.0004665989,2100.0,425.0,0.00036707573,0.001813786,0
5.0,180.0,37.0,0.16869667,0.023499269,0.15329471,2.0616739,1.7745061,3.0,1.0,1.0,3.0,5.0,0.0123628285,0.027727056,900.0,185.0,0.0001305515,0.00063511543,1
5.0,250.0,51.0,-8.087627e-06,1.22101e-10,1.1049931e-05,-1.4314854,0.02716523,1.0,1.0,1.0,7.0,17.0,2.0150106e-12,4.6082745e-13,1250.0,255.0,4.8840397e-13,2.394137e-12,0
1.0,362.0,363.0,0.333471,0.16787021,0.40971968,-0.9876508,0.7914386,1.0,1.0,1.0,24.0,27.0,0.00014411203,0.00017303247,362.0,363.0,0.00046372987,0.0004624524,0
5.0,80.0,17.0,7.2732014e-06,4.636824e-10,2.1533286e-05,-1.1640319,-0.12005494,1.0,1.0,2.0,2.0,3.0,7.013883e-11,8.9168395e-12,400.0,85.0,5.79603e-12,2.7275435e-11,0
1.0,168.0,170.0,-7.725837e-06,6.265967e-10,2.5031914e-05,-1.3946257,0.041211262,2.0,2.0,2.0,2.0,2.0,5.926275e-11,1.6650113e-10,230.0,170.0,3.729742e-12,3.6858632e-12,1
1.0,461.0,462.0,1.2159841e-05,3.4849515e-10,1.8668024e-05,-0.60037804,0.27331224,2.0,2.0,1.0,1.0,2.0,4.4830743e-11,1.33851e-10,465.0,462.0,7.5595476e-13,7.543185e-13,1
5.0,250.0,51.0,0.2518327,0.058913287,0.2427206,-1.5512038,0.3902188,1.0,1.0,1.0,3.0,4.0,0.0016312104,0.0013545825,1250.0,255.0,0.00023565315,0.0011551625,0
1.0,181.0,182.0,-1.2099235e-07,7.5575496e-10,2.7490998e-05,-1.4981934,0.0122627495,1.0,1.0,1.0,42.0,58.0,1.1185402e-12,5.745037e-13,243.0,182.0,4.1754417e-12,4.1524995e-12,0
5.0,641.0,129.0,2.2480506e-06,3.1901465e-10,1.786098e-05,-1.3533615,-0.04462752,1.0,1.0,1.0,34.0,46.0,8.4867974e-13,7.0039715e-13,3211.0,645.0,4.976828e-13,2.4729819e-12,0
5.0,240.0,49.0,-1.220256e-06,1.402239e-10,1.1841617e-05,-1.4217907,-0.13760805,1.0,1.0,1.0,11.0,16.0,2.556893e-12,6.658902e-13,1200.0,245.0,5.8426625e-13,2.8617122e-12,0
5.0,80.0,17.0,-7.3324355e-07,4.804873e-10,2.1920021e-05,-1.1324894,-0.3586575,1.0,1.0,2.0,1.0,2.0,5.504066e-11,7.779607e-12,400.0,85.0,6.0060915e-12,2.8263959e-11,0
1.0,609.0,610.0,6.9070034e-06,3.2757985e-10,1.8099168e-05,-1.2157198,-0.082689,7.0,2.0,2.0,9.0,14.0,1.6583674e-11,4.676651e-11,609.0,610.0,5.3789796e-13,5.370162e-13,1
5.0,360.0,73.0,0.69941676,0.051348004,0.22660097,-1.4478598,0.1349213,1.0,1.0,1.0,13.0,22.0,0.00042522277,8.022503e-05,1800.0,365.0,0.00014263335,0.0007033973,0
1.0,290.0,279.0,0.3441605,0.15967485,0.39959335,-1.1403216,0.6927356,1.0,1.0,1.0,23.0,24.0,0.00016255573,0.00012665252,336.0,279.0,0.0005506029,0.0005723113,0
5.0,100.0,21.0,3.3979e-06,3.903982e-10,1.9758498e-05,-1.2216994,-0.2371545,1.0,1.0,2.0,1.0,5.0,3.4395695e-11,3.4408312e-12,500.0,105.0,3.903982e-12,1.8590391e-11,0
5.0,85.0,18.0,-7.5533586e-07,2.1850877e-10,1.4782042e-05,-1.5166293,0.039738443,1.0,1.0,2.0,1.0,4.0,2.8460964e-11,4.840775e-12,425.0,90.0,2.5706915e-12,1.2139376e-11,0
5.0,125.0,26.0,0.01642352,0.00068068976,0.026090031,-0.3969071,1.1568154,2.0,1.0,1.0,2.0,4.0,0.00040716975,0.0008906578,625.0,130.0,5.445518e-06,2.6180376e-05,1
5.0,95.0,20.0,-5.73913e-07,1.7622187e-10,1.3274858e-05,-1.3682216,0.11591708,1.0,1.0,2.0,4.0,6.0,2.3642924e-11,1.3314442e-11,475.0,100.0,1.854967e-12,8.811093e-12,0
5.0,285.0,58.0,0.31019056,0.10979754,0.33135712,-1.1360235,0.6872047,1.0,1.0,1.0,2.0,8.0,0.0019961111,0.0002313068,1425.0,290.0,0.0003852545,0.001893061,0
1.0,452.0,453.0,3.76856e-06,4.997093e-10,2.2354177e-05,-1.2924951,0.0637167,2.0,2.0,2.0,2.0,4.0,1.5386754e-11,3.8639213e-11,620.0,453.0,1.1055515e-12,1.103111e-12,1
5.0,71.0,15.0,4.976226e-07,8.473544e-11,9.205186e-06,-1.1806704,-0.19646326,1.0,1.0,2.0,1.0,2.0,1.3625509e-11,2.9005281e-12,361.0,75.0,1.1934569e-12,5.6490294e-12,0
1.0,438.0,406.0,0.2165752,0.082053214,0.2864493,-0.7950716,0.9316898,1.0,1.0,1.0,53.0,60.0,6.836692e-05,8.301355e-05,612.0,406.0,0.0001873361,0.00020210151,0
1.0,163.0,154.0,0.22737476,0.03459769,0.18600455,-1.4293156,0.15864356,1.0,1.0,1.0,17.0,21.0,0.00016638893,0.00029369703,187.0,154.0,0.00021225578,0.00022466034,0
5.0,215.0,44.0,-2.067044e-06,2.525544e-10,1.589196e-05,-0.8816526,-0.63035774,1.0,1.0,1.0,9.0,15.0,3.5622644e-12,2.0179097e-12,1091.0,220.0,1.1746716e-12,5.7398726e-12,0
5.0,215.0,44.0,-1.6904925e-06,8.392015e-10,2.8968974e-05,-1.4715425,0.021741211,1.0,1.0,1.0,4.0,13.0,1.7716205e-11,1.5042359e-12,1075.0,220.0,3.9032627e-12,1.907276e-11,0
1.0,226.0,227.0,6.1242067e-06,6.4580785e-10,2.541275e-05,-1.1283898,-0.2607258,1.0,1.0,1.0,57.0,73.0,1.8920364e-12,4.3950555e-12,306.0,227.0,2.8575569e-12,2.8449686e-12,0
1.0,336.0,337.0,-1.34394595e-05,1.5447235e-10,1.2428691e-05,-1.012396,-0.5672863,2.0,2.0,2.0,1.0,3.0,5.0255737e-12,1.0158765e-11,466.0,337.0,4.597391e-13,4.5837493e-13,1
5.0,230.0,47.0,9.411001e-07,6.371366e-10,2.5241565e-05,-1.4916269,0.027586756,1.0,1.0,1.0,5.0,14.0,1.2002057e-11,1.5597707e-12,1150.0,235.0,2.770159e-12,1.3556098e-11,0
5.0,100.0,21.0,1.02439e-05,4.776447e-10,2.1855083e-05,-1.3954486,-0.2667908,1.0,1.0,1.0,1.0,4.0,4.6563142e-11,6.4918526e-12,500.0,105.0,4.776447e-12,2.2744985e-11,0
1.0,913.0,915.0,1.2491965e-05,1.3408859e-10,1.1579663e-05,-1.2541567,-0.26107964,5.0,5.0,4.0,4.0,11.0,3.101651e-12,6.3751396e-12,1249.0,915.0,1.4686593e-13,1.4654491e-13,1
5.0,85.0,18.0,2.3334705e-06,2.2900622e-10,1.5132951e-05,-0.86795306,-0.5139862,1.0,1.0,1.0,1.0,3.0,2.3047488e-11,2.608824e-12,425.0,90.0,2.6941908e-12,1.2722568e-11,0
5.0,320.0,65.0,0.45416847,0.188148,0.43376032,-1.8588135,0.12544131,1.0,1.0,1.0,2.0,3.0,0.00422764,0.0008685888,1600.0,325.0,0.00058796257,0.0028945848,1
1.0,364.0,329.0,0.014006456,0.0006258388,0.02501677,1.0583545,1.6238958,1.0,1.0,1.0,38.0,43.0,2.516064e-06,4.3636765e-06,464.0,329.0,1.7193374e-06,1.9022457e-06,0
5.0,575.0,116.0,0.3268521,0.13428423,0.36644813,-0.9678173,0.79562265,2.0,1.0,1.0,4.0,11.0,0.000744552,0.00033974764,2875.0,580.0,0.0002335378,0.0011576227,0
5.0,240.0,49.0,-3.8861067e-06,2.4436833e-10,1.5632286e-05,-1.0992237,-0.26574352,1.0,1.0,1.0,7.0,18.0,3.892857e-12,7.7936166e-13,1200.0,245.0,1.0182014e-12,4.987109e-12,0
1.0,310.0,288.0,0.2707336,0.08284621,0.28783017,-1.3983176,0.50416636,2.0,1.0,1.0,37.0,53.0,7.2933435e-05,5.464715e-05,422.0,288.0,0.00026724584,0.00028766046,0
1.0,180.0,181.0,2.0111365e-07,7.727337e-10,2.7798087e-05,-1.454653,-0.070370845,1.0,1.0,1.0,39.0,42.0,2.5048518e-12,4.1362747e-12,180.0,181.0,4.292965e-12,4.269247e-12,0
5.0,980.0,197.0,2.0309415e-06,3.0098323e-11,5.486194e-06,-0.19576906,-0.86762637,1.0,1.0,1.0,67.0,68.0,2.4334186e-13,6.176364e-13,4900.0,985.0,3.0712574e-14,1.5278336e-13,0
1.0,179.0,180.0,-2.811631e-06,2.3809557e-10,1.5430345e-05,-1.390956,-0.04204403,1.0,1.0,1.0,43.0,48.0,1.2479151e-12,3.0569074e-12,213.0,180.0,1.3301429e-12,1.3227532e-12,0
1.0,423.0,373.0,0.16243531,0.046234723,0.21502261,-0.8531652,0.8974672,1.0,1.0,1.0,26.0,32.0,5.2715506e-05,7.854455e-05,577.0,373.0,0.000109301945,0.00012395368,0
1.0,229.0,230.0,0.32534605,0.16002531,0.40003163,-0.8833339,0.859715,1.0,1.0,1.0,14.0,26.0,0.00028000074,0.0001998509,229.0,230.0,0.0006988005,0.0006957622,0
1.0,421.0,417.0,0.019869173,0.00041772975,0.020438438,-1.3946601,0.44727674,9.0,1.0,2.0,71.0,80.0,2.6880123e-06,7.4104078e-06,431.0,417.0,9.922321e-07,1.00175e-06,0
1.0,230.0,231.0,5.9461563e-06,3.7123313e-10,1.926741e-05,-0.6808751,-0.43701664,2.0,2.0,1.0,1.0,3.0,1.2631868e-11,2.5174791e-11,230.0,231.0,1.6140571e-12,1.6070698e-12,1
1.0,494.0,495.0,0.030596623,0.003857302,0.062107183,1.5216641,1.7981337,2.0,2.0,1.0,16.0,44.0,1.06409e-05,6.119726e-06,494.0,495.0,7.808304e-06,7.79253e-06,1
5.0,270.0,55.0,0.20872448,0.100478336,0.3169832,-0.20241721,1.1920886,1.0,1.0,1.0,1.0,6.0,0.0031572739,0.00040370596,1350.0,275.0,0.00037214198,0.0018268789,0
5.0,320.0,65.0,0.27205905,0.13025665,0.36091086,-0.76577735,0.92586726,1.0,1.0,1.0,2.0,8.0,0.0022681658,0.00020927771,1600.0,325.0,0.00040705205,0.0020039487,0
5.0,180.0,37.0,1.1049431e-05,1.7746632e-10,1.3321648e-05,-1.1593645,-0.27966923,1.0,1.0,1.0,5.0,10.0,5.163499e-12,1.0486916e-12,900.0,185.0,9.85924e-13,4.796387e-12,0
5.0,225.0,46.0,-5.154303e-06,1.3793855e-10,1.1744724e-05,-1.5002363,0.06896024,1.0,1.0,1.0,9.0,14.0,2.8352334e-12,6.257253e-13,1125.0,230.0,6.130602e-13,2.9986643e-12,0
5.0,200.0,41.0,0.28719953,0.09787049,0.3128426,-0.9961783,0.77956927,1.0,1.0,1.0,1.0,5.0,0.0039645047,0.00046526015,1000.0,205.0,0.00048935245,0.0023870852,0
5.0,95.0,20.0,1.296451e-06,1.9941598e-10,1.4121472e-05,-1.4664588,-0.00012592098,1.0,1.0,2.0,3.0,6.0,2.504913e-11,1.7717834e-11,475.0,100.0,2.0991156e-12,9.970799e-12,0
5.0,45.0,10.0,0.8680878,0.018402942,0.13565744,-1.3600619,0.03366184,1.0,1.0,1.0,1.0,0.0,0.0069513284,0.002709636,225.0,50.0,0.00040895425,0.0018402941,0
5.0,50.0,11.0,1.0887557,0.01702929,0.13049632,-1.0071905,0.02641866,1.0,1.0,1.0,1.0,0.0,0.0056357966,0.0033047742,250.0,55.0,0.0003405858,0.0015481173,0
5.0,95.0,20.0,0.18093772,0.029798858,0.17262346,-1.3328679,0.49486384,1.0,1.0,1.0,1.0,2.0,0.0037428252,0.00070034235,475.0,100.0,0.00031367218,0.0014899429,0
5.0,290.0,59.0,0.20611185,0.049739238,0.22302295,-0.7619285,0.8045166,2.0,1.0,1.0,2.0,2.0,0.0033597283,0.0069968463,1450.0,295.0,0.00017151462,0.00084303797,1
5.0,230.0,47.0,4.906082e-07,3.1433675e-10,1.7729544e-05,-1.2177278,-0.15284914,1.0,1.0,1.0,4.0,13.0,5.672314e-12,8.538832e-13,1150.0,235.0,1.3666815e-12,6.688016e-12,0
1.0,226.0,227.0,-1.2951803e-05,3.6210027e-10,1.9028932e-05,-1.4832858,-0.029904323,1.0,1.0,1.0,68.0,73.0,5.3317935e-13,7.4771965e-13,260.0,227.0,1.6022136e-12,1.5951553e-12,0
5.0,725.0,146.0,-1.0065026e-07,4.7147164e-10,2.1713398e-05,-1.1615266,-0.23118944,1.0,1.0,1.0,35.0,48.0,7.5994213e-13,4.3471197e-13,3625.0,730.0,6.503057e-13,3.2292578e-12,0
5.0,380.0,77.0,-1.3408545e-05,4.8927e-10,2.211945e-05,-1.4766105,-0.08856178,1.0,1.0,1.0,19.0,25.0,3.6692225e-12,9.844937e-13,1932.0,385.0,1.2875527e-12,6.3541564e-12,0
1.0,524.0,525.0,5.8375144e-06,8.0893076e-10,2.8441707e-05,-1.510926,-0.009184066,1.0,1.0,1.0,160.0,178.0,3.796499e-13,7.821353e-13,724.0,525.0,1.543761e-12,1.5408205e-12,0
5.0,295.0,45.0,-1.07814785e-05,3.16444e-10,1.7788872e-05,-0.9404732,-0.76097673,1.0,0.0,0.0,2.0,9.0,3.563346e-12,4.267483e-12,7475.0,225.0,1.0726915e-12,7.032089e-12,1
1.0,567.0,569.0,4.0001105e-06,1.8307383e-10,1.3530478e-05,-1.0353506,-0.2682481,2.0,1.0,1.0,1.0,1.0,5.7879196e-12,1.7139849e-11,779.0,569.0,3.2288153e-13,3.2174664e-13,1
5.0,240.0,49.0,3.7536427e-06,2.5442679e-10,1.5950762e-05,-1.0746855,-0.41373408,1.0,1.0,1.0,5.0,16.0,3.238873e-12,4.676647e-13,1200.0,245.0,1.0601116e-12,5.1923834e-12,0
5.0,290.0,59.0,0.30982217,0.13642345,0.36935547,-1.0647476,0.73861766,1.0,1.0,1.0,2.0,11.0,0.002411843,0.00021661204,1450.0,295.0,0.00047042573,0.002312262,0
5.0,65.0,14.0,-2.0660439e-06,7.785601e-11,8.823606e-06,-0.6505746,-0.58526367,1.0,1.0,2.0,2.0,3.0,1.6342332e-11,6.357629e-12,325.0,70.0,1.1977848e-12,5.5611436e-12,0
1.0,190.0,191.0,5.3084267e-07,2.1922668e-10,1.4806305e-05,-1.2258996,0.103414804,1.0,1.0,1.0,13.0,16.0,2.330148e-12,3.7735856e-12,190.0,191.0,1.1538246e-12,1.1477837e-12,1
1.0,408.0,354.0,0.0042542876,2.8401178e-05,0.0053292755,-0.9422393,0.7956673,34.0,1.0,1.0,49.0,60.0,2.2545405e-06,6.425841e-06,546.0,354.0,6.9610735e-08,8.022932e-08,0
1.0,263.0,264.0,-7.4497584e-06,4.1881648e-10,2.0465006e-05,-0.8731876,-0.31424823,2.0,2.0,2.0,2.0,4.0,4.2430986e-11,1.175073e-10,347.0,264.0,1.592458e-12,1.586426e-12,1
1.0,416.0,417.0,-4.015357e-06,1.06677986e-10,1.0328504e-05,-1.3603097,0.08535034,2.0,2.0,1.0,34.0,66.0,5.601049e-13,1.2550641e-12,480.0,417.0,2.5643748e-13,2.5582252e-13,1
5.0,240.0,49.0,-1.4941876e-05,1.496266e-10,1.2232195e-05,-1.4425646,-0.1935646,3.0,1.0,1.0,3.0,6.0,3.9987173e-11,8.324394e-11,1200.0,245.0,6.2344417e-13,3.0536042e-12,1
5.0,70.0,15.0,-5.7288e-08,3.9437537e-10,1.9858886e-05,-1.4517211,-0.14188218,1.0,1.0,2.0,1.0,1.0,7.5054976e-11,9.017534e-12,350.0,75.0,5.633934e-12,2.6291691e-11,0
5.0,165.0,34.0,0.0653323,0.0085683465,0.092565365,-0.6884293,0.99378294,2.0,1.0,1.0,2.0,4.0,0.0013929545,0.0023208123,825.0,170.0,5.1929375e-05,0.00025201018,1
1.0,177.0,178.0,-5.1424837e-07,2.2768186e-10,1.5089131e-05,-1.4939471,-0.013183226,1.0,1.0,1.0,56.0,60.0,5.679105e-13,8.188402e-13,203.0,178.0,1.2863382e-12,1.2791116e-12,0
5.0,250.0,51.0,0.28942928,0.14130358,0.3759037,-0.7160978,0.9498285,1.0,1.0,1.0,2.0,8.0,0.004167758,0.00086591387,1272.0,255.0,0.0005652143,0.0027706586,0
1.0,330.0,331.0,-2.5224795e-06,1.1317326e-10,1.0638292e-05,-0.9351172,-0.4471627,1.0,1.0,1.0,2.0,2.0,2.122323e-12,4.470099e-12,438.0,331.0,3.4294927e-13,3.4191318e-13,1
1.0,217.0,218.0,-2.5691426e-07,2.8608843e-10,1.691415e-05,-1.4331014,-0.040089183,1.0,1.0,1.0,67.0,78.0,4.9830984e-13,8.396633e-13,279.0,218.0,1.3183799e-12,1.3123323e-12,0
5.0,110.0,23.0,-2.3280758e-07,1.8220951e-10,1.34985e-05,-1.5245485,0.016069027,1.0,1.0,2.0,1.0,7.0,1.4863144e-11,2.1408717e-12,550.0,115.0,1.65645e-12,7.9221525e-12,0
1.0,212.0,213.0,8.529724e-06,7.1443484e-10,2.6728914e-05,-1.2197754,-0.18334734,1.0,1.0,1.0,53.0,57.0,1.6717937e-12,2.9519347e-12,212.0,213.0,3.3699757e-12,3.3541542e-12,0
1.0,180.0,181.0,-1.4765689e-06,3.028456e-10,1.7402459e-05,-1.496996,-0.02901664,1.0,1.0,1.0,49.0,58.0,6.5346274e-13,8.204235e-13,242.0,181.0,1.6824756e-12,1.6731801e-12,0
5.0,605.0,122.0,9.331468e-06,2.3260294e-10,1.5251326e-05,-1.2540268,-0.09235504,1.0,1.0,1.0,31.0,41.0,7.974498e-13,7.4908244e-13,3025.0,610.0,3.8446766e-13,1.9065814e-12,0
5.0,370.0,75.0,0.24222054,0.10532843,0.32454342,-0.77665335,0.9304898,1.0,1.0,1.0,2.0,6.0,0.0014299352,0.0001825592,1850.0,375.0,0.00028467143,0.001404379,0
5.0,480.0,97.0,5.594185e-06,2.714402e-10,1.6475442e-05,-1.3550271,-0.0147327995,3.0,1.0,1.0,2.0,3.0,3.361503e-11,8.070917e-11,2400.0,485.0,5.6550045e-13,2.7983527e-12,1
1.0,543.0,510.0,0.12786798,0.022395385,0.14965089,-0.8925752,0.86022335,1.0,2.0,1.0,115.0,122.0,1.0463467e-05,1.2399136e-05,731.0,510.0,4.1243806e-05,4.391252e-05,0
1.0,215.0,216.0,2.7304748e-07,7.3272427e-10,2.706888e-05,-1.4856226,-0.007826674,1.0,1.0,1.0,62.0,73.0,8.627548e-13,7.143197e-13,297.0,216.0,3.4080197e-12,3.3922418e-12,0
5.0,70.0,15.0,-6.8350982e-06,3.794355e-11,6.1598334e-06,-1.5404894,-0.18528953,1.0,1.0,0.0,1.0,4.0,7.467457e-12,2.2797894e-12,350.0,75.0,5.420507e-13,2.52957e-12,0
1.0,667.0,668.0,8.031183e-07,3.6429607e-10,1.9086541e-05,-0.8732233,-0.014043568,3.0,2.0,2.0,3.0,6.0,1.0611866e-11,2.7525057e-11,845.0,668.0,5.46171e-13,5.453534e-13,1
5.0,315.0,64.0,0.19487838,0.060776256,0.2465284,-0.5445897,0.98173964,2.0,1.0,1.0,1.0,1.0,0.007847053,0.020776242,1575.0,320.0,0.0001929405,0.000949629,1
5.0,180.0,37.0,0.15256047,0.03342835,0.18283421,-1.0015079,0.80013275,1.0,1.0,1.0,2.0,6.0,0.0016065694,0.00026761103,900.0,185.0,0.00018571304,0.00090346887,0
1.0,177.0,178.0,-6.0805237e-06,2.984678e-10,1.7276221e-05,-0.3642966,0.0054435665,1.0,1.0,1.0,1.0,1.0,6.7607478e-12,1.307169e-11,221.0,178.0,1.6862588e-12,1.6767854e-12,1
5.0,80.0,17.0,9.1566466e-07,5.800059e-10,2.408331e-05,-1.4874427,-0.02291286,1.0,1.0,2.0,1.0,3.0,8.3305224e-11,9.314586e-12,400.0,85.0,7.2500734e-12,3.4117993e-11,0
5.0,250.0,51.0,1.1799474e-06,8.307731e-10,2.8823135e-05,-1.2386376,-0.12815458,1.0,1.0,1.0,8.0,17.0,1.27498056e-11,1.7157195e-12,1250.0,255.0,3.3230925e-12,1.628967e-11,0
5.0,232.0,47.0,3.9145192e-07,1.6536329e-10,1.28593665e-05,-1.5073384,-0.02684696,1.0,1.0,1.0,7.0,15.0,3.2223842e-12,5.434416e-13,1172.0,235.0,7.1277283e-13,3.518368e-12,0
1.0,445.0,446.0,-5.945083e-06,2.7388908e-10,1.6549595e-05,-1.3965311,-0.018921765,1.0,1.0,1.0,137.0,145.0,3.39836e-13,8.707303e-13,617.0,446.0,6.1548103e-13,6.1410106e-13,0
5.0,225.0,44.0,0.32827857,0.14801359,0.38472533,-0.7776885,0.9092746,1.0,1.0,1.0,1.0,3.0,0.00603902,0.0017576888,1275.0,220.0,0.0006578382,0.0033639453,0
1.0,192.0,182.0,2.7613646e-06,8.387918e-10,2.8961902e-05,-1.4544127,-0.13217863,1.0,1.0,1.0,30.0,43.0,3.2987976e-12,6.5195787e-12,304.0,182.0,4.3687072e-12,4.608746e-12,1
5.0,210.0,43.0,0.098146826,0.019313717,0.1389738,-0.62739,1.0311573,1.0,1.0,1.0,2.0,5.0,0.0010349606,0.0005206101,1050.0,215.0,9.1970076e-05,0.0004491562,0
5.0,308.0,62.0,6.028604e-06,9.50626e-11,9.750005e-06,-1.3291458,-0.10284167,1.0,1.0,1.0,18.0,21.0,1.1803291e-12,9.960501e-13,1558.0,310.0,3.086448e-13,1.5332677e-12,0
1.0,398.0,400.0,-1.3118092e-06,5.8737226e-10,2.4235764e-05,-1.3220763,-0.05213935,2.0,2.0,2.0,2.0,3.0,2.9412184e-11,8.5712694e-11,544.0,400.0,1.4758097e-12,1.4684306e-12,1
5.0,75.0,16.0,1.3990722e-05,5.581644e-10,2.3625504e-05,-1.339514,-0.11313376,1.0,1.0,2.0,1.0,4.0,9.1456155e-11,1.4052562e-11,375.0,80.0,7.442192e-12,3.4885275e-11,0
5.0,230.0,47.0,0.29316074,0.12869638,0.35874277,-1.092481,0.7449484,1.0,1.0,1.0,1.0,5.0,0.0037531264,0.0005624013,1150.0,235.0,0.0005595495,0.0027382209,0
5.0,287.0,58.0,-3.2573083e-05,1.179478e-10,1.0860378e-05,1.746963,1.1146954,4.0,4.0,1.0,3.0,5.0,2.1335073e-10,6.5164907e-10,1447.0,290.0,4.1096797e-13,2.033583e-12,1
5.0,191.0,39.0,0.32430372,0.15140766,0.38911137,-1.1750406,0.69623727,1.0,1.0,1.0,1.0,4.0,0.006155141,0.0006831612,965.0,195.0,0.0007927102,0.0038822477,0
5.0,525.0,106.0,1.1027805e-05,1.987836e-10,1.4099064e-05,-1.1815836,-0.009460071,2.0,2.0,1.0,1.0,3.0,1.0458552e-11,1.9796668e-11,2625.0,530.0,3.7863544e-13,1.875317e-12,1
1.0,351.0,332.0,0.32796568,0.11111282,0.33333588,-1.366779,0.52539253,2.0,1.0,1.0,28.0,39.0,9.749058e-05,0.0001047861,475.0,332.0,0.00031656073,0.00033467717,0
5.0,90.0,19.0,0.17905423,0.02157188,0.1468737,-1.451806,0.22834976,1.0,1.0,1.0,1.0,3.0,0.002626148,0.00048437307,450.0,95.0,0.00023968756,0.0011353622,0
5.0,165.0,34.0,0.31239673,0.14341974,0.378708,-1.1201545,0.7804585,2.0,1.0,1.0,2.0,3.0,0.03281259,0.06549331,825.0,170.0,0.0008692106,0.0042182277,1
1.0,252.0,253.0,-1.10663495e-05,2.9451538e-10,1.716145e-05,-1.1501945,-0.28811586,1.0,1.0,1.0,76.0,85.0,4.112384e-13,7.431804e-13,346.0,253.0,1.1687118e-12,1.1640924e-12,0
5.0,640.0,129.0,-2.8074742e-06,3.5142936e-10,1.8746448e-05,-0.94420695,-0.37987387,2.0,1.0,1.0,2.0,2.0,1.9081823e-11,5.1396255e-11,3200.0,645.0,5.491084e-13,2.7242585e-12,1
1.0,184.0,185.0,1.437771e-06,9.426989e-10,3.0703402e-05,-1.4942722,-0.022970885,1.0,1.0,1.0,46.0,63.0,1.3173679e-12,6.087375e-13,258.0,185.0,5.1233635e-12,5.0956695e-12,0
5.0,410.0,83.0,0.6842631,0.046928927,0.21663086,-1.3536794,0.08292429,1.0,1.0,1.0,9.0,25.0,0.00029662004,4.1237476e-05,2050.0,415.0,0.0001144608,0.0005654088,0
1.0,301.0,282.0,0.24472447,0.112735085,0.33576044,-0.6723173,0.98501116,1.0,1.0,1.0,12.0,17.0,0.00018219568,0.00020918006,369.0,282.0,0.00037453516,0.0003997698,0
5.0,315.0,64.0,4.9410796e-06,4.348742e-10,2.0853637e-05,-1.4825894,-0.038558,1.0,1.0,1.0,11.0,24.0,4.535175e-12,8.456743e-13,1575.0,320.0,1.380553e-12,6.7949093e-12,0
5.0,75.0,16.0,-6.3197376e-07,4.8679644e-10,2.2063463e-05,-1.4934052,-0.04470693,1.0,1.0,2.0,1.0,1.0,7.974958e-11,1.0161608e-11,375.0,80.0,6.490619e-12,3.0424777e-11,0
5.0,210.0,43.0,-1.3854915e-06,3.4950742e-10,1.8695118e-05,-1.4673859,-0.07957221,1.0,1.0,1.0,4.0,12.0,7.8981665e-12,8.748465e-13,1050.0,215.0,1.6643211e-12,8.12808e-12,0
5.0,75.0,16.0,-4.5076204e-06,3.3203082e-10,1.8221712e-05,-1.0921595,-0.3452066,1.0,1.0,2.0,1.0,0.0,4.5311758e-11,7.3731715e-12,375.0,80.0,4.4270776e-12,2.0751926e-11,0
5.0,205.0,42.0,0.19168167,0.04389874,0.20952027,-1.3493385,0.56370676,1.0,1.0,1.0,2.0,3.0,0.0016617477,0.0009749424,1025.0,210.0,0.0002141402,0.0010452081,0
1.0,177.0,179.0,7.275469e-09,4.5548706e-10,2.1342143e-05,-1.3084588,-0.11843588,2.0,1.0,1.0,2.0,1.0,2.7533874e-11,8.03656e-11,241.0,179.0,2.5733734e-12,2.5446205e-12,1
5.0,335.0,68.0,0.32112265,0.14483204,0.38056806,-1.0756266,0.7256934,1.0,1.0,1.0,2.0,5.0,0.0020519637,0.00057522627,1675.0,340.0,0.0004323345,0.002129883,0
5.0,225.0,46.0,0.12425702,0.027574094,0.16605449,-0.7958644,0.9318636,1.0,1.0,1.0,3.0,7.0,0.0010759517,0.00040518597,1125.0,230.0,0.00012255153,0.0005994368,0
1.0,291.0,292.0,-4.4472167e-06,4.089422e-10,2.022232e-05,-1.0053744,0.1460355,2.0,2.0,2.0,2.0,8.0,7.849179e-12,1.6104292e-11,291.0,292.0,1.4052997e-12,1.400487e-12,1
5.0,165.0,34.0,-3.9243983e-07,2.0961659e-10,1.4478142e-05,-1.3743819,3.7721136e-05,1.0,1.0,1.0,2.0,10.0,7.465062e-12,9.713785e-13,825.0,170.0,1.2704035e-12,6.165194e-12,0
1.0,256.0,246.0,0.26440817,0.079826176,0.28253525,-0.9670393,0.79674035,2.0,1.0,1.0,22.0,36.0,0.00014825795,0.0001629206,346.0,246.0,0.000311821,0.00032449665,0
5.0,70.0,15.0,-6.625204e-07,3.670046e-10,1.9157364e-05,-1.4797004,-0.100143276,1.0,1.0,2.0,1.0,0.0,6.8928974e-11,9.328755e-12,350.0,75.0,5.2429224e-12,2.4466972e-11,0
5.0,110.0,23.0,2.4323097e-06,5.7034183e-10,2.388183e-05,-1.0576735,-0.32110265,1.0,1.0,1.0,1.0,7.0,3.9787545e-11,5.859299e-12,550.0,115.0,5.1849254e-12,2.479747e-11,0
5.0,95.0,20.0,-3.565375e-07,3.5169825e-10,1.875362e-05,-1.3537965,-0.30065992,1.0,1.0,2.0,2.0,6.0,4.137993e-11,1.0378912e-11,475.0,100.0,3.702087e-12,1.7584913e-11,0
5.0,250.0,51.0,0.24380003,0.1320248,0.36335218,-0.24798496,1.1644268,1.0,1.0,1.0,1.0,3.0,0.004611544,0.0005032296,1250.0,255.0,0.0005280992,0.0025887215,0
1.0,325.0,293.0,0.24054167,0.0758613,0.2754293,-1.2570968,0.6278778,1.0,1.0,1.0,13.0,22.0,8.448286e-05,7.746101e-05,453.0,293.0,0.00023341939,0.0002589123,0
1.0,232.0,212.0,0.40250263,0.19042088,0.4363724,-1.2852451,0.5658443,2.0,1.0,1.0,20.0,32.0,0.00028087525,0.00014002324,326.0,212.0,0.00082077965,0.0008982117,0
5.0,260.0,53.0,0.146798,0.037605464,0.19392128,-0.930215,0.86042905,1.0,1.0,1.0,2.0,4.0,0.0010168562,0.00022694784,1300.0,265.0,0.0001446364,0.00070953707,0
5.0,205.0,42.0,-3.2602427e-06,1.436129e-10,1.198386e-05,-1.3104365,-0.028123474,1.0,1.0,1.0,7.0,13.0,3.5043717e-12,8.1191624e-13,1025.0,210.0,7.0055073e-13,3.4193549e-12,0
1.0,201.0,203.0,8.9976334e-07,4.8358495e-10,2.1990565e-05,-1.5038102,0.006758003,1.0,1.0,1.0,42.0,47.0,1.3511838e-12,2.5661053e-12,259.0,203.0,2.4058954e-12,2.3821919e-12,0
5.0,70.0,15.0,-7.5438334e-07,2.9627747e-10,1.7212713e-05,-1.2984176,-0.26152316,1.0,1.0,2.0,1.0,1.0,5.1553584e-11,6.150724e-12,350.0,75.0,4.2325353e-12,1.9751832e-11,0
5.0,195.0,40.0,0.06638054,0.00713566,0.084472835,-0.72708935,0.89282554,2.0,1.0,1.0,2.0,3.0,0.0013234768,0.0024586173,975.0,200.0,3.6593126e-05,0.00017839149,1
1.0,183.0,176.0,0.24794139,0.073924,0.2718897,-1.276533,0.5989647,1.0,1.0,1.0,16.0,25.0,0.00016111047,7.260149e-05,233.0,176.0,0.00040395625,0.0004200227,0
1.0,160.0,161.0,-2.7352637e-06,1.1163083e-10,1.0565549e-05,-1.3630196,-0.1391029,1.0,1.0,1.0,49.0,56.0,4.630526e-13,8.9681816e-13,186.0,161.0,6.9769266e-13,6.9335916e-13,0
1.0,177.0,178.0,4.3415488e-07,2.5864152e-10,1.6082337e-05,-1.3704141,-0.098264664,1.0,1.0,1.0,51.0,57.0,5.635761e-13,6.99827e-13,243.0,178.0,1.4612515e-12,1.4530422e-12,0
5.0,190.0,39.0,0.14327385,0.029295621,0.17115964,-1.1175587,0.7593122,1.0,1.0,1.0,1.0,4.0,0.0014656825,0.0004736416,950.0,195.0,0.00015418748,0.0007511698,0
1.0,475.0,476.0,1.5714774e-06,2.2642356e-10,1.5047377e-05,-1.4850667,0.09511066,1.0,1.0,1.0,140.0,159.0,2.983708e-13,7.7616646e-13,655.0,476.0,4.7668114e-13,4.756797e-13,0
5.0,215.0,44.0,0.17653425,0.040525872,0.2013104,-1.3523028,0.57558674,1.0,1.0,1.0,1.0,6.0,0.001367717,0.0003955916,1075.0,220.0,0.00018849243,0.0009210426,0
5.0,100.0,21.0,0.11455336,0.018895654,0.13746147,-1.0553209,0.74729687,1.0,1.0,1.0,1.0,5.0,0.002633464,0.0007222145,500.0,105.0,0.00018895653,0.00089979306,0
1.0,205.0,189.0,0.06502502,0.0017343648,0.041645706,-1.1453538,-0.7440927,6.0,2.0,2.0,26.0,33.0,4.591552e-05,0.000107313754,281.0,189.0,8.460316e-06,9.176533e-06,1
5.0,420.0,85.0,0.32655135,0.13128242,0.36232916,-1.3275533,0.55358547,1.0,1.0,1.0,1.0,11.0,0.0010620364,0.0001286476,2100.0,425.0,0.00031257718,0.001544499,0
1.0,183.0,185.0,3.0613708e-06,3.7793868e-10,1.9440646e-05,-1.31503,0.07874311,3.0,2.0,2.0,2.0,15.0,1.6100465e-11,3.2975456e-11,249.0,185.0,2.0652386e-12,2.0429118e-12,1
5.0,240.0,49.0,-2.1687474e-06,3.16649e-10,1.7794635e-05,-1.4684489,0.013894558,1.0,1.0,1.0,9.0,15.0,5.5313284e-12,9.124911e-13,1200.0,245.0,1.3193709e-12,6.462225e-12,0
5.0,292.0,59.0,0.34140366,0.21777453,0.46666318,-0.1655151,1.1706983,1.0,1.0,1.0,1.0,10.0,0.005913931,0.0011156297,1474.0,295.0,0.0007458032,0.0036910935,0
1.0,183.0,185.0,2.6719467e-06,4.927734e-10,2.21985e-05,-1.4689596,-0.056183677,1.0,1.0,1.0,58.0,67.0,8.9813833e-13,1.0637561e-12,253.0,185.0,2.6927505e-12,2.6636397e-12,0
5.0,80.0,17.0,0.084021166,0.006161467,0.07849501,-1.0419196,0.5640935,1.0,1.0,1.0,1.0,1.0,0.0011227869,0.0004320153,400.0,85.0,7.701834e-05,0.00036243923,0
1.0,172.0,174.0,-2.9337343e-06,7.5721174e-10,2.751748e-05,-1.3765037,-0.052563153,2.0,1.0,1.0,1.0,1.0,3.640618e-11,1.0536611e-10,238.0,174.0,4.402394e-12,4.351792e-12,1
5.0,255.0,52.0,0.22537014,0.112922065,0.33603877,-0.29076317,1.1531547,1.0,1.0,1.0,1.0,4.0,0.0037743882,0.0003383793,1275.0,260.0,0.0004428316,0.0021715781,0
1.0,320.0,294.0,0.21836546,0.030815838,0.1755444,-1.5014639,-0.01799408,2.0,2.0,2.0,20.0,35.0,9.4108225e-05,0.00012064776,446.0,294.0,9.629949e-05,0.00010481577,1
1.0,321.0,322.0,-4.9947175e-07,4.6152765e-10,2.1483194e-05,-1.3998137,0.048630614,1.0,1.0,1.0,97.0,113.0,4.0911133e-13,6.2098254e-13,321.0,322.0,1.4377808e-12,1.4333157e-12,0
1.0,181.0,183.0,-5.823236e-06,6.968868e-10,2.6398615e-05,-1.2832912,-0.29061082,1.0,1.0,1.0,1.0,1.0,7.4723465e-12,1.3552977e-11,241.0,183.0,3.8502036e-12,3.808125e-12,1
1.0,625.0,626.0,-5.433854e-06,1.6341069e-10,1.2783219e-05,-1.0867172,-0.3743686,4.0,4.0,3.0,4.0,8.0,6.185094e-12,1.5943576e-11,841.0,626.0,2.6145712e-13,2.6103945e-13,1
1.0,172.0,173.0,0.064033344,0.00278202,0.052744858,-1.4087379,-0.007519164,5.0,2.0,1.0,24.0,27.0,3.9038623e-05,8.809884e-05,172.0,173.0,1.6174534e-05,1.608104e-05,1
1.0,163.0,164.0,-3.3772071e-06,1.2333576e-10,1.1105663e-05,-1.4473567,-0.0146940285,1.0,1.0,1.0,45.0,55.0,4.3075144e-13,7.3411465e-13,189.0,164.0,7.566611e-13,7.5204735e-13,0
5.0,215.0,44.0,0.103125796,0.022835137,0.15111299,-0.48339346,1.1141461,2.0,1.0,1.0,2.0,4.0,0.0018871529,0.0019669603,1075.0,220.0,0.00010620994,0.0005189804,1
5.0,240.0,49.0,-2.6515363e-06,5.7259397e-10,2.3928935e-05,-1.4406949,0.12055086,1.0,1.0,1.0,3.0,16.0,9.745931e-12,9.062373e-13,1200.0,245.0,2.3858081e-12,1.1685591e-11,0
5.0,285.0,58.0,-1.9436177e-06,4.167693e-10,2.041493e-05,-1.4636676,-0.050581194,1.0,1.0,1.0,5.0,16.0,5.195671e-12,5.003933e-13,1425.0,290.0,1.4623485e-12,7.1856783e-12,0
5.0,80.0,17.0,-1.3772794e-06,5.3634225e-10,2.3159064e-05,-1.5350606,0.036780458,1.0,1.0,2.0,1.0,1.0,7.780636e-11,1.2393199e-11,400.0,85.0,6.704278e-12,3.1549544e-11,0
1.0,447.0,448.0,-1.2203454e-06,9.7087546e-11,9.853301e-06,-1.507725,-0.1049345,2.0,2.0,2.0,4.0,29.0,8.944096e-13,1.8905678e-12,447.0,448.0,2.171981e-13,2.1671328e-13,1
5.0,430.0,63.0,-1.2289275e-05,3.164941e-10,1.779028e-05,-0.8347043,0.56455076,1.0,1.0,1.0,1.0,1.0,8.045181e-12,9.378546e-12,17150.0,315.0,7.3603276e-13,5.023716e-12,1
5.0,100.0,21.0,1.8485764e-06,6.929008e-10,2.6323009e-05,-1.4691455,-0.049821112,1.0,1.0,2.0,1.0,3.0,6.45964e-11,5.4224776e-12,500.0,105.0,6.929008e-12,3.2995277e-11,0
5.0,100.0,21.0,1.1313047e-05,5.070828e-10,2.25185e-05,-1.3804593,-0.040049836,1.0,1.0,2.0,2.0,4.0,5.38293e-11,1.1648619e-11,500.0,105.0,5.0708283e-12,2.4146803e-11,0
5.0,230.0,47.0,-1.4747701e-06,6.853217e-10,2.617865e-05,-1.2749077,-0.1312894,1.0,1.0,1.0,2.0,15.0,1.1679595e-11,8.2650103e-13,1150.0,235.0,2.9796595e-12,1.4581312e-11,0
5.0,80.0,17.0,1.3336441e-06,4.284466e-10,2.0698952e-05,-0.9799546,-0.43330598,1.0,1.0,2.0,1.0,3.0,4.9306642e-11,6.4575515e-12,400.0,85.0,5.3555827e-12,2.5202741e-11,0
1.0,175.0,176.0,6.039061e-06,5.075166e-10,2.252813e-05,-1.3201792,-0.147241,1.0,1.0,1.0,52.0,59.0,9.041118e-13,8.668689e-13,243.0,176.0,2.9000947e-12,2.883617e-12,0
5.0,400.0,81.0,-7.543322e-06,6.9345696e-10,2.6333571e-05,-1.4654708,0.08264589,1.0,1.0,1.0,15.0,26.0,4.367555e-12,8.348995e-13,2000.0,405.0,1.7336423e-12,8.561197e-12,0
1.0,483.0,484.0,-4.7911817e-06,1.1780577e-10,1.0853836e-05,-1.5389125,-0.05504042,2.0,1.0,1.0,17.0,21.0,6.153991e-13,1.6034922e-12,483.0,484.0,2.439043e-13,2.4340035e-13,1
5.0,390.0,79.0,0.66177124,0.05546116,0.23550193,-1.5132279,0.064370506,1.0,1.0,1.0,10.0,26.0,0.00038942785,7.7872755e-05,1950.0,395.0,0.0001422081,0.00070204,0
5.0,105.0,22.0,-3.1818586e-06,1.7626144e-10,1.3276349e-05,-1.5204124,-0.056548785,1.0,1.0,2.0,1.0,5.0,1.576848e-11,3.264863e-12,525.0,110.0,1.6786804e-12,8.011884e-12,0
1.0,207.0,208.0,0.307212,0.11343872,0.33680665,-1.3061396,0.58613014,1.0,1.0,1.0,17.0,35.0,0.00019943895,0.00012445415,207.0,208.0,0.00054801314,0.0005453785,0
1.0,224.0,225.0,-1.7732233e-06,2.350804e-10,1.533233e-05,-0.96206367,-0.4297221,1.0,1.0,1.0,52.0,63.0,9.0396744e-13,2.0160295e-12,224.0,225.0,1.0494661e-12,1.0448017e-12,0
5.0,230.0,47.0,-4.5837783e-06,5.1517796e-10,2.2697532e-05,-1.2924397,-0.026453007,2.0,1.0,1.0,1.0,1.0,4.3461595e-11,7.310032e-11,1150.0,235.0,2.2399042e-12,1.0961234e-11,1
5.0,245.0,50.0,6.641711e-06,7.1626965e-10,2.6763215e-05,-0.7804901,-0.5870696,1.0,1.0,1.0,6.0,18.0,9.2404305e-12,1.6181949e-12,1225.0,250.0,2.9235496e-12,1.4325393e-11,0
1.0,165.0,166.0,-7.583312e-06,4.3068743e-10,2.075301e-05,-1.4463012,0.020199036,2.0,1.0,1.0,9.0,26.0,4.2100507e-12,9.279822e-12,165.0,166.0,2.6102267e-12,2.5945025e-12,1
5.0,525.0,106.0,-5.220211e-06,5.5309146e-10,2.3517896e-05,-1.3949687,0.1828493,1.0,1.0,1.0,19.0,33.0,2.1971858e-12,7.4044026e-13,2625.0,530.0,1.0535075e-12,5.217844e-12,0
5.0,85.0,18.0,1.6517027e-06,5.541116e-10,2.3539575e-05,-1.4810976,-0.11267912,1.0,1.0,2.0,1.0,2.0,7.0869845e-11,7.92911e-12,425.0,90.0,6.51896e-12,3.0783976e-11,0
1.0,253.0,255.0,-3.4845311e-06,1.7525813e-10,1.3238509e-05,-0.5598356,-0.98464507,1.0,1.0,1.0,80.0,86.0,2.999841e-13,7.7264665e-13,351.0,255.0,6.9271986e-13,6.8728676e-13,0
5.0,480.0,97.0,0.47334325,0.18091634,0.42534262,-1.2408826,0.49483827,1.0,1.0,1.0,10.0,26.0,0.0010061541,0.00012249465,2400.0,485.0,0.00037690904,0.0018651169,0
5.0,216.0,44.0,-7.125041e-07,3.7573755e-10,1.9383951e-05,-1.3113773,-0.12793131,1.0,1.0,1.0,5.0,15.0,7.869666e-12,1.4582487e-12,1086.0,220.0,1.7395257e-12,8.53949e-12,0
5.0,470.0,95.0,0.38879004,0.1593978,0.39924654,-1.3639258,0.4726851,1.0,1.0,1.0,9.0,13.0,0.0009592072,0.00021203865,2350.0,475.0,0.00033914426,0.0016778716,0
1.0,292.0,284.0,0.22808489,0.06702466,0.25889122,-1.2222868,0.65453756,1.0,1.0,1.0,31.0,37.0,7.854966e-05,7.771801e-05,352.0,284.0,0.00022953653,0.00023600234,0
1.0,217.0,203.0,0.08961465,0.010877278,0.10429419,-1.0866592,0.71884966,4.0,1.0,1.0,22.0,32.0,8.252791e-05,0.00018462985,287.0,203.0,5.01257e-05,5.3582648e-05,1
5.0,590.0,119.0,-7.106141e-06,2.8767377e-10,1.6960948e-05,-1.2570561,-0.10578205,1.0,1.0,1.0,34.0,42.0,9.900081e-13,7.0141836e-13,2950.0,595.0,4.875827e-13,2.4174267e-12,0
5.0,205.0,42.0,-1.17969e-05,5.7180927e-10,2.3912533e-05,2.4103196,0.80511785,2.0,2.0,1.0,2.0,4.0,4.3098225e-10,1.2865259e-09,1025.0,210.0,2.7893135e-12,1.3614506e-11,1
1.0,241.0,242.0,0.28515735,0.16515967,0.40639842,-0.48160222,1.0681485,1.0,1.0,1.0,18.0,25.0,0.00031182828,0.00020430112,241.0,242.0,0.0006853099,0.000682478,0
1.0,190.0,191.0,3.632033e-06,3.9690257e-10,1.9922414e-05,-1.2363886,-0.21326219,2.0,1.0,1.0,16.0,29.0,4.2649994e-12,8.612306e-12,190.0,191.0,2.0889607e-12,2.078024e-12,1
1.0,227.0,228.0,4.378147e-07,4.4245044e-10,2.1034506e-05,-1.2004588,-0.087847374,2.0,2.0,2.0,1.0,2.0,9.609514e-12,1.8622248e-11,227.0,228.0,1.949121e-12,1.940572e-12,1
1.0,230.0,217.0,0.4191514,0.19487956,0.44145167,-1.3090545,0.5374987,2.0,1.0,1.0,19.0,29.0,0.0002863978,0.00019943422,306.0,217.0,0.0008473025,0.00089806254,0
1.0,170.0,172.0,3.1825768e-06,2.672651e-10,1.6348244e-05,-1.025805,-0.42356977,1.0,1.0,1.0,52.0,60.0,5.422248e-13,7.7842333e-13,234.0,172.0,1.5721476e-12,1.5538668e-12,0
1.0,193.0,194.0,-2.1673943e-06,4.338586e-10,2.0829273e-05,-1.0043175,0.22718313,2.0,2.0,2.0,1.0,3.0,2.9246394e-11,7.82051e-11,257.0,194.0,2.247972e-12,2.2363845e-12,1
1.0,201.0,202.0,-3.5120797e-06,9.605579e-10,3.099287e-05,-1.4924345,0.002623189,1.0,1.0,1.0,56.0,69.0,1.1835697e-12,7.259779e-13,281.0,202.0,4.778895e-12,4.755237e-12,0
5.0,465.0,94.0,0.19043,0.110728666,0.33275917,0.7641674,1.5326076,1.0,1.0,1.0,2.0,8.0,0.0017250158,0.0002156387,2325.0,470.0,0.00023812616,0.0011779645,0
5.0,195.0,40.0,1.2996888e-05,8.9481866e-11,9.459486e-06,-0.64978445,-0.594836,1.0,1.0,1.0,9.0,15.0,1.9722414e-12,7.1713235e-13,975.0,200.0,4.5888136e-13,2.2370467e-12,0
5.0,420.0,85.0,0.5966632,0.10696037,0.32704797,-1.4554809,0.08692967,1.0,1.0,1.0,9.0,27.0,0.00062917935,8.7852124e-05,2100.0,425.0,0.00025466754,0.0012583573,0
1.0,310.0,311.0,-1.2947457e-05,1.04214984e-10,1.0208574e-05,-1.1753027,-0.29101852,1.0,1.0,1.0,88.0,100.0,2.1518449e-13,4.9396256e-13,310.0,311.0,3.3617738e-13,3.3509643e-13,0
1.0,497.0,498.0,6.8773925e-06,2.4211308e-10,1.5559983e-05,-1.4722646,0.09883757,2.0,2.0,2.0,1.0,3.0,2.1505454e-12,3.9455986e-12,597.0,498.0,4.8714906e-13,4.8617084e-13,1
5.0,80.0,17.0,2.2745583e-06,6.071326e-10,2.4640061e-05,-1.4366844,-0.08398574,1.0,1.0,2.0,1.0,3.0,8.7362985e-11,9.5170755e-12,400.0,85.0,7.589158e-12,3.5713682e-11,0
1.0,362.0,363.0,8.817695e-06,1.2769774e-10,1.13003425e-05,-1.3594811,-0.087935306,1.0,1.0,1.0,109.0,118.0,2.141494e-13,5.36114e-13,456.0,363.0,3.5275618e-13,3.517844e-13,0
5.0,266.0,54.0,1.2352353e-06,2.2306566e-10,1.4935383e-05,-1.3529593,-0.059405446,1.0,1.0,1.0,10.0,18.0,3.2278713e-12,7.2727295e-13,1336.0,270.0,8.3859276e-13,4.130846e-12,0
5.0,401.0,81.0,-1.8879913e-05,2.901333e-10,1.70333e-05,-1.2821003,-0.20980056,3.0,1.0,1.0,19.0,20.0,7.961136e-12,1.961395e-11,2011.0,405.0,7.235245e-13,3.5818928e-12,1
5.0,80.0,17.0,2.6858725e-06,3.7401668e-10,1.933951e-05,-1.4521921,-0.21071126,2.0,1.0,3.0,1.0,1.0,2.905624e-10,6.256942e-10,400.0,85.0,4.675208e-12,2.2000981e-11,1
5.0,241.0,49.0,-8.209797e-07,1.7644679e-10,1.32833275e-05,-1.4248098,-0.07182235,1.0,1.0,1.0,7.0,16.0,3.2159848e-12,1.0387607e-12,1211.0,245.0,7.321443e-13,3.6009548e-12,0
1.0,211.0,196.0,0.36320293,0.15089798,0.3884559,-1.3508242,0.52740276,1.0,1.0,1.0,13.0,29.0,0.00022626262,5.8492835e-05,291.0,196.0,0.0007151563,0.0007698877,0
5.0,40.0,9.0,0.92677265,0.018407188,0.13567309,-1.0715811,-0.16026106,1.0,1.0,1.0,1.0,0.0,0.008886064,0.0030534335,200.0,45.0,0.00046017973,0.0020452433,0
5.0,235.0,48.0,0.27979586,0.10694219,0.32702017,-1.2066493,0.6607168,1.0,1.0,1.0,3.0,6.0,0.0028222592,0.0004896165,1175.0,240.0,0.00045507314,0.0022279622,0
5.0,95.0,12.0,-6.1861824e-06,3.408997e-10,1.8463468e-05,-1.2547785,0.447003,1.0,1.0,1.0,1.0,1.0,1.8566244e-10,3.1322434e-10,2275.0,60.0,3.5884178e-12,2.8408307e-11,1
5.0,237.0,48.0,2.5431277e-06,1.7941683e-10,1.3394657e-05,-1.444577,-0.0030486588,1.0,1.0,1.0,4.0,15.0,3.3758278e-12,4.5360148e-13,1199.0,240.0,7.5703305e-13,3.7378507e-12,0
5.0,310.0,63.0,3.6311094e-06,5.816883e-10,2.4118215e-05,-1.4067721,0.034169804,1.0,1.0,1.0,10.0,20.0,6.4116702e-12,1.2199769e-12,1550.0,315.0,1.876414e-12,9.233147e-12,0
5.0,110.0,23.0,-1.03879955e-07,4.203744e-10,2.0503034e-05,-1.5397767,0.079767145,1.0,1.0,2.0,1.0,3.0,3.3112586e-11,3.268572e-12,550.0,115.0,3.8215854e-12,1.8277149e-11,0
1.0,309.0,310.0,7.711808e-06,5.8524713e-10,2.419188e-05,-1.4881939,-0.07321296,1.0,1.0,1.0,86.0,103.0,5.208497e-13,7.327327e-13,309.0,310.0,1.8940036e-12,1.887894e-12,0
1.0,295.0,297.0,4.560616e-06,1.6048894e-10,1.2668423e-05,-0.7536699,-0.8443159,2.0,1.0,1.0,1.0,4.0,3.4215493e-12,7.0418506e-12,407.0,297.0,5.440303e-13,5.403668e-13,1
5.0,345.0,70.0,1.1100248e-05,8.4628665e-10,2.9091007e-05,-0.65539616,-0.7469892,3.0,1.0,1.0,3.0,3.0,9.1273974e-11,2.3229013e-10,1725.0,350.0,2.4530048e-12,1.2089809e-11,1
1.0,238.0,239.0,8.207476e-06,6.720665e-10,2.5924246e-05,-1.4771013,-0.044237614,1.0,1.0,1.0,66.0,76.0,8.3375716e-13,1.0014874e-12,238.0,239.0,2.823809e-12,2.8119937e-12,0
5.0,230.0,47.0,-2.6013006e-06,7.526838e-10,2.7435084e-05,-1.4943382,0.06777134,1.0,1.0,1.0,4.0,14.0,1.4232175e-11,1.6471164e-12,1150.0,235.0,3.2725383e-12,1.6014549e-11,0
1.0,371.0,343.0,0.16646156,0.046335667,0.21525721,-0.8874647,0.8823878,2.0,1.0,1.0,28.0,52.0,7.15377e-05,8.928072e-05,487.0,343.0,0.00012489398,0.0001350894,0
1.0,516.0,503.0,0.015177823,0.00026747293,0.0163546,-1.4206048,0.4814792,16.0,1.0,1.0,79.0,97.0,2.8673235e-06,8.4799e-06,544.0,503.0,5.183584e-07,5.3175535e-07,0
1.0,173.0,174.0,4.111676e-06,5.427776e-10,2.3297589e-05,-1.4703083,-0.033893097,1.0,1.0,1.0,48.0,58.0,9.972381e-13,8.619118e-13,239.0,174.0,3.137443e-12,3.1194116e-12,0
1.0,183.0,185.0,-1.7774205e-06,2.801069e-10,1.6736396e-05,-1.4983243,0.013380408,1.0,1.0,1.0,56.0,60.0,5.54674e-13,6.3372777e-13,245.0,185.0,1.5306389e-12,1.5140915e-12,0
5.0,220.0,45.0,0.039299283,0.0033216053,0.05763337,-0.6080814,1.0383388,1.0,1.0,1.0,2.0,5.0,0.0002066737,0.00018107373,1100.0,225.0,1.5098205e-05,7.381345e-05,0
5.0,75.0,16.0,-1.4423518e-06,3.6400025e-10,1.907879e-05,-0.9781915,-0.41594827,1.0,1.0,2.0,1.0,3.0,4.834571e-11,8.602294e-12,375.0,80.0,4.853337e-12,2.2750015e-11,0
5.0,100.0,21.0,1.2031912e-05,5.971625e-10,2.4436908e-05,-1.3359567,-0.045835327,1.0,1.0,2.0,2.0,5.0,6.2277336e-11,1.2470882e-11,500.0,105.0,5.9716247e-12,2.8436309e-11,0
1.0,201.0,202.0,-8.968957e-06,4.0564901e-10,2.0140731e-05,-1.3019902,-0.18113609,1.0,1.0,1.0,12.0,13.0,6.703093e-12,1.3079135e-11,201.0,202.0,2.0181543e-12,2.0081634e-12,1
5.0,190.0,39.0,0.24044678,0.05990484,0.24475464,-1.3219945,0.5127751,1.0,1.0,1.0,1.0,5.0,0.00209241,0.00021040987,950.0,195.0,0.00031528863,0.0015360215,0
5.0,240.0,49.0,4.1228177e-06,4.3323664e-10,2.0814337e-05,-1.5037047,0.11471078,1.0,1.0,1.0,9.0,15.0,7.683047e-12,1.2916266e-12,1200.0,245.0,1.8051526e-12,8.841564e-12,0
5.0,205.0,42.0,0.29398552,0.07792157,0.27914435,-1.4115794,0.36554003,2.0,1.0,1.0,2.0,2.0,0.0040253736,0.0058731134,1025.0,210.0,0.00038010522,0.0018552755,1
5.0,190.0,39.0,4.4834871e-07,2.6284916e-10,1.6212623e-05,-1.4387249,0.08519187,1.0,1.0,1.0,4.0,12.0,7.3348185e-12,1.3521104e-12,950.0,195.0,1.3834166e-12,6.739722e-12,0
5.0,100.0,21.0,0.07622999,0.0075357547,0.086808726,-1.0824928,0.7013831,1.0,1.0,1.0,2.0,4.0,0.0010471811,0.00042444313,500.0,105.0,7.5357544e-05,0.00035884546,0
5.0,176.0,36.0,-2.9639382e-06,1.6090757e-10,1.26849345e-05,-1.4076809,0.019495338,1.0,1.0,1.0,5.0,10.0,5.3233507e-12,1.0839347e-12,886.0,180.0,9.142475e-13,4.4696547e-12,0
5.0,240.0,49.0,-6.47921e-07,3.0235894e-10,1.7388471e-05,-1.4562763,0.0739224,1.0,1.0,1.0,7.0,18.0,5.269027e-12,8.139696e-13,1200.0,245.0,1.2598289e-12,6.170591e-12,0
5.0,220.0,45.0,-2.2616643e-06,5.559838e-10,2.3579309e-05,-1.4810538,0.01336646,1.0,1.0,1.0,5.0,15.0,1.15478105e-11,1.563578e-12,1100.0,225.0,2.5271992e-12,1.2355196e-11,0
5.0,235.0,48.0,5.0352986e-07,5.435566e-10,2.33143e-05,-1.364504,-0.06106038,1.0,1.0,1.0,7.0,16.0,9.215019e-12,1.4923375e-12,1175.0,240.0,2.3130068e-12,1.1324095e-11,0
1.0,478.0,479.0,2.3663755e-07,1.5065428e-10,1.227413e-05,-1.2284864,-0.2247974,2.0,2.0,2.0,1.0,10.0,1.9894269e-12,4.212032e-12,626.0,479.0,3.1517632e-13,3.1451832e-13,1
1.0,407.0,379.0,0.22680742,0.07584211,0.27539447,-1.0329597,0.79276943,2.0,1.0,1.0,15.0,40.0,7.063589e-05,8.7745e-05,563.0,379.0,0.00018634426,0.00020011113,0
1.0,203.0,204.0,-1.3457357e-06,8.166643e-10,2.8577339e-05,-1.4935575,-0.0157327,1.0,1.0,1.0,44.0,57.0,2.2871841e-12,3.997935e-12,203.0,204.0,4.022977e-12,4.0032565e-12,0
1.0,161.0,162.0,6.5106185e-08,6.6593515e-11,8.160485e-06,-0.88482714,-0.34538114,1.0,1.0,1.0,3.0,1.0,2.4695263e-12,4.9910328e-12,161.0,162.0,4.1362432e-13,4.110711e-13,1
5.0,185.0,38.0,0.17794314,0.043092504,0.20758733,-1.157769,0.667024,2.0,1.0,1.0,2.0,2.0,0.004852527,0.010029391,925.0,190.0,0.00023293245,0.0011340132,1
1.0,260.0,261.0,4.1862645e-06,7.2431583e-10,2.6913116e-05,-1.3527523,-0.071581155,1.0,1.0,1.0,78.0,92.0,7.094151e-13,9.19187e-13,260.0,261.0,2.7858302e-12,2.7751564e-12,0
5.0,80.0,17.0,-5.3245913e-06,4.5461004e-10,2.1321586e-05,-1.5043203,0.021489399,1.0,1.0,2.0,1.0,1.0,6.530945e-11,1.1224845e-11,400.0,85.0,5.6826254e-12,2.6741767e-11,0
5.0,195.0,40.0,0.35279053,0.08487772,0.29133782,-1.4926624,0.13905606,1.0,1.0,1.0,3.0,7.0,0.0024438414,0.0004854056,975.0,200.0,0.00043527034,0.002121943,0
5.0,215.0,44.0,0.31391266,0.14029309,0.3745572,-1.1106198,0.7208742,1.0,1.0,1.0,1.0,6.0,0.004447283,0.00046749087,1075.0,220.0,0.00065252604,0.0031884795,0
1.0,180.0,181.0,-1.6592828e-06,7.816377e-10,2.7957783e-05,-1.4667386,-0.018953322,1.0,1.0,1.0,42.0,57.0,1.2555945e-12,8.5901306e-13,252.0,181.0,4.342432e-12,4.31844e-12,0
5.0,290.0,59.0,-7.9055775e-07,2.470849e-10,1.5718935e-05,-1.359449,-0.03910687,1.0,1.0,1.0,15.0,18.0,2.8530817e-12,8.716533e-13,1450.0,295.0,8.520169e-13,4.1878796e-12,0
5.0,75.0,16.0,-3.348e-07,4.5372386e-10,2.1300795e-05,-1.5346216,-0.008074666,1.0,1.0,2.0,1.0,0.0,7.3708796e-11,1.0019145e-11,375.0,80.0,6.0496517e-12,2.8357742e-11,0
1.0,270.0,271.0,-9.803892e-06,5.3089852e-11,7.2862786e-06,-1.3624122,-0.276596,1.0,1.0,1.0,2.0,2.0,2.3136259e-12,4.788166e-12,362.0,271.0,1.9662908e-13,1.9590351e-13,1
5.0,160.0,33.0,-2.9094921e-05,1.0984816e-10,1.0480847e-05,-1.5217253,0.013472223,1.0,1.0,1.0,2.0,12.0,4.2880933e-12,7.174992e-13,800.0,165.0,6.8655097e-13,3.328732e-12,0
5.0,380.0,77.0,0.21064408,0.11489829,0.3389665,0.58089894,1.4689211,1.0,1.0,1.0,2.0,12.0,0.0024051575,0.00023413207,1900.0,385.0,0.00030236391,0.0014921856,0
5.0,570.0,115.0,5.00118e-06,1.8388656e-10,1.3560478e-05,-0.905036,-0.17367756,1.0,1.0,1.0,32.0,39.0,8.3741873e-13,6.0378894e-13,2850.0,575.0,3.2260802e-13,1.5990136e-12,0
5.0,195.0,40.0,0.12184727,0.051138956,0.22613925,1.8130938,1.811626,3.0,2.0,1.0,2.0,4.0,0.041305933,0.10729092,975.0,200.0,0.00026225107,0.0012784739,1
1.0,425.0,389.0,0.014486814,0.00040841525,0.020209286,5.278898,2.093369,3.0,3.0,1.0,21.0,69.0,1.3493682e-05,1.8217183e-05,535.0,389.0,9.609771e-07,1.0499107e-06,1
5.0,300.0,61.0,0.19473213,0.08803447,0.29670602,-0.20010722,1.1916442,1.0,1.0,1.0,2.0,5.0,0.0022956918,0.00031155566,1500.0,305.0,0.00029344825,0.001443188,0
5.0,385.0,78.0,0.23364869,0.0925133,0.30416,-0.9124432,0.8593098,1.0,1.0,1.0,5.0,7.0,0.001229917,0.00056046323,1925.0,390.0,0.00024029429,0.0011860679,0
1.0,255.0,257.0,1.0584846e-05,5.279023e-10,2.2976124e-05,-1.4843934,-0.060154878,1.0,1.0,1.0,78.0,87.0,5.5471014e-13,7.035422e-13,357.0,257.0,2.0702051e-12,2.0540945e-12,0
5.0,160.0,33.0,-3.3309778e-05,6.361827e-11,7.976107e-06,-1.5395433,0.07971361,1.0,1.0,1.0,4.0,10.0,2.6672416e-12,8.075928e-13,800.0,165.0,3.976142e-13,1.9278264e-12,0
5.0,95.0,20.0,-6.598839e-07,4.9960386e-10,2.235182e-05,-1.3541421,0.12327336,1.0,1.0,2.0,1.0,5.0,5.850018e-11,9.195575e-12,475.0,100.0,5.258988e-12,2.4980193e-11,0
5.0,345.0,70.0,0.2275161,0.115046345,0.33918482,-0.18325251,1.188413,1.0,1.0,1.0,2.0,7.0,0.0022473608,0.0003376024,1725.0,350.0,0.00033346767,0.0016435193,0
5.0,215.0,44.0,7.702658e-07,4.3224294e-10,2.0790452e-05,-1.4690274,-0.016840458,1.0,1.0,1.0,7.0,14.0,9.338902e-12,1.8927672e-12,1075.0,220.0,2.0104322e-12,9.823703e-12,0
1.0,172.0,173.0,-3.6691795e-06,2.9120725e-10,1.7064796e-05,-1.3312602,-0.12796995,1.0,1.0,1.0,50.0,60.0,6.5414465e-13,8.4936566e-13,236.0,173.0,1.6930655e-12,1.683279e-12,0
1.0,435.0,437.0,3.4538543e-06,4.5463963e-10,2.1322281e-05,-1.5160925,-0.008043042,1.0,1.0,1.0,139.0,150.0,3.5624127e-13,7.9247817e-13,597.0,437.0,1.0451486e-12,1.0403653e-12,0
5.0,205.0,42.0,0.19196837,0.07062657,0.2657566,-0.80520946,0.9385078,1.0,1.0,1.0,1.0,3.0,0.0033493575,0.00087658264,1025.0,210.0,0.00034451988,0.0016815851,0
1.0,171.0,172.0,1.9884585e-06,1.995112e-10,1.4124843e-05,-1.4261824,-0.03162897,1.0,1.0,1.0,55.0,58.0,5.052833e-13,6.923282e-13,213.0,172.0,1.1667321e-12,1.1599488e-12,0
5.0,120.0,25.0,3.1137224e-06,6.558304e-10,2.5609186e-05,-1.4349033,0.03762922,1.0,1.0,1.0,1.0,6.0,4.441709e-11,6.079482e-12,600.0,125.0,5.4652532e-12,2.6233215e-11,0
5.0,525.0,106.0,-1.9524161e-06,7.5800327e-10,2.753186e-05,-1.260682,0.06326601,3.0,1.0,1.0,3.0,12.0,5.0345884e-11,7.743267e-11,2625.0,530.0,1.4438158e-12,7.1509743e-12,1
5.0,90.0,19.0,9.5491705e-06,4.786453e-10,2.1877964e-05,-0.84815425,-0.38888636,1.0,1.0,1.0,2.0,4.0,5.1992195e-11,9.54293e-12,450.0,95.0,5.318281e-12,2.5191859e-11,0
1.0,206.0,208.0,7.7580074e-07,6.3118516e-10,2.5123398e-05,-1.4288887,-0.035206646,1.0,1.0,1.0,58.0,71.0,8.404118e-13,8.2621014e-13,288.0,208.0,3.0640056e-12,3.034544e-12,0
1.0,439.0,440.0,4.777621e-06,2.367836e-10,1.5387774e-05,-1.3090297,-0.020288346,2.0,1.0,1.0,2.0,6.0,1.5779018e-12,3.3336966e-12,589.0,440.0,5.3937036e-13,5.381445e-13,1
1.0,131.0,132.0,0.0224478,0.00082458544,0.028715596,-0.90545285,0.8159362,1.0,1.0,1.0,9.0,20.0,2.9523777e-05,4.774115e-05,131.0,132.0,6.294545e-06,6.2468594e-06,1
5.0,80.0,17.0,-3.6436184e-06,7.2241835e-10,2.6877842e-05,-1.4961705,-0.00022492418,1.0,1.0,2.0,1.0,1.0,1.0423403e-10,1.5524871e-11,400.0,85.0,9.03023e-12,4.24952e-11,0
5.0,160.0,33.0,0.16728227,0.04210349,0.20519136,-1.0664892,0.7704376,1.0,1.0,1.0,1.0,7.0,0.0024957513,0.00048060858,800.0,165.0,0.00026314682,0.0012758634,0
5.0,770.0,155.0,0.35679224,0.15451658,0.39308596,-1.1685023,0.6448346,1.0,1.0,1.0,7.0,12.0,0.00044526183,0.00021210674,3850.0,775.0,0.00020067088,0.0009968812,0
5.0,60.0,13.0,0.92267746,0.0157109,0.12534313,-1.1123204,-0.26029783,1.0,1.0,1.0,1.0,2.0,0.0032171158,0.0006861656,300.0,65.0,0.00026184833,0.0012085307,0
5.0,85.0,18.0,1.6700834e-07,8.901369e-10,2.9835162e-05,-1.477238,0.0018355565,1.0,1.0,2.0,1.0,1.0,1.11382785e-10,1.4562022e-11,425.0,90.0,1.0472199e-11,4.945205e-11,0
1.0,168.0,169.0,-1.4602723e-06,6.3956135e-10,2.528955e-05,-1.4776102,-0.034505986,1.0,1.0,1.0,48.0,51.0,1.1989863e-12,1.0070894e-12,232.0,169.0,3.8069127e-12,3.784387e-12,0
5.0,205.0,42.0,0.31970304,0.105439894,0.3247151,-1.310141,0.53853136,1.0,1.0,1.0,2.0,7.0,0.0032233817,0.00040720316,1025.0,210.0,0.00051434094,0.0025104738,0
5.0,245.0,50.0,0.31141612,0.1514476,0.3891627,-0.7774551,0.93258995,1.0,1.0,1.0,1.0,10.0,0.004738259,0.00094376353,1225.0,250.0,0.0006181534,0.0030289518,0
5.0,410.0,83.0,0.62007684,0.105286576,0.32447892,-1.434496,-0.001954985,1.0,1.0,1.0,9.0,27.0,0.0006303136,7.152998e-05,2050.0,415.0,0.0002567965,0.0012685129,0
1.0,206.0,207.0,-1.5406381e-06,6.8504435e-10,2.6173353e-05,-1.4961114,0.010214111,1.0,1.0,1.0,58.0,69.0,9.286078e-13,9.107832e-13,288.0,207.0,3.3254582e-12,3.3093931e-12,0
1.0,330.0,312.0,0.18788865,0.040236574,0.20059057,-0.42038044,0.9072173,2.0,1.0,1.0,39.0,49.0,9.436123e-05,0.00013289333,438.0,312.0,0.00012192901,0.00012896338,1
5.0,115.0,24.0,4.1993558e-06,4.3212237e-10,2.0787553e-05,-1.2352277,-0.171366,1.0,1.0,1.0,1.0,6.0,2.9980837e-11,3.2209246e-12,575.0,120.0,3.757586e-12,1.80051e-11,0
1.0,204.0,206.0,7.183812e-07,3.1104888e-10,1.7636577e-05,-1.4721427,-0.015080378,2.0,1.0,1.0,34.0,41.0,2.777037e-12,7.8530914e-12,268.0,206.0,1.5247494e-12,1.509946e-12,0
5.0,75.0,16.0,-2.5555887e-06,1.8558594e-10,1.3622993e-05,-1.3035433,-0.19220614,1.0,1.0,2.0,1.0,2.0,2.961279e-11,3.689293e-12,375.0,80.0,2.4744792e-12,1.1599121e-11,0
1.0,261.0,262.0,5.8580645e-06,8.687656e-11,9.32076e-06,-1.4744493,-0.011976711,1.0,1.0,1.0,90.0,92.0,3.0903795e-13,7.5564923e-13,333.0,262.0,3.328604e-13,3.3158993e-13,0
5.0,195.0,40.0,-1.0996667e-05,1.5475375e-10,1.2440007e-05,-0.7622212,-0.6816058,1.0,1.0,1.0,10.0,15.0,2.6481883e-12,1.0330259e-12,975.0,200.0,7.93609e-13,3.868844e-12,0
1.0,456.0,457.0,2.8024056e-06,2.4158064e-10,1.5542864e-05,-1.3319764,-0.18744479,1.0,1.0,1.0,134.0,149.0,2.926866e-13,7.1689996e-13,602.0,457.0,5.2978216e-13,5.286229e-13,0
1.0,437.0,439.0,-3.9661622e-06,1.5083158e-10,1.2281351e-05,-1.3686546,-0.16675825,2.0,2.0,1.0,7.0,24.0,8.938817e-13,1.7296869e-12,591.0,439.0,3.4515237e-13,3.4357993e-13,1
5.0,140.0,29.0,-3.13751e-05,1.1465331e-10,1.07076285e-05,-1.5041766,0.013923416,1.0,1.0,1.0,3.0,7.0,5.763149e-12,9.522562e-13,700.0,145.0,8.189522e-13,3.9535623e-12,0
1.0,417.0,418.0,-4.078525e-06,1.4942342e-10,1.2223887e-05,-1.2930518,-0.13263652,1.0,1.0,1.0,135.0,139.0,2.6178224e-13,6.7822543e-13,531.0,418.0,3.5832955e-13,3.574723e-13,0
5.0,220.0,45.0,2.216764e-06,3.2673997e-10,1.8075949e-05,-1.3779579,-0.11801932,1.0,1.0,1.0,4.0,12.0,6.6861876e-12,6.6921837e-13,1100.0,225.0,1.4851817e-12,7.260888e-12,0
5.0,465.0,94.0,0.4956319,0.20535772,0.4531641,-1.234378,0.52327937,1.0,1.0,1.0,6.0,11.0,0.0013584996,0.00062852143,2325.0,470.0,0.0004416295,0.0021846564,0
1.0,618.0,619.0,6.546989e-06,3.5330655e-10,1.879645e-05,-1.1406425,-0.44125262,4.0,2.0,2.0,19.0,40.0,5.4973352e-12,1.22058535e-11,618.0,619.0,5.7169346e-13,5.707699e-13,1
1.0,185.0,186.0,2.2981444e-06,4.828665e-10,2.1974225e-05,-1.0283408,-0.3693812,1.0,1.0,1.0,54.0,64.0,7.4613303e-13,8.0414034e-13,259.0,186.0,2.6100894e-12,2.5960566e-12,0
5.0,60.0,13.0,0.9524663,0.037321117,0.19318673,0.83563584,-1.0134174,1.0,1.0,1.0,0.0,0.0,0.035049923,0.0810646,300.0,65.0,0.0006220186,0.002870855,1
1.0,306.0,307.0,7.211529e-06,4.2813963e-10,2.0691536e-05,-1.1094117,-0.212477,1.0,1.0,1.0,2.0,1.0,1.8698049e-12,3.6885135e-12,306.0,307.0,1.3991491e-12,1.3945917e-12,1
5.0,55.0,12.0,0.97146165,0.01361897,0.116700344,-1.3628536,0.024291586,1.0,1.0,1.0,1.0,1.0,0.0040214565,0.0008816313,275.0,60.0,0.00024761763,0.0011349142,0
1.0,434.0,435.0,0.055802617,0.0028689064,0.05356217,-0.23879127,0.8549693,5.0,2.0,2.0,35.0,89.0,6.182602e-06,8.7880535e-06,434.0,435.0,6.610383e-06,6.5951867e-06,1
5.0,100.0,21.0,-1.3678529e-06,2.2503016e-10,1.50010055e-05,-1.4628087,-0.057719994,1.0,1.0,2.0,1.0,7.0,2.1363711e-11,1.9051633e-12,500.0,105.0,2.2503017e-12,1.0715722e-11,0
1.0,374.0,355.0,0.21046185,0.07040616,0.2653416,-1.012992,0.80130243,1.0,1.0,1.0,24.0,41.0,6.719189e-05,7.733597e-05,458.0,355.0,0.00018825177,0.00019832722,0
1.0,175.0,176.0,0.3146202,0.08240946,0.28707048,-1.4452835,0.33952314,2.0,1.0,1.0,28.0,33.0,0.0002691842,0.00042440282,175.0,176.0,0.00047091118,0.00046823555,0
1.0,213.0,215.0,-2.539793e-06,3.7216807e-10,1.9291658e-05,-1.4953657,-0.0035560222,1.0,1.0,1.0,59.0,70.0,5.196733e-13,5.81382e-13,249.0,215.0,1.747268e-12,1.7310143e-12,0
1.0,226.0,205.0,0.33348885,0.16545786,0.4067651,-1.0915875,0.74076545,1.0,1.0,1.0,11.0,15.0,0.00028543227,0.0001114926,314.0,205.0,0.0007321144,0.0008071115,0
5.0,205.0,42.0,0.21071245,0.047600895,0.21817629,-1.514349,0.419709,1.0,1.0,1.0,1.0,7.0,0.0014599031,0.00018411974,1025.0,210.0,0.00023219948,0.0011333546,0
5.0,285.0,58.0,0.29387015,0.08989345,0.29982236,-1.4944292,0.42037135,1.0,1.0,1.0,2.0,16.0,0.0013968602,0.00015966367,1425.0,290.0,0.00031541561,0.0015498871,0
1.0,178.0,179.0,5.8926275e-06,6.3987493e-10,2.5295749e-05,-1.2093258,-0.20935465,1.0,1.0,1.0,40.0,50.0,1.6445756e-12,2.373824e-12,178.0,179.0,3.5948028e-12,3.5747202e-12,0
5.0,430.0,87.0,0.49355876,0.15913513,0.39891747,-1.4086626,0.27648008,1.0,1.0,1.0,8.0,29.0,0.00094223255,0.00013493457,2150.0,435.0,0.00037008172,0.0018291395,0
1.0,175.0,177.0,-1.0146517e-05,1.2819468e-10,1.1322309e-05,-0.89840186,-0.5545338,3.0,1.0,1.0,33.0,28.0,1.1011815e-12,2.9544047e-12,241.0,177.0,7.32541e-13,7.242637e-13,0
1.0,264.0,254.0,0.38865814,0.18186828,0.42646018,-1.2498521,0.59515834,1.0,1.0,1.0,14.0,34.0,0.00018904453,9.999819e-05,334.0,254.0,0.00068889506,0.00071601686,0
1.0,190.0,191.0,-5.031083e-06,8.014369e-10,2.8309662e-05,-1.4877414,0.043612912,1.0,1.0,1.0,31.0,38.0,2.824126e-12,4.4958373e-12,190.0,191.0,4.218089e-12,4.1960047e-12,0
1.0,176.0,177.0,3.2842001e-06,5.2571136e-10,2.2928396e-05,-1.4530863,-0.042511865,1.0,1.0,1.0,51.0,64.0,1.0281426e-12,1.0634296e-12,244.0,177.0,2.9869963e-12,2.9701207e-12,0
1.0,347.0,348.0,-3.6857818e-06,2.8574018e-10,1.6903852e-05,0.20926344,-0.32986125,2.0,2.0,2.0,1.0,2.0,2.0540132e-11,4.1487747e-11,347.0,348.0,8.2345876e-13,8.210925e-13,1
5.0,75.0,16.0,1.3809991e-05,6.359663e-10,2.521837e-05,-1.4152869,-0.10355444,1.0,1.0,2.0,1.0,4.0,1.06186115e-10,2.269088e-11,375.0,80.0,8.47955e-12,3.9747892e-11,0
1.0,329.0,311.0,0.19428965,0.028498784,0.16881582,-1.3146719,0.16789123,2.0,2.0,1.0,38.0,44.0,5.6658333e-05,7.2194045e-05,423.0,311.0,8.662244e-05,9.1635964e-05,1
5.0,100.0,21.0,0.11689278,0.009241069,0.096130475,-1.3230432,0.31444246,1.0,1.0,1.0,2.0,2.0,0.00095499266,0.00018059502,500.0,105.0,9.2410686e-05,0.00044005088,0
1.0,352.0,353.0,0.005951654,0.00017416768,0.013197261,3.1367047,2.1360548,5.0,2.0,1.0,7.0,20.0,1.03183675e-05,1.4445655e-05,352.0,353.0,4.9479456e-07,4.9339286e-07,1
5.0,95.0,20.0,-2.423467e-06,1.5826811e-10,1.2580465e-05,-1.517281,-0.049091376,1.0,1.0,2.0,1.0,6.0,1.8024268e-11,4.4888537e-12,475.0,100.0,1.6659801e-12,7.913405e-12,0
1.0,213.0,214.0,-1.1042378e-06,2.4354826e-10,1.5606032e-05,-1.0863347,-0.32154068,1.0,1.0,1.0,47.0,51.0,1.5541308e-12,3.651738e-12,213.0,214.0,1.143419e-12,1.138076e-12,0
1.0,489.0,490.0,5.887717e-06,2.1192793e-10,1.4557745e-05,-1.3518491,-0.047893785,1.0,1.0,1.0,104.0,135.0,7.9013657e-13,2.23237e-12,489.0,490.0,4.3339047e-13,4.32506e-13,0
5.0,215.0,44.0,0.2748398,0.11611521,0.34075683,-0.98016375,0.8037359,1.0,1.0,1.0,2.0,6.0,0.0040055676,0.00073555263,1075.0,220.0,0.00054007076,0.0026389821,0
1.0,173.0,163.0,-1.4131884e-06,5.2249977e-10,2.2858254e-05,-1.0647935,0.08792249,3.0,2.0,1.0,2.0,5.0,1.5544536e-11,3.014141e-11,333.0,163.0,3.0202297e-12,3.2055198e-12,1
5.0,200.0,41.0,0.27763397,0.07639197,0.27639097,-1.2152042,0.63858014,1.0,1.0,1.0,1.0,7.0,0.002683952,0.0003796597,1000.0,205.0,0.00038195986,0.0018632188,0
1.0,208.0,209.0,9.865552e-07,6.941012e-10,2.63458e-05,-1.475589,-0.031255115,1.0,1.0,1.0,50.0,61.0,2.0925473e-12,3.5713368e-12,208.0,209.0,3.337025e-12,3.3210585e-12,0
5.0,175.0,36.0,0.20487903,0.014302532,0.119593196,-1.0388213,-0.45812315,3.0,1.0,1.0,4.0,5.0,0.0011978456,0.00036054433,875.0,180.0,8.172876e-05,0.00039729255,1
5.0,425.0,86.0,0.48346528,0.17545913,0.4188784,-1.5278428,0.19374019,1.0,1.0,1.0,5.0,21.0,0.0010575166,0.00010667961,2125.0,430.0,0.00041284502,0.0020402225,0
5.0,325.0,66.0,2.217263e-06,2.2933934e-10,1.51439535e-05,-1.4937155,0.06921272,1.0,1.0,1.0,15.0,24.0,2.3722946e-12,7.453228e-13,1625.0,330.0,7.056595e-13,3.4748385e-12,0
5.0,235.0,48.0,0.3329047,0.16846676,0.41044703,-1.0493543,0.76274323,1.0,1.0,1.0,2.0,9.0,0.004835123,0.00079890894,1175.0,240.0,0.00071687985,0.0035097243,0
1.0,130.0,131.0,0.009274299,0.0002921222,0.017091582,0.3083194,1.4375843,6.0,1.0,1.0,7.0,11.0,1.41202545e-05,2.017269e-05,130.0,131.0,2.2470938e-06,2.2299405e-06,1
5.0,255.0,52.0,6.627606e-06,5.421717e-10,2.3284581e-05,-1.049081,-0.50571245,1.0,1.0,1.0,5.0,18.0,9.023744e-12,9.504459e-13,1275.0,260.0,2.1261634e-12,1.04263785e-11,0
5.0,301.0,61.0,0.39039084,0.18617599,0.43148115,-0.8875882,0.8263757,1.0,1.0,1.0,4.0,12.0,0.003379783,0.00066529907,1511.0,305.0,0.00061852485,0.0030520654,0
5.0,230.0,47.0,-6.699168e-06,2.5948896e-10,1.6108661e-05,-0.7142111,-0.6446981,1.0,1.0,1.0,9.0,17.0,3.868321e-12,1.2672433e-12,1150.0,235.0,1.1282128e-12,5.5210415e-12,0
5.0,235.0,48.0,0.3646001,0.21024008,0.45851943,-0.9331137,0.82284963,1.0,1.0,1.0,1.0,5.0,0.006005439,0.0004198898,1175.0,240.0,0.00089463865,0.0043800017,0
5.0,775.0,156.0,-1.4977944e-05,2.7684094e-10,1.6638538e-05,-1.4515913,0.17050193,1.0,1.0,1.0,40.0,48.0,6.8548016e-13,6.6284695e-13,3875.0,780.0,3.572141e-13,1.7746214e-12,0
5.0,105.0,22.0,0.1430844,0.025772147,0.16053705,-1.2213038,0.6408159,1.0,1.0,1.0,1.0,3.0,0.003005103,0.0006838521,525.0,110.0,0.00024544902,0.0011714612,0
5.0,120.0,25.0,0.017488755,0.00048646927,0.022056049,-0.3486101,1.0919404,1.0,1.0,2.0,1.0,3.0,0.00024524637,0.0004572965,600.0,125.0,4.0539107e-06,1.945877e-05,1
5.0,265.0,54.0,1.351809e-06,8.0235235e-10,2.8325825e-05,-1.4147948,0.0049969736,1.0,1.0,1.0,6.0,17.0,1.1744466e-11,1.569358e-12,1325.0,270.0,3.0277447e-12,1.4858377e-11,0
1.0,498.0,500.0,2.1439373e-06,1.02297254e-10,1.011421e-05,-1.2492261,0.25909254,2.0,2.0,2.0,1.0,12.0,1.307683e-12,2.79762e-12,588.0,500.0,2.0541617e-13,2.045945e-13,1
1.0,157.0,158.0,8.033583e-06,3.6264247e-10,1.9043173e-05,-1.0655296,-0.10049384,2.0,2.0,2.0,1.0,4.0,1.8779967e-11,3.6826025e-11,199.0,158.0,2.3098246e-12,2.2952055e-12,1
5.0,75.0,16.0,2.4095548e-06,4.80281e-10,2.1915313e-05,-1.4662933,-0.057305235,1.0,1.0,2.0,1.0,2.0,8.02952e-11,9.215175e-12,375.0,80.0,6.403746e-12,3.001756e-11,0
5.0,150.0,31.0,0.057027273,0.006531766,0.080819346,-0.7106209,0.9836163,2.0,1.0,2.0,2.0,4.0,0.0017496294,0.004053504,750.0,155.0,4.3545107e-05,0.00021070214,1
5.0,237.0,48.0,0.1572771,0.058127414,0.24109627,1.3686949,1.6609366,2.0,2.0,1.0,1.0,2.0,0.016662154,0.03287706,1199.0,240.0,0.00024526336,0.0012109878,1
5.0,105.0,22.0,-4.775112e-07,6.5190847e-10,2.5532498e-05,-1.5281006,0.03502898,1.0,1.0,2.0,1.0,3.0,5.576248e-11,5.441335e-12,525.0,110.0,6.208652e-12,2.9632203e-11,0
5.0,616.0,124.0,-9.254691e-06,2.4955274e-10,1.5797237e-05,-0.73002094,-0.69704413,2.0,2.0,1.0,1.0,1.0,4.4912143e-11,1.3518871e-10,3086.0,620.0,4.0511808e-13,2.012522e-12,1
5.0,80.0,17.0,-3.019264e-06,4.201049e-10,2.049646e-05,-1.4498748,-0.01052781,1.0,1.0,2.0,1.0,3.0,5.924283e-11,7.08678e-12,400.0,85.0,5.251311e-12,2.4712054e-11,0
1.0,306.0,289.0,0.41225204,0.18196829,0.4265774,-1.3629467,0.48464775,1.0,1.0,1.0,19.0,22.0,0.00024009141,0.00039055024,394.0,289.0,0.00059466757,0.00062964804,0
5.0,555.0,112.0,0.3101512,0.13321759,0.36498985,-1.054005,0.7232356,1.0,1.0,1.0,6.0,10.0,0.00072047126,0.0003075007,2775.0,560.0,0.00024003167,0.0011894427,0
5.0,250.0,51.0,9.016337e-06,3.828828e-10,1.9567391e-05,-1.046049,-0.3423723,1.0,1.0,1.0,5.0,7.0,9.681369e-12,9.061556e-12,1250.0,255.0,1.5315312e-12,7.507506e-12,1
1.0,219.0,216.0,0.37199378,0.16585693,0.40725535,-1.0613317,0.73398024,2.0,1.0,1.0,26.0,41.0,0.00030969115,0.000269931,239.0,216.0,0.00075733755,0.00076785614,0
1.0,601.0,601.0,9.5812e-06,6.7997696e-10,2.6076368e-05,-1.4828281,-0.0999385,2.0,1.0,1.0,6.0,35.0,6.908813e-13,1.4799819e-12,787.0,601.0,1.1314093e-12,1.1314093e-12,1
5.0,350.0,71.0,0.38701767,0.15663457,0.39577085,-1.356729,0.48058757,1.0,1.0,1.0,4.0,7.0,0.0017711298,0.0007045231,1750.0,355.0,0.00044752733,0.0022061206,0
1.0,204.0,205.0,-3.0157512e-06,2.7084854e-10,1.6457476e-05,-0.8441441,-0.6091176,1.0,1.0,1.0,44.0,53.0,1.0625273e-12,2.299555e-12,204.0,205.0,1.3276889e-12,1.3212123e-12,0
1.0,484.0,486.0,1.8665751e-06,2.6367844e-10,1.6238178e-05,-0.8110009,-0.57888305,1.0,1.0,1.0,143.0,154.0,3.0470025e-13,7.9651915e-13,658.0,486.0,5.447902e-13,5.4254827e-13,0
1.0,253.0,255.0,-2.194139e-05,1.5060515e-10,1.2272129e-05,-1.1314487,-0.6139296,1.0,1.0,1.0,81.0,84.0,2.2520794e-13,6.0144576e-13,351.0,255.0,5.952773e-13,5.9060845e-13,0
5.0,80.0,17.0,-3.4038765e-06,6.796671e-10,2.6070426e-05,-1.4921228,-0.0061855596,1.0,1.0,2.0,1.0,1.0,9.79047e-11,1.16576245e-11,400.0,85.0,8.4958394e-12,3.998042e-11,0
1.0,671.0,672.0,-1.4751074e-06,4.1548226e-10,2.0383382e-05,-1.2950516,-0.0033923457,2.0,2.0,2.0,1.0,9.0,9.651751e-13,2.0124206e-12,671.0,672.0,6.191986e-13,6.182772e-13,1
5.0,235.0,48.0,2.4644126e-07,1.1904726e-10,1.0910878e-05,-1.0621485,-0.33058447,1.0,1.0,1.0,11.0,15.0,1.9634726e-12,7.6428057e-13,1175.0,240.0,5.065841e-13,2.480151e-12,0
5.0,175.0,36.0,0.026314326,0.0015628962,0.03953348,-0.42822868,1.0806705,2.0,1.0,1.0,3.0,4.0,0.00062168704,0.0014320875,875.0,180.0,8.930835e-06,4.3413784e-05,1
5.0,75.0,16.0,1.167344e-05,5.2224336e-10,2.2852644e-05,-1.5283387,0.0047203014,1.0,1.0,2.0,1.0,4.0,8.801347e-11,2.3717393e-11,375.0,80.0,6.9632447e-12,3.264021e-11,0
5.0,385.0,78.0,0.6229471,0.0926629,0.3044058,-1.4159483,0.18690906,1.0,1.0,1.0,9.0,26.0,0.000651899,6.0800376e-05,1925.0,390.0,0.00024068286,0.0011879859,0
1.0,301.0,283.0,0.23044658,0.0853871,0.29221073,-0.79327714,0.9053025,1.0,1.0,1.0,21.0,25.0,0.000118441334,0.00010194167,405.0,283.0,0.00028367806,0.00030172121,0
5.0,125.0,26.0,2.0860878e-06,5.3465044e-10,2.312251e-05,-1.3946857,0.035674836,1.0,1.0,1.0,1.0,7.0,3.1607467e-11,3.05688e-12,625.0,130.0,4.2772036e-12,2.0563478e-11,0
5.0,100.0,21.0,1.2778189e-05,4.6700654e-10,2.1610334e-05,-0.9192507,-0.41019952,1.0,1.0,1.0,1.0,6.0,4.2689505e-11,5.663162e-12,500.0,105.0,4.670065e-12,2.2238406e-11,0
5.0,295.0,60.0,0.20002359,0.09722339,0.31180665,-0.029816853,1.2582945,1.0,1.0,1.0,1.0,5.0,0.0027140835,0.00027125864,1475.0,300.0,0.00032957082,0.0016203899,0
5.0,85.0,18.0,0.106311016,0.008074624,0.08985891,-1.4521294,0.24575923,1.0,1.0,1.0,1.0,2.0,0.0010855955,0.0001794627,425.0,90.0,9.499558e-05,0.00044859023,0
5.0,155.0,32.0,0.27236608,0.037297707,0.19312614,-1.4174887,-0.32608682,1.0,1.0,1.0,2.0,5.0,0.0010702927,0.00016313321,775.0,160.0,0.00024063035,0.0011655533,0
5.0,150.0,31.0,0.052465513,0.0051236455,0.07157964,-0.5691958,1.0055338,2.0,1.0,1.0,2.0,1.0,0.0028130172,0.007924018,750.0,155.0,3.4157634e-05,0.00016527888,1
5.0,345.0,70.0,0.22245966,0.04704615,0.21690124,-0.44156322,0.8621781,2.0,1.0,1.0,2.0,9.0,0.0011112611,0.00029944678,1725.0,350.0,0.00013636565,0.0006720879,1
1.0,194.0,195.0,-2.1828607e-06,1.2341851e-10,1.1109388e-05,-0.88808155,-0.38563251,3.0,1.0,1.0,45.0,48.0,2.4016605e-12,6.9755534e-12,246.0,195.0,6.3617785e-13,6.3291543e-13,0
5.0,225.0,46.0,1.4281717e-06,4.773415e-10,2.1848145e-05,-1.4879088,0.037786692,1.0,1.0,1.0,5.0,15.0,9.3332555e-12,7.8770665e-13,1125.0,230.0,2.1215178e-12,1.0376989e-11,0
1.0,215.0,216.0,5.072233e-06,2.4191915e-10,1.5553751e-05,-1.3008245,-0.09219638,2.0,1.0,1.0,27.0,31.0,1.1606133e-12,2.826234e-12,215.0,216.0,1.1252054e-12,1.1199961e-12,0
5.0,216.0,44.0,-6.5323543e-06,4.0458853e-10,2.0114387e-05,-1.4938313,0.03064772,1.0,1.0,1.0,3.0,12.0,8.787324e-12,1.017203e-12,1086.0,220.0,1.873095e-12,9.195194e-12,0
1.0,274.0,276.0,3.0582612e-06,1.2270444e-10,1.1077203e-05,-1.1484232,-0.23132001,2.0,2.0,1.0,4.0,19.0,1.167915e-12,2.394959e-12,354.0,276.0,4.4782643e-13,4.445813e-13,1
1.0,371.0,366.0,0.30091247,0.13356599,0.3654668,-1.0995221,0.7368106,1.0,1.0,1.0,33.0,42.0,9.828556e-05,9.391801e-05,383.0,366.0,0.00036001613,0.00036493439,0
5.0,350.0,71.0,0.32859552,0.1144101,0.33824563,-0.9517133,0.80352,1.0,1.0,1.0,2.0,15.0,0.001436579,0.000112454974,1750.0,355.0,0.00032688602,0.0016114098,0
1.0,440.0,382.0,0.012548163,0.00019215852,0.013862126,-1.3845974,0.52521807,20.0,1.0,2.0,68.0,80.0,3.5930614e-06,1.0954673e-05,598.0,382.0,4.367239e-07,5.0303277e-07,0
5.0,385.0,78.0,0.70147157,0.09679871,0.31112492,-1.3531743,0.20143642,1.0,1.0,1.0,10.0,20.0,0.0007071996,9.923275e-05,1925.0,390.0,0.00025142523,0.0012410091,0
5.0,220.0,45.0,1.7800078e-06,8.007318e-11,8.948362e-06,-1.323381,-0.07853671,1.0,1.0,1.0,7.0,13.0,1.7662397e-12,8.1421897e-13,1100.0,225.0,3.63969e-13,1.779404e-12,0
5.0,390.0,79.0,0.6067537,0.1373868,0.37065724,-1.4265771,0.22613372,2.0,1.0,1.0,9.0,12.0,0.0009971955,0.00022291791,1950.0,395.0,0.00035227384,0.0017390734,0
1.0,198.0,199.0,-1.0495237e-06,5.339948e-10,2.3108327e-05,-1.387461,-0.104188964,1.0,1.0,1.0,41.0,55.0,3.9133367e-12,9.945436e-12,202.0,199.0,2.6969434e-12,2.6833908e-12,0
1.0,308.0,283.0,0.3888291,0.16061348,0.4007661,-1.3887894,0.4700914,2.0,1.0,1.0,18.0,25.0,0.00016395187,0.00017568014,426.0,283.0,0.0005214723,0.0005675388,0
1.0,285.0,286.0,-2.2052782e-05,9.70497e-11,9.851381e-06,31.201843,4.3745604,1.0,1.0,1.0,2.0,3.0,3.5855156e-11,7.1338255e-11,285.0,286.0,3.4052527e-13,3.3933463e-13,1
1.0,453.0,454.0,0.0069024162,7.86711e-05,0.008869673,-0.77575225,0.8916004,26.0,1.0,1.0,63.0,84.0,2.2195195e-06,6.549792e-06,453.0,454.0,1.7366689e-07,1.7328436e-07,0
1.0,187.0,188.0,2.0999678e-06,1.4460616e-10,1.2025231e-05,-1.5021906,0.061947677,1.0,1.0,1.0,51.0,60.0,3.951544e-13,6.1105174e-13,187.0,188.0,7.73295e-13,7.691817e-13,0
5.0,215.0,44.0,-2.1816459e-06,6.157671e-10,2.4814655e-05,-1.4850743,-0.0072738375,1.0,1.0,1.0,5.0,14.0,1.33082425e-11,1.5375486e-12,1075.0,220.0,2.864033e-12,1.39947064e-11,0
1.0,191.0,192.0,1.7455068e-06,2.0592437e-10,1.4350065e-05,-0.67526734,-0.69108725,1.0,1.0,1.0,38.0,36.0,1.1489371e-12,2.781899e-12,239.0,192.0,1.078138e-12,1.0725227e-12,0
1.0,329.0,330.0,-9.111175e-06,3.0513037e-10,1.746798e-05,-1.4708406,-0.019527065,1.0,1.0,1.0,96.0,108.0,3.6011813e-13,7.082899e-13,329.0,330.0,9.274479e-13,9.246374e-13,0
5.0,215.0,44.0,0.25490645,0.11440387,0.33823642,-1.0007255,0.8309298,1.0,1.0,1.0,1.0,3.0,0.0048000333,0.0015800153,1075.0,220.0,0.00053211104,0.002600088,0
5.0,375.0,76.0,0.71311736,0.083722845,0.289349,-1.4191021,0.136441,1.0,1.0,1.0,12.0,26.0,0.0006382608,0.000117522985,1875.0,380.0,0.00022326093,0.0011016164,0
5.0,70.0,15.0,-2.871992e-06,2.4747485e-10,1.5731333e-05,-1.4843658,-0.09768977,1.0,1.0,2.0,1.0,2.0,4.6123032e-11,8.2130925e-12,350.0,75.0,3.535355e-12,1.6498322e-11,0
1.0,394.0,369.0,0.2036829,0.12288518,0.35054982,0.47583687,1.4473675,1.0,1.0,1.0,14.0,24.0,0.00014732382,9.354969e-05,472.0,369.0,0.00031189132,0.00033302218,0
5.0,490.0,99.0,0.44715708,0.17477204,0.41805744,-1.4468933,0.32674077,1.0,1.0,1.0,8.0,23.0,0.0008263695,6.136695e-05,2450.0,495.0,0.00035667763,0.0017653741,0
5.0,290.0,59.0,0.2326079,0.07945776,0.28188252,-0.22162403,1.1594152,1.0,1.0,1.0,3.0,9.0,0.002103632,0.00034629361,1450.0,295.0,0.00027399228,0.0013467417,0
5.0,75.0,16.0,-1.0048102e-06,5.104559e-10,2.259327e-05,-1.4991848,-0.055433214,1.0,1.0,2.0,1.0,2.0,8.4045285e-11,1.1566458e-11,375.0,80.0,6.8060787e-12,3.1903494e-11,0
5.0,430.0,87.0,0.66694784,0.10131513,0.31830037,-1.3765014,0.16785863,1.0,1.0,1.0,18.0,31.0,0.00060381525,0.0001427084,2150.0,435.0,0.0002356166,0.0011645417,0
1.0,650.0,651.0,-8.782e-06,2.3558022e-10,1.5348623e-05,-0.9700193,-0.3413721,2.0,2.0,2.0,1.0,4.0,1.5959187e-12,3.3822437e-12,870.0,651.0,3.6243111e-13,3.6187438e-13,1
1.0,180.0,181.0,6.0703733e-06,7.8557005e-10,2.8028022e-05,-1.5064694,-0.03111833,1.0,1.0,1.0,43.0,56.0,1.1905764e-12,7.105955e-13,252.0,181.0,4.364278e-12,4.340166e-12,0
1.0,191.0,193.0,-4.559284e-06,8.9318386e-11,9.4508405e-06,-1.0864755,-0.08021382,1.0,1.0,1.0,20.0,23.0,8.505806e-13,1.7097044e-12,229.0,193.0,4.6763553e-13,4.627896e-13,1
1.0,231.0,232.0,6.452191e-06,5.6873745e-10,2.3848217e-05,-1.4683521,-0.036289275,1.0,1.0,1.0,5.0,12.0,1.7728344e-12,3.0315993e-12,231.0,232.0,2.462067e-12,2.4514546e-12,1
5.0,80.0,17.0,4.975159e-07,3.6888614e-10,1.9206409e-05,-1.513295,0.0070940442,1.0,1.0,2.0,1.0,2.0,5.3613097e-11,7.0282447e-12,400.0,85.0,4.6110767e-12,2.1699184e-11,0
5.0,245.0,50.0,7.0641986e-06,5.1633203e-10,2.2722941e-05,-1.4669162,-0.04070357,1.0,1.0,1.0,8.0,19.0,8.771318e-12,1.4182804e-12,1225.0,250.0,2.1074776e-12,1.0326641e-11,0
5.0,290.0,49.0,0.2065822,0.060057383,0.24506608,0.8904942,1.3900337,2.0,1.0,1.0,1.0,2.0,0.019529292,0.062029947,4200.0,245.0,0.00020709443,0.0012256609,1
5.0,165.0,34.0,0.19885688,0.048758913,0.22081421,-1.3265814,0.574202,1.0,1.0,1.0,1.0,6.0,0.0024254415,0.00034149803,825.0,170.0,0.00029550857,0.0014340857,0
5.0,620.0,125.0,2.5255279e-06,3.155703e-10,1.7764298e-05,-1.1119505,-0.33725446,1.0,1.0,1.0,32.0,39.0,9.524894e-13,9.0573886e-13,3100.0,625.0,5.0898435e-13,2.5245624e-12,0
5.0,220.0,45.0,3.8071682e-06,9.405849e-10,3.0668958e-05,-1.4757024,-0.03261509,1.0,1.0,1.0,6.0,14.0,1.913195e-11,2.0119193e-12,1100.0,225.0,4.275386e-12,2.0901888e-11,0
5.0,591.0,119.0,4.045803e-06,1.4561931e-10,1.2067282e-05,-1.4239187,-0.10422248,2.0,1.0,1.0,5.0,19.0,2.0437072e-12,3.4186332e-12,2961.0,595.0,2.4639476e-13,1.2236916e-12,1
1.0,268.0,269.0,-1.8914122e-06,1.7406221e-10,1.3193264e-05,-1.3812053,0.12499758,2.0,2.0,2.0,1.0,4.0,2.7917013e-12,5.903582e-12,360.0,269.0,6.4948584e-13,6.470714e-13,1
5.0,240.0,49.0,0.1598501,0.040101796,0.20025434,-1.1244708,0.74605244,1.0,1.0,1.0,2.0,5.0,0.00128516,0.0006730174,1200.0,245.0,0.00016709082,0.000818404,0
5.0,185.0,38.0,2.1753783e-06,3.8116907e-10,1.9523552e-05,-0.9660563,-0.35013983,1.0,1.0,1.0,4.0,12.0,1.0124947e-11,1.3404853e-12,925.0,190.0,2.0603734e-12,1.0030765e-11,0
5.0,80.0,17.0,-4.4195017e-06,6.414088e-10,2.532605e-05,-1.5010867,-0.0018838214,1.0,1.0,2.0,1.0,1.0,9.184036e-11,1.1812667e-11,400.0,85.0,8.01761e-12,3.772993e-11,0
1.0,162.0,163.0,-4.1057247e-06,9.30549e-11,9.646496e-06,-1.4643085,-0.025162626,1.0,1.0,1.0,48.0,55.0,3.9829595e-13,6.973088e-13,162.0,163.0,5.744129e-13,5.7088893e-13,0
5.0,95.0,20.0,0.06924499,0.00691672,0.08316682,-1.0885509,0.7337334,1.0,1.0,1.0,1.0,3.0,0.001073827,0.00032497957,475.0,100.0,7.280758e-05,0.00034583602,0
1.0,385.0,386.0,8.873187e-06,2.5711402e-10,1.6034775e-05,-1.358049,-0.043619774,1.0,1.0,1.0,106.0,120.0,2.65286e-13,5.4566383e-13,385.0,386.0,6.6782864e-13,6.660985e-13,0
5.0,75.0,16.0,4.0059217e-06,2.7516375e-10,1.6588061e-05,-1.4095105,-0.07150836,1.0,1.0,2.0,2.0,5.0,4.3726817e-11,8.049643e-12,375.0,80.0,3.66885e-12,1.7197735e-11,0
5.0,75.0,16.0,-1.5877667e-06,2.8401573e-10,1.6852766e-05,-1.5055028,0.07759534,1.0,1.0,2.0,1.0,3.0,4.689562e-11,7.853702e-12,375.0,80.0,3.7868766e-12,1.7750983e-11,0
5.0,265.0,54.0,0.24965324,0.03796657,0.19485013,-1.5182865,0.06343362,2.0,1.0,1.0,3.0,4.0,0.0012687311,0.0012011981,1325.0,270.0,0.00014327008,0.0007030847,1
1.0,301.0,302.0,0.22259192,0.13465852,0.36695847,0.23237084,1.3596596,2.0,1.0,1.0,17.0,29.0,0.00024037427,0.00021535507,301.0,302.0,0.00044737046,0.0004458891,0
1.0,263.0,245.0,0.29510865,0.11870717,0.34453908,-1.1108257,0.7266089,1.0,1.0,1.0,14.0,35.0,0.00019492889,0.00016891074,367.0,245.0,0.00045135806,0.00048451909,0
1.0,168.0,169.0,0.34602755,0.11064873,0.33263904,-1.4418169,0.40001363,1.0,1.0,1.0,20.0,23.0,0.00027980318,0.00028562362,168.0,169.0,0.0006586234,0.00065472623,0
5.0,645.0,130.0,-6.0890197e-06,1.0875767e-10,1.0428695e-05,-1.3927754,-0.10406174,1.0,1.0,1.0,35.0,40.0,5.092456e-13,6.329687e-13,3225.0,650.0,1.6861653e-13,8.3659745e-13,0
1.0,188.0,189.0,-5.285984e-06,7.147918e-10,2.673559e-05,-1.2108318,0.00679944,3.0,3.0,1.0,2.0,5.0,2.3485163e-11,4.59914e-11,252.0,189.0,3.802084e-12,3.781967e-12,1
5.0,265.0,54.0,0.039593376,0.003722115,0.06100914,-0.40983248,1.1218358,1.0,1.0,1.0,3.0,4.0,0.00018914204,0.00019488405,1325.0,270.0,1.4045717e-05,6.892806e-05,0
5.0,400.0,81.0,0.58891684,0.14397529,0.37944075,-1.3637131,0.23801556,1.0,1.0,1.0,10.0,27.0,0.0009593549,8.969151e-05,2000.0,405.0,0.00035993822,0.0017774727,0
1.0,418.0,419.0,0.21527556,0.08564381,0.29264963,-0.8280336,0.92544746,1.0,1.0,1.0,40.0,52.0,6.0903458e-05,6.2634266e-05,418.0,419.0,0.0002048895,0.00020440051,0
1.0,173.0,174.0,-2.702156e-06,1.2020045e-10,1.0963597e-05,-0.58989954,-0.66517127,2.0,1.0,1.0,47.0,58.0,2.5786907e-12,7.280366e-12,215.0,174.0,6.948003e-13,6.9080717e-13,0
5.0,80.0,17.0,1.5621015e-06,8.1015195e-10,2.8463168e-05,-1.4749161,-0.008987009,1.0,1.0,2.0,1.0,2.0,1.1517457e-10,1.4654139e-11,400.0,85.0,1.0126899e-11,4.7655997e-11,0
5.0,255.0,52.0,2.0789676e-06,8.995031e-10,2.9991717e-05,-1.4928797,0.07927465,1.0,1.0,1.0,5.0,17.0,1.3647947e-11,1.036309e-12,1275.0,260.0,3.527463e-12,1.7298135e-11,0
5.0,705.0,134.0,-4.673767e-06,4.2527554e-10,2.062221e-05,-0.96534866,-0.4739561,2.0,2.0,1.0,5.0,6.0,7.019435e-11,2.0357666e-10,5325.0,670.0,6.032277e-13,3.173698e-12,1
5.0,235.0,48.0,0.04882283,0.0035327347,0.059436813,-0.7790948,0.92062825,1.0,1.0,1.0,3.0,6.0,0.0002082439,0.00021738182,1175.0,240.0,1.5032914e-05,7.359864e-05,0
1.0,191.0,191.0,3.9081688e-06,6.1512223e-10,2.4801657e-05,-1.4829706,-0.03919693,1.0,1.0,1.0,54.0,67.0,1.0289689e-12,1.0668468e-12,217.0,191.0,3.2205352e-12,3.2205352e-12,0
5.0,110.0,15.0,5.780095e-06,5.817016e-10,2.411849e-05,-0.6501473,-0.6478003,1.0,1.0,1.0,1.0,1.0,7.586736e-11,2.1356117e-11,2350.0,75.0,5.288196e-12,3.8780104e-11,1
5.0,70.0,15.0,1.8569324e-06,2.3763697e-10,1.5415479e-05,-1.2298106,-0.27651262,1.0,1.0,2.0,2.0,1.0,4.95985e-11,2.6000471e-11,350.0,75.0,3.3948137e-12,1.5842464e-11,0
1.0,191.0,193.0,3.8796297e-06,8.70818e-10,2.9509625e-05,-1.4228221,-0.019326774,1.0,1.0,1.0,50.0,68.0,1.2061807e-12,9.187912e-13,267.0,193.0,4.559256e-12,4.51201e-12,0
5.0,385.0,78.0,0.21888736,0.12427405,0.35252526,0.17099819,1.3302617,1.0,1.0,1.0,2.0,7.0,0.0022328547,0.00018821655,1925.0,390.0,0.00032278977,0.0015932572,0
5.0,190.0,39.0,-5.1862065e-07,7.1988776e-11,8.48462e-06,-1.4484162,-0.12482253,1.0,1.0,1.0,7.0,14.0,2.3429288e-12,1.1208849e-12,950.0,195.0,3.7888827e-13,1.845866e-12,0
1.0,535.0,536.0,3.355088e-06,3.4188838e-10,1.8490224e-05,-0.6667262,-0.45839992,6.0,5.0,3.0,8.0,13.0,3.2027932e-11,7.243442e-11,615.0,536.0,6.390437e-13,6.378515e-13,1
5.0,80.0,17.0,6.8488253e-06,5.590718e-10,2.36447e-05,-1.0778638,-0.26565638,1.0,1.0,1.0,2.0,3.0,7.022379e-11,1.8790032e-11,400.0,85.0,6.9883973e-12,3.2886575e-11,0
5.0,225.0,46.0,7.0375036e-06,1.6455146e-10,1.2827761e-05,-1.4350848,-0.1503978,1.0,1.0,1.0,10.0,14.0,3.4485327e-12,6.794138e-13,1125.0,230.0,7.313398e-13,3.5772054e-12,0
1.0,192.0,193.0,2.5781328e-06,2.5457916e-10,1.5955537e-05,-1.5101904,-0.02823237,1.0,1.0,1.0,27.0,26.0,1.3298934e-12,2.4942698e-12,192.0,193.0,1.3259332e-12,1.319063e-12,1
5.0,260.0,53.0,0.3411487,0.21785949,0.46675423,-0.60731333,0.9924924,1.0,1.0,1.0,1.0,5.0,0.0059437603,0.000426855,1300.0,265.0,0.00083792116,0.0041105566,0
1.0,513.0,514.0,-6.1266387e-06,1.9427539e-10,1.393827e-05,-1.1471208,-0.20452237,1.0,1.0,1.0,154.0,166.0,2.7729612e-13,7.4402214e-13,645.0,514.0,3.7870445e-13,3.7796768e-13,0
5.0,217.0,44.0,1.3877711e-06,3.039135e-10,1.7433114e-05,-1.2766864,-0.12587968,1.0,1.0,1.0,5.0,11.0,6.4347746e-12,9.176553e-13,1097.0,220.0,1.400523e-12,6.907125e-12,0
5.0,75.0,16.0,-1.6520812e-07,5.8522215e-10,2.4191364e-05,-1.5062096,-0.039653834,1.0,1.0,2.0,1.0,2.0,9.5658856e-11,1.2025952e-11,375.0,80.0,7.802961e-12,3.6576384e-11,0
5.0,415.0,84.0,0.23379822,0.08428091,0.29031175,-1.0105093,0.7851636,2.0,1.0,1.0,1.0,2.0,0.0036368617,0.008808679,2075.0,420.0,0.00020308651,0.0010033441,1
5.0,210.0,43.0,-3.6402705e-06,9.747941e-11,9.873166e-06,-1.0762783,0.006976369,2.0,1.0,1.0,1.0,3.0,1.11739585e-11,1.8342073e-11,1050.0,215.0,4.641877e-13,2.266963e-12,1
1.0,232.0,233.0,0.36966842,0.17539471,0.41880152,-0.8475842,0.8658037,1.0,1.0,1.0,16.0,21.0,0.00029677083,0.00020828334,232.0,233.0,0.0007560117,0.000752767,0
1.0,210.0,211.0,2.9755845e-06,8.370861e-10,2.893244e-05,-1.4931357,-0.00934634,1.0,1.0,1.0,42.0,53.0,2.4948724e-12,4.621312e-12,210.0,211.0,3.9861244e-12,3.967233e-12,0
5.0,1070.0,215.0,8.069335e-06,4.0060424e-11,6.3293305e-06,-1.4584783,-0.021265797,1.0,1.0,1.0,65.0,72.0,2.8620487e-13,7.630056e-13,5350.0,1075.0,3.743965e-14,1.8632756e-13,0
5.0,215.0,44.0,0.32197422,0.0795105,0.28197607,-1.5477785,0.1950612,1.0,1.0,1.0,2.0,7.0,0.001981988,0.00043865747,1075.0,220.0,0.0003698163,0.0018070568,0
1.0,219.0,220.0,-6.086075e-07,6.24582e-10,2.499164e-05,-1.2190706,-0.22706348,1.0,1.0,1.0,55.0,67.0,8.0622276e-13,8.6782626e-13,219.0,220.0,2.8519726e-12,2.839009e-12,0
1.0,302.0,284.0,0.24425165,0.116340406,0.3410871,-0.14684354,1.2089429,1.0,1.0,1.0,14.0,17.0,0.00033300146,0.00055601215,422.0,284.0,0.0003852331,0.0004096493,1
5.0,275.0,56.0,3.6441684e-06,3.7005107e-10,1.9236712e-05,-1.0717089,-0.32865202,1.0,1.0,1.0,9.0,17.0,4.7201483e-12,6.7743906e-13,1375.0,280.0,1.3456403e-12,6.6080552e-12,0
1.0,675.0,676.0,1.8137951e-05,1.1296772e-10,1.0628627e-05,1.799849,-1.091506,2.0,2.0,2.0,2.0,2.0,1.1859177e-11,2.3782134e-11,675.0,676.0,1.6735959e-13,1.6711201e-13,1
5.0,605.0,122.0,-3.3664687e-06,3.294798e-10,1.8151579e-05,-1.429715,0.08629268,2.0,1.0,1.0,1.0,4.0,8.1006885e-12,1.511116e-11,3025.0,610.0,5.445947e-13,2.7006542e-12,1
1.0,214.0,215.0,4.753304e-06,5.2282206e-10,2.2865303e-05,-0.8951683,-0.4598388,1.0,1.0,1.0,29.0,40.0,1.165496e-12,1.993714e-12,214.0,215.0,2.4430937e-12,2.4317304e-12,1
1.0,327.0,302.0,0.26343173,0.1369112,0.3700151,-0.5402604,1.0422485,1.0,1.0,1.0,18.0,30.0,0.00018257275,0.00017126168,441.0,302.0,0.00041868867,0.00045334833,0
1.0,202.0,203.0,6.426003e-07,2.2883341e-10,1.5127241e-05,-1.2901576,-0.153584,1.0,1.0,1.0,55.0,61.0,1.8863572e-12,5.2961485e-12,264.0,203.0,1.1328386e-12,1.1272581e-12,0
5.0,260.0,53.0,-5.113134e-07,8.891179e-10,2.981808e-05,-1.2660688,-0.09807718,1.0,1.0,1.0,5.0,17.0,1.1666475e-11,1.0214177e-12,1300.0,265.0,3.4196842e-12,1.677581e-11,0
5.0,340.0,69.0,0.18331388,0.09333578,0.30550903,0.35556772,1.3969647,1.0,1.0,1.0,1.0,6.0,0.002280916,0.00018177189,1700.0,345.0,0.000274517,0.0013526924,0
1.0,208.0,209.0,3.701089e-06,3.5582595e-10,1.886335e-05,-0.9450611,-0.45540312,1.0,1.0,1.0,46.0,52.0,1.5466609e-12,3.4636007e-12,220.0,209.0,1.7107017e-12,1.7025165e-12,0
5.0,275.0,56.0,1.2552324e-06,4.2077253e-10,2.0512742e-05,-1.4668701,-0.052964766,1.0,1.0,1.0,11.0,18.0,5.8338096e-12,1.6983813e-12,1375.0,280.0,1.5300819e-12,7.513795e-12,0
5.0,375.0,76.0,-1.6375096e-06,9.488276e-10,3.0803043e-05,-1.424344,0.09793677,1.0,1.0,1.0,13.0,26.0,6.8321217e-12,1.1608783e-12,1875.0,380.0,2.5302067e-12,1.2484573e-11,0
5.0,615.0,124.0,2.5178539e-05,2.342575e-10,1.5305473e-05,-1.4059718,-0.18573184,1.0,1.0,1.0,33.0,40.0,8.415952e-13,7.2390856e-13,3075.0,620.0,3.8090652e-13,1.8891735e-12,0
5.0,271.0,55.0,-2.9126306e-06,4.4563267e-10,2.1110014e-05,-1.3939949,-0.07995523,1.0,1.0,1.0,5.0,18.0,5.959266e-12,6.652705e-13,1361.0,275.0,1.644401e-12,8.102412e-12,0
5.0,95.0,20.0,5.6908275e-06,6.193378e-10,2.4886498e-05,-0.9768611,-0.21183215,1.0,1.0,2.0,2.0,4.0,6.775226e-11,1.8691522e-11,475.0,100.0,6.5193454e-12,3.096689e-11,0
5.0,205.0,42.0,0.12648037,0.020633202,0.14364262,-0.8543494,0.855789,1.0,1.0,1.0,2.0,11.0,0.0008460128,0.00019162302,1025.0,210.0,0.00010064976,0.0004912667,0
1.0,279.0,280.0,8.5331436e-07,3.4942832e-10,1.8693001e-05,0.63111734,0.55205226,4.0,3.0,2.0,4.0,6.0,1.2711755e-10,2.9606662e-10,309.0,280.0,1.2524312e-12,1.2479582e-12,1
5.0,630.0,127.0,0.405087,0.17955856,0.42374352,-1.382292,0.4799607,2.0,1.0,1.0,12.0,26.0,0.00060461456,0.000103344326,3150.0,635.0,0.0002850136,0.001413847,0
5.0,346.0,70.0,-1.0565161e-05,2.6745137e-10,1.635394e-05,-1.0005963,-0.32542172,3.0,1.0,1.0,3.0,3.0,4.1912036e-11,8.0227845e-11,1736.0,350.0,7.7298085e-13,3.820734e-12,1
5.0,186.0,38.0,0.3892985,0.20578635,0.4536368,-1.1375443,0.69008285,1.0,1.0,1.0,2.0,10.0,0.008598431,0.0015755016,936.0,190.0,0.0011063782,0.0054154303,0
5.0,435.0,88.0,0.4762031,0.17982367,0.4240562,-1.4307295,0.31566086,1.0,1.0,1.0,7.0,19.0,0.00107302,0.00018629734,2175.0,440.0,0.00041338772,0.0020434507,0
5.0,100.0,21.0,1.2469965e-05,5.0605653e-10,2.24957e-05,-1.1075575,-0.3784665,1.0,1.0,1.0,2.0,5.0,4.8450754e-11,8.726981e-12,500.0,105.0,5.0605652e-12,2.409793e-11,0
1.0,455.0,405.0,0.042203102,0.0031337293,0.05597972,0.41420558,1.3880934,2.0,1.0,1.0,38.0,77.0,1.0676776e-05,1.01529195e-05,629.0,405.0,6.8873173e-06,7.7376035e-06,1
1.0,187.0,189.0,-1.7873969e-06,9.552887e-10,3.0907744e-05,-1.498484,0.0116839865,1.0,1.0,1.0,54.0,63.0,1.3363104e-12,8.3011717e-13,261.0,189.0,5.108496e-12,5.0544378e-12,0
5.0,215.0,44.0,-7.767225e-06,2.0605238e-10,1.4354525e-05,-1.4967066,-0.012081324,1.0,1.0,1.0,9.0,14.0,4.789886e-12,1.412717e-12,1075.0,220.0,9.583832e-13,4.6830088e-12,0
5.0,265.0,54.0,1.2761623e-06,7.094847e-10,2.6636153e-05,-1.4737407,0.06417802,1.0,1.0,1.0,7.0,16.0,1.0171076e-11,1.5113273e-12,1325.0,270.0,2.6773007e-12,1.3138605e-11,0
5.0,230.0,47.0,6.1859287e-06,1.3687627e-10,1.1699413e-05,-1.3888053,-0.13318042,1.0,1.0,1.0,11.0,14.0,2.7288972e-12,1.392509e-12,1150.0,235.0,5.9511424e-13,2.9122611e-12,0
5.0,250.0,51.0,6.863399e-07,3.5525521e-10,1.8848215e-05,-1.4547702,-0.04016033,1.0,1.0,1.0,7.0,15.0,5.8725967e-12,1.5117331e-12,1250.0,255.0,1.4210209e-12,6.9657886e-12,0
5.0,700.0,141.0,9.445328e-07,1.9176201e-10,1.3847816e-05,-1.3808427,-0.1811462,1.0,1.0,1.0,39.0,48.0,5.915052e-13,7.072624e-13,3500.0,705.0,2.7394572e-13,1.3600142e-12,0
5.0,190.0,39.0,0.26793352,0.113010235,0.33616996,-1.0139279,0.7942816,1.0,1.0,1.0,1.0,2.0,0.0048948415,0.0005223712,950.0,195.0,0.0005947907,0.0028976982,0
5.0,245.0,50.0,0.22183825,0.05746035,0.23970889,-0.623246,0.92178875,2.0,1.0,1.0,3.0,2.0,0.005724094,0.012452898,1225.0,250.0,0.00023453202,0.001149207,1
5.0,145.0,30.0,8.573447e-06,2.502306e-10,1.5818678e-05,-0.788751,-0.6514514,1.0,1.0,1.0,2.0,9.0,6.6903314e-12,1.045652e-12,725.0,150.0,1.7257282e-12,8.34102e-12,0
5.0,505.0,102.0,-1.8906312e-05,2.592045e-10,1.609983e-05,-1.1970623,-0.28059238,1.0,1.0,1.0,26.0,34.0,1.0617379e-12,7.1020723e-13,2525.0,510.0,5.132762e-13,2.5412207e-12,0
5.0,245.0,50.0,3.454613e-06,3.242471e-10,1.8006862e-05,-1.1539485,-0.27975318,1.0,1.0,1.0,8.0,17.0,5.3443933e-12,1.4395606e-12,1225.0,250.0,1.3234576e-12,6.484942e-12,0
5.0,265.0,54.0,0.2380299,0.05922075,0.24335313,-1.1275933,0.6269289,1.0,1.0,1.0,2.0,9.0,0.0013236733,0.0002012717,1325.0,270.0,0.00022347452,0.0010966805,1
5.0,220.0,45.0,-2.5885925e-06,4.829758e-10,2.1976712e-05,-0.87884116,-0.6117401,1.0,1.0,1.0,8.0,14.0,6.118876e-12,1.0098047e-12,1100.0,225.0,2.1953446e-12,1.0732796e-11,0
5.0,600.0,121.0,8.8912367e-07,3.6714548e-10,1.9161042e-05,-1.4362106,0.12703395,1.0,1.0,1.0,36.0,40.0,1.257607e-12,7.1626223e-13,3000.0,605.0,6.119091e-13,3.0342601e-12,0
1.0,504.0,505.0,0.060937535,0.008352625,0.0913927,0.06832747,1.3100832,1.0,1.0,1.0,47.0,91.0,8.06942e-06,9.846431e-06,504.0,505.0,1.657267e-05,1.6539852e-05,0
5.0,225.0,46.0,0.32505774,0.16736652,0.40910453,-0.942599,0.81988794,1.0,1.0,1.0,2.0,9.0,0.005328046,0.000812918,1125.0,230.0,0.0007438512,0.0036384026,0
5.0,80.0,17.0,1.1264297e-05,5.7360355e-10,2.3950022e-05,-1.0037714,-0.29212818,1.0,1.0,1.0,1.0,3.0,7.754965e-11,2.1237593e-11,400.0,85.0,7.1700445e-12,3.3741388e-11,0
1.0,636.0,638.0,-1.4712704e-05,2.2924992e-10,1.5141001e-05,-1.3350745,0.17360589,1.0,1.0,1.0,181.0,194.0,2.476704e-13,6.344947e-13,888.0,638.0,3.6045586e-13,3.593259e-13,0
5.0,620.0,125.0,-1.32723635e-05,3.7285255e-10,1.9309391e-05,-1.3785802,0.24497549,1.0,1.0,1.0,29.0,40.0,1.181969e-12,6.2483336e-13,3100.0,625.0,6.013751e-13,2.9828206e-12,0
1.0,525.0,526.0,-7.011938e-07,2.347243e-10,1.5320715e-05,-0.7189909,-0.8049939,1.0,1.0,1.0,160.0,178.0,2.53152e-13,5.989031e-13,733.0,526.0,4.470939e-13,4.4624393e-13,1
5.0,255.0,52.0,-6.0244366e-07,1.0555071e-09,3.248857e-05,-1.5000572,0.0132834455,1.0,1.0,1.0,4.0,16.0,1.6198298e-11,1.8012949e-12,1275.0,260.0,4.1392436e-12,2.0298214e-11,0
5.0,229.0,46.0,-9.333507e-08,1.6492921e-10,1.2842476e-05,-1.5034513,-0.0128781395,1.0,1.0,1.0,5.0,14.0,3.2905122e-12,5.6271903e-13,1169.0,230.0,7.2021485e-13,3.5854176e-12,0
5.0,80.0,17.0,4.3325676e-07,2.8933997e-10,1.7009996e-05,-1.2254424,-0.24401218,1.0,1.0,2.0,1.0,3.0,3.8185125e-11,5.575073e-12,400.0,85.0,3.6167495e-12,1.7019998e-11,0
5.0,245.0,50.0,-1.2955501e-05,1.14148475e-10,1.0684029e-05,-1.3357698,-0.1694696,2.0,2.0,1.0,1.0,2.0,4.404785e-11,9.0650945e-11,1225.0,250.0,4.6591214e-13,2.2829694e-12,1
5.0,180.0,37.0,1.3822939e-05,1.08004744e-10,1.0392533e-05,-1.4777834,-0.02740523,1.0,1.0,1.0,6.0,10.0,3.4952438e-12,8.290412e-13,900.0,185.0,6.000264e-13,2.9190472e-12,0
5.0,250.0,51.0,5.17153e-07,2.750658e-10,1.6585107e-05,-1.4572109,-0.069543265,1.0,1.0,1.0,10.0,18.0,4.577025e-12,1.2013685e-12,1250.0,255.0,1.1002632e-12,5.393447e-12,0
5.0,280.0,57.0,0.23698306,0.11550319,0.3398576,-0.046821486,1.2465519,1.0,1.0,1.0,1.0,5.0,0.003533849,0.0004283535,1400.0,285.0,0.0004125114,0.002026372,0
5.0,280.0,57.0,0.19351788,0.07635064,0.2763162,-0.42768914,1.0864693,1.0,1.0,1.0,2.0,7.0,0.0020181914,0.00023620883,1400.0,285.0,0.00027268083,0.0013394848,0
5.0,85.0,18.0,1.922645e-06,4.7585863e-10,2.1814185e-05,-1.2231413,-0.24434604,1.0,1.0,2.0,1.0,2.0,5.855924e-11,6.313036e-12,425.0,90.0,5.598337e-12,2.643659e-11,0
1.0,488.0,489.0,0.08534144,0.017441485,0.1320662,-0.25698638,1.1903255,2.0,1.0,1.0,11.0,33.0,1.9777799e-05,1.7922004e-05,488.0,489.0,3.5740748e-05,3.5667657e-05,0
5.0,85.0,18.0,0.06323588,0.0056696297,0.075296946,-1.1331494,0.69886184,1.0,1.0,1.0,1.0,4.0,0.0010797676,0.00045182797,425.0,90.0,6.670153e-05,0.00031497944,0
5.0,90.0,19.0,9.71122e-06,4.9350685e-10,2.2215014e-05,-0.99324614,-0.22798079,1.0,1.0,1.0,1.0,4.0,5.290494e-11,8.763904e-12,450.0,95.0,5.4834097e-12,2.5974046e-11,0
1.0,229.0,230.0,-1.5955612e-06,6.086603e-10,2.4671042e-05,-0.81262267,0.38974607,1.0,1.0,1.0,1.0,1.0,9.853793e-12,1.9199652e-11,229.0,230.0,2.6579054e-12,2.646349e-12,1
1.0,594.0,595.0,1.170788e-05,5.592877e-10,2.3649265e-05,-0.28459257,-0.8261875,3.0,2.0,2.0,2.0,3.0,4.1122804e-12,1.029918e-11,772.0,595.0,9.415618e-13,9.399793e-13,1
5.0,620.0,125.0,0.39035547,0.18955679,0.4353812,-1.2078226,0.6189021,1.0,1.0,1.0,9.0,24.0,0.00069730345,9.977842e-05,3100.0,625.0,0.00030573676,0.0015164543,0
1.0,402.0,393.0,0.006783675,6.4706044e-05,0.008044007,-1.2601895,0.6264849,33.0,1.0,1.0,43.0,58.0,1.8879748e-06,5.0356084e-06,514.0,393.0,1.6096031e-07,1.6464642e-07,0
1.0,176.0,178.0,5.5313e-06,4.2015405e-10,2.0497659e-05,-1.4436734,-0.032504447,1.0,1.0,1.0,52.0,57.0,7.5662014e-13,6.8787744e-13,230.0,178.0,2.3872388e-12,2.360416e-12,0
5.0,205.0,42.0,0.208664,0.04433825,0.21056649,-1.370611,0.5188543,1.0,1.0,1.0,3.0,7.0,0.0014510187,0.0003615618,1025.0,210.0,0.00021628414,0.0010556725,0
1.0,253.0,254.0,0.34096503,0.16948108,0.41168082,-1.0694627,0.7477951,1.0,1.0,1.0,22.0,38.0,0.0002307521,0.00017565105,253.0,254.0,0.0006698857,0.0006672484,0
1.0,289.0,290.0,6.4501082e-06,1.4446053e-10,1.20191735e-05,-0.64824444,-0.69143903,1.0,1.0,1.0,86.0,92.0,3.5335892e-13,8.7018744e-13,389.0,290.0,4.9986344e-13,4.981398e-13,0
5.0,211.0,43.0,-4.4984167e-06,3.5387396e-10,1.8811537e-05,-1.4822913,0.026661703,1.0,1.0,1.0,3.0,15.0,7.984403e-12,7.5525084e-13,1061.0,215.0,1.6771278e-12,8.229627e-12,0
1.0,224.0,225.0,7.611515e-06,6.5771194e-10,2.5645895e-05,-1.4093672,-0.019772219,1.0,1.0,1.0,66.0,78.0,8.3374e-13,9.467215e-13,224.0,225.0,2.936214e-12,2.923164e-12,0
5.0,100.0,21.0,-3.8443773e-06,3.5633027e-10,1.8876714e-05,-1.1383351,-0.34580705,1.0,1.0,1.0,1.0,4.0,2.5139809e-11,2.6462313e-12,500.0,105.0,3.5633029e-12,1.696811e-11,0
1.0,329.0,323.0,0.2523417,0.14351659,0.37883583,0.067557864,1.2904482,1.0,1.0,1.0,24.0,32.0,0.00021480616,0.00021543242,379.0,323.0,0.00043622064,0.0004443238,0
5.0,105.0,22.0,0.12293349,0.016860742,0.12984891,-1.1945496,0.61583006,1.0,1.0,1.0,1.0,3.0,0.0018936191,0.00046377195,525.0,110.0,0.0001605785,0.00076639734,0
5.0,100.0,21.0,1.6956592e-06,2.3477134e-10,1.532225e-05,-1.4643263,-0.088791154,1.0,1.0,2.0,1.0,5.0,2.2777502e-11,2.6128153e-12,500.0,105.0,2.3477134e-12,1.1179588e-11,0
1.0,186.0,186.0,2.950818e-06,2.2553193e-10,1.501772e-05,-1.3697705,-0.091147795,1.0,1.0,1.0,53.0,62.0,4.7205924e-13,6.3471244e-13,244.0,186.0,1.2125372e-12,1.2125372e-12,0
1.0,210.0,211.0,2.2333243e-06,1.1855512e-10,1.0888302e-05,-1.3407377,-0.032497883,2.0,1.0,1.0,25.0,34.0,6.808675e-13,1.40008e-12,252.0,211.0,5.645482e-13,5.618726e-13,1
5.0,207.0,42.0,9.328748e-06,7.7445085e-11,8.800289e-06,0.014950647,-0.37968743,9.0,2.0,1.0,9.0,9.0,6.8750575e-11,2.0977277e-10,1047.0,210.0,3.7413085e-13,1.8439306e-12,1
5.0,235.0,48.0,6.8278814e-07,2.2549305e-10,1.5016426e-05,-1.4712234,-0.02492723,1.0,1.0,1.0,8.0,15.0,4.2347306e-12,1.0171498e-12,1175.0,240.0,9.595449e-13,4.697772e-12,0
5.0,235.0,48.0,2.8161487e-06,6.120355e-10,2.4739351e-05,-0.7197767,-0.2727091,2.0,1.0,1.0,3.0,5.0,1.4114483e-10,3.5653874e-10,1175.0,240.0,2.6044063e-12,1.275074e-11,1
1.0,136.0,123.0,0.070852734,0.0050712693,0.07121284,-1.3271804,0.46424538,1.0,1.0,1.0,18.0,21.0,8.515664e-05,0.000181046,190.0,123.0,3.7288744e-05,4.1229832e-05,1
5.0,264.0,54.0,8.327526e-06,3.6409703e-10,1.9081326e-05,-0.98581284,-0.43250647,1.0,1.0,1.0,9.0,18.0,3.8498514e-12,8.8305556e-13,1336.0,270.0,1.3791554e-12,6.7425375e-12,0
5.0,665.0,134.0,0.4207553,0.15016225,0.38750774,-1.385835,0.44846648,2.0,1.0,1.0,20.0,40.0,0.00046109437,8.897742e-05,3325.0,670.0,0.00022580789,0.0011206138,0
5.0000677,386.00015,78.00009,1.983713e-05,-7.267786e-05,0.00010063857,-1.0281793,-0.40650395,0.99993473,1.0000665,1.0000073,16.00001,25.000006,0.00014335828,4.999944e-05,1936.0,390.00006,-0.0010075585,0.00010382344,0
4.9999757,301.99997,61.000053,0.23302871,0.07568704,0.27521423,-1.2040836,0.66738945,1.0000098,1.0000043,0.99997926,1.000047,6.000041,0.0013995819,0.0003823124,1528.0,304.99997,-0.0001813464,0.0012530669,0
0.9994055,444.99954,446.00085,-0.00062957185,-0.00023239419,0.0002998513,-1.3961828,-0.019361839,1.000167,1.0002671,0.9996378,137.00012,144.99982,0.0012424203,0.00037501822,617.00006,445.9999,-0.0064395727,-7.4270894e-05,0
5.00002,620.0,125.00025,1.0808554e-05,-1.7890958e-05,0.00014601157,-1.155346,-0.3964116,1.0000176,0.99999577,1.0001596,28.000113,40.99989,0.000113398775,1.9144192e-05,3100.0,625.0,-0.0015650287,-0.000105356754,0
4.999986,135.00002,28.000038,0.08931252,0.0059880274,0.0774407,-1.4250757,0.13355504,1.999955,1.000034,0.9999953,0.99995714,1.9999701,0.002597587,0.005506853,675.00006,140.00003,0.0008076135,0.00038065464,1
1.0006372,492.0001,493.0005,0.00041253696,0.00017890194,-0.00032438256,-0.6441136,0.1802668,1.9999063,1.9999373,2.0002384,12.999818,23.000488,-0.0008459177,6.2934836e-05,491.9997,492.99976,0.005207262,7.684886e-05,1
5.0000005,190.0,38.999996,0.26793802,0.113034464,0.3362071,-1.0138388,0.79425174,0.9999939,0.99998754,0.99996495,1.0000832,2.0000744,0.004984869,0.0006269505,950.0,194.99998,-0.0002196452,0.0027772025,0
1.0001652,253.00012,254.00024,0.34088433,0.16960116,0.4117909,-1.0694389,0.74773234,1.0001221,1.0000528,1.0000279,21.999916,37.999973,0.0006215504,0.00020771813,253.00006,254.00002,-0.0010537471,0.00054788654,0
1.0000552,287.99994,258.0,0.25551376,0.12180925,0.3490595,-0.70075524,0.97035605,1.0001123,1.0000284,0.999979,13.000113,24.999945,0.00031485097,0.00015611915,388.0,258.00012,-0.0005073479,0.00036403572,0
5.000002,75.000084,16.000095,0.00011215027,3.411066e-05,-2.6494301e-06,-1.499193,-0.055444464,1.0000224,1.0001146,1.9999866,1.0000213,2.0000045,2.030899e-05,8.088425e-05,375.00003,79.999916,-0.00071223814,1.4357349e-06,0
5.00002,374.99994,75.99992,0.6428986,0.09488438,0.3079294,-1.4606242,0.124399714,0.9999371,1.000021,0.9999653,7.999903,25.000092,0.0008646049,0.00015954167,1875.0,380.0,-0.0007325943,0.0014107282,0
5.0,210.00002,42.999996,-1.1853309e-05,-3.723524e-06,1.7250964e-05,-1.2388712,-0.30286336,2.000019,0.999998,1.0000001,3.00002,2.999992,-1.359169e-05,-8.101779e-06,1050.0,214.99998,0.00029018312,3.7263577e-05,1
5.0002685,524.99994,105.99994,-0.000119200675,1.451168e-05,-2.142638e-05,-1.394899,0.1829195,0.999925,1.0000439,0.99993557,19.000072,33.00011,0.00023960823,5.388849e-05,2625.0,530.00006,-0.0012773798,4.3363012e-05,0
1.0000532,358.0,332.00003,0.13002889,0.033532,0.1831747,-0.6150937,1.0196829,1.9999785,0.9999908,0.9999653,20.99997,34.000034,7.7822355e-05,6.9935275e-05,453.99997,332.0001,-0.00037865207,2.5689242e-05,0
1.000048,187.00002,188.00006,-4.7125264e-05,0.00029571058,-4.7138223e-05,-1.5023054,0.061984546,0.9999966,0.99989915,0.9999944,50.99999,59.999935,0.00041068872,0.00020073101,186.99985,188.00014,-0.0018994553,0.00011413025,0
5.00013,529.9998,107.0001,0.37961027,0.16129489,0.4018155,-1.2272872,0.57413197,1.000059,0.9998707,1.0000544,11.000173,27.000095,0.0009937264,0.00031456965,2650.0,534.9997,-0.0013203135,0.001523472,0
0.9999829,209.00012,210.00014,0.35937423,0.1863723,0.43136495,-1.0611272,0.746303,1.9999219,1.0001868,1.0000099,20.999973,25.999968,0.0005125136,0.00036681496,209.00003,210.00012,-0.00066310336,0.0005189686,0
5.000079,205.00003,41.99998,0.19199297,0.070677094,0.26579654,-0.8051354,0.938574,1.0000241,1.0000297,0.9999692,1.0000223,3.000022,0.0034272172,0.000890235,1025.0,210.00006,-0.00019107368,0.0016053253,0
5.0000434,225.00002,46.00005,0.21424814,0.054024983,0.23251915,-1.3405656,0.5311933,1.0000005,1.0000867,1.0000199,1.9999998,6.000051,0.0013803053,0.00029707106,1125.0,230.00006,-0.00030272803,0.0011255139,0
1.0001303,178.00006,179.99988,-0.00015242399,-3.6670906e-05,0.00016012478,-1.4957784,-0.0038818428,0.99997467,1.0001136,1.0000541,47.999947,56.000237,0.0001221412,0.00021531669,248.00009,179.99997,-0.0017517068,-0.00019443058,0
4.999915,75.00002,15.999958,3.9106697e-05,2.138037e-05,-1.8000748e-05,-1.3768028,-0.098164804,0.99997693,1.00002,1.9999119,2.0000393,1.9999708,0.00015888448,0.00015305578,375.00006,80.00005,-0.0007010674,-1.824044e-05,0
5.0000124,240.0,48.999996,0.29851145,0.12695603,0.35624206,-0.9638853,0.81858927,1.0000278,0.9999856,0.9999668,0.9999702,3.000084,0.0037789112,0.0008586046,1200.0,244.99995,-0.00014772007,0.0024375147,0
5.000015,100.0,21.000051,4.2684875e-05,5.281898e-05,-5.2973132e-06,-1.2509948,0.08868723,1.0000372,0.99998385,1.9999931,1.000031,4.000012,9.147689e-05,8.47804e-05,500.0,104.99996,-0.0004965767,-7.3037125e-05,0
5.0001235,179.99997,37.000004,7.028387e-05,5.392974e-05,7.610389e-05,-1.1594111,-0.27972552,1.0000191,1.000024,0.9999966,4.999974,10.000088,0.00020190296,0.00020062219,900.0001,185.00005,-0.00077104877,-9.002269e-05,0
0.9999916,177.0,178.0,1.6841355e-05,-5.527253e-06,2.337704e-05,-1.3626647,-0.022241542,7.9999986,1.0000118,0.99998635,29.999994,44.000008,1.6230202e-05,2.3096085e-05,207.0,177.99998,-0.00014899802,4.7084905e-06,0
1.0000818,408.00024,354.0002,0.004277275,-8.221171e-05,0.0053636176,-0.94214165,0.795677,34.00011,1.0001082,1.0001917,49.000126,59.99998,0.00012341914,-5.082099e-05,546.0,353.99994,-0.0015991236,4.529122e-05,0
4.999868,616.0001,123.999916,-0.00034894675,0.00015076314,0.00017216144,-0.7297168,-0.69688183,2.0000892,2.0001338,0.9998249,1.0000656,1.0003929,-0.00041322978,-0.00028634304,3086.0002,620.00006,0.0038131725,0.00052958325,1
5.0001516,245.00002,49.999916,0.27173108,0.12870577,0.3586707,-0.6887253,0.9749031,0.99999595,1.0000161,0.99994653,0.9999248,11.00004,0.0040510534,0.00036391403,1225.0001,250.00006,-0.00043982413,0.0024125704,0
5.0000443,220.0,45.000023,0.25472617,0.06517773,0.2552614,-1.4649986,0.37580234,0.9999581,0.9999747,1.0000046,1.0000119,3.0000134,0.0018352832,0.00063460704,1100.0,224.99998,-0.00014125796,0.0013864021,0
5.000189,294.99988,37.00017,0.00023324281,0.00023667215,7.623877e-05,-1.2834783,0.3526124,0.99984497,0.999928,8.787235e-05,2.000238,2.0002246,-0.00049783476,0.00030888058,15275.0,185.00027,0.0039285617,-3.5840967e-05,1
1.0000412,505.9999,453.0,0.12099393,0.030147046,0.17371096,-0.6123097,1.0295383,2.9999366,0.9999639,1.0000341,25.000006,48.999958,5.5708388e-05,6.710921e-05,673.99994,453.00006,-0.00042375817,3.035136e-05,0
5.0000644,410.0,82.99998,0.65124655,0.04969578,0.22284308,-1.4079247,0.15468971,1.0000368,1.0000292,1.0001316,17.000109,26.00002,0.00024530044,0.00016870101,2050.0,415.0,-0.0009181829,0.0005804762,0
5.000024,74.99988,15.999978,4.7777172e-05,1.3023235e-05,2.3049537e-05,-1.5140747,0.07624687,0.9999991,1.0001053,1.9999317,0.99998057,4.000029,0.00013836758,4.9947153e-06,375.0,80.00007,-0.000731593,-1.67287e-05,0
0.9999419,179.99998,180.99994,-1.2760008e-05,7.8896584e-05,1.9502462e-05,-1.4225901,-0.07730016,1.0000458,0.9999691,1.000002,31.000034,34.000027,2.8151222e-05,-8.941568e-06,180.0,181.0,-0.00047563584,-6.227132e-06,0
5.0000043,240.00008,49.00002,-7.3911235e-07,4.7946352e-05,6.6957095e-05,-1.5035795,0.114756234,1.0000708,1.0001407,0.99997103,8.999977,15.000019,0.0001156786,0.0001422159,1200.0,245.00012,-0.0009737489,-0.00015799246,0
5.0000243,350.0,71.00001,0.38711116,0.1565448,0.39575544,-1.3567564,0.48055467,0.9999958,0.99997306,0.9998971,3.999946,6.999958,0.0019584529,0.00080573856,1750.0,354.99997,-0.00030404865,0.0022072396,0
0.99998826,187.00014,188.00003,8.294115e-05,0.00017496334,-6.060875e-06,-1.5063038,0.01890706,0.9999408,0.99995685,1.0000092,50.999905,56.00026,0.00012611716,0.00034062818,187.00018,188.00012,-0.0017601444,0.00024462657,0
1.0010709,523.9996,525.0006,-7.948565e-05,7.4436204e-05,0.00046182398,-1.51126,-0.008104497,0.9998578,0.9995607,1.0004051,160.0,177.99957,0.0003032008,0.00066838635,723.9999,525.0008,-0.008169716,-0.0010416708,0
4.999979,124.99999,25.999987,-2.451885e-05,0.00013154635,0.000106417356,-1.3946828,0.035741214,0.9999353,0.9999515,1.0000137,1.0000249,7.000083,0.00016078945,6.104765e-05,625.0,130.00002,-0.0007540524,-3.33335e-05,0
5.0000086,205.00003,42.0,0.19169757,0.04393884,0.20954074,-1.3493112,0.56375426,1.0000421,0.9999894,1.000026,2.0000398,2.9999924,0.0017229927,0.0010080766,1025.0,209.99998,-0.00019329817,0.0009766539,0
1.0000422,321.00006,322.00006,0.2077049,0.110749744,0.33269688,0.0054372614,1.283276,1.0000021,0.9999793,1.0000361,12.000007,18.000042,0.00023300643,0.00015632967,321.0001,322.00006,-0.00054345414,0.00017353294,0
1.0001854,212.9998,215.00006,0.0001437893,1.1926306e-05,3.346342e-05,-1.4956461,-0.0037802525,1.0001855,1.0001388,1.0003476,59.000153,70.00015,0.0001359677,0.00035092817,248.99991,215.00002,-0.002484026,-0.00015125559,0
1.0000001,293.0,267.0001,0.07336463,0.009508478,0.09726895,-0.56076145,1.020015,1.0000619,1.0001229,1.0000724,34.999992,52.00004,9.707937e-05,0.00014620775,399.00003,266.9999,-0.00072591373,-4.101393e-05,0
4.9999485,214.99998,44.000027,0.32193708,0.079510085,0.28200242,-1.5477742,0.1950928,0.99996114,1.0000247,0.99997836,1.9999508,7.0000644,0.002049131,0.00046074553,1075.0,220.00006,-0.00028248195,0.0017816979,0
5.000023,84.99998,17.99994,2.7749917e-05,-2.7191283e-05,-3.662613e-06,-1.4810855,-0.112755395,1.000004,0.9998969,2.000044,1.0001093,2.0000656,5.9192857e-06,0.00010342951,425.00003,89.99999,-0.000709297,3.576783e-05,0
5.0000367,210.99997,43.000004,-1.899267e-05,-8.913481e-05,8.5274405e-05,-1.4823686,0.026638057,1.0001751,1.0000778,0.9999644,3.0000598,15.0001545,7.199764e-05,9.5348834e-05,1061.0001,215.00002,-0.00094455597,7.438349e-05,0
5.0000205,75.00009,15.999965,-6.941517e-05,8.942871e-06,1.2231389e-05,-1.4785336,-0.06716588,1.0000641,1.0000255,2.0000618,1.0000526,1.5503096e-05,5.9433652e-05,-3.9283295e-06,375.00003,80.00009,-0.0006575314,-7.707392e-05,0
5.0001273,109.99997,23.000011,4.992261e-05,3.5069086e-05,-5.1524614e-05,-1.4982389,0.04411672,1.0000052,1.0000185,2.000021,1.0000073,6.0000443,1.19911165e-05,6.4433785e-05,550.0,115.00009,-0.00068876665,1.2371515e-05,0
5.0000443,104.99998,22.00004,9.838384e-06,5.1379728e-05,4.1237912e-05,-1.4921875,-0.001109274,1.0000031,1.000025,2.0000281,1.9999186,4.000014,9.422499e-05,2.3075196e-05,525.0,110.000046,-0.0006534917,-6.06648e-06,0
5.000067,79.99994,16.999977,-7.840468e-05,0.00015534989,-3.07784e-05,-1.4746777,-0.064931735,1.0000949,1.0000876,2.0000122,1.0000482,2.0000176,0.00014108667,7.41564e-05,400.00006,84.99996,-0.00066930027,-0.00010793824,0
5.000022,390.0,79.00003,0.27754107,0.11420904,0.33792692,-1.0923483,0.73924845,0.99997026,1.0000194,0.9999565,3.0001347,5.999996,0.0012940463,0.00036601286,1950.0,395.00006,-0.00039093939,0.0014024277,0
1.0000368,179.0,180.00005,3.577922e-05,-0.000109333996,-1.9814097e-05,-1.4559051,-0.00053039007,0.9998461,1.0000682,1.0003266,52.999958,58.000084,0.0001633477,-1.7118307e-05,204.99983,180.0001,-0.0019450046,0.00032871193,0
4.999843,309.9999,52.999966,-4.1281535e-05,-7.1697934e-05,0.00022832508,-0.8728128,0.37805435,2.0000954,0.99994206,0.9999582,2.0000346,3.0001523,-0.00029292473,-7.034869e-05,4300.0,265.0001,0.0014316416,0.00016366335,1
5.0000296,75.000015,16.000017,-4.9267196e-06,4.451898e-05,7.617237e-05,-1.4431041,0.03228117,0.9999455,0.99997866,1.9999958,1.0000495,2.0000072,4.730273e-05,3.3236433e-05,375.00006,80.000015,-0.00067922135,2.4181522e-06,0
5.0000715,265.00006,53.99995,6.5861313e-06,3.26567e-06,3.8876457e-05,-1.4906999,0.07552558,1.0000632,1.0001396,1.000034,3.0000427,15.999977,0.00015017414,-6.8672725e-06,1325.0,269.99997,-0.0008309831,-2.7657984e-07,0
5.0001593,270.00003,54.999966,0.2086843,0.10049801,0.31704485,-0.20237817,1.1921451,1.0000317,1.000072,1.0000226,1.0001001,5.999994,0.0032061217,0.0004374508,1350.0,274.99997,-0.00035325447,0.0018008092,0
1.0001646,235.99992,237.00003,-0.00024194313,3.0781106e-05,0.00022458886,-0.89955556,-0.46574333,0.9999893,1.000133,0.99996245,73.99985,81.00003,0.00034361135,0.00051291037,236.00015,237.00041,-0.0031329615,-5.603715e-05,0
5.000011,85.00008,18.000011,8.822635e-06,5.7245856e-05,8.708864e-05,-1.4968209,-0.0120410845,1.0001127,0.9999625,2.0000455,1.0000681,2.0000176,5.56941e-05,5.4161716e-05,424.99997,90.000046,-0.0006721602,4.4855668e-05,0
5.000046,190.00006,38.999973,0.29493096,0.11081163,0.33304995,-1.2169821,0.6359645,0.9999603,0.99994516,1.0000387,1.0001101,5.999955,0.004274215,0.0006125881,950.00006,194.99991,-0.00030415127,0.0027690267,0
1.0000879,309.00018,310.00037,2.3947236e-05,0.00010408321,-0.00038323287,-1.4879526,-0.073144875,0.9999267,1.0000517,1.0005735,85.99985,103.00005,0.00032512934,-0.00039870688,309.00024,310.00018,-0.0041088266,-0.0001792531,0
1.000058,216.00003,217.0,1.6987091e-05,-2.868223e-05,-9.342376e-06,-1.4890593,0.0019446366,2.0000405,0.9999624,0.9999674,25.999992,51.000023,3.095516e-05,3.3133942e-06,253.99997,217.0,-0.00040186525,5.0632707e-06,1
5.0000257,95.0,20.000006,0.09798264,0.013056953,0.11409663,-1.141992,0.6925125,1.0000056,0.99993455,1.000028,1.0000197,3.0000255,0.002060583,0.0005461854,475.00006,99.99995,-0.00041891183,0.0005386127,0
5.00014,220.00012,45.000042,0.00014363766,7.188401e-05,3.1961517e-05,-1.4810537,0.013447503,1.0000566,1.0000174,1.0000108,4.999993,14.999923,0.0002375249,0.00011945133,1100.0,224.99985,-0.0009455832,2.6254196e-05,0
5.000028,275.00003,56.00002,0.19586483,0.05713411,0.23893778,-1.1038777,0.7467607,1.0000212,0.99997777,1.0000502,2.000004,8.000058,0.0012472093,0.00038076128,1375.0001,280.0,-0.00029374778,0.0010301546,0
5.000103,205.00002,42.00005,0.00012523303,1.514893e-05,0.0001271366,-1.3102918,-0.028133262,0.9999798,0.9999796,0.99998444,6.9999056,12.999988,0.00017407251,0.00011518857,1025.0,210.0,-0.0008992328,-1.3709522e-05,0
5.0001373,185.99998,37.999958,0.38937578,0.20576906,0.45354033,-1.1376305,0.69020516,1.000191,1.0001605,0.9999892,2.0000265,9.999916,0.008764353,0.001659519,936.0002,190.00002,-0.00035553603,0.0051853643,0
1.0000441,182.00002,183.00002,1.8504807e-05,1.6557184e-05,5.116261e-05,-1.4970665,0.031104982,1.0000252,1.0000136,1.0000615,30.00004,35.999996,-2.4760302e-06,-1.003506e-06,254.0,183.00002,-0.00042324577,-4.733017e-05,0
4.9998965,191.99997,30.000015,2.3021637e-05,-3.3704793e-05,-5.2400785e-05,-1.0018281,0.12287104,1.9999826,1.0000824,0.99998397,1.9999969,4.0000787,1.65312e-05,-7.7847806e-05,3222.0,150.00008,0.0011262398,0.00020964695,1
1.0000352,453.00037,454.0002,0.007089029,4.8467642e-05,0.008950487,-0.7757922,0.89155746,25.999893,1.0001582,1.0000216,62.999916,83.99996,0.00023090807,-0.00012602433,453.0,453.9999,-0.0021987234,-0.00010174559,0
0.9999285,293.0002,293.99966,0.00030379836,8.325877e-05,0.0003114581,-1.5090841,0.06859949,1.0000396,1.000013,0.9999237,90.99988,100.00022,0.00046009684,0.00091221696,411.00024,293.99985,-0.0041344403,-0.00053650554,0
5.000006,271.0001,55.00008,-1.1528214e-05,-1.868104e-05,-4.838806e-05,-1.4986175,-0.011906949,0.9999331,0.9999304,1.0000564,7.0000057,17.000057,0.00012322441,7.382074e-05,1361.0001,275.00003,-0.00093152566,9.861884e-05,0
4.9999943,114.99997,24.000107,0.0879169,0.0046132845,0.06788655,-1.5495412,-0.27159667,0.99996805,1.0000567,1.0000997,1.0000365,2.0000155,0.00031982426,0.00025634412,575.00006,119.999954,-0.0007096848,6.617232e-05,0
1.0003026,188.00029,190.00009,0.00021836831,4.480052e-05,-0.00017554675,-1.4958031,-0.030631667,1.0000262,1.0002095,0.99992543,57.000084,67.000015,0.00013240895,5.5352124e-05,262.00027,190.0,-0.002429117,-0.00020554541,0
5.0004478,290.00043,49.00071,0.20639615,0.060091794,0.24443826,0.8903246,1.390043,1.9998618,0.9999202,1.0003426,0.99977523,1.9991863,0.018678395,0.062399857,4199.9995,245.00012,0.008996517,0.0021542956,1
5.0000253,244.99998,50.000034,-3.430148e-05,4.2325562e-05,-2.426519e-05,-1.4644465,-0.04110174,0.9999653,1.000025,1.0000268,4.9999657,16.000025,4.995981e-05,-4.7069858e-05,1225.0,250.00005,-0.0009431662,2.0162834e-05,0
4.9999514,110.00003,23.000013,6.8361824e-06,7.87896e-06,-1.817786e-05,-1.5009209,0.004924748,1.0000169,1.0000501,1.9999634,1.0000206,4.9999967,9.377066e-05,5.6243007e-05,550.00006,115.000015,-0.0006512814,-7.51431e-05,0
5.000011,75.0001,15.999992,5.132863e-06,-5.854923e-05,5.795852e-05,-1.5345075,-0.008106058,0.9999273,1.0000211,2.0001159,1.0000384,4.3178145e-05,0.00011187828,8.723823e-05,375.0001,80.000015,-0.00062467984,2.0091504e-05,0
5.0000186,264.99997,54.000034,2.3216946e-05,-3.157915e-05,-2.3558863e-05,-1.4737915,0.064270824,0.9999736,0.99993896,0.99998564,7.0001016,16.000006,7.635848e-05,-2.74525e-05,1325.0,270.0001,-0.00089244806,-9.7321106e-05,0
1.0000683,192.99995,193.99995,2.5780182e-05,4.2127354e-05,6.883432e-05,-1.3178245,0.071737856,1.0001311,0.99990135,0.9999193,1.0000371,1.0001531,-0.00025374827,-3.9725932e-05,258.99985,194.00003,0.0014142153,0.00024000151,1
0.9998879,329.00015,322.99994,0.25228006,0.14374831,0.37880224,0.06765524,1.2905508,0.9999445,1.0000827,1.0000883,24.00022,31.99999,0.00033486108,0.00039072588,379.00012,322.99994,-0.0010594779,0.00027769213,0
0.9999961,170.0,171.00002,0.2082373,0.04009147,0.20024948,-1.2971689,0.51993006,1.0000333,1.0000137,1.000009,17.999989,16.999996,0.000262623,0.0005428521,170.0,171.00002,-3.354114e-05,0.00021251994,0
0.99951327,535.0002,536.00006,-0.00031056732,-0.00024611698,-5.112861e-05,-1.1429156,-0.077818125,1.9988471,1.9998313,1.9992127,2.0004978,2.000212,-0.00088411657,-0.00033568,701.00037,535.99976,0.0064083934,0.0010221144,1
5.000021,74.99999,16.000053,8.9881825e-05,5.0909865e-05,-4.475164e-05,-1.4467947,-0.084092945,1.0000606,1.0000575,2.0000134,2.0000794,2.9999316,0.0001111027,7.38486e-05,375.0001,80.00006,-0.0007654244,-8.248968e-05,0
0.999637,609.00006,610.0006,0.00065008603,2.5611198e-05,0.00043787394,-1.2155043,-0.08281099,6.999563,2.0005863,1.9985363,9.000626,13.999627,-0.0016757789,0.000559956,609.0006,610.00037,0.007426929,0.0005771545,1
1.0000283,421.00012,417.0,0.019880315,0.00044497568,0.020514322,-1.3946395,0.44738755,8.999966,0.9999284,1.9999975,71.0,79.9999,0.00012971228,0.00015426906,431.0,416.9999,-0.00084840873,-4.1043764e-05,0
4.9999995,174.99997,36.000015,0.10175856,0.012762491,0.11303839,-1.0401917,0.7227728,2.0000188,1.0000015,1.0000116,2.999959,2.999963,0.0014788246,0.002900652,875.00006,180.00002,0.00049942627,0.0004035332,1
0.9999961,391.0,351.0,0.18885206,0.058637667,0.24209136,-1.0112247,0.81216407,1.9999925,0.9999962,1.0000054,16.000023,19.000004,0.00014304715,0.00026030795,535.0,351.0,-4.1148098e-05,0.0001507262,0
5.000032,74.99992,15.999998,6.6816436e-05,-3.2253884e-05,9.642731e-05,-1.3793296,-0.14987297,0.99998176,1.0000356,1.9999878,0.9999887,2.9999378,8.417569e-05,0.0001155292,375.0001,79.999985,-0.00073069544,-4.3768414e-06,0
5.0000315,160.00014,33.0002,3.2840494e-06,-4.4170625e-05,0.00011990905,-1.5394646,0.07976813,1.0000895,0.9999429,1.000047,4.000031,10.000008,4.942449e-05,2.8679875e-05,800.0001,165.0001,-0.00090103596,-2.4180503e-05,0
5.0000005,95.0,20.0,-2.7116241e-06,3.2751639e-06,2.4536552e-05,-0.9663333,-0.5797248,0.99999803,0.9999999,1.7380539e-06,1.0000004,2.9999993,2.817148e-06,1.681816e-06,475.0,100.0,-2.9642964e-05,-4.64616e-06,0
0.9999456,263.00006,245.00003,0.29504684,0.11877236,0.34451044,-1.1107403,0.7266237,1.0000702,0.9999745,0.9999265,13.999964,34.999947,0.00029738893,0.00020418486,367.00003,245.00008,-0.0006099559,0.00043487243,0
4.9999866,205.00008,42.000034,0.27639845,0.09514997,0.30839738,-1.271943,0.59698826,0.9999795,1.0000257,1.0000215,1.9999722,4.999994,0.0032327664,0.000601008,1025.0001,210.00006,-0.00026992432,0.002118288,0
5.00002,100.0,20.999964,3.4931298e-05,-1.9598852e-05,7.750895e-06,-1.4999157,0.01765341,0.99995375,1.0000558,2.000054,1.0000024,1.9999295,6.160321e-05,0.000115359435,499.99997,105.00001,-0.0005848004,9.611356e-06,0
5.000091,830.0001,166.99988,0.22645907,0.08303908,0.28841957,-0.83777416,0.8699384,1.999997,1.000154,0.9998731,12.000206,27.000006,0.00067864987,0.00020558896,4150.0,834.9998,-0.0013147761,0.0006915927,0
4.999995,355.00003,71.99998,0.35873035,0.15990604,0.3999546,-1.2460057,0.60238975,0.9999905,1.0001673,0.9999531,3.9999921,5.9999886,0.0019783627,0.000525584,1775.0,360.0,-0.0004245472,0.0022623776,0
4.9999413,419.99997,84.9999,0.3265963,0.13132016,0.3623405,-1.3275911,0.5536483,0.9999562,1.0000188,0.99999374,0.9999811,10.999989,0.0010670009,0.0001950107,2100.0,425.0,-0.00047627333,0.0015584348,0
5.000003,269.9999,54.99992,-1.097668e-05,-2.490726e-05,7.624804e-06,-1.4827783,0.05288708,1.0000852,0.9999807,1.0000015,2.999979,20.000017,9.839103e-05,0.00013942529,1350.0,274.99997,-0.00093710766,-9.54503e-05,0
5.000022,175.00006,35.99997,1.336925e-05,-8.984662e-05,5.7434965e-05,-1.4795816,-0.017984873,0.9999414,1.0000573,0.9999774,3.000071,9.000003,9.759796e-05,9.380525e-05,875.0,179.99998,-0.00081274356,-4.8371032e-05,0
5.00005,75.00006,15.9999695,2.5133282e-05,6.373773e-05,-3.863719e-05,-1.4280585,-0.096621156,0.999916,0.9999656,1.9999591,1.0000404,9.450883e-05,5.498799e-05,8.6541004e-05,375.00006,80.000015,-0.00063877885,-1.9585406e-05,0
1.000104,419.0,420.00018,0.26624045,0.14456101,0.37997356,-0.4584956,1.07309,0.9999684,1.0001328,0.99999076,27.000011,34.999992,0.00021842444,0.00022055334,418.9999,420.0001,-0.0011225495,0.0004682361,0
1.0000412,371.00015,366.0,0.30076966,0.13350129,0.36537609,-1.099611,0.7367905,1.0000566,0.9999219,1.000084,33.00002,42.00008,0.00019359897,0.00016715282,383.00012,365.99994,-0.0011913554,0.00036162126,0
1.0000135,191.0,192.0,0.1073069,0.021048624,0.14505619,-0.71038485,0.95974416,2.0000105,1.0000234,0.9999964,18.000017,27.000011,9.6866825e-05,0.0001771732,191.0,192.00002,-3.72335e-05,8.8010085e-05,0
1.000067,290.00012,278.99976,0.34409156,0.15958196,0.3995815,-1.1402543,0.69276845,0.9999985,1.000054,0.9999246,23.000128,23.999939,0.00025288304,0.00030884938,335.99997,278.99997,-0.0006714132,0.00049135997,0
0.99957764,252.99998,255.00023,9.591305e-05,0.00010517788,-0.00040601988,-1.131207,-0.6138125,1.0001364,1.0001618,1.0001531,81.00016,84.00005,0.00049494446,0.00047249187,350.99966,254.99979,-0.003500744,-5.731157e-05,0
4.9999824,255.0,52.00008,9.803902e-05,5.447484e-06,2.5292904e-05,-1.5027065,0.0029953707,1.0000188,0.9999445,0.999975,4.999972,16.000055,8.5909036e-05,3.3405046e-05,1275.0,260.0,-0.0009108247,-1.1994943e-05,0
5.0000086,205.0,42.000023,0.12192397,0.018706033,0.13688987,-0.77057004,0.8905673,1.0000249,1.0000308,0.99999976,3.00001,5.0000052,0.0008855673,0.00023607968,1025.0,209.99998,-0.0002818629,0.000402421,0
5.0000153,79.999985,16.999992,3.698578e-05,3.824186e-05,5.000375e-05,-1.4797919,-0.057797376,0.9999938,1.0001247,1.9999647,0.9999702,0.9999805,8.8506524e-05,2.6620584e-05,399.99997,85.000015,-0.00065478706,-6.337527e-05,0
1.0001295,190.99995,192.00015,0.00015694943,0.00016085118,0.00016521967,-1.2495629,-0.15733388,0.9999915,1.0001469,0.9999182,55.99989,63.000046,0.00038447647,1.8902625e-05,227.00009,192.00003,-0.0021841933,7.148907e-05,0
5.00034,175.00063,35.999706,0.33176044,0.14878215,0.38758424,-0.8654434,0.8161109,1.9992139,1.0006764,1.0007585,1.9989275,2.9997678,0.04531364,0.096018694,875.00006,180.00052,0.013807789,0.0076014777,1
4.9999337,215.00002,44.000065,7.61165e-05,7.91067e-05,0.000117116964,-1.3973724,0.017385071,1.0000945,1.0000035,0.99997187,3.9999285,12.999946,3.4605935e-05,0.0001051525,1075.0,219.99995,-0.00078521087,7.907792e-06,0
0.9998516,175.99995,177.00029,5.639859e-05,2.7392281e-05,4.886661e-05,-1.4197413,-0.0025958312,1.0000722,1.0000819,1.0001029,50.00009,56.999992,0.00037894875,0.00027826123,244.0001,177.00003,-0.0018087317,0.00010845521,0
5.0000267,211.00005,42.99994,-5.686018e-05,-1.7738761e-05,2.9713126e-05,-1.3824276,-0.11394648,1.0000612,1.0000621,0.99996346,4.9999995,13.00011,0.00016012124,0.00013696039,1061.0,214.99994,-0.00086938945,0.0001069132,0
0.9999185,172.00012,173.99992,5.625188e-05,-5.014408e-05,0.00018295052,-1.3765781,-0.052459374,2.0000033,1.0001892,1.0001042,1.000016,1.0000149,-0.00014860787,-1.7859675e-06,238.00003,174.00003,0.0016808971,0.00031189036,1
0.9998014,185.00014,185.99997,0.00016046992,0.00016740889,-0.00016536009,-1.235847,-0.10821996,1.0001163,0.9999305,0.99982995,56.999794,60.0,0.0001794432,0.00021868895,185.00021,186.00027,-0.0020709396,0.00021490955,0
5.0000877,216.00003,44.000046,-6.5637054e-05,8.1793776e-05,6.455911e-05,-1.3113523,-0.12790693,1.000097,1.0000998,0.99999106,5.000063,15.000029,0.000122036174,1.0181191e-05,1086.0001,219.99983,-0.00092192466,0.00017970208,0
4.9999595,384.99994,78.0001,0.21884339,0.124416985,0.35254532,0.17104395,1.3302616,1.0000947,1.000074,0.99987674,2.0000658,6.999939,0.0023936974,0.00027518644,1925.0,390.0,-0.0006508204,0.0016176747,0
4.9999404,185.00005,38.000046,0.27923,0.08460122,0.29087263,-1.323616,0.5283244,1.0000019,1.0000354,0.9999181,1.9999589,6.000062,0.0031808622,0.00069846795,925.0,190.00006,-0.00033942767,0.0022468532,0
5.0000906,90.00004,18.999977,1.2218762e-05,5.887579e-05,8.518596e-05,-1.4237713,-0.0803314,1.0000124,1.0000467,2.0000079,2.0000758,4.99999,3.679674e-05,-6.788593e-06,450.00003,94.99996,-0.000773502,1.9601897e-05,0
1.0000277,326.99997,301.99994,0.26333278,0.13697936,0.3701075,-0.5401965,1.0423591,0.9999187,0.9998789,1.0000582,17.999922,30.000113,0.00034661408,0.00031055865,440.99997,301.99982,-0.0007808202,0.0003667905,0
4.999909,374.99997,75.99992,-3.1635274e-05,7.69874e-05,5.5757857e-05,-1.424452,0.09792869,1.0000767,0.9999821,0.9999815,12.999933,26.000008,0.0001290596,0.00019425372,1874.9999,379.9999,-0.0010780174,-1.3712755e-05,0
5.0000453,95.0,20.000029,-5.0198356e-05,7.6637705e-05,3.2413445e-05,-1.4395664,-0.097268544,1.0001094,0.9999645,1.9999379,2.0000005,5.0000005,5.6161163e-05,6.4533575e-05,474.99997,99.99997,-0.00077644846,-6.255756e-05,0
1.0010381,856.0005,858.0021,0.00018018785,0.0001349376,-2.9569688e-05,-0.60836273,-0.5241911,3.0003698,2.9995322,2.9985619,2.000446,6.0004115,-0.0012462083,0.00071327813,1116.0004,857.99963,0.011823192,0.0006541842,1
5.000152,190.00003,38.999985,0.35038537,0.12813845,0.35790393,-1.2358083,0.6129361,0.99980015,1.0000786,1.000125,1.9999393,5.0000463,0.0047806976,0.0007825088,950.0,195.00002,-0.00030672742,0.0032364072,0
1.00006,199.00003,200.00008,5.7509184e-05,-0.000114701135,-1.5235162e-05,-1.4948653,0.018624714,1.000076,0.99985373,0.9999586,41.999966,45.00005,0.00024980606,3.543811e-05,277.0,200.00006,-0.0010332963,-2.1244057e-05,0
5.0000014,235.00008,48.000072,-5.4444805e-05,4.21523e-05,3.7181333e-05,-0.95846105,-0.5068815,1.0000978,1.0000522,1.0000315,7.9999266,15.000086,0.00018260369,7.647175e-05,1175.0,239.99995,-0.0008609982,-2.2655953e-05,0
0.9998392,471.00012,471.99994,0.055355117,0.008293758,0.09043553,-0.13245304,1.2655941,2.9999056,1.99988,1.0001124,22.999947,56.00012,-0.00031172822,0.00012385639,471.00006,472.0,0.0015571226,0.00013489509,1
0.9999295,267.99997,269.00037,9.248666e-05,2.0267134e-05,0.00037741163,-1.3814206,0.125164,1.9999251,1.9999899,2.0000997,1.0001323,4.0000257,-0.00031564775,-0.00024575132,360.0003,268.9999,0.0046222913,0.00024719216,1
4.9999704,234.99995,47.999958,0.2798067,0.1070274,0.32701576,-1.2067075,0.660691,1.0000155,0.9999538,1.0000901,2.9999683,6.0000525,0.0028716845,0.0005238528,1174.9999,240.00009,-0.00030750758,0.0021947545,0
5.0000353,249.9999,50.99999,2.3286813e-05,0.000100248704,6.499872e-05,-1.4547205,-0.040131487,1.0000805,1.0000058,1.0000476,6.9999714,15.000061,0.00012133098,1.2425592e-05,1250.0,254.99985,-0.00094378093,-4.28388e-05,0
5.00002,255.00002,51.999977,0.10098524,0.010700957,0.10323389,-1.0540767,0.72749513,1.9999906,0.9999849,0.9999955,2.0000312,4.9999886,0.000884093,0.0014987366,1275.0,260.00003,0.0004149061,0.00028766156,1
1.000753,390.00027,390.99948,0.00019040541,0.0004942379,0.00035697717,-1.4816322,0.037519064,0.9996233,1.0001345,1.0002464,118.00013,134.0004,0.0011398889,-0.00011980035,542.0001,391.00055,-0.0056166137,-0.0005114276,0
1.0001348,173.00009,173.99991,0.00019549996,5.274093e-05,9.708663e-05,-1.470001,-0.032544807,1.0002112,1.0001736,0.999922,44.999966,56.000114,0.00029019456,7.252054e-05,241.00029,174.0003,-0.001701925,5.3796026e-05,0
5.0001407,220.00003,44.999973,-3.7271984e-05,4.059576e-05,8.191627e-05,-1.4749484,-0.12857811,1.0001112,0.9999815,0.9999175,2.999972,16.000015,0.00018348383,0.00014986769,1100.0001,225.0001,-0.0009681244,4.291908e-05,0
5.000043,640.00024,129.0002,-0.00017421157,-6.0800157e-05,-4.5621204e-05,-1.1782055,-0.12951018,1.0002587,1.000316,1.0001049,29.999893,40.999924,2.8387922e-05,0.00016612635,3200.0,645.00024,-0.001591771,-0.00011898827,0
0.99988544,773.9999,711.0,0.23709664,0.08656035,0.29444057,-1.1471453,0.7356258,1.0001723,1.0001214,0.99982524,32.99982,102.00011,0.00018246347,-1.5368219e-06,1012.00024,711.0001,-0.0019586117,-4.0523082e-05,0
1.000036,295.00018,296.9998,-9.6090946e-05,0.00015895665,0.0003387203,-0.75385696,-0.8441788,1.999951,1.0000436,0.9998417,1.0001291,4.0000424,-0.00041460517,-0.00025916257,407.00046,296.9999,0.0032100556,9.319108e-05,1
5.0000186,75.00009,15.999956,-2.0683015e-05,-1.2096627e-06,6.578807e-06,-1.4817399,-0.048884194,0.9999741,1.0000149,1.999945,1.0000044,1.0000108,1.3212786e-05,0.000103071376,375.00003,79.99997,-0.0006636863,-3.5065335e-05,0
1.0000012,177.00009,177.99992,-2.8756633e-05,1.7901364e-05,9.9224126e-05,-0.3643448,0.0054002553,1.0001903,1.0000434,1.0000647,1.0002018,1.0001035,-7.351697e-05,-0.00020210617,220.9999,178.00002,0.0014996232,0.00046907915,1
5.0000005,275.00006,56.000046,0.22670011,0.12083284,0.34755513,-0.14390235,1.2116704,0.99993426,1.0000317,1.0000097,1.000015,4.9999595,0.003798565,0.0004779706,1375.0,280.0,-0.00033871405,0.0021308782,0
5.000035,220.0,45.00003,0.12635043,0.0258937,0.16085272,-1.0263733,0.7989811,1.0000618,1.0000031,1.0000398,1.0000262,4.999985,0.0009854266,0.00033021104,1100.0,225.00003,-0.0002617675,0.00049363915,0
5.000037,231.99994,46.999973,-5.972984e-05,-1.6157182e-05,2.5478004e-05,-1.5072491,-0.02694229,0.9999609,1.0000705,0.9999202,6.99992,15.000033,-2.7102512e-06,3.2914413e-05,1172.0,235.00009,-0.0009988128,3.1122643e-05,0
4.9999976,285.00003,58.000084,0.3101923,0.109826125,0.33137238,-1.1360164,0.6872466,0.99997896,0.99992824,1.0000592,1.9999444,7.9999514,0.0020408412,0.00033983187,1425.0,290.00006,-0.0003099793,0.0018124614,0
5.0000405,929.9999,187.00014,-0.0001739131,3.1934742e-05,2.5384697e-05,-1.4606613,-0.15774722,3.0002217,1.0000188,1.0000101,2.0001447,4.0001225,-0.0003633868,-0.00028386997,4650.0,935.0001,0.0018810182,0.00020013293,1
1.0000072,272.00027,241.00012,0.2808967,0.152288,0.39034945,-0.67304444,0.9880712,1.0000706,1.000052,0.99998635,19.000084,30.999975,0.00035827523,0.0001974105,377.99997,241.0,-0.00085267064,0.0003777509,0
5.000056,260.00003,52.99998,-2.462579e-06,1.8576202e-05,4.7166366e-05,-1.2660984,-0.09806896,0.99997926,1.0000648,1.0000124,4.999957,17.000038,5.9051904e-06,2.3273979e-05,1300.0,265.00003,-0.0008716289,-5.6296376e-05,0
5.0000763,289.99994,59.00001,0.00015074607,1.6061505e-05,5.0955397e-05,-1.3596004,-0.039154574,1.0000671,1.0000662,1.0000304,14.999871,18.000011,6.3197554e-06,0.000112709924,1450.0,295.0001,-0.0010349848,-6.8059955e-05,0
4.9999275,189.99985,38.99993,-1.2508027e-05,6.900059e-05,6.0824113e-05,-1.3486987,-0.120069265,0.99996346,1.0000639,0.9999946,1.000037,11.000083,5.1830182e-05,5.553309e-06,950.0,195.00003,-0.00077131443,-0.00015449608,0
4.9999003,600.0002,121.00002,-0.00010949101,3.5617395e-05,-1.8033849e-07,-1.4360715,0.12706292,1.0002378,1.0002972,0.9999382,36.0001,39.99993,-3.3450495e-05,3.1716387e-05,3000.0,605.00006,-0.0018944241,-0.00023752784,0
1.0002383,284.99963,286.00015,0.0004286079,-1.7449573e-05,0.0002762285,-1.4410828,0.029664267,0.9997618,1.0005033,0.99930274,91.00016,99.99991,0.0003755992,0.0003639444,391.00043,286.00003,-0.0040973634,0.00062281406,0
5.000005,145.0,29.999994,8.504042e-06,5.5029664e-06,6.2529607e-06,-0.9619977,-0.2860607,0.9999877,1.0000074,-4.8285533e-06,7.0000067,9.000009,2.4676207e-05,-4.5338996e-07,725.0,150.0,-0.00014638192,-1.6621936e-05,0
1.0000577,350.99988,332.0,0.3279572,0.11125304,0.33341056,-1.3666503,0.52546793,2.0000052,0.9999546,1.0000577,28.000029,38.99995,0.00018505845,0.00015829245,475.00003,332.00006,-0.0006982761,0.00023377904,0
0.9997284,227.00009,228.00044,0.00026682808,2.4042027e-05,-0.00011319523,-1.2005067,-0.088099845,1.9999754,2.000249,1.9999018,0.99993813,2.000271,-0.0004345856,-0.00018047624,227.0001,228.00046,0.004771458,0.00031541355,1
4.9999285,620.0,124.99992,0.40918294,0.1754047,0.41909224,-1.3942263,0.45783275,1.0001132,1.0001354,0.9999717,14.000106,23.00008,0.0005156453,0.00039972184,3100.0002,625.00006,-0.0014145009,0.0014299179,0
4.9999914,245.00006,49.99998,1.2898091e-05,-6.634252e-05,5.6043686e-05,-1.4483281,-0.008913892,0.99997985,0.9999113,0.9999909,4.999992,12.99992,6.4733365e-05,7.3066054e-05,1225.0,250.00002,-0.0008052676,6.553505e-06,0
1.000072,315.99997,304.00003,0.38139078,0.12020124,0.34675992,-1.18297,0.65245736,2.0000722,1.0000284,1.0000229,15.999998,21.999989,0.00026936247,0.00026971864,438.00006,304.00003,-0.00031432786,0.00036068555,0
4.999906,220.00005,44.999905,4.364045e-05,-9.8585566e-05,-9.045479e-05,-1.4818966,-0.002026522,1.0001353,1.0000639,0.99996406,5.9999876,15.0000725,0.00011435275,4.8196575e-06,1100.0,224.99998,-0.0009905535,3.0017109e-05,0
0.9999817,197.99995,200.0,5.1826606e-05,-2.8994928e-05,-7.2833004e-06,-1.4027487,-0.12002281,0.99996036,0.9999879,0.99990916,33.99999,40.000095,6.548201e-05,9.9876215e-06,264.00006,200.0,-0.00067898765,-7.422489e-05,0
1.000063,159.99994,160.99986,0.00017282469,6.0710652e-05,0.00011662421,-1.3630992,-0.13937284,1.0003364,1.0000324,0.9998816,48.999687,55.999825,0.00037929945,6.4429487e-06,186.00008,161.00008,-0.001871956,-4.1735584e-05,0
1.0,130.0,131.00002,0.009271493,0.00031761432,0.017083509,0.30828393,1.437611,5.999999,0.9999813,0.99999654,6.9999957,10.999999,-1.3288869e-05,-7.066546e-06,130.00003,130.99997,0.00026089643,4.548475e-05,1
1.0000441,482.00018,482.99982,0.0001241425,-0.00025705175,-0.000109011016,-1.2390507,-0.21677609,12.000024,1.9997795,1.0000759,48.000168,80.99999,-0.0003771112,-0.0005583742,482.00015,483.0001,0.0038304059,-2.5397843e-05,1
0.99997836,322.00012,280.0001,0.22935687,0.13028711,0.36103126,-0.07421503,1.2494898,0.99997973,1.0001533,1.0000265,12.000005,19.000015,0.00033397792,0.00014483681,448.00006,279.99997,-0.000595767,0.0004531427,0
0.99999917,168.00014,169.0,0.34599885,0.11083279,0.3326184,-1.4418042,0.40006974,0.9999386,0.99999297,0.9999362,20.000025,23.000021,0.00017556096,0.00016242752,168.0,168.99997,-0.0004844441,0.00048284486,0
5.000008,375.0001,76.00004,0.71316105,0.08358072,0.2893174,-1.4190432,0.13648544,1.0000213,1.0001012,0.999939,12.000076,26.000088,0.00079756725,0.00017701232,1875.0001,380.00003,-0.00085589156,0.001072095,0
5.0000367,235.99998,47.99996,4.5399785e-05,0.00010441454,5.801369e-05,-1.461344,-0.01111245,1.0001221,1.000071,0.9999526,5.9999895,15.000125,2.7901497e-05,0.00014976384,1186.0,240.00006,-0.00095044484,9.855773e-06,0
0.99987775,170.99991,172.0,0.0002537776,-0.00017635534,0.00036980928,-1.30135,-0.15391172,2.000171,2.0001066,1.0005126,1.0006083,3.0004635,-0.00026862894,4.399763e-05,171.00005,171.9997,0.0033963616,0.00018330541,1
1.0000666,336.00006,290.0001,0.0026623828,1.9629651e-05,0.005259376,2.0481193,1.8874401,15.00002,1.9999944,0.99998415,22.0001,24.99989,6.428396e-05,6.2955834e-05,446.0,289.99997,-0.00073429913,3.285441e-05,0
5.000009,190.00009,38.999996,-3.0418783e-05,5.157252e-05,9.218782e-05,-1.4851868,0.02763379,1.0001541,1.0001668,1.0000584,7.999973,14.000042,0.000206253,-8.5139004e-07,950.00006,194.99997,-0.0010613386,5.6065346e-05,0
4.999754,984.9999,198.00052,-0.00037961075,-0.00021149025,0.00038271156,1.7195603,0.7945442,6.000278,3.000493,1.0006112,6.0002503,8.000568,-0.0010178778,-0.00032918729,4925.0,990.0008,0.0064678746,0.0011462886,1
1.0000231,203.00003,185.99998,0.04486841,0.003199245,0.056697857,-0.97717273,0.78201145,1.999975,1.0000049,0.99999297,17.00002,27.000034,2.3716233e-05,3.7270056e-05,259.0,185.99998,0.0002607978,8.42388e-05,1
1.0000824,179.99994,180.99992,7.61328e-05,3.2820903e-06,0.00029729106,-1.5085578,-0.013460526,0.99990785,0.99994534,1.0000741,58.000114,62.99976,0.00029962754,9.063995e-05,239.99998,181.00005,-0.002283125,-0.00026979338,0
1.0002972,233.00029,233.99977,0.00018894605,7.5372755e-06,0.000120929,-1.4019618,-0.042647466,0.999978,1.0002182,1.0004137,65.000145,74.00046,0.0003139795,0.00024786626,232.99991,234.00052,-0.0026370918,5.6152425e-05,0
4.999765,590.0002,118.99998,-0.00015172262,2.8468114e-05,-0.0001522736,-1.2571032,-0.10584004,1.0001203,1.0002866,1.0000795,34.00009,42.000202,0.00011589146,-2.1154545e-05,2950.0002,595.0,-0.0018496835,-2.017412e-05,0
5.0000806,380.00003,77.0,0.24236062,0.09961074,0.31561857,-0.9538462,0.84371585,1.0000677,0.9999936,1.0000216,3.0000286,7.000013,0.0013069685,0.00029104913,1900.0,385.0,-0.0004531089,0.0013458349,0
4.9998894,385.0001,78.00003,0.6464679,0.11267151,0.33550912,-1.4506518,0.13816935,0.99995404,1.0000263,0.99999535,7.0000095,24.000029,0.0010032337,0.00022361272,1925.0,390.00012,-0.00073802925,0.0014239795,0
1.0000854,184.00006,185.00006,5.5261306e-05,4.4678018e-05,-4.2191856e-05,-0.97712696,-0.37670052,0.9999567,1.0000639,0.99996364,43.999928,53.000294,3.0801173e-05,0.00031986233,184.00014,184.99988,-0.0015469552,8.4580875e-05,0
4.99998,314.99997,64.00006,0.20870993,0.0939084,0.30649224,-0.2957736,1.1455705,1.0000755,1.0000396,1.0000106,1.0000036,9.0,0.0021114463,0.00022766752,1575.0,319.99997,-0.00049566437,0.0014688642,0
5.000004,320.00006,64.99999,0.21064535,0.10807473,0.3288016,-0.07545071,1.244953,0.9998646,1.0000601,1.0000252,1.9999865,4.000024,0.0028529337,0.0010817139,1600.0,325.00003,-0.00035221622,0.0016708447,0
5.000027,340.0,68.99996,-3.95992e-05,9.988831e-05,5.3119136e-05,-1.4732492,-0.10644371,1.0000086,1.0000842,0.99995065,10.000048,25.999928,0.00017371449,3.7949038e-05,1699.9999,345.00003,-0.0011616535,-0.00017076448,0
0.99999666,194.99992,195.99992,-0.00017828113,-0.00018810577,0.0002630797,-1.4955053,-0.04988447,1.000128,1.0001625,1.0001044,53.99988,66.99985,4.690191e-05,6.4776206e-05,273.00003,196.00003,-0.0023157715,-0.00018558437,0
1.0003374,370.0,371.99994,4.47617e-06,0.00015720664,0.00013847357,-1.362331,-0.09261395,2.000111,1.9998652,1.9998223,3.0000079,11.999568,-0.0004290107,-0.0003840133,468.00003,372.00018,0.005250365,0.0008404155,1
4.999991,85.00001,18.000008,-1.1019168e-05,-3.0229201e-05,1.8659362e-06,-1.2236949,-0.2501291,1.0000141,1.0000324,-9.589866e-06,1.000034,5.0000296,4.9855356e-05,6.263818e-05,425.00003,89.99999,-0.00023288254,-3.1010644e-05,0
4.999655,570.0001,115.00005,-4.036823e-05,7.316487e-05,0.00012825608,-0.90509045,-0.17383711,0.9998514,1.0001558,1.000062,32.00028,38.999958,0.00021353037,-1.8123761e-05,2850.0,575.0,-0.001487441,6.236561e-05,0
1.0000544,341.00003,342.0001,0.0008574757,2.4299683e-05,0.0025790408,8.145669,2.9975476,9.999988,1.9999989,2.000094,13.000029,15.000122,5.0847928e-05,0.000115176226,341.0,342.00003,-0.0006828137,-5.1762923e-05,1
4.9999533,60.000015,12.999994,0.8976705,0.022388827,0.14963378,-1.109782,-0.20268786,1.0000023,1.0000776,1.0000199,0.9999862,0.0001557068,0.004719931,0.0012232001,299.99997,65.00009,-0.00048057892,0.0016918374,0
1.0001192,185.00008,185.99992,-0.00011084014,0.0001635876,0.00014805711,-1.028295,-0.3693699,1.000053,0.9999263,0.99999726,53.999866,64.000244,0.0001764463,-5.7839e-05,259.00037,185.99976,-0.002264709,2.0112835e-05,0
4.9999795,415.0001,83.99999,0.63598716,0.10594683,0.32558683,-1.490146,0.080241285,1.0001371,0.99987984,0.9999656,14.000017,27.000158,0.00096684054,0.00021432851,2075.0,419.99994,-0.0009209526,0.0014064232,0
4.9999943,120.00003,25.000015,0.017468743,0.0005098895,0.022077305,-0.34852138,1.0919472,1.0000207,0.9999667,2.0000453,1.0000033,3.0000122,0.00018928136,0.00044284432,600.0,124.99999,0.0005431794,0.00010020949,1
4.9999433,611.00037,122.99994,2.63092e-05,0.00028574237,0.000299195,-1.2792455,0.0102301445,1.0002854,1.0000373,1.0001005,38.000042,44.00004,0.00045726562,-5.6109355e-05,3061.0,615.0003,-0.0019786493,-0.00016613443,0
1.000008,292.00012,255.99995,0.25284806,0.13622428,0.3689937,-0.45137003,1.0905036,1.0000199,1.0000231,1.0000495,12.999918,19.99995,0.00044137792,0.00021699186,407.99994,255.99997,-0.0005535917,0.0005124771,0
1.0000005,192.0,193.0,7.554797e-06,-4.913455e-06,1.1398091e-05,-1.5101943,-0.02822802,0.9999968,1.000004,0.9999985,26.999996,26.000004,-9.677431e-07,2.2150027e-06,192.0,193.0,-4.1458483e-05,-8.358061e-06,1
4.9998484,360.00003,73.00016,2.050433e-05,-7.4531554e-06,5.8486217e-05,-1.3748797,-0.17708708,1.0001507,1.0000013,0.9999353,19.000114,27.000025,7.465998e-05,0.000116395015,1800.0,364.99997,-0.0013065962,2.6876874e-06,0
5.000073,94.99999,19.999947,0.098054454,0.010055958,0.10034952,-1.3417447,0.5356257,1.0000782,1.0000265,1.0000098,0.99991566,4.999989,0.0015238759,0.00062850845,475.00012,100.00002,-0.0005398172,0.00045852564,0
1.0000352,251.0003,253.00009,0.000118245785,0.00039650837,0.00028745687,-1.4581305,-0.047251265,1.0002631,0.9999769,1.0001254,75.00045,89.99988,0.00054840127,0.00033790577,347.00012,253.00015,-0.0035382977,3.2778684e-05,0
5.000006,346.0001,70.00009,2.8546701e-05,2.0769474e-05,0.00012719835,-1.0005208,-0.32535666,3.0001924,0.9997835,1.0000342,2.9999852,3.0000527,-0.00017901226,-5.6644614e-05,1736.0,349.99994,0.0014637437,9.1673755e-05,1
5.0000052,273.00003,55.000023,0.23810096,0.07108023,0.26665565,-1.3693416,0.5502793,0.9999621,1.0000141,0.99993455,1.9999919,7.999997,0.0014504062,0.00024244083,1387.0,275.0,-0.00024364465,0.0011485068,0
0.9996774,438.00058,440.00037,0.00042569145,-0.00030585285,0.000513156,-1.4151171,0.052440986,1.9999273,2.000413,1.9997663,2.000147,1.9996526,-0.0006942139,-0.0007373778,610.0004,439.9996,0.00571196,0.0009244707,1
5.000027,240.00005,48.99995,5.06496e-06,-7.3418734e-05,0.00012956503,-1.500544,0.004161739,1.0000204,1.0000417,1.0000083,5.999935,18.000134,0.00011609229,0.000171438,1200.0,245.00002,-0.0009992328,3.7264665e-05,0
5.0000505,194.99998,39.999928,-6.9414506e-05,8.012711e-05,-2.2202696e-05,-0.56879365,-0.7921722,0.99998397,1.0000064,1.0000651,10.000024,15.000011,7.09356e-05,7.7916884e-05,975.00006,199.99994,-0.0009429617,0.00021957868,0
0.9997615,424.99982,426.00098,0.0007347005,0.00024280587,0.00028915686,-1.3784786,0.038061555,1.0012299,0.9996162,0.99973273,138.99966,148.99973,0.00092777924,0.00031198957,588.99915,426.00015,-0.006591926,-0.00028561632,0
1.0001419,184.00003,184.99991,8.870013e-05,0.00010366373,0.00016639107,-1.4896413,-0.016439565,1.0001193,0.9999646,1.0000855,47.00002,58.000065,0.00028145016,0.00014387142,184.00005,185.00006,-0.0018018176,-0.0001729421,0
1.0001291,175.00012,176.00012,0.00016000433,0.00012599907,5.072522e-05,-1.4683589,-0.046922833,1.0000513,1.0001389,1.0000908,55.00004,55.999798,0.00049974886,0.0003019265,175.00005,176.00021,-0.0019828558,-0.00021519193,0
5.0000286,265.00003,53.999996,0.22043152,0.059342988,0.24361329,-1.3692218,0.53726935,1.0000024,0.9999812,0.9999927,1.0000029,3.9999976,0.0013612554,0.0005668953,1325.0,270.00006,-7.328769e-05,0.0010608628,0
4.9999766,95.00001,20.000006,0.12259159,0.009265165,0.09639299,-1.4252167,0.1582291,1.0000294,0.9999956,1.0000315,1.0000156,3.0000112,0.001156003,0.0003859984,475.0,100.0001,-0.00056577934,0.000468313,0
5.0000014,364.99988,74.00002,0.26447493,0.12263742,0.3502102,-0.8144511,0.9102552,1.0000639,1.000051,0.99999106,2.9999747,7.0000567,0.0017708617,0.00032908807,1825.0001,370.00006,-0.00051573175,0.0015801999,0
5.0000362,265.0,54.000023,0.23804034,0.059245992,0.24335857,-1.127618,0.62688226,1.0000348,1.0000674,0.9999684,1.9999741,8.999952,0.001445341,0.0002655586,1325.0,270.0,-0.00026826278,0.0011158938,1
5.000078,225.99998,45.999985,-4.503729e-05,7.072786e-05,-4.3463853e-05,-1.4168513,-0.022617051,1.0000263,1.0000379,1.00013,3.0001476,14.999988,7.748986e-05,0.00013006674,1140.0,230.0,-0.00088314497,6.1449435e-05,0
4.999993,85.00007,18.00002,6.626524e-05,-5.1824478e-05,3.5463403e-05,-1.4728115,-0.038541906,0.9999836,1.0000526,1.9999745,1.0000628,0.99998283,5.281698e-05,0.00012333655,425.0,90.00002,-0.0006250521,-8.5596344e-05,0
5.000046,105.000046,22.00004,2.449422e-05,2.8028298e-05,9.6965545e-05,-1.1528238,-0.23300464,0.999992,1.0000118,1.0000037,0.999964,2.9999864,-2.4170768e-05,6.313129e-05,525.0,110.000015,-0.00064844155,-4.2377337e-06,0
1.0000883,436.99985,439.00003,0.00023472066,8.136488e-05,0.00015409515,-1.3686739,-0.16650134,2.000061,2.0002093,1.000463,6.999942,24.00063,-0.0002887161,9.199622e-05,591.00006,438.99966,0.004325903,0.00043597247,1
5.0000134,225.00005,46.00004,0.221019,0.05522061,0.23494266,-1.4598029,0.4713719,0.99998534,1.0000048,1.0000553,0.99997693,10.000016,0.0015258017,0.0002717832,1125.0,229.99995,-0.00042266442,0.0011197706,0
4.9999495,509.99997,103.00005,6.758972e-05,3.6536214e-05,-0.00014530435,-1.5019414,-0.048697453,0.9999675,0.99992824,1.0000808,25.999968,34.0001,0.00017654875,0.0001364124,2550.0,515.0,-0.00152835,-1.0570252e-05,0
5.000038,105.00002,21.999996,3.2522883e-06,-5.975454e-05,5.3139724e-05,-1.5098509,-0.06718548,1.0000625,1.0000827,1.9999299,0.99999326,5.0000057,9.473433e-05,0.00016653453,525.0,109.99996,-0.0007016814,-9.2679074e-05,0
4.999999,209.99982,43.0,2.7009726e-05,1.1743732e-05,-3.3207536e-05,-0.9926863,-0.45410025,0.999996,1.0000248,1.0000958,9.00001,9.999989,0.00011077875,8.522943e-06,1050.0,214.99995,-0.00076708326,-2.3627916e-05,0
1.0001209,179.00003,179.99983,-1.973757e-06,-7.096137e-05,1.1800431e-05,-1.3908203,-0.041940104,0.9999896,0.99995273,1.0001343,42.999966,48.00007,0.00013301341,0.00010403293,213.00003,179.99988,-0.0012486744,3.2659893e-05,0
0.9999293,452.0006,452.99908,0.00016301444,0.00028786293,0.0005017141,-1.2927375,0.06409759,2.0001688,2.0004623,1.9998657,2.0002525,4.0000744,-0.00072184403,-0.00082410494,619.9997,452.99945,0.005669882,0.00033317687,1
1.0000664,314.0001,297.00003,0.30439088,0.114783764,0.33869863,-1.2298603,0.64232177,1.9999028,0.99998677,1.0000205,21.000053,28.000065,0.0002042093,0.0005000139,414.0001,296.99994,-0.00044298658,0.0004072778,0
5.000766,899.99915,156.00082,0.00031617668,0.00077817834,0.00021704135,0.1448884,-1.1790631,2.0002108,1.0002751,1.000148,2.0006006,2.9999163,-0.0014068345,-0.000736907,20750.0,780.0002,0.0081441505,0.00029139256,1
5.0000315,100.000015,21.000097,2.5785885e-05,-2.8018349e-05,2.3107674e-05,-1.3912424,-0.11426539,0.99999994,1.0000436,1.999945,1.000045,1.0000774,4.459571e-06,2.0927388e-05,499.99997,104.99997,-0.00056254864,-1.6441312e-05,0
0.99989283,193.00003,193.99983,-6.262632e-05,8.695866e-05,4.685928e-05,-1.4760011,-0.0165858,1.000199,0.9999378,1.0001023,45.000175,61.999844,8.073117e-05,8.581504e-05,193.00003,194.0001,-0.0018764832,-3.6075133e-05,0
4.9999847,74.99997,16.000057,4.0639216e-06,-2.5787747e-05,-3.4601224e-05,-1.3975617,-0.10096941,1.0000018,1.0000502,1.9999888,0.999927,2.9999607,8.612507e-05,7.252739e-05,375.0001,80.000084,-0.0007321652,-7.065071e-05,0
0.99995667,199.99992,202.00032,2.0078909e-05,-2.0780251e-05,-5.8544258e-05,-1.5033411,0.042631987,1.0001373,0.9998588,1.0003356,53.000446,63.00019,0.00024902457,0.00011266953,280.00027,202.00002,-0.0019950294,-0.00046902342,0
4.9999638,89.99999,19.000046,0.114827156,0.011660998,0.10755778,-1.3739666,0.4092883,0.9999987,1.0000501,0.99996394,1.0000012,0.9999952,0.0015058564,0.0002989923,450.00012,95.00002,-0.00047127515,0.00055001624,0
5.000084,470.00024,95.00018,3.7839312e-05,4.7166428e-05,-0.00024115502,-1.017156,-0.2751805,1.9999899,2.000034,1.0000625,10.000275,16.000061,-0.0003528822,-0.00028568317,2350.0,475.0002,0.00206829,0.00010620969,1
1.0000365,247.00008,237.99991,0.39726532,0.14850707,0.38526767,-1.3679014,0.46594724,1.0000244,0.9999074,1.0000257,23.000113,36.99992,0.0003335698,0.00022460453,343.0001,238.00008,-0.0008678032,0.0005032141,0
4.9999967,200.0,40.999966,0.00011269749,-6.681962e-05,8.016011e-05,-1.4982945,0.09909497,1.0000422,1.000037,0.9999347,5.0000253,11.00009,1.2025059e-05,9.284371e-05,1000.00006,204.99998,-0.00085526303,-3.2253603e-05,0
4.9999905,240.0,48.999954,-7.2509785e-05,3.2888416e-05,5.6371082e-05,-1.396721,0.03104096,0.9999801,1.0000589,1.0000015,6.9999795,14.000074,2.5285262e-06,3.8639093e-05,1200.0,245.0,-0.00086845906,-2.9599534e-05,0
5.0000243,260.00012,53.00008,0.34112823,0.21790239,0.46676838,-0.60724527,0.9924912,1.0000832,1.000114,0.9999236,1.0001425,4.9998813,0.00601603,0.00044426916,1300.0,265.0,-0.00035535183,0.0039546974,0
4.999972,224.99995,45.99997,0.32512861,0.16730566,0.40909806,-0.9427133,0.8200002,1.0000613,1.0000446,1.000017,2.0000696,8.999967,0.0054701045,0.00091015024,1125.0,229.99992,-0.00038919615,0.0035280061,0
5.0000424,230.00009,46.999996,-0.00013237473,6.824692e-05,3.6569912e-05,-1.4747506,-0.012740731,0.9999023,0.99988127,0.9999888,4.0001087,14.9999895,0.00021493676,7.3830624e-06,1150.0,235.00005,-0.0008901988,-7.8073914e-05,0
4.9999733,75.0,16.000086,1.43754805e-05,7.092333e-05,7.541557e-05,-1.5062171,-0.039647024,1.0000052,1.0000678,2.0000396,0.9999552,1.9999849,6.4704414e-05,5.587258e-06,375.0,79.999985,-0.0007282015,-3.1334926e-05,0
1.0000223,187.0001,188.00009,-1.5697971e-05,0.00012991582,-3.455343e-05,-1.4960496,0.032325793,1.0001508,1.000107,0.99994296,48.000088,57.00008,1.2018994e-05,0.00020999355,186.99998,187.99998,-0.0018131874,-7.8323545e-05,0
1.000271,513.0001,514.00024,0.00031643745,7.081663e-05,-0.00021688707,-0.85907984,0.30625257,0.9999177,0.9997088,0.99964345,4.000087,2.0001545,-0.00020590158,-0.00019009801,706.99963,513.9998,0.0028638786,0.00093486183,1
4.9999905,95.00016,20.000084,-3.0108507e-05,1.8066774e-05,3.0211439e-05,-0.8455897,-0.24025764,1.0000603,1.0000048,0.9999643,3.0000422,4.9999537,0.00014926,3.647829e-05,474.99997,100.00003,-0.00063259364,-6.702549e-05,0
1.0001547,688.9998,657.99994,0.17214096,0.043790262,0.20918192,-1.1707628,0.7073342,1.9999524,1.0000981,1.9999543,58.000034,115.99996,0.0002183893,9.6291486e-05,791.0001,658.00006,-0.0013718962,-0.00014873086,0
1.0001425,183.00015,185.00021,-9.334627e-05,0.00023676243,-5.6658468e-05,-1.31498,0.078524224,2.9998822,2.0000057,1.9997556,2.000648,14.999924,-0.00035865218,-0.00025329454,249.00008,184.99957,0.0042051543,0.00046991927,1
0.99994415,371.00003,342.99997,0.16648948,0.046388544,0.21523733,-0.8874391,0.8825288,2.0000079,1.0000037,1.0000404,27.999983,51.999805,0.0001950263,0.0002004806,487.00012,343.0,-0.000745759,1.805775e-05,0
4.9999638,175.00014,36.00004,0.32843623,0.09850771,0.31380448,-1.4359707,0.39876604,1.000005,0.99991703,1.0001404,1.9999979,7.0000777,0.0039616856,0.0005879011,875.00006,180.0,-0.0003420092,0.0025460708,0
5.0000243,280.00006,56.999977,0.23710002,0.115508415,0.33978307,-0.046795305,1.2464644,1.0000812,1.0000551,1.0000257,1.0000427,5.0000215,0.003620928,0.00053392025,1400.0001,284.99994,-0.0003481366,0.001942723,0
0.99998206,425.00003,362.0001,0.009183056,0.00015876135,0.010118069,-1.4518088,0.45723242,16.999924,0.9999818,1.0001684,58.00014,70.99995,8.48103e-05,0.00010270705,589.0,362.00003,-0.0014225545,-0.0002736423,0
5.000076,230.00005,47.000076,-1.8113893e-05,5.0162183e-05,7.660562e-05,-1.2177849,-0.15284678,1.0000489,1.0000273,0.99997425,4.0001125,13.000033,6.8579655e-05,0.00012880372,1149.9999,235.0,-0.00075063866,1.8026743e-05,0
4.9999332,109.999954,23.000076,4.0083956e-05,-1.133898e-05,5.7218636e-05,-1.4312261,-0.028692117,0.9999892,1.0000272,0.99998796,1.0000521,4.0000234,7.233323e-05,4.9011418e-05,550.0,115.00004,-0.0007271199,-7.154598e-05,0
1.0002781,525.00024,526.0003,-0.0002850932,0.0007613909,-0.00015628728,-0.71845025,-0.8044396,1.0010481,1.0005451,1.0009537,160.00119,178.00003,0.0009640145,0.00084888807,733.00037,525.99994,-0.0076765465,0.00028110805,1
0.9979496,913.00354,914.9992,0.0006486802,0.0021856863,-0.00048210283,-1.2543534,-0.26178297,4.99884,4.998031,4.003808,4.0004525,11.000477,-0.0001105128,-0.0018613695,1249.0016,914.99725,0.016724737,-0.0011226676,1
0.9997245,193.99991,195.0,0.000102708735,-2.0760468e-05,-0.00011967716,-1.3745031,-0.06944632,2.0002942,2.000175,0.99969715,3.9998424,15.000444,-3.4190773e-05,-0.00011416238,193.9997,195.0,0.0029085977,0.0002915132,1
0.9997778,271.00082,272.00046,-7.148773e-06,2.9358385e-05,-1.8957484e-05,-0.8873615,-0.13882211,2.0004723,2.0001116,1.9999516,3.0003026,5.9999676,-0.00039306385,-4.969597e-05,339.00052,271.99954,0.004914432,0.0001807762,1
0.9999592,200.99998,203.00009,0.00015234698,3.616777e-06,1.542139e-05,-1.5038213,0.0066479733,0.9998701,1.000067,1.0000736,41.999954,47.000042,7.991671e-05,0.00024611782,259.0001,203.00006,-0.0011212525,9.753591e-05,0
4.999889,174.99998,35.999947,0.20498872,0.014350014,0.11959018,-1.0388559,-0.45817485,2.9999728,1.0000676,1.0000389,4.000056,4.999974,0.0011008753,0.00035991514,875.0,180.00003,0.00084677665,0.0003972968,1
1.000094,313.00015,280.00012,0.24737102,0.12490131,0.35338527,-0.53921336,1.051644,1.0000839,1.0001936,1.0000156,19.9999,26.999928,0.00029165353,0.00010472637,420.99997,279.99997,-0.0007727767,0.0004364967,0
5.000083,530.0,107.00008,9.047087e-05,-1.3939566e-05,8.044969e-06,-1.3362668,0.056157887,0.99986976,1.0000244,1.0000694,18.999977,32.999874,0.00021626097,9.390405e-05,2650.0,535.0,-0.0012522271,-9.3681745e-05,0
4.9998894,475.00003,95.999954,0.47425634,0.19104461,0.4371527,-1.4132311,0.39680296,0.9998162,1.0001409,1.0000846,9.999968,18.999979,0.0012351474,0.00042758245,2375.0,480.00003,-0.0010171656,0.001915285,0
4.999912,424.9999,85.99981,0.48343968,0.17556548,0.4189436,-1.5278181,0.19380029,1.0001329,0.99994445,1.0000712,5.000066,21.00013,0.0012404333,0.00028047347,2125.0,430.00012,-0.00074596406,0.002073434,0
1.0003594,571.9992,573.00024,-0.0006516987,0.00011218211,0.0007609506,-1.2433594,0.07273869,1.9999266,1.9992756,2.0003211,2.0003574,1.9994091,-0.0006691042,-0.00092167786,781.99994,573.0004,0.0064170337,0.00057597616,1
4.999981,250.00008,51.000057,0.35856843,0.13261676,0.3640338,-0.7562634,0.9191686,1.0000367,0.9999931,0.9999367,2.9999716,9.999966,0.0038964916,0.00072377344,1250.0,254.99998,-0.00042116843,0.0025047085,0
1.0000459,485.99994,454.99994,0.105584376,0.023987561,0.15501145,-0.6064672,1.0437706,2.0000355,1.0000677,0.9999639,38.999954,45.99999,0.0001285606,4.2485117e-05,595.9999,455.00003,-0.00080227474,-0.00012862835,0
4.9999475,225.00006,45.999928,2.9603729e-05,6.784998e-05,0.000103232895,-1.3702781,-0.08048754,1.000011,0.99998635,0.99988145,5.0000534,14.999995,0.00013856278,0.000100401216,1125.0001,230.00002,-0.00088813924,1.787922e-05,0
0.9999507,566.99994,517.99994,0.16554257,0.04449056,0.21095824,-0.62150574,1.0074469,1.0000055,1.0000106,1.0000504,19.999975,63.999954,0.0002141848,9.2373484e-05,793.0,518.0001,-0.00087094534,3.6022855e-05,0
4.9998517,155.00003,32.000095,0.22417396,0.035067696,0.18717247,-1.418352,0.17456773,2.0000114,0.99999243,1.0000204,2.0000408,0.9999877,0.0038519106,0.00803776,774.99994,160.0,0.0011208818,0.0012033555,1
4.9999843,379.99994,76.99995,0.21064115,0.11495492,0.3389634,0.581049,1.4689785,0.9999933,0.9999526,0.9999737,2.0000598,12.0000305,0.0024723841,0.00040549875,1900.0,385.00003,-0.00072619034,0.001417535,0
1.0002732,521.0007,522.0001,-0.00017828288,-0.00016929462,-0.0006803972,-1.3812916,0.072867654,2.0005417,1.9996245,0.9996983,1.9998126,4.0001955,-0.0004437159,-0.0003159813,521.0006,522.00006,0.0051697902,0.00055216154,1
1.0001614,460.99954,461.99997,6.0066774e-05,0.00014354388,0.00033222212,-0.60014886,0.27347994,2.000404,2.000538,0.9998835,0.99977875,2.0004523,-0.00047786097,-0.00023951703,464.99988,462.00058,0.0046413373,0.0010723511,1
0.9999831,215.0,216.00002,8.189785e-06,-1.1807064e-05,1.81537e-05,-1.3007803,-0.09219699,1.9999948,0.9999984,0.9999999,26.999992,31.0,-1.6524691e-05,-7.965972e-06,215.00002,216.0,0.00020148039,4.4318526e-06,0
4.9999824,195.00003,40.000034,0.06639243,0.0071406392,0.084466726,-0.7271177,0.89285123,1.9999965,1.0000386,1.0000093,2.0000012,2.9999878,0.0013169645,0.0024113858,975.00006,200.0,0.0004966593,0.00025244628,1
1.0000209,209.99997,211.00002,1.44047e-05,9.366887e-06,-5.0767987e-05,-1.4953641,-0.01780969,0.9999408,1.0000128,0.99997723,24.0,49.999985,0.00012132372,4.2960215e-05,210.0,211.00006,-0.0006944863,-5.316879e-05,0
0.99998415,208.00003,195.99997,0.16430123,0.024959167,0.15783748,-1.3145665,0.48366976,1.0000376,1.0000232,0.99999994,22.99998,35.000034,0.00010110536,0.00018064257,276.0,195.99995,-0.00018285529,8.238463e-05,0
0.99991614,189.99994,190.99992,0.00021200305,5.732321e-05,0.00026142935,-0.842667,-0.30343288,0.9999428,1.0000254,1.0000924,0.99998814,1.0000958,4.873622e-05,6.571504e-05,190.00008,190.99985,0.0017803052,0.00012210161,1
4.9999228,269.99994,55.000057,0.00011047727,-1.3720036e-05,-1.3652886e-05,0.24057248,-0.681912,2.0000055,1.0000547,0.9999086,0.9999999,2.0002358,-0.00019115263,-0.00017188885,1349.9999,274.99994,0.0012679546,0.000159289,1
1.0000663,190.00003,190.99997,2.0384854e-05,5.8989222e-05,8.523145e-05,-1.4877585,0.04359604,1.0000591,1.0000381,1.0000734,30.99995,38.000072,7.4488846e-05,5.924626e-05,189.99995,191.00003,-0.00048532517,-6.6987115e-05,0
1.0000873,411.00018,376.99997,0.02003989,0.0005793615,0.020038309,-1.519425,0.34597605,15.00002,2.000079,1.0000716,79.999985,82.000275,0.00012272221,0.00012808834,552.99994,377.00003,-0.0013028948,-2.1151309e-05,0
1.0000098,200.00002,201.0,0.14625259,0.027216226,0.164958,-0.9371707,0.8169507,2.000016,1.0000067,1.0000026,16.999996,22.0,0.00011916956,0.00021151954,200.00002,201.0,1.9536683e-05,0.00010894687,0
5.0000277,184.99997,38.000004,0.12376866,0.02175838,0.14753793,-1.371149,0.588434,1.0000098,0.9999542,0.99997187,2.0000057,4.999978,0.0015452061,0.0016306643,925.00006,190.0,-0.00025482164,0.00048966537,0
1.0000046,184.00002,175.00018,0.00011514744,9.604157e-05,0.0003245151,-1.3315057,0.0058697616,1.00014,1.0000138,0.9999569,37.000084,53.00014,0.00030047147,0.00031629516,294.0001,175.00009,-0.0012207922,-8.6271146e-05,1
1.0001385,264.0001,265.0002,0.00013929879,6.812552e-05,0.00011390658,-1.5045675,0.027661575,1.0001885,1.0002934,0.9999826,79.00029,90.00056,0.0005045728,0.000107378175,264.00034,265.00027,-0.0036668978,8.016678e-05,0
5.0000095,79.99999,16.999958,7.365183e-05,-4.9566996e-05,4.5239107e-05,-1.535157,0.042270843,1.000055,0.9999307,2.000034,1.000044,2.000109,5.6697518e-05,0.0001278859,399.99997,85.000015,-0.00066085235,-0.0001185006,0
4.9999895,215.00003,43.99998,0.2418228,0.06297625,0.25074235,-1.4531453,0.43508092,1.0000246,0.99998593,0.9999551,3.0000553,6.000002,0.0019562095,0.000575799,1075.0,219.99998,-0.00031255686,0.0013772802,0
1.0000799,187.99992,188.99988,-3.9920702e-05,-3.1928288e-05,0.0001277658,-1.4227598,-0.0786223,1.0000188,0.9999938,1.0000703,54.00013,61.0002,-6.1325416e-05,0.00015445557,188.00017,189.00003,-0.0021222737,5.103633e-05,0
1.0007532,390.99985,392.00015,-0.00035306838,-0.00022686958,0.0006062786,-0.79559827,-0.8119791,1.0008825,1.9999701,2.0008376,1.9999256,2.999591,-0.00028710876,-0.00041686397,532.99994,392.0008,0.005771677,0.0005614795,1
5.0000668,210.00003,43.00002,0.12639788,0.019583594,0.13985215,-1.0338244,0.7833809,1.0000249,0.99998844,0.99999994,0.9999685,7.0000095,0.0008371212,0.00018054305,1050.0,215.00006,-0.00034470647,0.00040832418,0
0.9995195,417.00037,418.0006,0.00018719974,0.0012483593,0.00028561984,-1.2923797,-0.1325555,0.9999651,1.0000268,0.99956626,135.00038,138.99886,0.0007485301,0.00022848879,531.00055,418.0,-0.006212508,-0.00057537353,0
5.0000854,249.99998,50.99997,0.23552874,0.11309775,0.3363328,-0.4808302,1.0707122,0.9999822,1.000016,0.9999923,3.0000834,5.0000505,0.0039332034,0.0011169612,1250.0,255.00003,-0.0002445244,0.0020443148,0
1.0001146,459.9993,461.99997,0.0005727349,0.00017065887,0.00024030682,-0.8799513,-0.61160517,1.0003165,1.0003512,0.99971426,133.00005,143.00064,0.00043620597,0.00052971387,616.0009,461.9999,-0.006361186,-0.0012811266,0
5.0000606,100.0001,20.999973,-5.785715e-05,-3.6237372e-05,7.542776e-05,-1.3816828,-0.11472185,1.0000058,1.0001236,2.0000029,1.0000304,6.000013,6.012703e-05,9.49635e-05,500.0,105.00007,-0.000735108,-6.0983675e-05,0
5.000002,399.99994,81.00005,0.000106236366,0.00015695924,4.5218887e-05,-1.465618,0.08259624,1.0001091,1.0000782,1.0000141,15.000046,26.000004,0.00015556757,0.00020763442,2000.0002,404.99994,-0.0011160205,-3.2422715e-05,0
4.9999356,259.99997,53.00011,0.0001090742,7.402064e-05,8.409572e-05,-1.3790759,-0.05778879,0.99991584,1.0000287,1.0001192,4.99996,16.99995,9.886734e-05,0.0001201073,1300.0001,264.99997,-0.00091013854,-4.7565714e-05,0
1.0000076,230.0,217.00005,0.41910017,0.19475526,0.4416403,-1.3090727,0.5376804,2.000178,1.0000087,1.0000697,18.999956,29.000284,0.00041165328,0.00031441,305.99985,216.99986,-0.00057079154,0.00064326153,0
0.9999046,177.00005,179.00009,2.3452129e-05,-2.378444e-05,0.00012917955,-0.87480575,-0.20645146,1.0000982,1.0000112,1.0001302,0.9999792,1.999996,-0.0001292085,-0.00015651569,228.99992,178.99995,0.0015232753,0.00021119718,1
5.000036,185.99992,37.999985,2.5464988e-06,-3.8930248e-05,3.872206e-05,-1.3515232,-0.067567684,0.9999757,1.0000865,0.9999902,7.0000625,10.999993,0.00013729009,5.5184875e-05,936.0,189.99994,-0.00090556423,2.0241241e-05,0
0.99987787,668.00055,619.9996,0.1930608,0.06518775,0.25552648,-0.9187168,0.8690804,3.0001295,1.0008165,1.0001644,97.000015,171.99985,0.00018545192,0.00047719173,916.0,619.9998,-0.005162418,0.00019827507,0
5.000029,221.00003,45.000084,-5.4226434e-06,4.097903e-05,7.5346165e-05,-1.484996,0.010760373,0.9999014,1.0000278,1.000123,4.0000973,15.000042,0.00015312617,-2.0811618e-05,1125.0001,225.0001,-0.0009454589,4.9134946e-05,0
4.9999437,99.99998,20.99994,5.029802e-05,-2.4648161e-06,9.270781e-06,-1.3359965,-0.045856666,0.99989057,0.999982,2.0000622,1.9999928,5.000054,0.00010416511,4.688574e-05,500.00012,105.00001,-0.0006478637,5.5617566e-05,0
5.0000434,424.99997,85.99998,0.6502674,0.14752807,0.38392407,-1.4523787,0.040484287,2.0000734,0.99994695,1.0001155,12.999941,29.000048,0.0009982324,0.00029440733,2125.0,430.00012,-0.000537911,0.0017516073,0
5.000019,234.99998,48.00002,0.17394765,0.06624445,0.257346,-0.44838223,1.1078539,1.0000348,0.9999871,0.9999708,0.999927,5.000023,0.0027446346,0.00046954068,1175.0,239.99995,-0.00028936553,0.001352734,0
5.0000014,319.99997,65.00002,0.38308552,0.13121575,0.36216128,-1.3924097,0.34763035,1.0000355,0.99999565,1.0000167,2.0000222,12.999948,0.0014900463,0.00013858688,1600.0,325.0,-0.00030798747,0.0019571127,0
5.0000052,479.99994,96.99996,0.47326726,0.18098101,0.42550278,-1.2409316,0.49488595,1.0000303,1.0000657,1.0000591,10.000201,25.999998,0.0011742209,0.00035152258,2400.0002,485.00012,-0.001229222,0.0017516613,0
5.0000467,230.00008,47.000004,3.8669292e-05,4.8256534e-05,9.591222e-05,-0.8158811,-0.5809143,1.0000355,0.9999748,1.0001074,1.9999733,14.999925,8.025001e-05,5.0828658e-05,1150.0,235.00009,-0.00066487165,6.3763786e-05,0
0.999856,416.00018,417.0001,3.34932e-05,-0.0001014252,-0.00010888206,-1.3601573,0.08535163,2.0000808,2.000124,1.0002244,34.000046,66.00002,-0.00026660692,-0.00035856618,480.00003,417.00027,0.002072026,0.00046721575,1
4.9999065,429.99997,63.00011,0.00019297037,-0.00014307744,0.00011782502,-0.83474874,0.5644167,1.0002679,1.0001425,0.99997693,0.9999366,1.000185,-0.0008272778,-0.00022265958,17150.0,315.00024,0.0045349067,0.00061276,1
1.000015,204.0,206.00005,5.8517003e-06,1.309366e-05,5.3323536e-05,-1.4721333,-0.015038896,1.9999782,1.0000454,1.0000083,33.99996,41.0,5.519069e-05,3.5899455e-07,268.00003,206.00003,-0.00033835683,-4.9909675e-05,0
5.000072,75.00001,16.000006,2.4943422e-05,-9.348144e-05,-2.6589238e-05,-1.4812002,-0.06358147,1.0000354,1.0000175,2.0000684,1.0000175,0.9999748,0.000116277,8.7756875e-05,375.00006,80.00004,-0.00069584104,-1.64049e-05,0
1.0000857,203.99992,204.9999,-7.461991e-05,0.00011655665,0.00020388041,-1.4368442,-0.11798513,2.000365,2.0001822,1.0000479,0.9998141,4.9999204,-0.00031784104,-0.00025402798,233.99995,204.99973,0.003519781,0.00013298355,1
0.9998392,474.9997,475.99994,0.00011067648,0.00015193479,7.986372e-05,-1.4121222,0.051623676,6.00026,1.0001842,1.0000266,90.00022,115.000145,0.0001766467,1.681578e-05,628.9999,476.00015,-0.0025541645,0.0001862091,0
5.000018,240.00002,49.00004,0.3061031,0.09930392,0.31505853,-1.2412049,0.60360897,0.9999743,0.99993503,1.0000612,2.000013,5.9999695,0.002444782,0.0005191991,1200.0,244.99992,-0.00023890877,0.0019497207,0
4.9999943,79.999985,16.999996,8.3194915e-05,7.266191e-05,4.286221e-05,-1.1324601,-0.35856822,1.0000453,0.99993587,2.0000296,1.0000563,2.000006,4.4104723e-05,4.5540317e-05,400.0,85.00012,-0.0006675064,-7.8470395e-05,0
5.0000043,94.99992,20.000004,1.0219862e-05,1.4451668e-06,9.704773e-05,-1.3541195,0.123349935,0.9999839,1.0000417,2.000065,1.0000467,4.9999986,4.541411e-05,7.557153e-05,475.00006,100.0,-0.0005948017,-6.5322674e-05,0
1.0000553,221.00008,204.00006,0.26530206,0.09275384,0.30446956,-1.2622241,0.632007,1.0000018,1.0000896,1.000022,20.000025,25.0001,0.00021115037,0.00024012111,295.00003,204.00003,-0.00045936918,0.00038168117,0
4.99998,254.99997,51.999943,0.22541653,0.11300196,0.33606255,-0.29071704,1.153221,1.0000397,0.9999888,1.0000104,1.0000234,4.0000453,0.0038688441,0.00030777475,1275.0,260.00003,-0.00027497284,0.002124529,0
4.999968,215.00002,44.00003,0.00016592367,-8.353091e-05,-5.0869006e-05,-1.4689864,-0.016700795,0.9999512,1.0000662,1.0000031,7.000114,14.000017,6.2152445e-05,0.00022626527,1075.0,219.99997,-0.001001448,-5.5308523e-05,0
0.99989206,489.00006,490.0002,-0.00016576046,3.111181e-05,0.00035241386,-1.3520273,-0.04713414,1.0001965,0.99948066,0.99964476,104.00025,135.0002,0.0003644051,0.0003495042,489.0002,490.00015,-0.0051678014,0.00040936662,0
5.000011,160.00003,32.999977,0.16733906,0.042128406,0.20526856,-1.0664908,0.7704542,1.0000778,1.0000701,1.0001099,0.9999841,6.99999,0.002613561,0.00054246234,800.0,164.99995,-0.00039591434,0.0011764779,0
1.0004709,318.9997,319.99988,-0.000574975,0.0002762225,0.00023295554,-1.4288448,-0.054825112,1.0000119,1.0002441,0.99972713,88.99985,100.00012,6.992738e-05,0.0007129531,425.00027,319.99988,-0.0039974027,0.0002905705,0
5.0000587,79.99999,17.000042,3.191922e-05,7.60669e-05,-1.8684761e-05,-1.4873698,-0.022906568,1.000036,0.99996096,2.0000176,1.0000639,3.0000045,8.427815e-05,-2.3338982e-06,400.0001,84.99999,-0.00071484246,1.8647017e-05,0
5.00001,265.00003,53.99994,0.30899882,0.13673922,0.36986202,-1.1203481,0.71656656,1.0001205,1.0000619,1.000183,1.0001211,6.9999056,0.0029830257,0.00032362423,1325.0,269.99997,-0.00032197352,0.0025299229,0
5.0000396,229.99995,47.000095,0.0001099263,-8.17919e-06,-9.0535053e-07,-1.3122019,-0.07381157,0.99991196,1.0000539,1.0000507,4.000086,13.000011,0.00011886943,0.00011685735,1149.9999,234.9999,-0.0007677197,6.758295e-06,0
5.0001826,580.00024,117.00021,0.00016055946,0.00024642097,-5.2091156e-05,-1.1200981,0.08780954,2.9998446,1.0000503,1.0000463,2.000196,5.0000443,-0.00020266023,-8.124145e-05,2900.0,585.00006,0.001711287,0.00028236993,1
0.99992305,210.00005,211.0,4.924525e-05,1.2284164e-05,-0.000100819925,-1.4930907,-0.00929641,1.0000297,0.99999154,1.0000969,41.999958,52.999992,0.00013954382,0.00021696456,210.0,211.00002,-0.001352066,4.7028716e-05,0
1.0000936,181.00003,181.99991,3.3301072e-05,3.614869e-05,5.1319726e-05,-1.0719582,-0.27045703,2.0000124,1.0001512,1.0001096,40.999966,48.000145,0.00011881436,9.1049405e-05,247.00002,181.99997,-0.0008575992,2.9975075e-05,0
5.000036,223.00005,44.999966,-6.884315e-05,3.6566074e-05,6.6721936e-05,-1.4949753,-0.031300254,1.0000825,0.99998045,0.99999595,8.000045,16.000013,1.9864505e-05,5.718422e-05,1133.0,225.00006,-0.0010812077,-3.721429e-05,0
0.9999627,185.0,186.00002,-6.4114433e-06,-1.3410254e-05,2.5646275e-06,-0.69049317,-0.7442104,2.0000055,1.0000077,1.0000489,26.999992,35.00001,3.7129863e-05,-1.3174722e-06,184.99997,186.0,-0.00029406848,-4.4490935e-05,0
0.99973994,457.99985,430.99988,0.2217765,0.0706345,0.2656839,-1.1569376,0.71545786,3.0000844,1.0000579,1.0000793,53.999855,71.99998,0.00032516237,0.00022192505,633.99963,430.99994,-0.001610592,0.00018490163,0
1.0003418,372.0,349.00006,0.21432658,0.06619309,0.25721866,-0.19047627,1.1171297,1.0001082,1.0000424,1.0002215,49.0002,75.00009,0.000104576226,0.00017224913,479.99994,348.99973,-0.0019686478,9.6916505e-05,1
1.0000187,587.0,526.9999,0.29644072,0.14174592,0.37615213,-0.9391403,0.8307295,0.9998699,1.0003443,0.99999213,85.00031,108.99983,-7.4120144e-06,0.0005684415,793.0,527.0,-0.0040616496,0.00043109106,0
0.9999018,224.00034,225.0,0.00017937223,0.00030740627,0.00013332516,-1.4090685,-0.019605773,0.999947,1.0000826,0.99981123,66.00033,78.00012,0.0004006198,0.00021671501,223.99986,224.99985,-0.002844921,-0.00016038334,0
5.0000076,130.00003,26.999964,0.04878084,0.0029279748,0.054158438,-0.9032903,0.70813745,1.9999579,0.99994016,1.0000635,1.9999452,2.0000126,0.0015303954,0.0030853748,650.00006,134.99997,0.00056783715,0.00019967723,1
5.0000577,235.00009,48.00005,-2.4347935e-05,5.5020006e-05,3.711494e-05,-1.1210241,-0.2709214,0.999897,0.999989,1.0000631,5.000063,14.999965,0.00015399634,1.5456551e-05,1174.9999,240.0,-0.0007952746,9.897155e-05,0
5.0000396,75.00004,16.00004,3.6383124e-05,-6.5644927e-06,1.48575e-05,-1.4152913,-0.1035507,0.9999759,0.99997157,1.9999899,0.999981,3.9999716,0.00013030297,3.9307404e-05,374.99997,80.00003,-0.000779235,1.5721174e-05,0
1.0000288,341.00003,308.99997,0.27782762,0.08806176,0.2968259,-1.376378,0.51800406,1.00008,0.99998385,1.0000328,24.999989,31.000042,3.663876e-05,0.00017323805,469.0,309.0,-0.00049090415,0.00019718059,0
5.000006,100.00005,21.000015,7.208583e-05,-6.426238e-06,-7.6114134e-06,-1.1075253,-0.3784579,1.0000017,0.9999082,0.99998283,2.0000668,4.9999332,0.000106969484,1.2871436e-06,500.00006,105.00002,-0.00077632064,-6.027552e-05,0
5.0000377,186.00002,37.99999,-8.872513e-06,2.6603286e-05,2.6349831e-05,-1.0291137,-0.28316864,2.0000105,1.0000007,1.0000314,2.000002,2.0000138,-5.308838e-05,-3.624626e-05,936.0,190.00003,0.00033089722,1.122588e-05,1
4.999982,315.00006,64.00001,6.190853e-05,0.00023897206,9.359791e-05,-1.4825102,-0.03856331,1.0000495,1.0001005,1.0000472,11.00007,24.000088,0.0002462723,5.943069e-06,1575.0,320.00006,-0.0011141859,-3.0562333e-05,0
4.999991,250.00005,51.0001,0.24384193,0.13202031,0.36339858,-0.24797328,1.164525,0.9999266,1.0000533,1.0000058,0.9999742,3.0000193,0.004728374,0.00061331526,1250.0001,255.00006,-0.00023825954,0.0025160168,0
1.0001441,210.99995,195.99988,0.36314818,0.15098944,0.38846508,-1.3508195,0.5274145,1.0000846,0.99997324,1.000066,13.000014,29.000078,0.00047855653,0.00026262214,291.0002,195.99982,-0.0005290704,0.00074500067,0
0.999475,278.99963,280.00012,0.00026278434,0.00030185826,0.0004638915,0.63135797,0.552154,4.0009456,3.0000749,1.9995469,4.0001063,6.00055,-0.0008735376,-0.0006501917,309.00046,280.0004,0.006935371,0.0007505302,1
1.0000625,201.00005,202.0,3.9257644e-05,-8.243859e-06,0.00010189698,-1.3019997,-0.18119916,1.0000032,1.0000396,1.0000627,12.000084,12.999989,-6.91142e-05,5.9347967e-05,200.99998,201.99982,0.00088291126,0.00016227562,1
1.0001599,291.00006,291.99976,0.00017146606,-0.00017873691,-0.0003029319,-1.0051914,0.14604937,2.0002506,2.0003126,2.00024,1.999823,7.9996667,-0.0004580716,-0.0004277303,290.99954,292.00027,0.0046872627,0.00058882876,1
5.000036,220.00009,44.999924,-4.0723648e-05,-3.8779003e-06,7.926282e-06,-1.3048475,-0.15010574,0.9999871,0.99999994,0.9999731,4.999972,14.000063,0.00022033737,0.00011648662,1100.0001,224.99998,-0.0008451067,6.428168e-05,0
5.0000424,215.00008,44.000034,5.571669e-05,1.0341442e-05,0.00016040719,-1.3492891,-0.068264425,1.000038,1.0001701,1.0000879,4.0000896,15.999972,0.00013191039,-7.571054e-06,1075.0001,220.00002,-0.0009600475,-0.0001456617,0
5.0001183,224.99998,46.00003,-2.8213059e-05,-6.0182458e-05,3.1824784e-05,-1.4878231,0.037829503,1.000149,0.9999688,0.99997485,5.000002,15.000131,4.6119385e-06,0.00013945805,1124.9999,229.99998,-0.00094982295,4.597365e-05,0
0.9999887,186.99998,188.99998,0.00015254125,9.715876e-05,-4.5277502e-05,-1.4983481,0.0117767975,0.999725,1.0000224,0.99991643,54.000103,62.99974,0.00022611862,0.00046063593,261.00012,189.00012,-0.0021533114,-0.00013703671,0
1.0002173,352.99966,353.99994,-0.00011752151,0.00030181458,-0.00017778929,-1.4847747,0.028351761,0.9993743,1.0004768,1.0006686,101.00044,117.99958,0.0006265041,-2.7275251e-05,475.0002,353.9999,-0.004896644,9.8860284e-05,0
4.9999757,84.99997,18.000034,-2.0633512e-05,2.0951346e-05,5.920392e-05,-0.83822566,-0.5690794,1.0000265,0.9999541,1.000002,0.9999897,5.9999557,0.00014145706,0.00015831477,424.99985,90.000015,-0.0008089624,-4.703731e-05,0
1.0000137,348.99994,349.99994,0.27486572,0.103004806,0.32100993,-1.2360998,0.65001035,0.99994415,1.0000558,0.99991995,19.000046,30.00002,0.00012665815,5.6548502e-05,349.0001,350.00003,-0.00044278175,0.00010017467,0
1.0001073,199.00009,199.00009,-8.520889e-05,4.7596808e-05,0.00014229763,-1.4444199,-0.046092477,1.0000116,1.0000132,0.9999864,52.00015,73.99994,0.00014815455,0.00019920875,239.00023,199.00009,-0.002490727,-0.00012348367,0
0.99995965,289.9999,291.00003,0.21367432,0.09769792,0.31257626,-0.42013234,1.1067283,1.9999986,1.0000159,1.0000538,13.000014,17.000032,0.00023939746,0.00017282179,290.0,291.00003,-0.00037377057,0.00030155698,0
1.0000662,442.99973,430.00024,0.026910255,0.0015523059,0.03074236,0.54189855,1.1927742,3.0001903,2.000041,1.9998579,11.999974,45.000244,-0.00014296829,-0.0004041321,470.99997,430.00024,0.0035751027,0.00063652504,1
1.0001512,168.00003,168.99998,-7.7936806e-05,-3.6767535e-05,0.0001827272,-1.4773732,-0.034356236,1.0001326,1.0001502,0.9999845,48.000004,51.000057,0.000102885715,4.3474643e-05,232.00009,168.99991,-0.0016693837,-6.057144e-05,0
4.99997,365.00003,74.000046,0.683641,0.0625368,0.25016624,-1.5065128,0.10084548,0.9999574,1.0001558,0.99996614,11.000124,24.999895,0.0006411525,0.00015641344,1824.9999,370.00006,-0.0007979646,0.0008929616,0
5.0000095,100.00001,21.00003,-4.4813285e-05,-0.00013746035,4.6154884e-05,-1.1789038,-0.35390016,1.0000767,1.0000169,1.0000004,2.0000472,5.0000973,0.00012071499,9.3152536e-05,500.0,104.99998,-0.00078380934,5.4500365e-06,0
0.9997728,563.9993,564.9999,0.00080647,0.0005416942,0.00038945227,-1.1741658,-0.08563979,2.999317,3.0007758,3.0019844,2.0000381,5.0009937,-0.0011832244,-5.2502837e-05,655.99994,565.0012,0.009737199,0.00110012,1
5.0000696,385.0,78.00006,0.17947058,0.09992519,0.31613678,0.7043088,1.5152906,0.99999815,1.0000948,1.0000074,1.0001105,4.0000296,0.0022807172,0.00036257852,1925.0001,390.00006,-0.00053007726,0.0012206112,0
1.0001717,205.00003,207.00037,4.6912734e-05,-8.238618e-05,-8.878681e-05,-1.4119279,-0.11272219,0.9998763,1.0000075,0.9999835,53.00022,67.000336,0.00053411396,3.8570506e-06,287.00015,207.00014,-0.0022286505,-0.0002489013,0
5.000011,390.0,79.000015,0.60676366,0.1374133,0.37069696,-1.426579,0.22614653,1.9999475,1.0000341,1.000043,9.000015,11.999989,0.0010330236,0.00030562814,1950.0,394.99997,-7.444077e-05,0.0017364786,0
5.000185,361.00006,73.00019,0.4741494,0.18019685,0.42454523,-1.4337707,0.25289443,2.0000064,0.99986804,0.99991244,2.0001895,5.000139,0.007256945,0.011945938,1838.9999,365.00012,0.0020584657,0.0027410323,1
1.0004195,368.99963,369.99988,-0.00016574189,0.000116713825,0.000590067,-1.3514876,-0.08344451,0.99929005,0.99963784,1.0001335,116.000336,123.99952,0.0004983082,0.0001300043,458.9998,370.0001,-0.00532357,-0.0008841289,0
5.00011,75.00008,16.000011,-4.9839597e-05,5.7134603e-06,5.9119237e-05,-1.3424284,0.05606093,0.99997777,0.99998534,2.0000722,2.0000222,3.9999983,0.00010415071,1.6927528e-06,375.0,80.00003,-0.0006713598,-5.5985853e-05,0
5.000001,44.999992,9.999994,1.0133978,0.015980639,0.12614,-1.1186336,-0.020213598,0.99998236,1.0000488,0.9999892,1.0000173,2.6245005e-05,0.0067402124,0.0026139533,225.00002,49.99996,-0.0003315087,0.0014942667,0
0.99999934,261.00012,262.0002,0.0006232853,0.00022233253,0.00014152633,-1.4743445,-0.011798392,1.00042,1.000327,0.9997465,89.99992,92.0007,0.0006197135,0.00041526716,333.0002,261.99985,-0.0039189733,0.00014945632,0
5.000003,209.99997,43.0,0.000107492946,5.65343e-05,5.5309643e-05,-1.137016,-0.19156498,1.0000621,1.0000271,1.0000728,7.999958,12.999977,0.00013136765,4.6294586e-05,1050.0,215.00006,-0.00084996014,-2.231875e-05,0
4.9999933,145.00014,30.00002,6.108522e-05,2.1161273e-05,-1.4232873e-05,-0.97112906,-0.5339727,1.0000094,1.000068,1.0000098,4.999992,8.999923,3.9577804e-05,7.201904e-05,725.0,150.00003,-0.0008605551,-1.0834736e-05,0
1.0000981,370.00006,318.99982,0.005747705,3.5203695e-05,0.006050083,-1.4182496,0.45664462,37.00007,0.9999057,1.0000123,47.999928,65.000046,0.00015754512,0.000105318715,509.9999,319.00006,-0.0015248563,-0.00014009082,0
4.9999,600.0002,120.99999,0.00018700998,-8.632324e-05,0.00017067835,-1.0976963,-0.2421763,0.9999735,1.0001316,0.9999948,32.00007,40.000225,-3.4418115e-06,2.989724e-05,3000.0,605.0,-0.0016035613,-4.8241036e-06,0
5.000076,75.00004,15.999952,6.4118344e-06,-1.921377e-05,5.3915996e-05,-1.4910884,-0.03698785,1.0000054,1.0000072,2.000035,1.000026,6.326803e-05,8.466798e-05,5.8912363e-05,375.0,80.0,-0.0006520672,9.542371e-05,0
5.000071,205.0,41.99991,3.080022e-05,-5.6881185e-05,4.015184e-05,-1.4925815,-0.018949304,1.000109,1.0000732,1.0001012,3.000012,13.999993,2.1408903e-05,8.004384e-05,1025.0,210.00012,-0.0009507773,3.6553512e-05,0
5.000028,286.0,58.000042,0.35693634,0.16195099,0.40247986,-1.1485267,0.6761956,1.000077,1.0001812,0.9999859,2.0000567,13.0000105,0.0029384913,0.0006046859,1436.0,290.00012,-0.00045858475,0.0026072543,0
5.0000525,255.00008,52.000046,6.157272e-05,-6.0261926e-05,4.3835826e-05,-1.4554933,-0.013943858,1.0000192,1.0000069,1.0001043,1.0000573,17.0001,0.00014419471,0.00014720044,1275.0,260.00003,-0.00081689976,6.397423e-05,0
5.000005,814.9999,163.99976,8.918373e-05,-0.00019812005,0.0001774541,-0.8112109,-0.30937895,1.0004625,0.99992913,1.000013,50.000004,53.999805,-0.00011761342,0.00013942596,4075.0,820.0,-0.0023403661,0.0002629627,0
5.000012,94.999985,19.999945,5.580509e-05,3.116453e-05,-3.2251562e-06,-1.44219,-0.116981246,1.0000082,1.000052,1.9999938,2.0000637,2.9999912,9.944343e-05,-3.5887995e-05,474.99997,100.000046,-0.00068372523,-0.00012426199,0
1.0001491,212.99998,214.00012,0.00016421248,-3.434582e-05,0.00020886929,-1.0861986,-0.32154348,0.99993306,1.000021,1.0000705,47.000004,50.99984,4.3116193e-05,0.00011939896,213.00002,214.0002,-0.0014577829,7.8203215e-05,0
1.0000014,182.0,183.0,-3.011138e-06,-8.518666e-07,1.7593276e-05,-0.74755275,-0.6938413,0.99999964,1.0000023,1.0000008,21.000002,25.0,2.338976e-06,9.43004e-07,182.0,183.0,-6.1642095e-05,-1.2473422e-05,0
0.9999737,131.00002,132.0,0.0224506,0.0007863709,0.028728914,-0.9054275,0.81592155,1.0000004,0.99998355,1.0000298,9.000005,20.000025,2.1600925e-05,5.650709e-05,131.00002,132.00003,0.00035732106,2.613649e-05,1
5.0000677,209.99995,43.000004,-5.634822e-05,-5.928405e-05,-5.0877165e-06,-1.5240034,0.019712862,1.0000246,1.0000745,0.99994165,3.9999716,11.000041,0.00013505481,0.00014211897,1050.0001,215.0,-0.00083498645,3.837133e-05,0
5.000046,75.00007,16.00004,-5.7690344e-05,5.44728e-05,-1.0091789e-05,-1.3823813,-0.103664786,1.0000057,0.99997336,1.9999906,0.99997723,0.9999888,7.911598e-05,-1.773558e-05,374.99997,79.99997,-0.00065646245,-6.710304e-05,0
5.0000467,359.99994,73.00006,0.6994168,0.051401924,0.22660872,-1.4478108,0.13492157,0.9999583,1.0000149,1.0000002,12.999953,22.000023,0.0005146893,0.000108444525,1800.0001,365.00006,-0.00073400355,0.00060743955,0
4.999962,245.00006,50.00005,-8.805892e-06,4.3826345e-05,-8.568112e-07,-0.78041464,-0.58712417,1.000076,0.99999964,0.99992245,6.0000157,18.000015,0.0001638368,9.991937e-05,1225.0,249.99988,-0.0008312113,3.3672643e-06,0
1.0005395,360.0004,362.00024,4.910095e-05,0.0007089944,0.00033902438,-1.2789513,0.08444856,1.9997672,1.9997262,2.000358,2.9999511,6.0002284,-0.00089342287,-0.00053249893,466.00024,362.00027,0.0051501803,0.00017289072,1
5.0000772,390.00006,78.99998,0.37662488,0.14952241,0.3865801,-1.3495634,0.5150903,1.0000148,0.99997157,1.0000468,2.0000293,9.000004,0.0014951569,0.0004831175,1950.0,395.00006,-0.00040699076,0.0018771107,0
0.9999538,263.00067,263.9997,0.00074515876,0.00023576197,0.0002446108,-0.87311745,-0.31403133,2.0001857,2.0007644,2.0002146,1.9999917,4.000223,-0.00077282486,-0.00032356798,346.99988,264.00043,0.004961206,-2.8696964e-05,1
5.00011,230.00014,46.999958,0.000104005594,-4.4539243e-05,6.997867e-06,-1.4915557,0.027675016,0.9999824,1.0000249,0.99998695,5.0000415,13.999984,0.00014990344,-1.8014332e-05,1150.0,234.99994,-0.0008744631,2.4945484e-05,0
5.000399,219.99988,45.000523,0.12103623,0.036990564,0.19262423,1.5491422,1.6409241,2.0003734,2.0006945,0.99989915,0.99948674,1.9995843,0.014771788,0.028791873,1099.9994,225.00018,0.005436694,0.0013570084,1
5.0001316,235.00003,39.999947,7.690633e-05,8.459296e-05,-9.770775e-05,0.43973786,0.8015363,2.9998455,1.0000159,0.999984,2.9999943,3.0000286,-1.225404e-05,4.2836837e-05,2975.0,199.99995,0.0013006096,0.00024203297,1
5.0000954,233.99997,47.99997,0.00010817097,9.451049e-05,-4.378717e-05,-1.5156589,0.06616069,0.9999816,1.0000795,0.99993694,5.0000343,16.000118,0.00011961751,0.00023046433,1186.0,240.00012,-0.00093758636,2.1116151e-05,0
4.9999905,50.00008,10.99999,1.0887489,0.017032772,0.13052504,-1.0072405,0.02639579,1.0000503,1.0000061,0.99999744,1.0000117,6.1405335e-05,0.005716951,0.0033236346,249.99995,55.00005,-0.0003634895,0.001473031,0
1.0000769,171.00027,172.99997,-1.564088e-05,0.00019815865,0.00024797607,-1.3288766,-0.08925271,0.99988043,1.000007,0.9999817,46.00023,60.000282,0.00029550036,0.00016370998,236.99986,173.00009,-0.0018570939,-0.00020549986,0
1.0000024,305.99994,307.00006,0.00018013715,5.500472e-05,7.77711e-07,-1.109736,-0.21244451,1.0000262,0.99996513,1.0002351,2.00004,1.0000508,-0.00043352533,-0.00012696431,305.99973,307.00012,0.0022673772,0.00050246285,1
5.0000443,280.00012,57.000057,0.1935003,0.076366745,0.27640373,-0.42766464,1.0865116,0.9999882,1.0000043,0.99994695,2.0000398,7.00002,0.0020340325,0.0003272665,1400.0,285.0,-0.00038235128,0.0012850185,0
4.9999733,95.000046,19.999903,9.7349526e-05,1.7610706e-05,9.341295e-05,-1.5655478,0.08143997,1.0001297,0.99991125,1.9999974,3.000016,6.000096,0.000114053364,8.346744e-05,475.0001,99.99997,-0.0007966839,-3.0403495e-05,0
4.9999933,74.99999,16.00001,3.905589e-05,-3.3377037e-05,0.00014350272,-1.4663199,-0.057220787,0.999987,1.0000738,2.0000048,0.9999861,2.0001438,9.51123e-05,2.0137926e-05,375.0,80.000015,-0.0007133837,-4.1267886e-05,0
5.0000033,85.00003,17.999983,-5.2908053e-05,2.7332767e-06,5.6629302e-05,-1.1427592,-0.2998967,1.000027,0.99999464,2.0000994,1.0000685,1.6584014e-05,4.216253e-05,1.0626197e-05,424.99997,89.999985,-0.0005689346,-2.580496e-05,0
4.9999585,375.00006,75.999985,0.35006598,0.15396255,0.39228877,-1.2463813,0.60592854,1.0001055,1.0000951,0.99998105,2.0000181,13.999964,0.001611283,0.00013079366,1875.0,380.00006,-0.00065699115,0.0019313119,0
5.0000525,100.00015,21.000053,-5.735952e-05,-5.1893807e-05,4.5009918e-05,-1.4745846,0.00747017,0.9999534,0.9999547,2.0000458,1.0000644,4.9999733,1.9848132e-05,7.7065706e-05,500.00003,105.000015,-0.0006786426,-7.8074976e-05,0
0.9999808,642.0,643.0,-3.1189884e-05,-5.767895e-06,1.0492245e-05,-0.94603235,-0.47234935,12.000006,0.999996,1.0000113,72.0,100.00001,-3.1046893e-05,-2.0962076e-05,642.0,643.0,0.0001516776,2.7941192e-05,1
4.9999776,205.00002,41.999943,0.20880373,0.044364262,0.21062574,-1.3705782,0.5188304,0.9999686,0.9999988,1.0000523,2.999964,7.000053,0.0014578162,0.00048060674,1025.0,209.99998,-0.0004066027,0.0010238158,0
1.0000163,193.0,195.00005,0.00020444584,-9.22472e-05,0.0001298068,-0.85808134,-0.49569675,2.0002863,1.9998184,0.99984396,3.0002682,7.0001082,2.4143024e-05,-7.706932e-05,223.00015,195.00055,0.0038192275,0.00028294648,1
4.9999757,320.00012,65.00001,0.27204287,0.13019276,0.3609995,-0.7657504,0.92588097,0.99997205,1.0000323,1.0000094,2.0000951,8.000108,0.002351515,0.00038495372,1600.0,324.99994,-0.00045077226,0.0019190814,0
0.9998838,210.00027,211.00003,0.000119144366,9.974779e-05,1.9348117e-05,-1.5004863,-0.014285871,0.9998331,0.9999577,0.99998033,65.00014,71.00015,0.00019428082,0.00016197632,239.99991,210.9999,-0.0026859439,-6.996246e-05,0
1.0001906,163.00014,164.00008,0.00014180112,-9.137979e-05,-1.34172205e-05,-1.4473598,-0.0147240525,1.0001553,1.0000259,1.0002172,45.000072,55.000175,0.00036764305,0.00017279321,189.00003,164.00009,-0.0016832482,-6.6063054e-05,0
4.99992,175.00005,36.000015,0.21312366,0.015886191,0.12594566,-1.0461915,-0.40084133,3.0000768,1.0000355,1.0000336,2.9999804,4.000075,0.0013539109,0.00031802236,875.00006,180.00003,0.00090849353,0.0005709825,1
5.0000196,265.99997,54.000095,0.00013225459,0.00013589291,7.340109e-05,-1.3528197,-0.059393775,1.00003,0.9999961,0.9999936,9.99999,18.000008,0.00021415186,5.4839882e-05,1336.0,269.99994,-0.001005319,-9.481502e-05,0
0.99995244,399.99997,401.0,0.27788323,0.08607962,0.29342005,-0.15015694,1.070498,3.000097,2.0000334,2.0001092,54.99995,80.99998,1.756992e-05,7.31962e-05,402.00006,401.00006,0.0010284355,0.00029049302,1
1.0001304,370.00012,349.99994,0.22706324,0.03639957,0.19160613,-1.2161404,0.26063362,2.9999344,2.0001419,1.9999541,36.0001,50.00005,3.7093992e-05,-0.00019314999,491.99985,349.9998,0.002985097,0.0004898344,1
4.9999495,209.99997,42.999996,5.794721e-05,2.8508257e-06,1.5617066e-05,-1.4672478,-0.07954104,0.9999958,0.99997723,1.0000652,4.0000978,11.999974,9.579684e-05,8.511861e-05,1050.0001,215.00008,-0.00087169366,-7.4336065e-05,0
4.9999895,95.00003,20.000053,-4.9381856e-06,-2.2897966e-05,-1.8575194e-06,-1.0883024,-0.3523531,1.0000083,1.0000207,1.9999751,2.000011,3.000045,8.451767e-05,0.00013310238,475.0,100.00005,-0.00062397646,-6.1104406e-06,0
4.9999814,40.00001,9.00009,1.0733047,0.014719206,0.120852076,-1.1962752,-0.24154332,0.99985754,1.0000094,1.0000157,1.0000991,-0.00010061339,0.006372021,0.0017487322,199.99995,45.00005,-0.00050331885,0.001522285,0
0.9999957,181.99995,183.99998,4.1115236e-05,-2.8283757e-06,5.286542e-05,-1.4902846,0.032503016,1.0000228,1.0000429,0.9999853,26.00005,42.00003,5.1378436e-05,3.3953358e-05,253.99994,184.00002,-0.00053311867,-8.265196e-05,0
4.9999704,240.00002,49.000088,-3.7601087e-05,6.466518e-05,-6.2050617e-06,-1.0746702,-0.41366312,1.0000093,1.0000411,0.999997,4.999959,15.999994,-0.00011886065,3.828727e-05,1200.0,245.00008,-0.0008630043,-4.471934e-05,0
4.9999313,215.00002,43.99999,0.21365774,0.077134065,0.27770993,-0.8100108,0.92692643,0.99993336,0.9999993,0.9999528,0.9999963,7.000032,0.0029304004,0.00038861172,1075.0001,220.00003,-0.00032810378,0.001740614,0
0.99999785,182.00029,184.00008,0.00019410235,3.9458246e-05,0.00019859512,-1.0404902,0.27760306,3.000658,2.000178,0.9998667,3.0002115,5.9998813,-0.00020253196,-0.00025548076,227.99982,184.00002,0.0033371958,0.0003714491,1
0.9999531,261.0,239.00009,0.24763756,0.10221058,0.31970963,-0.82373613,0.9017699,1.0000764,0.9999783,1.0000052,10.0001135,21.999996,0.0002576398,0.00019888206,360.99997,239.00008,-0.00035187244,0.00048237047,0
4.999978,115.00006,23.999958,0.00012655022,8.596723e-05,0.00011584883,-1.2806602,-0.12227231,1.0000385,1.0000023,0.99997985,0.99985397,8.000036,7.372978e-05,9.922276e-05,575.00006,120.00005,-0.00078651705,-1.5457366e-05,0
4.9999914,219.99998,45.000034,3.438908e-06,2.8152903e-05,5.0354516e-05,-1.4756793,-0.032577578,1.0000573,0.99996907,1.0001558,6.000142,14.0000105,7.201699e-05,0.000100187295,1100.0001,225.00008,-0.0009421297,-7.5311626e-05,0
1.0000008,186.0,169.0,0.12563963,0.022816006,0.15101975,-1.0891796,0.7387691,0.9999875,1.0000043,0.99999875,15.999989,23.999992,0.0001034647,0.00014572256,254.0,169.0,-4.1758412e-06,0.00011061467,0
1.0001397,311.99985,314.00015,4.3522352e-05,0.00032602434,0.0002282009,-1.5111792,0.042415123,0.9997614,1.0004803,1.0002553,86.999855,104.99991,0.00067399506,0.00043378343,426.00012,313.99994,-0.004110559,-0.00057356077,0
5.0001316,40.000034,9.000002,0.97461104,0.014506165,0.1206938,-1.2073283,-0.22674932,1.0001442,1.0000248,1.0000002,0.99990803,-7.4971e-05,0.0065050814,0.0021761388,200.0,45.000034,-0.00040722324,0.0015403985,0
5.0001025,95.00002,20.000006,0.15033463,0.019784095,0.14033423,-1.3484899,0.43008405,1.0001333,1.00001,0.9999926,1.0001285,3.0000215,0.0024442037,0.0005775021,474.99994,100.0,-0.0005039262,0.0009231687,0
5.000061,140.00005,29.000086,3.5217534e-05,-3.1305117e-05,1.0372831e-05,-1.5041629,0.014019994,1.0000213,1.0000818,0.9999736,3.000019,6.9999514,0.000106727224,5.2974392e-05,700.0001,144.99991,-0.00079978525,-2.7731434e-05,0
5.0000534,95.00001,20.00002,4.963948e-06,-1.0887745e-05,2.397279e-05,-1.3822278,-0.25988725,1.0000232,1.0001142,1.000026,1.9999498,4.000029,0.00012407544,2.79068e-05,475.0,100.00004,-0.00083519326,-0.00011608468,0
1.0004194,650.00037,650.9997,-0.00035636415,-0.00042917446,-0.0005429991,-0.9701607,-0.34047306,1.9997034,2.000049,1.9998597,1.0005467,4.0002785,-0.0007111603,-0.00058022083,869.99945,650.99994,0.007539575,0.00054095144,1
5.0000663,220.00008,44.99994,6.3742016e-05,-0.00010587353,-4.1682662e-05,-1.2247407,-0.24404572,1.000017,1.000116,1.0000589,7.999977,13.999999,0.00034866124,6.135059e-05,1100.0,224.99991,-0.0009249932,4.7476246e-05,0
5.0000052,200.00009,40.99997,6.861797e-05,-6.262353e-05,4.9778737e-05,-1.4701235,-0.0028376076,1.0000172,1.0000238,1.0000592,1.9999101,12.000056,0.00016453583,0.00012234144,1000.0,205.00005,-0.00082582457,-7.962227e-05,0
5.000027,170.00003,34.99997,5.6452095e-06,3.263783e-05,-6.2874075e-05,-1.4356209,0.02914296,0.9999207,1.0000113,1.0000474,6.000151,9.999974,0.0001278301,7.213711e-05,850.0002,175.0,-0.00088460586,-0.00010185163,0
5.0000086,240.00008,49.00009,-2.7164162e-05,-1.9599383e-06,-9.235269e-06,-1.4939382,-0.014203332,1.0000618,0.9999321,0.99999726,8.000008,14.99994,8.396558e-05,9.3137896e-05,1200.0,245.0,-0.0010028314,-1.8858344e-05,0
0.9999713,225.99998,204.9999,0.33345717,0.16550662,0.4067996,-1.0915667,0.7407043,1.00008,0.9999991,1.0000296,11.000152,14.999963,0.000311396,0.00021866373,314.00015,205.0001,-0.0003670459,0.0005826926,0
5.0000515,480.00006,97.00009,0.3524461,0.13872615,0.37250754,-1.25381,0.5940625,1.0001144,1.0001085,0.99989825,4.0002103,14.999921,0.0009267997,0.00013537015,2400.0,485.00015,-0.00080449576,0.0012777594,0
0.99990505,179.00005,180.00026,0.00023244,4.9816197e-05,5.850056e-06,-0.6501663,-0.36575335,0.9999758,0.99996483,1.0001594,2.0000455,2.0000122,-0.00018385195,-0.00038511096,222.99992,180.00003,0.0016613713,0.00030701957,1
0.99998385,288.99997,275.99997,0.3694489,0.17376705,0.41672894,-1.2288375,0.6198075,1.9999213,1.0002782,0.9999387,32.999905,48.999836,0.00045137355,0.0005027836,357.00003,276.00003,-0.0012586055,0.00059733907,0
5.000036,94.999954,19.999949,2.2537386e-05,5.3864635e-05,-3.2126266e-06,-1.3833792,0.18349725,0.999967,1.000018,1.0000231,2.0000165,6.000085,8.385482e-05,5.886478e-05,474.99994,100.00008,-0.0007832031,-2.5936193e-05,0
5.000048,215.00003,44.000053,0.40354222,0.21717802,0.46603867,-1.1709207,0.66218567,0.9997571,1.0000377,1.0000454,1.0000366,1.9998882,0.006676031,0.0005079556,1075.0,220.0001,-0.00022801166,0.0047646193,0
0.9998609,248.99985,250.0,7.3129624e-05,-0.0002979721,9.5108044e-05,-1.4583831,-0.0393012,1.0000694,0.99999166,0.9999189,66.99984,65.999954,0.00041124603,-5.025346e-05,249.00009,250.00018,-0.002478424,-0.00022591541,0
5.000017,85.000015,18.000017,8.9484834e-05,3.1814674e-05,-1.8432831e-05,-1.3352313,-0.14940384,1.0000844,1.0000266,1.0000772,2.0000505,7.000043,0.00022830725,0.000107003645,424.9999,90.00001,-0.00091077527,-6.821563e-05,0
4.9999766,340.00003,68.99996,0.20129636,0.10947453,0.3308753,0.26374626,1.3642633,1.0000268,1.000094,1.00009,1.0000272,5.999868,0.0026566873,0.00028489172,1700.0,344.99997,-0.0005147427,0.0015643912,0
5.000192,489.99997,98.99998,0.44718277,0.17476003,0.4179938,-1.4469804,0.32679647,1.0001343,1.000056,1.0001552,7.9998837,23.000101,0.0010255117,0.00025074522,2450.0,495.00003,-0.001018868,0.0015611369,0
0.99997187,124.00001,108.99999,0.011796556,0.00036739328,0.018864473,-0.5250276,1.1162897,3.9999793,0.99996203,1.0000082,8.999968,13.999992,7.2609932e-06,3.9377934e-05,168.00003,108.99995,0.00048947876,0.00013462616,1
5.000917,1115.0,224.00208,0.00039608005,-8.063372e-05,-0.00052127196,1.5855052,0.6534642,12.000115,4.00054,3.0003378,12.000837,20.998703,-0.0012689402,8.669061e-05,5574.999,1120.0001,0.012370933,0.0010669263,1
4.999999,45.000008,10.000042,0.8362824,0.015181263,0.12334558,-1.4265307,0.11510987,0.9999796,0.99998033,1.0000186,0.99999833,4.6257614e-05,0.0065258695,0.0029562062,225.00002,50.00004,-0.00035088466,0.0014860813,0
1.0001405,182.00005,183.00012,-0.00012972255,-2.5756164e-05,0.00014018561,-1.4493973,-0.030642519,0.9997962,1.0000194,1.0002002,52.00003,61.999863,0.00029260913,0.00013961767,182.00026,183.00002,-0.0020885149,0.0001140283,0
5.000007,465.00006,94.00015,0.53511804,0.13466018,0.36719418,-1.368851,0.29368782,1.0000097,0.99990606,0.99995077,14.000098,26.00006,0.00079252344,0.00029521016,2325.0,470.00012,-0.0011478312,0.0014352467,0
1.0000281,180.00003,180.99997,0.000115848925,-3.0034598e-05,-7.072296e-05,-1.4666569,-0.018965166,0.9999436,1.0000573,0.9999391,42.000156,57.00015,0.00028597133,0.000402369,251.99991,181.00018,-0.0015857382,-5.132938e-05,0
0.9993968,371.0001,371.99976,5.2577976e-05,7.890237e-05,6.1878265e-05,-1.5105631,-0.1216733,1.0000451,1.0001658,1.0000257,64.00007,81.00009,0.00041606053,0.000112917645,507.00012,372.0001,-0.0025136336,3.4790748e-06,1
4.999961,180.00003,37.00004,0.28118083,0.067637324,0.26012743,-1.4081187,0.34449086,0.9999814,1.0000455,1.000019,1.0000473,4.000039,0.0024508731,0.000297937,900.0001,185.00006,-0.0003024176,0.0017325521,0
1.0000423,423.00006,372.99997,0.16249602,0.046189204,0.21501315,-0.8531134,0.89758235,1.0000572,1.0000691,1.0000308,25.999962,32.000015,8.1976905e-05,5.801414e-05,577.0,373.00003,-0.0005305322,1.2721629e-05,0
1.0001593,200.0003,202.00002,-6.362688e-05,-7.7544355e-05,0.00042406883,-1.478452,-0.028400084,0.9999697,1.0000961,1.0002886,56.000225,66.999985,0.0002551058,8.4311665e-05,277.99982,202.00002,-0.0023078022,-0.00020576517,0
0.99999195,424.0,355.00003,0.015133391,0.001100426,0.033280402,2.2618647,1.9953201,2.0000072,1.000022,1.0000173,3.9999847,20.999989,3.3679662e-05,5.2086165e-05,588.0,355.0,-0.000230473,-1.1131532e-05,1
4.999966,360.00006,73.000145,0.68867654,0.090328544,0.30034828,-1.4566652,0.07826176,0.999909,0.99995714,1.0001156,7.999963,25.000078,0.00074189913,0.00016929476,1800.0,364.99994,-0.0007382771,0.0012436911,0
5.0000224,289.99994,59.000042,0.23259471,0.07947873,0.28190514,-0.22159502,1.1593815,0.9999814,0.99996823,1.0000752,2.9999812,9.0000305,0.002174768,0.0004046655,1450.0,295.0,-0.00046823715,0.001303733,0
5.0000434,54.99997,11.999925,0.833783,0.016042933,0.12639907,-1.3709872,0.048476513,0.99990946,1.0000542,1.0000017,0.99996775,0.0001245306,0.0048091053,0.0010621964,275.00003,59.999985,-0.0005661505,0.0013667122,0
5.0000253,420.00003,84.99999,0.72219205,0.03580659,0.18942656,-1.4620508,0.2329135,1.9999397,1.0000782,1.0000027,18.999956,30.000013,0.00032706576,0.00021300161,2100.0,425.0,-0.00072323304,0.0002595939,0
0.99973285,434.9998,436.99957,0.0005147196,0.00030379056,0.0004373999,-1.5161915,-0.00862885,0.9998171,1.00053,0.9996869,139.00003,149.99998,0.00060549995,0.000995449,597.0,437.00058,-0.0068057165,-0.0006323296,0
5.000014,94.99995,20.000074,-6.715329e-06,5.8795602e-05,-2.9792748e-06,-1.3116497,-0.19987775,0.9999999,0.99998933,1.9999405,1.0000057,2.0000784,9.7886055e-05,8.528435e-06,475.0,99.99994,-0.00062084344,-2.2782633e-05,0
4.999976,344.99994,69.99995,0.23718959,0.10233261,0.31984746,-0.7930745,0.92671365,1.0000455,0.99998033,1.0000303,2.9999804,10.99994,0.0017209267,0.00031436724,1725.0,350.0,-0.0005421597,0.0014156265,0
1.0002038,503.00003,503.99988,0.00016932086,-3.13783e-05,8.028905e-05,-1.3672293,-0.14005835,2.0000424,1.0000244,1.0002459,82.00035,102.00008,-0.00014584663,0.00025772204,503.0001,504.00012,-0.0030882366,-4.3246626e-05,0
4.9999623,100.00003,21.000105,6.813609e-05,-5.4175747e-05,7.057403e-05,-1.3856924,-0.29120106,1.0000098,1.0000129,1.9999607,3.0000231,5.0000186,0.00014331161,0.0001009146,500.00003,105.000084,-0.0008040406,-7.733409e-05,0
5.0000296,80.000084,17.00002,2.3210501e-05,9.425065e-05,8.4433996e-05,-1.518918,0.032758962,0.99996984,1.0001043,1.9998578,1.0000745,2.000025,2.3037672e-05,4.250175e-05,400.0001,85.00006,-0.0006785015,5.9516033e-06,0
1.0010067,512.9999,515.0,0.0012494697,6.641501e-05,0.0003583606,-0.7812575,-0.51988244,2.0003207,2.0005176,1.9998456,2.0003307,2.0003173,-0.0008345494,-0.00089164026,698.99945,514.99915,0.006743888,0.0010300206,1
5.0000105,175.0,36.00002,0.13011713,0.022320027,0.14944303,-1.4555848,0.4939192,0.9999999,1.000026,1.0000044,1.9999993,4.9999924,0.0015265736,0.0012729801,875.0,180.0,-0.00031675893,0.00057483057,0
1.0000639,270.00012,249.00003,0.2671745,0.11185851,0.33444217,-0.9727985,0.8158847,1.9998114,1.000095,1.0000021,15.000109,23.0,0.00022509077,0.00013870794,356.00003,249.00008,-0.00036241143,0.00034418443,0
5.000033,105.00003,21.999893,-2.0749596e-05,4.713996e-06,4.1770396e-05,-1.3963734,-0.12396479,0.99999005,0.9999714,1.0000834,2.0000923,4.000085,0.00010044357,0.00014500579,525.0,110.00002,-0.0007525698,-4.4349035e-06,0
4.999987,600.0,121.00026,2.264441e-06,-6.391287e-05,0.00014873486,-1.4063274,-0.06818337,0.9999175,0.9998317,0.99993515,27.999939,38.0002,0.00033568376,-3.833767e-05,3000.0,605.0002,-0.0016124562,-7.544717e-06,0
4.9999695,165.00002,34.000053,0.19896121,0.048636414,0.22073466,-1.3266641,0.5743004,0.9999717,0.99997634,1.000041,1.0000354,6.000078,0.002465898,0.00037165525,825.00006,170.00009,-0.00043952625,0.0014557935,0
1.0000303,271.00012,262.0,0.23899256,0.11637807,0.34091845,-0.55555683,1.046334,1.0001004,0.99995244,1.0001388,19.00004,30.000027,0.00026713632,0.00019239658,303.00006,262.0,-0.00075720716,0.00040100416,0
5.0001307,235.00003,48.000023,0.00011125778,-8.6877367e-07,0.00012441076,-1.4833055,-0.009354837,1.000048,1.0000232,1.0001075,5.000031,14.000129,5.4954475e-05,0.00019169708,1175.0,240.0,-0.00089857704,4.7523156e-07,0
0.99999356,162.99997,164.0,0.024340918,0.0013734802,0.037333883,-0.10468787,1.1863011,3.000015,1.0000259,0.9999854,10.99997,12.999976,-1.20045415e-05,0.000102848586,162.99997,164.0,0.00038412164,4.0392868e-05,0
5.0000787,234.99995,47.99998,0.41062084,0.14908968,0.3862019,-1.0027826,0.67623705,1.0000029,1.0000132,1.0000238,5.999953,10.000028,0.0047869966,0.0023817446,1175.0001,240.00003,-0.00019265676,0.0030273208,0
1.0000247,186.00005,186.00006,-0.00031494632,4.4104618e-05,2.0456704e-05,-1.369743,-0.09134477,0.9999551,0.9998816,0.9999191,52.999866,61.999996,0.0004129157,0.00022049,243.99995,186.00006,-0.0020341938,0.00018071476,0
1.0000523,438.00003,439.00003,0.024134502,0.0005302913,0.022048501,-1.4533483,0.29239282,11.999974,1.000246,1.0001045,81.99999,93.99998,1.4872634e-05,5.760564e-05,438.0001,439.00006,-0.001765789,-7.282842e-05,0
0.9997473,251.99994,252.99992,-3.6501566e-05,-5.5530236e-05,0.00041476588,-1.1501237,-0.28785315,0.99983734,1.0002443,1.0002979,76.000046,84.999825,0.00025059556,0.0005588098,346.00024,252.99971,-0.0033321916,0.00022825605,0
5.000002,254.99998,51.999996,0.048011217,0.0052199457,0.07223712,-0.4958364,1.0803179,1.000016,1.0000074,1.0000058,2.0000086,4.0000196,0.00026763565,0.0002250408,1275.0,260.0,-0.00016227113,6.547136e-05,0
4.9999413,475.00003,95.99992,0.41497543,0.17093743,0.41354308,-1.3539727,0.49214327,0.99984324,1.0000063,0.9998356,9.000134,25.000103,0.001149231,0.00023260571,2375.0,480.00006,-0.0012457144,0.0016963098,0
5.000016,605.0,121.999916,1.6856751e-05,-4.533129e-05,7.650378e-05,-1.4297643,0.086394355,2.0000908,1.0000037,1.0000598,1.0000151,4.000018,-0.00015433852,-8.143519e-05,3025.0,610.0,0.0010628898,0.000118971315,1
5.0001183,205.00003,42.00005,3.0766634e-05,8.737957e-05,0.00018235265,-1.0755073,-0.32102484,1.0001037,0.9999622,0.99998957,6.000107,13.000102,0.00016284567,5.522819e-05,1024.9999,210.00003,-0.0008348907,1.6417034e-05,0
1.0005646,685.00116,686.9999,-0.00028099996,0.0010762986,-5.6744942e-05,-1.0063311,-0.60704684,0.9995126,0.999356,0.9991873,211.00076,230.0002,0.0020725427,0.00078318716,939.00085,687.00134,-0.010743725,-0.0007582878,0
0.9996899,276.00034,278.00027,-0.0003647823,0.00014171016,0.0002248637,-0.72240835,-0.6253772,1.0003005,0.99984676,0.999981,72.99999,88.00025,0.00037720453,8.988349e-06,356.00012,278.00006,-0.0033145824,-0.0001031247,0
5.00014,479.9999,96.999794,0.49155578,0.17526981,0.41894886,-1.505872,0.18777862,1.000138,1.0001227,0.99987996,12.000002,25.999838,0.0011321804,0.00018582142,2400.0,485.00006,-0.001082507,0.0017832101,0
1.0000196,194.00005,195.00017,-0.00021159045,9.28238e-05,-5.650328e-05,-1.3763751,-0.51336855,1.0001806,0.99996,0.9998987,0.99994814,2.9999228,-0.00014995303,-9.006093e-05,232.0003,195.00027,0.0015025192,0.0002538413,1
4.9999766,184.99998,38.00001,0.19033946,0.05913723,0.2432186,-0.96930784,0.83398753,1.0000511,1.0000566,1.000003,1.0000619,6.9999995,0.0029133616,0.0005089192,925.0001,189.99997,-0.00034842172,0.0014597129,0
4.9999685,595.0,119.99984,2.5583267e-05,0.00012910966,0.00027960094,-1.1779342,-0.14917567,0.999955,1.0000453,1.000191,34.000137,40.999813,0.00017385792,0.00013901059,2975.0,599.99994,-0.0016840108,-2.466477e-05,0
5.000038,190.00008,38.999935,0.24045458,0.060004093,0.24473713,-1.3220363,0.5128005,1.0000522,1.0000463,0.9999763,0.9999674,4.999988,0.002128195,0.0002874956,949.99994,195.00008,-0.00032751323,0.0014315217,0
1.000017,229.99997,230.99997,0.31187853,0.16703968,0.40869257,-0.827981,0.89283,0.99987817,0.9999699,0.9999868,21.000103,22.000072,0.00050825725,0.00036221673,230.00002,231.0001,-0.0007397336,0.0005843744,0
0.9999659,210.00009,197.00005,0.31636062,0.12682445,0.3561794,-1.2668062,0.6123985,1.0001088,0.99999547,1.0000283,14.999965,20.999918,0.0003644671,0.00022024296,282.00003,196.99998,-0.00040218502,0.0005813522,0
1.0009845,477.0002,478.00067,-0.00028405766,0.00019774173,0.00023138434,-1.4561132,-0.03538399,0.9993379,1.0003314,1.0000477,146.00009,164.99944,0.0009324507,0.0006328651,652.9997,477.99918,-0.007512776,7.377897e-05,0
1.0001539,433.9996,434.99973,0.05562719,0.002802489,0.05336788,-0.23843595,0.855138,5.00015,2.0005279,1.9999285,35.00006,89.000175,-0.00051449996,-1.0800162e-05,434.0001,434.99982,0.0028372847,0.00023160494,1
0.99999005,215.00002,216.0,0.11744165,0.025885057,0.16098149,-0.721936,0.96690595,1.0000021,1.0,0.9999869,19.999977,30.000042,6.009101e-05,3.2310003e-05,214.99998,215.99998,-0.0002503386,7.381651e-05,0
1.0002875,202.00023,204.00018,2.7920134e-05,0.00012673566,-3.3523676e-05,-0.8957073,-0.47251812,1.0001048,0.9998098,1.0000943,61.999912,69.00019,0.00033950925,0.0005390056,241.99988,203.99985,-0.0026164567,4.5503042e-05,0
5.0000076,290.00003,58.999977,0.20545623,0.089695856,0.2995128,-0.37484914,1.107565,1.9999797,0.999999,1.0000172,2.9999917,3.0000072,0.00394041,0.0055752755,1450.0,295.00003,0.00060204626,0.0015872272,1
0.99981654,501.0,501.9994,0.0006988201,0.0013601934,0.00048746174,-0.45134988,-0.38916895,4.000834,4.0012145,3.9987457,3.9996827,7.9987335,-0.00050894753,-9.8594166e-05,656.9988,502.00046,0.013122025,0.0025398107,1
5.000073,240.0,48.999996,0.26917827,0.13396381,0.36604744,-0.7060712,0.9634136,1.0000012,0.99998313,0.9999918,1.0000422,5.0000453,0.004239667,0.0003686776,1200.0001,245.00006,-0.0003078737,0.002614387,0
4.999973,255.00003,51.999947,0.00010583417,1.5574215e-05,1.529356e-05,-0.5914735,-0.74876606,0.99995804,0.99997705,1.0000054,6.9999657,16.99999,7.660244e-05,7.755875e-05,1275.0,260.0,-0.0007264646,7.130025e-05,0
5.0000286,225.00003,46.00001,2.611592e-06,0.00015114775,-4.4302622e-05,-0.85385734,-0.6573293,0.9999949,1.0000118,0.9999543,5.000023,13.0000725,9.7880795e-05,7.5892094e-05,1125.0,230.00006,-0.0007280235,7.585798e-05,0
1.0002593,325.00012,326.00015,-4.7708756e-05,0.000107924796,-8.3335544e-05,-1.498282,0.01228814,1.000299,0.99979025,0.99996287,94.00014,113.00001,0.00036433036,0.00044115295,325.00015,326.00034,-0.0046546822,-0.00019714123,0
1.0000533,213.99997,214.99998,-3.0505682e-05,7.88774e-06,4.7647918e-05,-0.89513177,-0.45982647,0.9999748,1.0000468,0.9999315,28.99994,40.0,7.743917e-06,3.2218457e-05,214.00002,214.99994,-0.0005185399,3.756275e-05,1
4.999668,237.00024,47.99986,0.15719621,0.058625817,0.24097572,1.3691515,1.6614531,2.0004895,1.9997928,0.99967027,1.0001801,1.9997798,0.016355416,0.0325308,1198.9998,240.00046,0.006066298,0.0017708734,1
1.0000254,202.00005,204.00002,8.463191e-05,-1.7875065e-05,0.00011409173,-1.4160533,-0.009560518,0.9999665,0.999954,0.99989074,42.000004,42.000076,2.589052e-06,8.365462e-05,280.00003,203.99988,-0.0008878943,-0.00012210783,0
5.0001173,195.00064,39.999912,0.3451828,0.12697838,0.35682514,-0.7317354,0.8654572,2.0008116,1.0006585,0.9995856,3.0004318,2.9994318,0.03192691,0.058294065,974.9997,200.00024,0.008951039,0.003882404,1
5.000032,204.99997,42.000023,0.12648423,0.020597866,0.14362301,-0.8543082,0.8557778,1.0000528,1.0000027,1.0000273,1.9999743,11.000014,0.0008650102,0.00020729259,1025.0,210.00005,-0.00043093401,0.00041737364,0
4.999902,359.99994,73.00002,4.4256507e-05,3.3566554e-05,9.691703e-05,-1.1653857,-0.2888485,1.0000551,1.00013,1.0001463,14.000071,27.000048,0.00017739096,0.00012839936,1830.0,365.00006,-0.0010917408,-1.8656663e-05,0
1.000036,175.99988,178.00026,-8.453532e-05,2.8002338e-05,0.00016264393,-1.4438343,-0.032230657,0.9997407,1.000035,1.0001268,51.99995,57.000053,0.0002600514,0.00016466007,229.99986,178.00005,-0.0019299565,0.00017411653,0
1.0000471,176.00002,167.00009,-5.3403e-05,-6.444082e-05,2.0153435e-05,-1.220557,-0.29463768,0.9999594,1.00002,0.9999724,33.000107,43.00002,6.127702e-05,0.00011198296,285.9999,167.00005,-0.0009160672,-7.292785e-05,1
4.9999404,244.99971,50.00011,-2.3047023e-05,0.00010099478,0.00021580586,-1.3356507,-0.16944866,2.0000935,1.9998964,1.0000927,1.000023,2.0002437,-0.0003854138,0.00017152789,1225.0,249.99997,0.0018098081,0.00013379607,1
4.9999137,249.99997,51.00003,5.6150206e-05,4.7963014e-05,8.645985e-05,-1.1975533,-0.22203518,0.999977,0.9999846,1.0001954,7.000086,17.999971,1.0411302e-05,4.1068706e-05,1250.0,255.0,-0.00096043665,-4.0824652e-05,0
5.0000653,714.9998,144.00005,0.35087764,0.17490223,0.41782707,-1.0954101,0.74739003,1.0001622,1.0001001,1.000112,13.000108,24.000084,0.0006697262,0.00047931328,3575.0,719.9999,-0.0016761931,0.0010783568,0
4.999992,380.00006,77.00006,0.6249322,0.09503776,0.30814075,-1.4568005,0.08285407,0.99994427,1.000114,0.99998724,3.9999554,22.999966,0.00081481074,0.00017560807,1900.0001,385.0,-0.00058919424,0.0012694695,0
5.000096,224.99995,46.000076,6.0194643e-06,5.3792595e-05,0.00016594038,-1.4350976,-0.15042184,1.0000461,1.0000201,1.0000665,10.000015,14.000191,0.00015227699,0.00018732656,1125.0,229.99998,-0.0010582088,-7.3909454e-05,0
5.000018,182.0,36.999996,4.3292607e-06,1.7558717e-05,1.7701392e-05,-1.0915232,-0.048335787,2.0000403,0.99999774,1.0000156,2.0000126,1.9999819,-1.05976715e-05,-2.2394297e-05,926.0,184.99998,0.00032644175,9.077061e-05,1
5.0001717,385.00052,78.00061,0.64671826,0.112977326,0.3358636,-1.4507788,0.13849469,1.0000212,1.0001248,1.0002115,6.9999413,24.000072,0.0019939544,0.0010569526,1925.0,390.00027,0.003204896,-0.0012649194,0
1.0000386,180.00015,181.00014,0.0002101439,-0.00014408764,0.00023789106,-1.4664812,-0.019150905,1.0000572,0.99992335,0.99965674,42.00015,57.00033,0.0015197195,0.0023961528,251.99988,181.00017,-0.0017765503,-0.0018052107,0
5.000051,90.99992,18.99991,-3.449351e-06,9.203519e-07,9.237352e-05,-1.3881223,-0.20701785,1.0000225,0.9999995,2.000083,1.0000235,2.9999957,0.00040835046,0.00022675455,461.00018,94.99995,0.0012662974,-0.0005008464,0
5.0001645,260.00006,52.999973,5.156098e-05,5.6206878e-05,-6.43147e-05,-1.2660735,-0.09807055,0.9999955,0.9999549,1.0000219,4.9998646,16.999975,0.00033020426,0.00017445337,1300.0001,264.99994,0.0009153614,-0.00061519956,0
5.0000854,80.00006,17.000248,-5.51172e-06,-3.1746014e-05,7.198466e-05,-1.5349089,0.036746997,0.99991155,1.0000876,2.0001667,1.0001934,1.0000104,0.00027228464,0.00018904451,400.00003,85.00011,0.0012670978,-0.0005480594,0
4.9999113,40.000454,9.000126,0.97861916,0.012825058,0.112086594,-1.0816283,-0.24785805,1.0002722,1.0001187,0.9998853,0.99989456,0.0002534794,0.006734537,0.0021767737,200.00014,44.99995,0.0025693232,-0.00013425278,0
5.0000143,200.00012,40.999836,0.25506312,0.11837274,0.34410566,-0.9035241,0.8774831,0.9999079,0.9998245,1.0001954,0.99953246,2.9999943,0.0064998823,0.0023881353,999.9997,205.00027,0.0023761026,0.00062877085,0
4.999941,175.00021,36.00019,0.21316431,0.015991302,0.12603323,-1.0459504,-0.40080732,3.0000074,1.0001752,1.0000461,3.0000005,4.0001707,0.00081537175,-0.0001048918,874.9999,179.99979,-0.00054729194,0.0020582224,1
5.000335,530.0004,107.00018,0.37958428,0.16123897,0.40187588,-1.2273695,0.5734807,0.9993922,1.0001404,0.99948573,11.000211,27.0005,0.0034563572,0.0017665614,2650.0005,535.0002,0.004541166,-0.0014976901,0
1.000596,419.9999,411.0004,0.0015678,0.0012961808,0.00088709366,-1.4020718,0.13276577,2.9992383,2.000939,1.9998689,2.0005636,5.000783,-0.0032800331,-0.0027841215,658.0008,410.99994,-0.008945887,0.007449495,1
1.0000846,399.00235,400.00027,0.0013156553,0.00062797626,0.00089550694,-0.11208626,0.59836125,2.9995687,2.9999108,1.9986799,1.0010017,1.999651,-0.0033944342,-0.0020135613,534.9992,400.00067,-0.011266665,0.009442272,1
5.0000496,95.000114,20.000134,3.004656e-05,0.00011815086,-1.5038331e-05,-1.3115548,-0.20000993,0.99991447,1.0000384,2.000019,0.9999871,2.000016,0.00029883257,0.00026823132,475.0001,100.000046,0.0010796053,-0.0003312967,0
0.9988147,369.00162,370.0021,-0.00048826222,-0.0005260106,0.0003444166,-1.3904316,-0.13956076,0.9999792,1.0000638,0.99994886,96.00044,114.000404,0.0065179737,0.0037715128,383.0001,370.00125,0.0057412796,0.0020867859,0
1.0003879,189.00018,190.00117,-4.6520585e-05,0.00077370176,-0.00024400951,-1.0752873,-0.31527695,1.0013603,0.99989223,1.0002388,58.000126,68.00022,0.0034225872,0.0014486022,265.0009,190.00021,0.006083721,-0.004112648,0
1.0006865,497.0,498.00134,0.0008921339,-0.0011600868,-0.0004131442,-1.4711049,0.09971642,2.0001178,1.9991537,1.9998778,1.0010947,3.0000985,-0.0033204216,-0.0025275194,597.0011,497.99945,-0.009261337,0.009205224,1
0.99999654,215.00002,216.00003,2.397894e-05,-2.9108956e-05,-7.5948856e-06,-1.3007725,-0.092207186,1.9999905,1.0000032,1.0000302,27.000023,31.0,4.919127e-05,5.4579563e-05,215.00003,216.0,0.00026749994,-0.00020231499,0
5.000015,219.99971,45.000328,0.00036999348,-0.0001006341,-0.00021442458,-1.475848,-0.03265055,0.99980056,0.9996838,1.0003347,6.0001345,14.000249,0.00088698714,0.0008743085,1100.0001,225.00032,0.0010481648,-0.0012695908,0
5.0000076,225.00002,45.999973,-1.6324168e-05,-7.3550575e-05,-0.00012453014,-1.4787033,-0.047386177,0.9999705,0.99987763,0.99992645,5.0000267,17.000156,0.00022011594,0.00063882594,1125.0002,230.00014,0.0015605841,-0.0008895844,0
5.000109,291.00006,59.00052,0.40455836,0.18790656,0.4333217,-1.2685703,0.55698025,1.000004,1.0003381,0.9998851,2.0003247,13.999563,0.004339526,0.001759717,1486.9996,295.00006,0.0034669398,1.2988652e-05,0
0.99955606,253.00081,254.0005,0.34095448,0.16962099,0.4119534,-1.0688645,0.7478479,1.0011697,0.99996406,0.99986196,22.000244,38.00008,0.003985939,0.002043078,253.00021,254.00108,0.005884013,-0.0021091835,0
4.99994,205.00026,42.00011,0.2767518,0.09515243,0.30839774,-1.2717863,0.596868,1.0003362,0.9998531,1.0001409,2.0000281,5.0001893,0.0036514224,0.0010582049,1025.0001,210.00034,0.0016786128,-0.0001072563,0
0.99996096,179.99973,181.00087,0.00013853871,0.00032513644,-0.0005593687,-1.4499407,-0.051829774,1.000659,1.0000988,1.0005246,47.00064,64.00051,0.0047268253,0.0022773568,231.99944,180.99998,0.006496104,-0.00069691055,0
5.000419,345.00046,70.000015,0.00027628566,-0.00023442775,0.00085112633,-0.6550535,-0.7465753,3.0004148,1.0001351,0.99972034,3.0002167,2.9999979,-0.0009573978,-0.0010517853,1725.0006,350.00012,-0.0043127956,0.0019073639,1
5.000037,575.00006,115.99992,-0.0001441822,-0.00012523371,0.00019740984,-1.103765,-0.37471753,0.9998962,0.99997556,1.000314,33.000122,40.00011,0.0018158684,0.000808318,2875.0005,580.00006,0.002904227,-1.0959325e-06,0
1.0009834,206.99956,208.00073,0.30743948,0.11307781,0.3371918,-1.3057256,0.5865005,0.99946404,1.0005146,1.0010984,17.000244,34.999683,0.0022733393,0.0014551629,207.00049,207.99937,0.0048070354,-0.0027404714,0
5.000228,214.99966,43.999794,0.32191196,0.07951599,0.28211558,-1.5477165,0.19502449,0.9998316,0.99972224,1.0002332,2.0001268,6.999925,0.0029303336,0.0006731458,1075.0001,220.0004,0.0013641397,3.823094e-05,0
5.000416,224.9999,45.999935,0.32447878,0.16779967,0.40962845,-0.9423956,0.82033265,0.9999395,1.0000209,1.000486,2.0002987,9.000189,0.0061223963,0.0017098704,1125.0001,229.99991,0.0020029899,-0.0006154715,0
1.0004447,182.00159,184.0008,0.00055549154,-0.0003938759,4.7904083e-05,-1.0407614,0.2777051,3.0012546,2.0005062,1.0002965,3.000105,5.999075,-0.0022483934,-0.0008541051,228.00046,183.99908,-0.0034349535,0.0060368213,1
5.000779,775.00024,156.00066,0.00059002056,0.00025210017,0.00013772395,-1.451133,0.16998781,1.0000523,1.0001962,0.9998485,39.999775,48.00083,0.0031094966,0.00123326,3874.9995,780.0005,0.005365675,-0.0025223286,0
4.999815,205.00024,41.999866,0.00012825038,0.00026137804,0.00041491468,2.4102454,0.80458623,2.0002964,2.0004752,0.9997217,2.0000088,4.00025,0.00024327674,-0.00018375811,1024.9998,209.99965,-0.0026686466,0.003132486,1
1.0006746,352.99884,354.00095,-0.000970283,0.0005875549,0.0013500365,-1.484125,0.027463272,1.0017812,1.0016758,0.99956524,101.00132,118.00019,0.011352876,0.005218345,474.9988,354.00067,0.006910408,0.0025057336,0
1.00131,370.0003,372.0006,0.0005003668,-0.00040996235,0.00033492735,-1.3610206,-0.09314186,1.9992034,1.9998428,1.9993856,3.0001357,11.999543,-0.0033825985,-0.0049752546,467.99985,372.00156,-0.005732378,0.01144355,1
4.999793,294.99976,37.00141,0.0016690899,-6.726964e-05,0.00020763777,-1.283062,0.35340592,1.0007616,0.9985287,0.000102074766,2.0001123,2.0002942,-0.003949448,-0.0017705956,15275.001,185.00082,-0.0023571176,0.012209805,1
0.99984235,194.99994,196.00021,-0.00017190781,6.0540333e-05,-4.4967856e-05,-1.5242693,0.03925981,1.9999077,1.0001982,0.9999687,19.000103,30.999964,-0.00034332208,-0.00044837853,213.00018,195.9999,-0.00083533087,0.0015344667,0
5.0000243,224.99988,46.000114,-1.319467e-05,-0.00015333782,0.00013290922,-1.4411023,0.0015883659,1.0001407,0.9999884,1.0000421,5.9999285,12.999861,0.00032789906,0.00014243972,1125.0,230.00006,0.0010269633,-0.00095826865,0
1.0008073,185.99973,186.00055,0.00040976005,3.726389e-05,0.00063587434,-1.3699169,-0.09059223,0.999278,1.0001465,0.99947786,52.99969,62.000114,0.0039409646,0.0026375833,243.9999,185.99957,0.0037909604,-0.004748401,0
4.9999833,290.0,59.000046,0.20546933,0.08971127,0.29948592,-0.3747994,1.1075463,1.9999508,0.9999804,0.999995,3.0000064,3.0000267,0.003842921,0.0055494355,1450.0,295.0,0.00013698605,0.001869343,1
5.0002003,229.99991,47.00008,0.293325,0.12877652,0.3586822,-1.092442,0.745045,1.0004578,1.0003024,0.9999639,1.0000048,5.0001035,0.00462506,0.0011106278,1149.9998,235.00018,0.0024885149,0.00041775175,0
0.9994887,336.00107,336.9982,-0.00035191062,0.00019791545,-0.00032578374,-1.2726018,-0.15569556,2.000858,2.001788,1.9987456,1.0001156,3.9988484,-0.0028818182,-0.0018983379,336.00046,336.99918,-0.0093069365,0.0071377414,1
5.000337,244.99986,49.99996,0.00032604128,-4.689407e-05,0.00021145816,-1.4215689,-0.07559477,0.99995637,1.0003334,1.0001358,10.999951,19.999966,0.0008125779,0.00047473738,1225.0,249.99977,0.0020637228,-0.0011775555,0
0.99937147,362.0003,363.00052,0.33321652,0.16817778,0.40952215,-0.9880346,0.7915296,0.999974,1.0001796,0.99961954,24.000439,27.00002,0.002265989,0.0010262873,362.00003,363.0005,0.00491477,-0.0022850868,0
0.9997745,177.00105,178.00003,0.00015149277,-0.00016306361,9.2999435e-05,-1.3703139,-0.098052315,1.0003078,1.0003494,0.999803,51.000103,57.00011,0.0033689619,0.002910807,242.99948,178.00009,0.0027209315,-0.0043532294,0
4.9998345,109.99995,23.000202,5.829315e-05,-0.00034374528,-8.193338e-05,-1.4312601,-0.028712668,0.9999823,1.0002121,0.9999805,1.0000461,4.0000715,0.0003093606,0.0004462154,550.0,114.99979,0.0008312552,-0.0013511728,0
1.0001361,327.99985,329.00043,-0.0013099905,0.002258177,0.0019399646,4.8573737,-1.2293167,1.9985594,1.9993606,2.9997096,2.0004997,2.001479,-0.0011839136,0.00021314404,458.00064,328.99857,-0.016008561,0.004492591,1
0.99995446,180.00082,181.99927,0.00044611475,-7.270493e-05,0.00017119898,-1.4849484,-0.03205167,1.0003284,1.0003422,0.9998768,50.999283,64.00019,0.0037740697,0.0032430647,252.00034,182.00035,0.003253496,-0.005239973,0
1.0011444,798.00256,798.0006,0.001519205,-0.0043385797,0.0019178163,-0.93598884,-0.3965013,3.999974,4.002996,4.000855,3.9978738,8.00257,-0.008702201,-0.00654131,1032.0,797.9991,-0.0253039,0.014913665,1
0.9999935,217.00009,202.99997,0.08960991,0.010855498,0.104276545,-1.0866836,0.7188283,4.0000196,1.0000216,1.0000387,22.00005,32.000114,0.00011587171,9.863813e-05,287.00003,203.00009,9.754497e-05,0.0005835139,1
5.000074,150.00012,31.00012,0.052596796,0.005093484,0.0713688,-0.5696428,1.0054475,1.9998415,0.99987406,0.99976,1.9999439,0.99990046,0.0025577615,0.0077542635,749.99994,154.9999,-0.0004904145,0.002388815,1
4.9999175,359.99988,72.99993,0.2551735,0.11913187,0.34530726,-0.75480783,0.9440526,1.0001098,1.0003167,1.0000873,2.0003488,11.999965,0.0033000167,0.0012128832,1800.0005,365.0003,0.0020137713,-0.0008179039,0
1.0003809,177.00056,177.99994,0.0004935717,-0.00029459014,-8.69063e-05,-0.36418664,0.0057236846,0.99980026,1.0000848,1.0000194,1.0004816,1.0000292,-3.4100503e-05,-0.00085868035,220.99982,178.00006,-0.0010893348,0.004258962,1
1.0000647,163.00023,153.99985,0.22741555,0.034666292,0.18601409,-1.4292203,0.15862055,0.99969226,1.0002438,1.0003,17.000057,21.000368,0.0007608009,0.0007482121,187.00024,154.00043,0.0025786394,-0.0019359797,0
5.0001273,615.00037,123.999756,-0.00048140335,-0.00021280091,-6.6557773e-06,-1.4061613,-0.18513377,1.0002332,1.0001205,1.0004352,33.00024,40.000404,0.002200943,0.0010894553,3075.0002,620.00024,0.0036561317,-0.0006448347,0
5.000043,255.0,51.999916,0.101035304,0.010629425,0.10330632,-1.0542194,0.72740555,2.0000737,0.9999402,0.99991834,2.0002375,4.9999022,0.00047142085,0.0012169366,1275.0,259.99994,-1.815643e-05,0.001563964,1
1.0001644,185.99992,168.9998,0.12542896,0.022634732,0.15089642,-1.0890224,0.73893064,0.9998997,1.0001752,1.0003139,16.000025,24.000008,0.00062710105,0.000527633,253.9998,169.00005,0.00063942786,-0.0017717911,0
1.0007509,261.0012,262.00043,-0.00015195855,-0.0009945089,0.0010203293,-1.4761953,-0.011937529,1.0002234,0.99990284,1.0002356,90.000175,92.0,0.0054534706,0.0026926086,333.00043,262.00107,0.011898093,-0.00595407,0
4.999991,265.00006,54.0001,0.2496407,0.03824008,0.19467147,-1.5184397,0.06331395,1.9999554,0.9999999,1.0000407,3.000177,3.9999201,0.0010542786,0.0009022217,1325.0,270.00006,-0.00041133634,0.0020408302,1
1.0011878,685.00104,686.9989,-0.0007397675,0.002554955,0.0022932128,-1.0044262,-0.60678554,0.99767804,0.99988997,0.9992227,211.00238,230.00307,0.014834409,0.0062881913,938.99976,687.00244,0.005826319,-0.0016447623,0
4.999896,245.00009,49.999863,6.8954637e-06,0.00012333908,-7.976778e-05,-1.4861993,0.060461823,0.99967366,1.0001837,0.9998703,10.00002,17.999844,0.00050007686,0.00051532657,1225.0004,249.99977,0.0017814487,-0.0012571359,0
0.9999099,352.00006,352.99982,0.0060378583,0.00014829796,0.013111054,3.136946,2.136099,4.999981,2.000029,1.0001847,7.0001025,20.000227,-0.00010159313,-0.00016831122,352.00006,353.0,-0.0012649742,0.0013718865,1
4.9996953,425.0005,86.00069,0.4839766,0.17544906,0.41895065,-1.5280327,0.19375941,1.0001234,1.0000978,1.0001489,4.999708,21.00018,0.003430216,0.0010586623,2125.0002,430.0006,0.003624193,-0.00031116398,0
5.0000386,270.0004,55.000317,0.34380195,0.17386664,0.41693547,-0.7097954,0.9340268,1.0003915,0.99989456,0.99961615,1.9999511,10.999853,0.0054796273,0.0014406658,1378.0001,274.99994,0.0028220995,-8.1027036e-05,0
5.0002193,464.99957,94.000114,0.49557593,0.20524365,0.4534703,-1.233833,0.52324677,1.0008852,0.9999507,0.99980307,6.0001416,11.000012,0.00326374,0.0019865173,2325.0005,470.0,0.0043755127,-0.00021659205,0
1.0002916,207.99983,209.00005,-0.00027755098,0.00010110411,-0.0002219572,-0.9450905,-0.45553723,1.0000443,1.0000187,0.999526,46.000164,51.99998,0.0023898422,0.0015291502,219.99998,209.00014,0.002900737,0.0018005194,0
1.0001819,202.99988,196.99982,0.37629998,0.18380609,0.42843157,-1.2014811,0.6446909,1.0001024,1.0000161,1.0007275,10.999865,21.00049,0.0019563844,0.00056867336,250.99998,196.99977,0.005235115,-0.0019366744,0
5.000523,474.9997,96.000435,0.6523275,0.13803473,0.37206116,-1.4753247,0.19094007,0.9993779,1.0001801,1.0001303,15.00065,29.999483,0.0034754775,0.0015958349,2375.0007,479.9999,0.0047807447,-0.00040064738,0
4.9998875,189.99983,38.99985,-0.0001634236,0.00014383986,-4.2290245e-05,-1.4481347,-0.124815404,1.0002007,1.0000833,0.9998088,7.0001297,14.000057,0.0005744908,0.00054017955,950.00006,195.00018,0.0016990092,-0.0010732447,0
5.0001473,224.99988,46.0002,1.67509e-05,-9.722851e-05,-0.00020638488,-1.4878738,0.03814765,0.9999153,1.0002004,0.99990624,5.000078,15.000131,0.00065636693,0.0007712656,1124.9996,230.00015,0.0009464183,-0.0014350069,0
1.0005664,535.0006,536.00165,-0.00079341925,-6.468158e-05,-0.00022218519,-1.1442387,-0.074290834,1.9989377,2.0008943,2.0017734,2.001182,2.0014565,-0.006336325,-0.004421699,701.00256,535.999,-0.006152788,0.014743515,1
5.0001874,205.00021,42.000004,0.19205943,0.07056827,0.26558486,-0.8051471,0.93856585,0.99987406,0.9999109,1.0000372,1.0000561,3.000059,0.003643998,0.0013892751,1024.9999,210.00012,0.0013787767,-6.57629e-07,0
5.0003753,214.99995,44.000134,-0.00024377505,-7.23315e-05,6.447877e-05,-0.8816073,-0.63028705,1.0000696,1.0000248,0.9999938,9.000037,15.000039,0.00053638296,0.0004117055,1090.9998,220.00006,0.001524233,-0.0007430092,0
5.0000196,105.00014,21.999928,0.00012839763,-5.9945476e-05,0.000116874675,-1.1577634,-0.28229263,1.0000292,1.0000458,1.0002176,0.99999213,6.000026,7.280455e-05,5.581309e-05,525.0,109.99987,0.0011755119,-0.0010163453,0
1.0000432,188.00066,188.99997,-0.00029816915,0.00036502993,-0.00014525813,-1.5047387,-0.015173796,1.0000464,0.9997237,0.99983746,40.000027,47.00047,0.0018962955,0.002285226,187.99974,188.99986,0.0009880065,-0.0032813342,1
1.0000536,173.99974,174.99953,-0.0005407292,-0.00017165022,-3.919889e-05,-1.3477589,-0.060046606,1.0003214,1.0000298,1.0000229,45.00054,55.000126,0.0019744427,0.0020952376,229.99947,175.0002,0.0016041641,-0.0036863259,0
1.0001577,267.00027,268.0001,0.00041950148,9.754497e-06,0.0003070469,-1.0292933,-0.311589,1.0001158,1.0004017,1.0001779,18.000467,18.999828,-0.0010533787,-0.00040299052,267.00003,267.99942,-0.0031941358,0.003071925,1
0.998523,649.9997,651.0009,0.0015967779,-0.0007973661,-0.0018221892,-0.9670578,-0.34214967,2.000454,1.9983922,1.9984149,0.9996377,4.0025897,-0.008206988,-0.00522721,869.9989,650.99945,-0.0077652275,0.016847394,1
0.99972254,164.9999,166.00009,-6.135235e-05,-0.00023752249,0.00034262144,-1.4460372,0.020053407,2.0001369,1.0002166,1.0000553,9.000096,26.000029,-0.0007545741,-0.00036833307,164.99991,165.99974,-0.0012751485,0.0018526601,1
4.999983,195.00003,39.99998,0.14598894,0.025725521,0.16020308,-1.4091313,0.5616544,1.0000083,0.99995303,0.9999802,1.0000151,3.0000265,0.0017746487,0.001710323,975.00006,199.99995,0.00034711364,2.5386915e-05,0
4.999989,79.99996,16.999992,0.00011002561,-8.437677e-05,-9.775791e-07,-1.5009266,-0.0018683919,0.99996144,1.0000315,2.0000737,1.0001208,0.99979544,0.00036148212,7.661753e-05,399.99985,84.99988,0.0011760226,-0.00060072524,0
5.000217,235.00023,40.00018,-4.087532e-05,-0.00010441467,-4.1678046e-05,0.43969014,0.8016008,3.0000217,1.0001463,0.99964416,2.9994876,3.0003655,-0.00034548072,-0.00024040036,2975.0005,199.99998,-0.0009459374,0.0038521185,1
4.9998264,255.00005,51.99998,9.1864145e-05,-0.00017392765,0.00015212987,-1.384993,-0.018044712,0.99990034,1.0000297,0.9999341,7.000133,17.000023,0.0005507795,0.00023853319,1275.0001,260.0,0.0012620114,-0.000770102,0
5.000319,260.0003,52.99988,0.38163882,0.15527263,0.39442274,-1.0535927,0.7521834,0.99989355,0.9997688,1.0002451,3.0000083,10.999974,0.0048723165,0.0015263434,1300.0,265.00018,0.0027252974,2.688755e-05,0
0.99939966,348.99945,349.99982,0.2747759,0.10357349,0.3216819,-1.2357627,0.64981854,0.99982095,1.0003463,1.0003215,19.000364,29.999842,0.0021502443,0.000945925,349.00024,349.99963,0.0036268341,-0.0022109905,0
4.999799,204.99992,42.000076,0.2765151,0.09490922,0.3082822,-1.2722207,0.5966718,1.0003431,0.99997735,1.0000976,2.0003295,4.999889,0.003915131,0.0010918248,1025.0,210.00006,0.0013897234,-0.0001791029,0
4.999802,415.00012,84.00004,0.6363937,0.10582621,0.3256005,-1.4900436,0.08124292,1.00008,0.99979436,0.9998632,14.00003,26.999994,0.0025773502,0.0015284226,2075.0005,419.99988,0.0033759028,-0.0011663679,0
0.9999104,391.00018,351.00018,0.18898518,0.058606565,0.24185865,-1.0114635,0.8118742,2.0003836,1.0000612,1.0001056,15.999813,19.000078,0.001104568,0.0008123001,535.0002,351.00006,0.0016906173,-0.0014475139,0
1.0017414,236.0004,236.99927,0.0009322127,0.0002634154,0.00063658727,-0.89944,-0.46666297,0.9993475,0.99968845,0.99967724,73.99956,81.00027,0.004810625,0.0024524739,236.00046,237.00044,0.007429651,-0.0014598717,0
5.0000124,495.00018,100.00073,0.00018210795,-6.61073e-05,-5.091733e-05,-1.4076451,0.14771864,0.99971026,1.0000023,0.999885,20.000084,33.999863,0.001930146,0.0014480383,2474.9998,500.0003,0.0029566488,-0.000964349,0
4.999853,479.99988,97.00068,0.47323975,0.1810803,0.42542237,-1.2409334,0.49516532,0.99989206,1.0004338,0.99977267,10.000006,25.999798,0.0041955365,0.0020605654,2400.0,485.0008,0.0038860305,-0.0017425277,0
4.999987,105.00017,21.999933,0.00023260053,6.451942e-05,-0.00010657751,-1.5098454,-0.066960014,0.9998745,1.0002645,2.0000815,1.0001433,5.000107,0.00039372419,0.0007162561,525.0001,109.99991,0.0010987793,-0.0010236714,0
4.999996,109.99997,22.999968,8.588958e-05,4.1585994e-05,0.00010244404,-1.5008653,0.0049608317,1.0001086,1.0000161,2.0001924,1.0001477,5.0000925,0.0003021606,0.0003530488,550.00006,115.00001,0.00094626466,-0.0006755657,0
1.0012901,587.0013,527.0003,0.2961638,0.1415322,0.3756534,-0.9387104,0.8329125,1.0003701,1.0002948,1.0002618,85.000084,108.99987,0.007386749,0.0043538143,792.9996,527.0019,0.010066417,-0.004077806,0
5.0000877,204.99982,42.00007,-1.553788e-06,1.1275591e-06,4.6200938e-05,-1.3101962,-0.028249752,0.9999858,0.99989223,1.0001947,7.000014,12.999726,0.000705059,0.0005315526,1025.0001,210.00017,0.0008515216,-0.0013881266,0
4.999934,230.00003,47.00005,0.00011803509,7.205131e-05,0.00019653699,-1.50037,0.06313235,1.0001318,0.99986,1.0001408,3.0002394,13.999918,0.00015178816,0.000118389646,1150.0001,235.0,0.00096253376,-0.0008240125,0
5.0001035,220.00014,45.000145,0.00020587737,4.533246e-05,-6.9568494e-05,-1.4652287,-0.017667424,1.0000341,1.0000056,0.99996674,5.999994,13.999956,0.0003138117,0.00027043646,1099.9999,224.99995,0.0012607991,-0.00096978224,0
4.9999614,75.0001,15.999936,0.00010518182,0.00010005826,5.0342314e-05,-1.4431049,0.032137215,1.0000175,0.99997276,2.0000641,1.0000628,2.000167,0.00036105292,0.00035316296,375.00006,79.999886,0.0008784617,-0.0012465984,0
5.000082,95.00012,19.99997,0.08761725,0.010180665,0.10059005,-1.21108,0.6496584,1.0000385,1.0001038,1.0000817,1.0000726,2.0000513,0.0016109105,0.0004005105,474.99997,99.99997,0.000486671,-0.00040496833,0
5.0000544,824.99963,166.0004,0.27330124,0.10242711,0.32080308,-1.2628386,0.64366525,0.99969715,0.99998015,1.0001051,9.999981,25.999453,0.0030800554,0.0012413313,4125.0,829.9999,0.0038877304,-0.0013372542,0
5.000034,240.00008,49.00009,0.30607733,0.099018976,0.31536603,-1.241253,0.60371965,1.0001193,1.0001214,1.0003017,2.0000699,6.00008,0.0030259662,0.0010497594,1200.0001,244.99998,0.0012305252,-0.00024400742,0
0.99959654,402.0008,392.99988,0.007423931,-0.00021658088,0.008092166,-1.2600027,0.6260759,33.00008,0.99981153,1.0004257,43.00019,57.999897,0.002393952,0.0012382453,514.001,392.99973,0.0043844227,-0.00012594606,0
1.000483,175.9999,160.00029,0.20988612,0.048504572,0.2193319,-1.382787,0.50334793,1.0000688,1.0002508,1.0005248,17.000238,27.000118,0.0012509621,0.0011773884,246.00081,159.99995,0.0031546163,-0.0026358373,0
0.99973345,175.00029,172.99992,0.2837399,0.08294517,0.2879997,-1.3480111,0.5158417,0.99957097,1.000189,0.9998019,13.000233,14.000184,0.0009928158,0.00087153935,207.0,173.00008,0.0030478437,-0.0025139654,0
5.000077,289.99988,59.000023,0.00019661257,-6.8319656e-05,0.00029417276,-1.3591862,-0.03939865,1.000024,1.000426,0.9997307,15.000073,18.000067,0.001180276,0.0008774059,1450.0001,294.99997,0.0019415796,-0.001077648,0
1.0004134,209.00015,209.99971,0.35897824,0.18590693,0.43182024,-1.0609096,0.7468903,1.9995791,1.0004649,0.99997544,21.000113,26.000202,0.0034261425,0.0016838359,209.00014,209.99992,0.0044667516,-0.0029931392,0
1.0001252,229.00082,229.99953,0.00033157706,-0.00035672612,0.0004184684,-1.2637149,-0.23158973,1.0013431,1.0002272,1.0001235,70.99973,83.99985,0.005768731,0.0031731378,289.00027,229.99997,0.0071372585,-0.005619446,0
1.0008284,186.99994,188.00136,2.0015239e-05,-0.00027683834,-0.00019434265,-1.5020605,0.06287256,0.99925154,1.0004311,1.0000973,51.000443,60.00069,0.0037819045,0.0048142127,187.0003,188.0006,-0.0025974328,-0.0027783483,0
5.000025,194.99965,40.000095,0.27799505,0.10491546,0.32409117,-1.1067853,0.7372576,1.0003235,0.9999599,1.0000705,1.0002013,2.0002706,0.0047392147,0.0011536786,975.00006,199.9998,0.0018723963,4.5806868e-05,0
5.000053,85.00009,17.999996,9.70171e-05,0.00017964341,0.00015123416,-1.4772999,0.0018324986,0.99999124,0.9999455,2.0000207,0.9999252,1.0000206,0.00012813912,0.00014472973,425.00003,90.0001,0.00094779884,-0.0008151512,0
0.9999939,177.00006,177.99942,2.5993091e-05,0.0010182706,-7.1243235e-06,-1.4933321,-0.01247328,0.9999367,0.9992017,0.999608,56.000404,60.000103,0.0029817426,0.002480936,203.00037,177.99983,0.0050864015,-0.0055315564,0
5.0000324,355.0,72.00003,0.2516627,0.059894804,0.24491851,-0.46427903,0.8425304,1.9998745,2.0000923,1.0000515,3.00011,4.0001974,0.0008272182,-0.00050888816,1775.0,359.99982,-0.0012974838,0.0024496377,1
4.999962,85.00001,18.00003,5.5291737e-05,-0.00015535313,0.00012293804,-1.4809574,-0.11253083,1.0000006,1.0002106,2.0000052,1.0001943,2.0000858,0.00019471654,0.0001831892,424.99997,90.00005,0.0012699591,-0.0007460409,0
5.000039,75.000145,16.000101,0.0002896029,0.00014066075,-0.00015546361,-1.4464366,-0.08425079,1.0002391,0.9999563,2.000054,2.0001805,2.999979,0.000517585,0.00040642318,375.0004,79.99987,0.0011838165,-0.0016255518,0
5.000234,250.0,51.00006,-1.0121855e-05,6.814652e-05,0.00022448803,-1.2386345,-0.1281432,0.99999434,0.9999891,0.99998075,8.000056,17.000277,0.00054910616,0.00038529068,1250.0001,255.0001,0.0012162334,-0.00076110713,0
1.0001849,912.99976,914.9985,-0.00075687876,0.0011983411,0.0022037611,-1.248195,-0.2560528,5.003795,4.9964013,4.0047946,4.0065756,11.003181,-0.009472312,-0.007026546,1249.0035,914.99805,-0.024905141,0.025457913,1
0.9994713,181.00012,181.99985,-4.2962547e-05,0.00037271116,0.000980627,-0.7734509,-0.6822589,0.99980783,0.99999076,1.0004073,46.000206,49.000217,0.0012298599,0.0013187764,239.00002,182.00009,0.0043655857,-0.0021689404,0
5.0001445,190.00072,39.000294,0.35041508,0.12828265,0.35822406,-1.2359427,0.61257565,0.9995746,1.0003021,1.000328,2.0000708,5.000488,0.00547286,0.0016346256,950.0,195.0,0.0032192224,0.00056171586,0
1.0004418,202.99951,203.9994,0.0001794189,-0.0011410267,-7.628665e-05,-1.4735183,-0.06329547,0.9996314,1.0007918,1.0002713,58.00119,66.00015,0.00426707,0.0021916893,224.99971,204.00096,0.006925131,-0.0037704317,0
5.000381,344.9999,69.999596,0.23722613,0.10196105,0.31987578,-0.7929316,0.9267199,1.0002843,0.9999876,1.0000066,3.0002565,11.000164,0.0026923476,0.0010589971,1724.9999,350.00012,0.0017070692,-0.00076659105,0
5.000239,239.99983,48.999958,9.3874936e-05,0.00017101085,1.8898232e-05,-1.4428718,-0.19352397,3.0001445,0.9997773,1.0002569,2.9998717,6.000239,-0.000353679,-0.0003292042,1200.0,245.00008,-0.0017052193,0.002082093,1
1.0000267,171.00023,172.00092,-0.00023448607,-0.0011986166,1.6280537e-05,-1.3023288,-0.1528336,1.9999938,2.0000503,1.0001224,0.99956447,3.0003228,-0.0013379978,-0.0020548368,170.99985,171.99945,-0.0048011597,0.0056813895,1
4.9999843,104.99999,22.000065,4.201515e-05,7.6161006e-05,0.0002238939,-1.4920086,-0.0011502247,1.0000042,1.0001249,2.0001612,1.9999844,3.999954,0.00021271566,0.00019226738,525.00006,109.99998,0.0011352219,-0.00060382363,0
5.0001087,175.00064,35.99997,0.32843968,0.09836661,0.31356925,-1.4358346,0.39886877,1.000037,1.0001744,1.0005054,1.9998114,7.0005727,0.0046487944,0.0013507395,875.0003,179.99995,0.0021469868,-0.00013203592,0
5.0000906,344.99994,70.00001,0.111210555,0.025422689,0.1599509,-0.6276412,1.0278021,2.0000193,0.9998885,1.0000768,3.000219,3.0000222,0.0015688202,0.004498505,1725.0001,349.99976,-0.0005657101,0.0016900784,1
5.0001354,230.99998,47.000027,-8.81303e-05,-4.45872e-05,7.7936704e-05,-1.3434112,-0.12550457,0.99998546,1.000116,0.9999212,3.9999318,12.00013,0.00033692518,0.00023540422,1161.0001,235.00003,0.00066083303,-0.00061271276,0
4.9999733,239.99997,49.000023,0.17306192,0.025389366,0.15926546,-1.471828,0.46116337,0.9999953,1.0000421,1.0000243,4.0000606,6.0,0.0008801965,0.0005531784,1200.0,244.99998,0.00025164668,0.00011458814,1
5.0001655,95.00001,20.000181,0.15021089,0.01960844,0.14041695,-1.3484571,0.4300437,1.0000427,1.0000864,1.0001291,1.0000168,2.9999716,0.002442767,0.0007018205,474.9998,99.9999,0.0011250748,-0.0005963505,0
5.0000396,190.00017,38.99984,-0.0003209275,3.0313338e-05,-0.000108407854,-1.4852365,0.028194848,1.0002669,1.0002635,0.99999434,7.9999094,14.00042,0.0010235201,0.00038353898,950.00006,194.99998,0.0015709342,-0.0017312744,0
1.0003766,340.99994,308.99982,0.27774155,0.08790761,0.29632226,-1.376024,0.5184012,1.000084,0.99980974,0.9999813,24.999691,30.999802,0.0018327965,0.0008777524,469.0002,308.9996,0.0040346305,-0.0018816252,0
0.9994063,314.99985,317.00128,0.0003846805,-0.0015800415,4.1237272e-05,-1.2178676,-0.12949379,0.9997941,1.0004505,1.0006187,97.00112,104.00054,0.0068200724,0.0026491145,441.00003,317.0002,0.0079169525,0.0024923843,0
4.999893,415.00003,83.99987,0.000455579,-1.7848438e-07,-0.00020866068,-1.2604405,0.015306789,0.9999132,1.0001713,1.0000241,19.000172,27.999754,0.00150838,0.00063333416,2075.0005,420.0002,0.0022115922,-0.001272489,0
4.9997816,420.0002,85.00028,0.32707822,0.13138638,0.3625562,-1.3275311,0.5531285,1.0001968,0.9999895,0.9998047,0.99980205,11.000041,0.0023065472,0.0011526569,2099.9995,425.00034,0.0024502352,-0.0007898944,0
4.999932,234.99997,47.999866,0.00019609678,-6.9574395e-05,-1.8252358e-05,-1.2926744,-0.08676426,1.0000004,0.99993646,1.0000594,5.9998827,15.000093,0.00034177606,0.00017451834,1175.0,240.00006,0.0010232101,-0.0008403741,0
4.999879,99.99999,20.999928,0.00012213428,1.5469994e-05,0.00010921565,-1.4747331,0.0075336737,1.000016,1.0001028,2.000094,1.0000697,4.9998746,0.00031963375,0.00013840728,499.99997,104.99998,0.0010439892,-0.00076057366,0
1.0000346,642.0,643.00006,-0.00011688226,4.5435987e-05,-4.6875797e-05,-0.94592535,-0.4723416,11.999949,1.0001721,0.99998814,72.0001,100.00005,-0.0006468065,-0.00020364222,641.99994,643.0002,-0.0011115953,-0.000108929424,1
1.0002911,210.00047,210.9995,0.00020661681,0.00015468131,0.00082011917,-1.4933714,-0.009460955,0.99993455,1.0001165,1.0000076,42.000214,53.000214,0.0027046374,0.0025559035,210.00043,211.00015,0.0018147345,-0.003346122,0
4.9999156,240.00041,48.999973,-2.5804016e-05,-0.00014979747,-0.00011471649,-1.4939559,-0.013997577,1.0000628,0.99993724,1.0000421,7.999973,14.999865,0.0009924908,0.0008842696,1200.0,244.9999,0.001042777,-0.0015886158,0
5.000256,420.00027,85.00055,0.6236181,0.09272799,0.30454883,-1.4306971,0.17205633,1.0004326,0.99999815,0.999611,16.99997,25.000109,0.0022999335,0.0007541359,2099.9998,424.99994,0.0033892621,-0.0012978653,0
5.000035,90.00004,19.000069,-0.00013230504,-4.8067806e-05,5.9204707e-05,-1.1207912,-0.13788398,1.0000143,1.000113,1.999935,2.0000615,3.0001214,0.00017405355,8.01858e-05,450.00003,95.00011,0.00093043887,-0.00047657284,0
5.0000663,95.00015,20.000057,2.5651963e-05,-6.9844966e-05,0.00017941184,-0.7153371,-0.50618637,0.9999213,0.9999906,1.0000741,0.9999494,4.999935,0.00014340211,0.00015776188,475.00012,100.00009,0.0009855932,-0.00077173737,0
1.0000408,231.99947,233.00044,0.0003402321,-0.00017816707,-0.0008748934,-1.3663986,-0.11029428,1.9985881,2.00107,2.000644,2.0005703,3.0000455,-0.0027997177,-0.0013933103,232.00026,233.00087,-0.006675481,0.007868325,1
5.0001984,489.99957,99.00038,0.44759026,0.17470787,0.4186128,-1.4462459,0.3262525,1.0006639,1.0001544,0.99963593,8.000086,22.999434,0.0040445295,0.0016673083,2449.9998,495.0002,0.003668975,-0.0014504299,0
5.0000305,205.0001,41.999973,0.00016196197,-2.227743e-05,-1.2465506e-05,-1.4927404,-0.01917125,1.0000821,0.99998933,1.0001394,3.00015,14.000103,0.00035740066,0.00023409772,1025.0,210.00005,0.0011601575,-0.0009817054,0
4.9996676,286.0004,57.999985,0.35672,0.16207421,0.40265,-1.1479743,0.6760129,1.0006458,1.0001721,0.9996996,2.0001853,13.000205,0.0041493326,0.0013092533,1436.0001,289.99966,0.0027122523,-0.00025675734,0
1.0003914,425.0003,362.00073,0.009168166,-0.00033575945,0.011113057,-1.4509252,0.45780122,17.000467,1.0001922,1.0007876,57.999355,70.998955,0.003028693,0.0017121206,589.0004,361.9998,0.004861763,-0.000363823,0
5.0001984,65.00002,14.000045,-2.2491582e-05,4.253864e-05,2.8905179e-06,-0.6818938,-0.62769,0.9998011,1.0000339,2.0001745,0.9999902,2.9999502,0.00042118298,0.0001857603,325.00003,69.99979,0.001122909,-0.0005192218,0
1.0003223,327.99976,328.99994,0.00024920437,0.00033926906,-0.00019087587,-0.6692831,-0.5796273,0.99998087,1.0002705,0.9999688,90.99975,104.99985,0.0021499791,0.0014108319,328.0001,329.00034,0.0030841848,0.0009883665,0
5.0014815,289.99966,49.001747,0.20660038,0.06061003,0.24669367,0.89026415,1.3902832,1.9997262,1.0009097,1.0016559,0.9995391,2.0033123,0.016457709,0.05942662,4200.001,245.0014,-0.012939327,0.009039995,1
4.9998918,380.00006,77.000244,0.21067059,0.11514122,0.33882588,0.58103126,1.4687974,0.9999269,1.0000484,0.99998534,2.0002062,12.000057,0.0032233952,0.00070125016,1900.0,385.00027,0.001985126,-0.00053395773,0
4.9999757,84.99979,18.000193,-6.488708e-05,0.00016218945,0.00021569117,-0.8383672,-0.5693214,1.0001168,0.99996424,1.0000361,1.000063,5.9999948,0.0004669592,0.00092743704,425.0,89.999825,0.0010960854,-0.0016011518,0
4.9998307,230.00069,47.00034,0.36770254,0.19772248,0.44437993,-1.090049,0.73592454,0.99993855,1.0005016,1.0002815,0.9998347,6.0000896,0.0073076747,0.0013087214,1150.0,234.99997,0.004151222,0.0009079571,0
1.0007774,437.00244,439.00113,-0.00022136304,0.00086541794,4.486234e-05,-1.3701898,-0.16535355,2.0001366,2.0003633,1.002076,7.000744,23.999464,-0.0021611284,-0.0024526375,591.0,439.00146,-0.005918577,0.010877373,1
1.000039,263.00012,245.00029,0.29509714,0.118790254,0.34375286,-1.1102847,0.7268782,1.0000055,1.0006819,1.0002593,14.00043,34.999786,0.0026139528,0.0011759475,367.00064,244.99956,0.0040846546,-0.0022455682,0
5.000002,236.99998,48.000008,-0.00017065283,8.861663e-05,8.617125e-05,-1.444615,-0.0030698348,1.0001328,1.0000173,0.9999516,4.0000944,15.000043,0.00032393835,0.0002355451,1198.9999,240.00003,0.0010452054,-0.0007076467,0
5.0000567,75.00005,15.999894,0.00013957165,2.7742112e-06,8.7589244e-05,-1.5344545,-0.007961467,0.99996495,1.0001906,1.9998511,0.9999861,2.7953824e-05,0.0003573213,0.00032179942,374.99994,80.00001,0.0012103423,-0.0007052552,0
1.0004984,371.9997,349.00055,0.2143873,0.06724243,0.25820157,-0.19052802,1.1172802,1.0007503,0.9998078,1.000916,49.00084,75.00023,0.0036226318,0.0031299007,480.00034,348.99905,0.0043578176,-0.0050424607,1
0.9998291,271.0003,261.99997,0.23916072,0.11693376,0.34145543,-0.5551815,1.0463961,0.9999087,0.9995957,1.0001973,18.999966,30.00013,0.0019081128,0.001179515,302.9995,262.00043,0.0029896009,-0.0037222712,0
1.0005296,441.00006,442.0001,0.01669563,0.00037298276,0.018188754,-1.365678,0.48135573,12.999483,1.0003152,0.9999451,70.99996,85.9992,0.003519753,0.0017373484,440.9999,442.00015,0.0047753532,0.0022706653,0
5.0000305,265.00003,54.00007,0.22050677,0.059352487,0.24356012,-1.3692552,0.53733706,0.9999777,0.9999864,1.0000128,0.99999344,3.9999514,0.0016447662,0.00068220036,1325.0001,270.00003,0.00032562818,0.00037455632,0
1.0009921,563.9993,564.9999,0.0026247178,-0.00033284887,-0.00073229446,-1.1739031,-0.08340118,3.0005207,3.0003724,3.0004778,1.9990647,4.9989905,-0.0066451477,-0.0019794975,655.99927,565.00104,-0.015414923,0.012159945,1
0.9993198,223.99976,225.00003,-8.721575e-06,0.00033849778,0.0002349256,-0.80295473,-0.5832879,1.9998689,0.99985904,0.9999968,2.0004964,7.000284,-0.00065565243,-0.00065460574,225.99997,224.99983,-0.004442618,0.0030566596,1
5.0000844,295.0004,60.00003,0.19997227,0.09738659,0.31185424,-0.02961546,1.258229,0.9998387,1.0000075,1.0000236,1.0001554,4.9999967,0.003048276,0.0007079642,1475.0002,300.0,0.0011319169,-0.0001012439,0
0.99890804,209.99812,210.99936,-0.0010248702,0.0011217042,-0.0007910573,-1.4990255,-0.015209719,0.9992131,1.0008813,1.0015143,64.99858,71.00205,0.005583112,0.0041957367,240.00081,211.00015,0.006199903,-0.0059813233,0
1.0016645,447.00104,447.99866,0.0015594856,0.0014739307,0.000728101,-1.5071166,-0.10623121,2.0008833,1.9995733,2.0004897,4.0003023,28.998919,-0.0028888986,-0.0024175162,447.0001,447.9993,-0.008201773,0.009291231,1
5.0000486,94.999756,20.000088,0.000104810366,0.00016205937,-7.615371e-05,-1.3541571,0.1234617,0.99999076,1.0000705,1.999913,1.0001158,5.000015,0.0001680423,0.00028612206,475.00003,99.9999,0.00048969383,-0.0010707439,0
4.999988,230.00002,47.00005,2.2455688e-05,-8.6452e-06,0.00019752282,-1.4812474,-0.01941316,1.0001591,1.0000279,1.0000141,4.999969,15.000066,0.00039911823,0.00021708892,1150.0,235.00002,0.001187855,-0.00094466563,0
4.999968,226.0001,46.000076,2.3822515e-05,0.00010077925,0.00026486433,-1.4774711,-0.03771966,1.0000998,0.99993545,1.000023,7.0000176,14.99993,0.00045540894,0.00053093175,1135.9999,229.99986,0.0014379391,-0.0010182869,0
0.99961835,284.99854,285.99948,0.0016282541,-0.0016645642,0.002202059,-1.4407445,0.030559722,1.0002915,1.0008447,0.9983845,91.00109,99.9996,0.010193967,0.00393589,391.00162,286.00198,0.008415073,0.002588588,0
0.9998603,182.0001,183.00005,-2.124226e-05,2.3141905e-05,-5.3036914e-05,-0.7474839,-0.6939214,0.9999831,1.0001435,1.000063,21.00006,24.99996,0.00048705534,0.0002448093,182.00005,183.0001,0.00093399844,7.59498e-05,0
1.0001383,444.9994,383.99945,0.013163575,0.00095934543,0.014603286,-1.2451446,0.5810454,14.999713,0.9993807,1.0000775,64.000114,65.99979,0.0032066428,0.0012959661,714.9999,383.9995,0.0060502244,-0.0012401803,0
1.0000398,185.99985,187.00026,9.649716e-05,0.00014211003,8.754372e-05,-1.4216923,-0.08956829,0.9999763,1.0002408,1.0000371,36.999966,46.999958,0.001068851,0.00080752105,185.99995,186.99983,-0.0011406217,-0.0015029698,0
5.000008,224.99995,45.99981,0.22091505,0.055145115,0.2349701,-1.4598837,0.471626,0.99992365,0.9999014,1.0003237,1.0001005,10.000147,0.0020533982,0.0005308528,1125.0,229.99979,0.0004974865,-0.0005711084,0
5.000032,304.99997,62.000027,0.22491658,0.057581782,0.23998202,-0.9347977,0.72744745,0.9999932,1.0000226,0.9999883,3.0000222,6.999993,0.001540368,0.0012996136,1525.0,310.0,0.0002579211,0.0005020936,1
1.0007256,386.0013,388.0001,0.0011847263,-0.00038257113,0.0007361574,-1.2239904,-0.18408422,1.0002213,0.99973106,1.0000188,124.00026,134.00096,0.008376785,0.0050182915,539.9997,387.99893,0.00831576,0.0028545375,0
5.00007,74.99995,15.99994,-0.00010789633,1.00239795e-05,5.981264e-05,-1.4786203,-0.067093365,1.0001911,1.0000974,1.9999894,0.9999682,-8.801332e-05,0.00027491208,0.00028960587,375.00006,80.00002,0.0011762005,-0.00069949677,0
5.0000787,75.0001,16.000036,-0.00017268414,5.4126558e-05,-4.600151e-05,-1.446771,-0.08401414,1.0001595,1.0002718,2.0000272,2.0001361,3.000133,0.00049501593,0.00039117463,375.0004,80.000046,0.0014730765,-0.00085782324,0
5.000063,219.99998,44.999985,-0.00020034249,-0.00026866997,-0.0004510753,-1.2247636,-0.24416107,1.000334,1.0002793,1.0002575,7.9999866,14.000137,0.0011181298,0.00075786567,1100.0001,224.99994,0.0010749088,-0.0013489842,0
0.99935174,215.0002,209.00037,0.2650893,0.074393906,0.2733087,-1.2209095,0.6192206,0.9999418,1.000102,1.0004234,28.999748,31.000551,0.0022378506,0.0019688588,270.99942,209.00003,0.004254173,-0.0029974205,0
5.0003624,214.99992,43.99979,0.22854671,0.10700121,0.3273633,-0.57512265,1.036854,1.0000964,1.0001322,1.0004072,1.0000533,2.0001416,0.0053074206,0.00088452274,1074.9999,220.00014,0.0016910329,2.0329631e-05,0
4.9999905,245.00006,50.000015,-2.4024923e-05,3.846564e-05,0.00021708627,-1.4668707,-0.040544443,1.0000222,1.0001311,0.99999344,8.000138,19.000128,0.00073734275,0.00043763214,1225.0,250.00017,0.0017727875,-0.001025241,0
5.0000057,829.99976,166.99995,0.22615603,0.08303554,0.2881817,-0.837593,0.8707152,2.0003293,1.000041,1.0003884,12.00032,27.000074,0.0019869448,0.00043611138,4149.9995,835.00073,0.0034398888,-0.001930619,0
4.999933,75.00003,16.00015,3.214576e-05,-2.2934397e-05,-0.0001727858,-1.5060964,-0.039570715,0.9999805,1.0000651,1.9999744,1.0002207,1.9999357,0.00043634686,0.00039613066,374.99994,79.99992,0.0013573813,-0.00073411985,0
1.0000083,336.0004,290.0001,0.0020977794,0.0002376843,0.005379716,2.047913,1.8872544,15.000182,2.0001543,0.9999823,22.000118,25.000093,0.00067988085,0.00030770086,446.00027,289.9999,0.0020076765,-0.0016443727,0
5.000226,274.99997,55.999905,0.00011552156,0.000109046516,8.8556444e-05,-1.4669017,-0.052934613,0.9999036,0.99992996,1.0001613,11.000031,17.999989,0.0006771308,0.000357144,1374.9999,279.99982,0.0017870149,-0.0010844863,0
5.0001154,185.00029,38.000187,0.19042158,0.05918196,0.24310896,-0.9690746,0.83382857,1.0002426,1.0002613,1.0001276,1.0001218,6.9998236,0.0033777729,0.0007366145,925.00006,189.99997,0.0012220432,-0.0004884358,0
5.000001,239.99994,48.999878,0.2541297,0.03565677,0.18894167,-1.041264,0.24049675,1.9999691,1.0000037,0.999922,3.999788,6.0001664,0.0012071307,0.00056429347,1199.9999,245.00003,-0.00038797306,0.002059977,1
5.000114,95.00003,20.000061,0.09811007,0.013111173,0.114218116,-1.1420699,0.6924257,0.9999822,1.0000634,1.0001075,0.9999457,3.0001795,0.0021738408,0.0008635167,475.00003,99.999855,0.00020885092,-0.0004927784,0
1.0005094,178.00027,180.00047,-0.00031239045,-0.0005961563,0.0005825041,-1.495637,-0.004386065,1.000235,1.0000954,1.0000033,48.0002,56.00049,0.0026186428,0.004387509,248.00002,180.00026,-0.002231173,-0.002672417,0
4.9987617,620.0,124.99939,0.3903346,0.19019468,0.43594554,-1.2076628,0.61898005,0.9995191,1.0004293,1.0000589,8.999804,23.999563,0.0036051602,0.0015842447,3100.0002,624.9996,0.005326919,-0.0014747648,0
1.0009952,503.99945,505.00043,0.060632918,0.007876197,0.090957396,0.067851245,1.3105543,0.9997325,1.0005083,1.0006241,47.000526,90.99927,0.003916867,0.0016926179,503.99988,504.99948,0.0046205106,-0.00521683,0
5.0002265,80.00016,17.00009,0.00015779778,-2.2394112e-05,0.00023908811,-1.4518327,-0.2106454,1.9998726,1.0001122,3.0002685,0.99998623,0.99997824,-0.00056222454,-0.00014509658,400.0001,84.99987,-0.002191495,0.0012003551,1
5.0000753,79.99982,17.000261,0.00020217863,-0.00012585921,0.00019466631,-1.4887822,-0.08345202,0.99989504,1.0004214,3.8027905e-05,2.0000138,5.9999175,0.0003835106,0.00058777514,400.00015,84.99994,0.0011340765,-0.0015800365,0
5.00006,215.99991,43.999992,-0.00015445332,-2.7903832e-05,0.00022088752,-1.3113817,-0.12776697,1.0000484,1.000083,1.0001005,5.000017,14.999995,0.0003389233,-1.0110851e-05,1086.0,220.0,0.0011724782,-0.0009607519,0
5.0001783,244.99992,50.000156,-2.406508e-05,0.00012381808,0.0002547672,-0.78048486,-0.5871585,0.99997425,1.0001175,1.0000675,5.999999,17.999989,0.0004296395,0.00032177684,1225.0,249.99998,0.0010091772,-0.0005660995,0
0.9989554,311.9996,314.0022,0.0024526939,0.00045233578,-0.001542908,-1.5110093,0.04345392,1.0000283,0.99920493,1.0008637,87.000175,104.99941,0.009505602,0.0020270855,426.00098,313.999,0.009422186,-0.005957901,0
5.000162,75.0002,16.000305,-7.1738505e-05,3.0354431e-05,2.9025297e-05,-1.3792969,-0.14999053,1.0001551,0.9999798,2.0002782,0.9999048,2.9999678,0.00019820979,0.00015099868,374.99994,80.000046,0.0013644365,-0.00074663927,0
0.99883413,267.99823,269.00153,-0.0010340438,5.3144468e-05,0.0008111873,-1.3813536,0.12662788,2.0001552,1.9984525,2.000072,0.9996599,4.0003777,-0.0021849424,-0.0031839598,360.00204,269.00092,-0.004523172,0.010230309,1
4.9999714,174.99998,36.0,5.917525e-06,1.8613098e-05,0.00013840504,-1.3462946,-0.095811374,1.0000262,1.0000381,1.0000367,4.0000973,10.000098,0.00038276878,0.00016576714,874.99994,179.99991,0.0010490828,-0.00084908446,0
0.9996436,230.00049,217.00056,0.41929993,0.19428438,0.44213352,-1.3092937,0.538372,1.9999849,1.0000633,0.99964327,19.000519,28.999947,0.0026805773,0.0015265588,306.00006,216.99939,0.005520669,-0.0013511615,0
5.0002084,360.00006,72.99981,0.6887451,0.09081264,0.30061674,-1.4565785,0.07864643,0.99997556,1.000049,0.99981856,7.999874,25.000513,0.00257486,0.0005646143,1799.9996,365.00055,0.0024574632,-0.001617795,0
0.9999632,291.99997,293.00024,0.17329681,0.043810774,0.20909865,-1.0969759,0.7477183,1.9996982,0.99974114,1.0001365,31.999987,42.00006,0.0015014358,0.0012957992,292.00052,293.00073,0.0028383199,-0.0027476558,0
4.999917,224.99998,45.999958,8.060051e-05,-7.567975e-05,0.00016006088,-1.4706076,0.048015248,0.9999156,0.9999258,1.000031,3.999976,14.000066,0.0003252645,0.00018494681,1125.0001,229.99976,0.0009667732,-0.00083933957,0
0.9996865,251.00027,253.00002,-0.00054535584,0.0024526105,0.00087641686,-1.4594476,-0.04863239,0.9998789,0.99960136,1.0004838,75.00099,89.99941,0.009490858,0.0048774974,346.99866,253.00095,0.0063042906,-0.0064155925,0
0.9996279,247.00021,238.00046,0.39719403,0.14859365,0.38463703,-1.3679929,0.46567768,0.999568,1.0002577,1.0004898,22.999994,37.000217,0.0026414723,0.0017147487,343.00037,237.99985,0.0058443216,-0.0016236819,0
0.99874496,412.99982,412.99963,-0.0010511602,-0.00041528253,-0.00044317907,-1.4673469,0.01850567,1.0013447,1.0005603,1.000199,116.000145,139.0009,0.009357749,0.0043372205,439.00107,412.99936,0.009239179,0.0020114568,0
5.0001097,189.99994,39.000156,-2.812763e-05,0.000102854516,0.0002163797,-1.4825275,0.026748845,1.0000594,1.0001861,1.0002714,7.0001597,11.999902,0.0003968729,0.00047795955,950.0001,194.99988,0.0015143594,-0.0010278338,0
5.000019,405.00037,82.00055,0.5945886,0.16004404,0.39991114,-1.4887078,0.12724657,1.0002502,0.9996602,1.000065,9.999762,29.000078,0.003275765,0.0014474948,2025.0001,409.99997,0.0046303123,-0.00034955854,0
5.0000033,229.99977,47.000164,0.00016177085,0.00010557504,0.00014128264,-1.3121538,-0.07400631,0.999847,1.0001385,1.0000702,3.9999127,13.000181,0.0005474912,0.00053291547,1150.0,234.99979,0.00047486354,-0.0010344065,0
1.0000015,179.9998,181.00018,2.7359232e-05,-3.6977835e-05,0.0002465467,-1.4614242,-0.00032711087,4.999843,1.0001318,1.0001959,26.000042,32.000046,0.0004190328,0.0004195844,208.0002,180.99986,0.0011990175,-0.0010118379,0
4.9999948,79.999985,16.999937,9.9567405e-06,0.00011794213,0.00020900778,-1.4366742,-0.08385173,1.0001526,1.0001087,1.9999781,0.9999854,2.9998653,0.00018034354,0.00027298043,400.00012,85.000175,0.0012902563,-0.00088341604,0
4.9999123,99.99994,20.999857,0.0001555147,-2.9283676e-05,0.00018616852,-1.1076089,-0.37865567,0.99997663,1.0001446,1.0001826,2.0001168,5.0001755,0.0003757676,0.0005048459,499.99988,105.000114,0.0012162605,-0.0010728489,0
0.9998972,200.0001,200.99977,0.14615968,0.027076583,0.16504747,-0.93708,0.81694674,1.999851,1.0000055,0.99992836,17.000237,22.000078,0.0002591092,0.000609342,200.00003,200.99998,0.0005325361,-0.0015004147,0
5.000014,174.99992,35.999996,-4.1335217e-05,4.694591e-05,0.00017910704,-1.1347152,-0.28451106,0.99990106,0.99992466,1.0000603,4.0000777,11.000006,0.00020658656,0.00024866618,875.00006,179.99995,0.00093794643,-0.0009993487,0
1.0018688,263.99924,265.00085,0.0010636466,-0.0005672799,-0.00010428455,-1.5052216,0.027215097,0.99971783,1.0005203,0.9988659,78.99881,89.99984,0.0062091877,0.0035815006,264.0007,265.00116,0.009341594,0.0025790313,0
0.99997485,124.000145,108.99991,0.011772697,0.00011307904,0.018722214,-0.52492064,1.1163539,4.000051,1.0002266,1.000439,9.000484,13.999779,2.085086e-05,0.00015439827,167.99986,108.999825,-0.0009907277,0.00250516,1
0.99927163,370.0008,372.00177,-0.0007376818,0.0006851235,0.0011179552,-1.3624882,-0.091466926,2.0006409,2.0014675,1.9986572,2.999269,11.999762,-0.0029919716,-0.0025234434,467.99973,371.99982,-0.0079095205,0.008891992,1
5.000021,275.00003,56.0,0.22837025,0.035956625,0.18952145,-1.3224592,0.18055622,0.99998957,1.0000137,1.0000092,2.0000267,12.000023,0.0008191558,4.9874125e-05,1375.0,280.0,-1.45661925e-05,0.000993997,1
1.0000248,201.99951,204.00027,0.00040558664,0.00014087917,-0.00043030758,-1.4157767,-0.009008332,1.000121,0.9998329,1.0001965,42.00009,41.99992,0.001587358,0.0010810314,279.99973,203.99986,0.0014810238,-0.0026757687,0
5.0000153,230.00002,46.999935,2.7338567e-05,-5.12691e-06,-5.4033906e-05,-0.8158717,-0.58097094,1.0000681,1.0000095,1.000002,1.9999557,15.000046,0.00018744789,0.00011252629,1150.0,235.00003,0.0005468729,-0.00042473213,0
1.0005686,371.00024,365.9994,0.3011016,0.13412754,0.36514065,-1.0991116,0.7364067,0.9997524,1.0009145,0.9996855,32.999863,42.000248,0.0037278438,0.0012009398,382.99988,366.0004,0.0051617394,-0.0022261324,0
5.0000277,214.99994,44.0,0.09941838,0.01779733,0.13331956,-0.7883037,0.9159153,1.0000367,1.0000395,0.9999593,2.0000546,4.999926,0.00087456236,0.000357773,1075.0,220.00009,0.00047273852,-0.00035658828,0
5.00065,890.00024,179.00047,0.00019787469,0.0003882392,0.0008426053,-1.2818942,-0.1812433,0.99894506,0.99983025,0.99941796,52.000725,60.000023,0.003717168,0.0027042772,4450.0005,895.0,0.0050175684,-0.0014471543,0
4.9997,434.99985,87.99956,0.00031883223,-9.597809e-05,-9.265535e-06,-1.1115098,-0.16380394,0.99983793,1.0001738,1.0000409,29.000122,28.999887,0.0012111439,0.0011398493,2174.9998,439.99982,0.0029770716,-0.0009877797,0
1.0000352,214.0,215.00005,8.850092e-05,4.5599474e-05,-2.3439967e-05,-0.89516264,-0.45977655,0.99996686,0.9999778,0.9999822,28.999987,40.000023,0.00023517219,0.0003469716,214.00012,214.99994,0.00018126503,-0.00097433897,1
0.9992733,537.00073,538.9997,-0.00035499432,0.00038738563,0.0014116974,-1.3857231,0.16060567,3.0005054,2.0009122,2.0005605,2.0002394,2.0007353,-0.0031108386,-0.0012688378,729.00037,539.002,-0.010135819,0.00917356,1
1.0001286,178.00024,180.00047,0.0005416683,3.1196578e-05,0.00015093932,-1.4253914,-0.0037015693,1.0001206,0.9998712,1.000318,43.999847,53.999813,0.0025245661,0.0018698764,247.99977,180.00012,0.0018669602,-0.0035384195,0
0.9998605,167.99965,169.0002,0.00029944614,-0.00023227715,0.0003571023,-1.47713,-0.034541182,0.99980927,1.000359,1.0000681,48.000645,50.999775,0.0025122203,0.0019775678,232.0006,169.00052,0.002807844,-0.0044054217,0
1.0000622,216.00003,217.0,1.5620473e-05,-2.8743676e-05,-5.2709856e-06,-1.4890609,0.0019447507,2.000042,0.99995965,0.9999761,25.99999,51.00002,2.7730097e-05,-5.659861e-06,253.99997,217.0,-0.0003912534,4.2400476e-05,1
4.999266,355.00012,71.99985,0.35862505,0.15984873,0.400488,-1.2457014,0.60277367,1.0006964,0.999627,0.9997978,3.9999738,5.9998593,0.0037076748,0.0015822975,1775.0002,360.00027,0.00220681,-0.00070595025,0
1.0003041,330.0003,312.00055,0.18799321,0.040145658,0.20076267,-0.42014924,0.9071273,1.9999735,1.0005704,0.9998999,39.000526,48.99993,0.0012606548,0.0014737251,438.00003,312.00034,0.002962772,-0.0019381928,1
4.999667,979.9996,197.00043,-0.00035882232,-0.00011784843,-0.00020583761,-0.19585161,-0.8676568,0.9999569,0.999796,1.000681,67.00026,67.99963,0.0026405817,0.0015983145,4899.9995,985.0003,0.0037235331,-0.00080853107,0
5.000006,330.0003,67.00022,-9.618612e-06,7.475205e-05,0.00017958066,-1.2438664,-0.16442038,1.000004,1.0001693,0.9998692,19.000248,23.000263,0.0009871826,0.0003054359,1650.0,334.99988,0.002506146,-0.0008978057,0
5.000048,275.0,56.00016,-0.00013344099,4.4754168e-05,-2.264686e-05,-1.0717053,-0.3286246,0.99998623,1.0000911,1.0000212,9.000085,16.99998,0.00029093033,0.00022887648,1375.0,279.99994,0.0012463243,-0.0004683106,0
5.0000925,45.00028,10.000211,0.8365658,0.015566841,0.123625435,-1.4265867,0.11478347,0.99971855,0.999895,1.0000774,0.99983937,0.00026874515,0.0072823404,0.0033551645,225.00017,50.00001,0.0017186158,-0.0008119351,0
5.000112,80.00004,17.000034,-6.49198e-05,0.00014575453,0.00015954945,-1.4796695,-0.05762259,0.99980295,1.0001957,2.000169,0.9999446,0.99994594,0.000293643,0.0005244999,400.00015,85.00008,0.0012781533,-0.0007536157,0
5.0000954,80.000114,17.000038,1.4439968e-05,-0.0002345819,2.4815694e-05,-1.4745519,-0.06493161,1.0001312,1.0000247,1.9999949,0.99990886,2.0001056,0.00038246106,0.00012912274,399.99997,85.0,0.0012458697,-0.0008071188,0
5.0001535,74.9999,16.000017,0.00024251104,0.00022545003,1.48160925e-05,-1.5139802,0.07617309,0.9999565,1.0003452,2.0000672,1.000046,4.0000253,0.00035398008,0.0005588446,375.00003,80.00005,0.0010300531,-0.0013585535,0
5.0000224,255.00012,52.00004,3.9445067e-06,9.840845e-05,4.6348658e-05,-1.4556458,-0.013917122,1.0000744,0.9999803,1.0000288,1.0000426,16.999947,0.00024964724,0.00023151406,1275.0001,260.0,0.0008207867,-0.00067493715,0
0.99949616,394.0,368.99994,0.2038395,0.12285614,0.35047713,0.47587478,1.4473103,0.999849,1.0005951,0.99994266,13.999926,24.000143,0.0013099244,0.0009537281,472.00034,368.99994,0.0031698486,-0.0013871298,0
4.999899,75.00033,15.999913,-0.00019065775,5.0614195e-05,4.1449905e-05,-1.3767457,-0.0980659,1.0001446,0.99997973,2.0001237,1.9998574,2.0000944,0.00025507214,0.00020910594,375.00012,80.000084,0.0013449681,-0.0007113058,0
1.000088,193.99995,195.0,0.029011428,0.0015906789,0.039667893,-0.6896157,0.94132936,1.9999064,1.0000169,0.9999829,18.000162,24.000025,-0.00012808155,-0.0002743402,193.99986,195.00006,-0.00011160222,0.0014220383,1
1.0000134,157.99998,159.00005,-4.0713323e-05,-4.8708527e-05,6.7907764e-05,-1.3937219,0.0042989785,2.0000412,0.9999644,1.0001074,28.00003,36.000076,0.0001347261,0.00017130307,158.00009,158.99994,5.620397e-05,-0.0007371085,0
5.0000563,290.0,58.999866,0.00017113706,-0.00021183856,1.5094412e-06,-1.5020126,0.06307263,1.0001591,0.99993664,1.0002067,5.9999995,17.999914,0.0006756291,0.0002686901,1450.0002,295.00015,0.0012817701,-0.0006497931,0
1.0004619,442.00058,444.00046,0.0009574633,8.481042e-05,0.00038080133,-1.4418204,0.03435234,1.0011978,0.999853,0.9994882,114.99971,127.00042,0.008226985,0.0026732245,617.9999,444.00058,0.0077794944,0.0024031878,0
5.0000124,75.00007,16.000021,7.0985145e-05,-5.1320938e-05,-1.2788344e-05,-1.0198184,-0.4575436,1.0000188,1.0001589,2.0001333,0.9999916,1.0000281,0.00021037694,0.00021271982,375.00003,80.00009,0.0011577808,-0.00042608057,0
5.0001416,224.99994,46.000156,6.005986e-05,0.0001454002,6.7165674e-05,-0.85372704,-0.6573329,0.99982333,0.99984413,0.9998935,5.0001836,12.999962,0.0002297995,0.0003749463,1125.0,230.00043,0.0007768988,-0.00090833305,0
4.9995737,764.9995,153.99976,0.32836702,0.1455782,0.3807059,-1.1922287,0.65800935,1.0005338,1.0005407,1.0001295,14.000047,20.999851,0.0034928245,0.0015065154,3824.9995,770.0004,0.0044363146,-0.00203615,0
0.9999415,183.0006,185.00035,-0.0005852967,-0.00053467735,0.0005733208,-1.4858766,-0.03728268,1.000413,1.0009584,0.999992,49.9994,62.00074,0.0032556062,0.0024775371,255.00076,185.00002,0.004741643,-0.0045197853,0
5.0004897,470.0004,94.999756,0.00071024674,0.00075347244,0.00074688654,-1.0166775,-0.2735524,2.0001187,1.9996526,1.0001024,10.000557,15.999819,-0.0026849431,-0.0023697065,2349.9993,475.00143,-0.003613997,0.004430236,1
1.0002578,197.00012,197.99985,5.0503746e-05,0.00018290167,0.00026505193,-1.2427635,-0.18920772,2.000283,1.0002307,0.99992716,13.000014,18.000181,-0.00085690623,-0.0002759995,275.00015,198.0001,-0.0012319569,0.002090764,0
4.9999366,189.99982,39.000076,0.00016566596,0.00012043911,0.00020964356,-1.3485624,-0.11999428,1.0000437,1.0001255,1.0000639,1.0001941,11.000078,0.00043445377,0.000266255,950.00006,194.99997,0.00045593933,-0.0012193517,0
0.9999739,220.99994,204.00105,0.2654331,0.09307436,0.30423123,-1.2615938,0.6323909,1.0000219,1.0006707,0.9993605,19.999668,24.999573,0.0012356702,0.0018373411,295.0008,204.00102,0.003790703,-0.0032604125,0
4.9998097,104.999954,22.000023,0.14295167,0.025955869,0.16078788,-1.2212352,0.6407499,1.0000085,1.0001059,1.0003066,1.0000823,2.9999266,0.003178374,0.0010823361,524.9999,110.000114,0.0012650529,-0.00045498504,0
1.0014093,221.00015,222.00084,-0.0002218718,-0.00016712393,0.0004904073,-1.310611,-0.15927704,0.9995649,1.0006064,1.000328,67.00117,77.00057,0.0032389036,0.002878458,221.00012,221.99983,0.008433919,-0.004241764,0
4.9997964,79.9999,16.999977,7.724977e-05,0.00011010905,0.00011105977,-1.5188664,0.032945357,1.0000235,1.0000525,2.0001311,1.0000432,2.0000467,0.0002280743,0.0002483273,399.9999,85.00008,0.0011804993,-0.0008005726,0
1.0000023,176.99983,178.00005,0.00025916132,-1.8826651e-05,-1.8932398e-05,-1.3627036,-0.022168133,7.9997444,0.99999386,0.99988115,30.000086,44.00002,0.0006773521,0.00048370566,207.00012,177.99995,0.0010473987,-0.0013915637,0
4.9997873,425.0001,85.9993,0.48335123,0.17578243,0.41924542,-1.52773,0.1934061,1.0001646,0.99943167,1.0003178,5.000614,21.000399,0.0043565817,0.002004488,2125.0002,429.99973,0.0028934695,-0.00022288354,0
5.000313,235.00003,48.0001,-5.059161e-05,5.343741e-05,6.7422836e-05,-1.3644803,-0.060964458,1.0001487,1.0000935,1.0000023,7.0001307,16.000164,0.00031433522,0.00018553813,1174.9999,240.0002,0.0012034095,-0.0010325684,0
1.0001693,210.00076,211.00005,0.00046844038,3.238402e-05,-0.0014464721,-1.4995173,-0.014713245,0.9998147,0.99964917,1.0012672,65.00031,70.99874,0.0053125834,0.00305785,240.00003,211.0,0.006770093,-0.005437405,0
1.0002744,178.99982,180.00061,0.0008569559,0.00085063593,-0.0006150538,0.35041657,-0.57850474,2.000264,2.0012803,1.0005429,1.999256,3.0007074,-0.0012097283,-0.00032761702,178.99977,179.99962,-0.006871203,0.0027259504,1
0.99957234,434.00076,435.001,0.0023669158,5.4104858e-05,-0.00025960742,-1.422021,0.116720006,1.0000825,1.0024819,1.0013119,133.00037,149.00299,0.010911517,0.0048689432,597.9984,435.0008,0.011178566,0.0018062347,0
1.0001283,440.00092,440.99966,-0.00045512695,-0.0004060775,-4.235965e-05,-1.1424209,0.13506478,2.0001242,2.00031,1.0000912,1.9982256,2.9994202,-0.0021962877,-0.0020967838,606.0003,441.00195,-0.00834138,0.0058593564,1
4.999638,239.99988,49.000023,0.29851118,0.12695006,0.35640237,-0.96411955,0.81868106,0.9998227,1.000014,0.999905,0.9998944,3.000129,0.0046017137,0.001689675,1199.9996,244.99985,0.0016400038,8.9493034e-05,0
4.9999228,469.9999,95.00062,0.5872125,0.15367661,0.39187273,-1.4367269,0.20317578,0.9999007,0.99956566,1.0006441,7.9999814,28.00018,0.0028675548,0.001159041,2349.9998,474.99982,0.0038399394,-0.0010514649,0
4.999978,225.0001,45.999893,0.00018055993,4.105221e-05,0.00013097086,-1.4601692,0.018867202,1.0002661,1.0001782,1.0001833,8.000177,14.999953,0.00041358423,0.00052975584,1125.0002,229.99988,0.0015404668,-0.0009165882,0
5.000419,495.00067,99.99983,0.4312774,0.16301225,0.40417308,-1.4718975,0.3479305,0.9998328,0.9994764,0.999753,8.000391,29.00028,0.0040039993,0.001574288,2475.0,499.9998,0.004190162,-0.0003659091,0
1.0000288,157.0012,158.00073,-0.0014416579,0.00015172451,0.0009706248,-1.0645866,-0.101017885,2.0002966,1.9998633,1.9995621,0.9995509,4.0007753,-0.00176318,-0.000707902,198.9994,157.99982,-0.00762262,0.0043424917,1
1.0005578,230.99951,231.99979,-0.00021462017,0.0003694215,0.00059129734,-1.4385952,-0.01499667,0.99973947,1.0000905,0.9998174,58.000023,76.00025,0.0047371523,0.0040961653,231.0002,231.99979,0.0061452035,-0.0046250285,0
1.0000129,210.00023,196.99947,0.31639367,0.12660752,0.35622615,-1.2672474,0.6128885,1.0002117,1.0003841,1.0002548,14.999635,21.000067,0.002714816,0.0019240116,281.99997,197.00008,0.004024034,-0.002153764,0
4.999988,415.00055,83.9992,0.63610995,0.10654533,0.32553256,-1.4898213,0.07984553,0.9992875,1.0002533,0.99929374,14.000252,27.000408,0.0031402113,0.0016621889,2075.0002,419.99988,0.0029453137,-0.0015272243,0
5.0005,186.0003,38.000126,0.3893362,0.20584422,0.4540566,-1.1378671,0.69072515,1.0009773,1.0017009,0.99882287,1.9999951,9.999639,0.0098494,0.0031139746,936.0004,189.99979,0.0041334555,0.001400357,0
5.000198,289.99994,56.999916,0.27077273,0.091578886,0.3028602,-0.45797735,1.0485364,1.0000219,0.99994683,0.99995774,3.0000966,5.000183,0.002761607,0.00067238946,1600.0,284.99994,0.0009336017,0.00014788368,0
5.0001235,184.99994,37.999893,0.19045353,0.059016332,0.24315502,-0.9691637,0.83388114,1.0005981,1.0000542,0.99990857,1.0002351,6.999797,0.003367076,0.0011280313,925.0002,190.00023,0.000972938,-0.0006043615,0
1.0000918,348.0002,324.00024,0.42144427,0.17863172,0.42254087,-1.2613928,0.55658156,0.99982554,0.9996827,1.0000069,23.999662,31.000042,0.003472609,0.0015046177,483.99982,324.0,0.0045672157,-0.0018040609,0
5.00003,273.0002,55.000072,0.23795454,0.07106264,0.26663792,-1.3693076,0.5502417,1.0001664,1.0000546,1.0000029,2.0001373,8.000071,0.0019725112,0.0005471841,1387.0,275.00006,0.00041673225,-0.00012441225,0
5.0000143,160.00006,32.999905,0.16746232,0.042135388,0.20539287,-1.0663465,0.7705275,1.0002531,0.9999576,1.0000635,1.0002053,7.000338,0.0030108143,0.00079022936,799.99994,165.00014,0.0007208384,-0.0007811905,0
0.9999618,515.0001,517.00024,6.4619875e-05,0.00017352466,0.00031238174,-1.2365493,-0.2010652,5.999956,1.0002316,0.9999172,91.99985,123.00007,0.0015557281,0.00047221355,645.0,517.0003,0.0021255368,0.00082600873,0
5.0000353,74.99986,16.000025,0.0001196534,-4.7782094e-05,0.00013537759,-1.5140367,0.07625537,0.99996954,1.000212,1.999952,1.0000079,3.9998326,0.00014330442,0.0005550128,375.0,79.99994,0.0011018895,-0.0011294355,0
4.999964,89.9998,18.999985,5.1640123e-05,0.0001599889,4.753752e-05,-0.8480977,-0.38895822,1.0000602,1.0000216,0.9998521,2.000123,3.9999843,0.0002194407,4.7392405e-05,449.99997,95.000015,0.0009931516,-0.0008509307,0
4.9998918,241.00015,48.99993,8.329109e-05,-0.00017255601,-2.0102761e-05,-1.4248397,-0.072101094,1.0000157,0.99996924,0.999911,6.999898,16.0,0.0006216914,0.00026253745,1211.0,245.00023,0.0013911616,-0.0008205597,0
5.0001016,95.00012,20.000015,0.00014715911,8.380297e-05,0.00015833395,-1.4641666,0.15482366,0.9999818,1.000079,0.9998772,4.0000386,6.9999466,0.00032765995,0.0004238032,475.0005,99.99987,0.0013405599,-0.0014558735,0
5.0001454,226.00017,45.99961,7.283274e-05,6.056022e-05,0.00017938654,-1.4168848,-0.022497633,0.99998206,1.0003887,1.0002493,3.000173,15.000034,0.00058781094,0.0007700308,1139.9999,229.99992,0.00081895845,-0.0011033715,0
5.0001407,254.99995,51.99972,9.3271556e-05,0.00017902548,2.6773876e-05,-0.59164244,-0.7483985,1.0000968,0.9997211,1.0002931,7.0000067,17.000229,0.00074787793,0.00022117635,1275.0002,260.00018,0.00076602737,-0.0009000876,0
1.0011753,362.0007,363.00214,-0.0004390361,0.0017376863,0.0007250723,-1.3580248,-0.08750665,1.0001808,1.0003351,1.0010117,109.00084,117.99957,0.0079929065,0.0051204776,456.00015,363.00046,0.0073080077,0.002525468,0
0.99960214,169.00018,170.00023,0.00033775935,0.000178855,0.00039489588,-1.1342369,-0.276691,2.0002387,2.000249,1.0006996,1.9999319,4.000063,-0.000941326,-0.0006266734,169.00017,170.00035,-0.005642948,0.0034117065,1
5.000373,389.9999,79.00043,0.6619752,0.055387076,0.23539408,-1.5133817,0.06436004,0.99987936,0.99993396,1.0001645,10.000116,26.000053,0.0016961539,0.00079040765,1950.0002,394.99988,0.0022718501,-0.0012240735,0
4.999527,300.99976,60.99966,0.39089215,0.1867412,0.43175006,-0.8871144,0.8263857,1.0002342,1.000139,0.9999458,4.000117,11.999784,0.004541555,0.0025898055,1510.9996,305.00024,0.00312693,-4.651447e-05,0
0.9999916,1001.0,1002.0,4.0700365e-06,-4.052483e-05,9.6677424e-05,-1.098222,-0.11550099,0.9999943,1.0000335,1.0000265,70.000046,91.99997,-0.00025148006,-0.00013689316,1297.0001,1002.0,-0.00028143343,-8.679135e-05,1
5.000093,315.0001,63.99995,6.242149e-05,0.0001465031,4.855863e-05,-1.3039471,-0.054684833,1.0000203,1.0000091,0.9999355,6.0001316,19.999958,0.00043868425,0.00025121716,1574.9999,319.99994,0.0010884693,-0.00041240265,0
4.9999847,100.00002,21.000113,0.00023512439,-4.192095e-05,0.00023955695,-1.3358948,-0.04584602,1.0000547,1.0000757,1.9999065,1.9998788,5.000132,0.00034024927,9.725429e-05,499.99994,104.99995,0.0011215963,-0.00054362626,0
5.000042,79.99998,17.000122,-0.00011697652,3.5280496e-05,-2.2438577e-05,-1.2254821,-0.24401431,0.99993366,1.0001785,1.9999887,0.99978095,3.0000353,0.0003220173,0.000181524,400.0002,84.99997,0.0012574018,-0.0005091827,0
1.0006344,177.00008,179.00017,0.00042655293,-2.7692948e-05,0.0002509755,-0.8749507,-0.2063954,1.0000019,1.0004058,1.0004579,0.9995736,1.9998933,-0.00028245454,-0.0008636254,229.0002,179.00014,-0.001772206,0.0034345766,1
5.0009522,237.00092,48.001965,0.15731,0.059993967,0.23968832,1.3683981,1.6619606,1.9990857,2.000186,0.99930215,0.999452,1.9992334,0.014426357,0.03142923,1199.0012,240.00114,-0.0075987396,0.008610439,1
5.0003223,345.9998,70.00098,0.00075055094,-0.00014204746,0.00053875253,-1.0006572,-0.32539612,2.999537,1.0000877,1.0001923,3.0003645,2.999828,-0.0022333649,-0.0015053013,1735.9998,349.99957,-0.0023183285,0.0032468997,1
4.9999986,220.00002,45.000015,0.14800055,0.03389946,0.18399794,-1.0552711,0.77011985,0.99994093,0.999979,1.0000563,2.99997,5.000137,0.0014173894,0.00059789023,1099.9999,224.99998,0.00045437625,-0.0003602785,0
5.0000377,204.99997,42.000042,0.121968865,0.018756341,0.13688995,-0.7705995,0.89056087,0.9999899,0.9999756,1.000058,3.000039,4.9999886,0.00089123816,0.00030240105,1024.9999,210.00002,0.00033781477,-0.000246306,0
4.999971,80.00012,16.999851,6.553497e-05,0.00015323587,-3.800716e-05,-1.4904151,-0.10639977,1.0002093,0.9999157,1.9999435,2.0001178,4.000239,0.00042905827,1.33707e-05,400.00012,85.000145,0.0016348058,-0.000834652,0
5.0000577,235.00014,47.999786,0.24650462,0.10185116,0.3192609,-0.85787165,0.88400817,0.999902,0.9997584,1.0000532,0.999805,5.0000443,0.003715828,0.0010362872,1175.0,240.00012,0.0017094245,4.7325448e-05,0
5.000422,209.99991,43.000175,0.29944512,0.14731863,0.38395327,-0.81798774,0.8966375,1.0001516,1.0005884,1.0003105,0.99993235,4.9998326,0.0060822545,0.0015225419,1049.9998,214.9999,0.0030077088,0.00032945402,0
0.999952,187.00076,188.0002,-0.00027073247,0.00068307196,-0.00039130202,-1.5052971,0.018956792,1.0011408,1.0006999,1.0001979,50.99868,56.001053,0.005289117,0.0033698876,187.00076,188.00133,0.006789364,-0.00018819189,0
5.0000386,71.00011,14.999872,-3.7433158e-05,-1.9135035e-05,3.7250105e-05,-1.180582,-0.19640736,1.0000653,0.9999864,2.000004,1.0001312,1.9999881,0.000119927354,0.00033925992,360.99988,75.00006,0.0011640815,-0.0005673004,0
4.999932,94.99999,20.000057,0.00013976815,-5.619772e-05,0.000100686724,-1.3239166,-0.18474124,1.0001727,1.0002131,1.9999833,2.9999914,6.0001903,0.00047506837,0.0002468146,474.99994,100.00013,0.0015035298,-0.0006483317,0
5.0000663,95.00007,20.00003,0.00012015629,-2.7328128e-06,1.3403451e-05,-1.5174149,-0.04901841,0.99998784,1.0000308,1.9999934,1.0000364,6.000022,0.0002985375,0.00025692288,474.99994,100.0,0.0013607867,-0.00086236635,0
0.9994901,330.00015,330.9996,-4.2540945e-05,-0.00016459964,0.00033040254,-0.8155507,-0.56364155,1.0005671,0.9998779,1.0005977,91.000206,104.999344,0.0027103908,0.001648881,372.00085,331.00012,0.0026983477,0.00094445003,0
1.0001516,130.00017,131.0,0.05658652,0.003172292,0.053985357,-1.2024482,0.47291338,3.0001874,1.0000846,0.9999467,19.000128,24.000149,3.759213e-05,0.00013258035,129.99998,130.99992,-0.00024262442,0.001548684,1
1.0007331,176.00018,178.00021,0.00027075552,0.00011795895,0.0008043192,-1.4433775,-0.031359203,1.0001402,0.99963725,1.0009632,51.99976,57.00023,0.004597112,0.004786297,229.99954,177.99982,-0.0006850168,-0.003933881,0
5.0001507,205.00015,41.999805,0.19203351,0.07087793,0.26581424,-0.8054589,0.93871385,0.99997866,0.99993855,1.000043,0.9999074,2.9997873,0.0037586347,0.0012627207,1025.0,209.99983,0.00061854924,-0.0002250124,0
0.99994725,192.99963,195.00009,1.5765818e-05,-0.00017126153,-8.008763e-05,-1.2966323,-0.069807164,2.0003388,0.99998355,0.9998642,0.9998818,2.00022,-0.0011230271,-0.0003328499,256.9996,195.0003,-0.0025358964,0.0030021237,1
5.000053,340.0004,68.99999,0.0003626664,0.00040066073,-3.3483775e-05,-1.4728318,-0.10660965,1.0000544,1.0002458,0.9997034,10.000367,26.00037,0.0013699547,0.0009401524,1700.0004,344.9999,0.002086314,-0.00095275935,0
5.0000486,94.99997,20.000044,7.72288e-05,-5.3059008e-05,4.9830287e-05,-0.84556365,-0.24015693,1.0000991,0.99995494,1.0002258,2.9998891,4.9999614,4.2080996e-05,0.00013152842,475.0,99.99997,0.0008664817,-0.000711882,0
0.99942976,256.00024,245.99956,0.2642581,0.08043788,0.2828187,-0.9668481,0.7967372,1.9997473,1.0001394,1.00016,21.999418,35.99971,0.0012516549,0.0007503896,345.99982,246.00034,0.0033171328,-0.0021764385,0
5.0000362,200.00002,41.000015,1.9831301e-05,-0.00017596746,0.00015603867,-1.4699512,-0.0028450887,0.9999854,1.0001018,1.000102,2.0000381,12.000054,0.0003515348,0.00021194368,1000.0001,205.0001,0.0009801637,-0.000689232,0
1.0008216,397.99954,400.00067,-0.00028769366,0.00073522405,-0.00073341804,-1.3209745,-0.05225564,2.0000267,1.9987216,2.0020597,2.0010214,3.0006964,-0.0033981644,-0.0025428177,544.00006,399.99957,-0.009524776,0.0074039153,1
0.9998529,168.99982,169.99979,0.260076,0.05452999,0.23343192,-1.4604813,0.27123547,0.99993944,0.9999719,0.9999573,23.000154,26.000034,0.0012523325,0.0010356094,169.00029,170.00018,0.004307745,-0.0025787507,0
4.999879,95.00001,19.999952,8.0383856e-05,2.6054735e-05,-7.228908e-05,-1.4421043,-0.1170079,0.99994004,0.9999303,2.000017,1.9999083,3.00009,0.0003403209,0.00037636515,475.00003,99.99999,0.0012125098,-0.0006887133,0
4.999946,99.999954,20.999992,0.00019719428,0.000121660596,5.2307976e-05,-1.4907916,-0.13126875,0.9999908,0.99990743,2.0000677,0.9999701,6.000168,0.00062422163,0.00028540997,500.00006,104.99987,0.0014878515,-0.00038377356,0
1.0003039,324.00046,312.9998,0.24253313,0.13311285,0.36483002,-0.28838044,1.1622697,1.0003157,1.0004618,1.0008667,23.000433,34.999775,0.0019115296,0.0014133501,373.99973,313.00003,0.0036569457,-0.0031268254,0
5.0000563,100.00008,21.000137,0.0001270524,0.00012911388,0.00015112128,-1.3908207,0.0012074859,1.000023,0.9999948,2.0001054,3.0000339,6.0000424,0.00033201184,0.00024049387,500.00018,105.00004,0.0012485406,-0.00065935915,0
5.000175,79.999985,16.999918,5.9900667e-05,0.00025459434,0.00023850228,-1.1324478,-0.35846433,1.0001148,1.0000588,2.000054,1.000155,1.9997634,0.0005542439,0.0002168172,400.00006,85.0001,0.0011863604,-0.00065279135,0
5.000165,379.99985,76.99996,0.24223857,0.09948948,0.31541827,-0.9539486,0.8441288,1.0003253,1.0000223,1.0005287,2.999925,7.000032,0.0019112127,0.00069287576,1900.0,384.99988,0.001745503,-0.0010330919,0
5.000049,220.00026,44.999744,-3.4322187e-05,-0.00014621137,-9.70904e-06,-1.4974926,-0.0016405347,0.9998887,1.0001683,1.0000163,6.000058,14.000062,0.00034764735,0.00029898374,1100.0,225.0001,0.0013523367,-0.0009372441,0
4.9999194,145.00003,30.0002,7.9572e-05,-3.826252e-05,-7.203159e-05,-0.7887545,-0.65144247,0.99994916,1.0002596,0.9998869,2.0000334,9.000011,0.0004505783,0.00037105987,725.00024,150.00014,0.001047095,-0.0008167304,0
5.00012,215.00008,44.0,0.17652011,0.040589895,0.20134933,-1.3523434,0.5754833,1.0000231,0.99998355,1.0000871,0.9999996,5.9999127,0.0014925544,0.0005662926,1075.0,220.00015,0.00071551633,-0.00011320546,0
5.000438,589.9995,118.99978,8.0647005e-05,-2.9535233e-05,0.0002454444,-1.2570394,-0.10534323,1.0004551,1.0001426,1.000286,34.00031,42.000683,0.0021154073,0.0009134705,2950.0,594.9997,0.00395419,-0.0021667862,0
5.0000286,105.00006,22.000015,7.056327e-05,0.00012395313,2.6535457e-05,-1.5021735,0.06100124,0.9999878,1.0000237,2.000108,1.0000513,4.9999866,0.00016737728,0.00023185821,525.00006,109.99989,0.00093374425,-0.00069604616,0
4.999885,234.99982,47.999996,-3.996279e-05,3.5336845e-05,-0.00017027497,-1.4569235,0.01525602,0.9999639,0.9999986,1.0000414,2.0001616,16.999958,0.00022905171,0.00034188884,1174.9999,240.00002,0.0010403807,-0.0007455325,0
1.0016094,593.9985,594.9985,-0.0020876355,0.0012954521,0.0008387562,-0.28146082,-0.82617396,2.999023,2.0027409,2.0017412,1.9998018,2.9987316,-0.004595686,-0.0041919444,772.00104,595.0007,-0.014980009,0.0100371605,1
5.000157,389.9998,78.9999,0.6066438,0.13736117,0.37046504,-1.4262809,0.2260619,1.9999884,0.99999565,1.0003777,9.000207,11.999949,0.0022950284,0.00075829093,1950.0,395.0003,0.0021753253,-0.00067287055,0
5.0001636,175.00009,35.99995,0.3285772,0.098702334,0.3141623,-1.4357169,0.39921322,1.0002702,0.9999169,1.000121,1.9999349,7.000004,0.0042685117,0.0010325583,875.00024,179.99995,0.0024415392,4.7813555e-05,0
5.0000706,245.00009,50.000114,-6.982101e-05,3.128272e-05,6.1295077e-06,-1.504121,0.027836898,0.9999804,1.0000247,1.0000083,3.0001323,14.000008,0.0003121794,0.00030580704,1225.0001,250.00014,0.00084616704,-0.0006749589,0
4.9999623,100.00009,20.999844,1.3702568e-05,6.642041e-05,-6.325094e-05,-1.5143279,-0.009829677,1.0001291,0.99999887,2.0000677,1.000021,3.9999306,0.00022330711,0.00030533748,500.0002,105.000114,0.0010128036,-0.0007845924,0
5.000085,254.99983,52.000526,8.2919476e-05,-0.00016609815,-1.8124529e-05,-1.5027508,0.0029727255,0.99998933,0.99994993,0.9999647,5.0002913,16.000309,0.0008507484,0.0008378371,1275.0002,259.99988,0.00091834733,-0.001229712,0
1.0003217,407.0,378.9998,0.22692598,0.07569173,0.2754752,-1.0328822,0.7925973,1.9997697,1.0001855,0.99991786,14.999902,40.000015,0.001276127,0.0005528909,563.0005,378.99988,0.002816906,-0.0015230133,0
5.000229,559.9995,113.00016,0.00038029876,0.00035341468,6.875676e-05,-1.2456906,-0.13078448,0.9994442,0.9998053,0.999962,30.999971,43.00037,0.0018430525,0.0011191583,2800.0002,564.9998,0.0040220134,-0.0007487023,0
4.999981,529.9999,106.99985,0.0002290521,-0.00022670152,-7.770858e-05,-1.3360887,0.05560712,1.0000556,0.9998058,1.0001614,19.000257,32.99969,0.0010817826,0.0010452017,2650.0002,534.99994,0.0026401202,-0.0011493975,0
1.0002278,305.9999,307.00052,-3.341905e-05,-0.00015872573,-1.5852036e-05,1.2732191,1.4722656,0.9999532,1.0000935,1.0000368,1.9998561,2.0002837,-0.00021232899,-0.00057095336,342.0,307.00003,-0.0017382137,0.002257511,1
4.9997344,250.00009,50.999966,0.2894273,0.14118096,0.37597454,-0.7163099,0.95007336,1.0002066,1.0002749,1.0000767,2.0001853,8.000085,0.0049467697,0.001589698,1271.9998,255.0003,0.0023803762,7.692779e-05,0
1.000134,266.99942,239.0003,0.2652679,0.12311571,0.35113472,-0.85474056,0.892982,1.9998897,1.0005406,1.0002565,18.999762,25.000252,0.0012316171,0.0011704698,368.99942,239.00009,0.0032630048,-0.0020761103,0
5.0004306,234.99991,47.99979,0.41063035,0.14930548,0.38621917,-1.0029758,0.67633814,0.9998637,1.0003482,1.0000597,5.9998064,9.9998255,0.0059620165,0.0036192117,1175.0004,239.99968,0.0021402664,0.0005565351,0
5.000479,294.99982,44.99988,0.00063046115,0.00010144303,0.0001781003,-0.9399388,-0.7606132,1.0001656,0.000512149,-5.9515452e-05,2.0002143,9.000454,-0.0011861118,-0.0012602019,7475.0005,224.99986,-0.0039942777,0.0055738613,1
0.9993135,188.99864,189.99911,0.0009454182,-0.0006017071,0.0006154395,-1.4958891,-0.00479433,1.0002245,1.0002515,1.0009271,61.00005,64.99969,0.004547892,0.0033221007,265.0003,190.00017,0.004825239,-0.005939842,0
0.9999284,288.00024,258.00052,0.25576305,0.12188914,0.34897038,-0.7004119,0.9704683,1.0003972,1.0003108,0.9998098,12.999649,24.999971,0.0015188879,0.0012391169,388.00027,257.9997,0.0027165362,-0.0028573056,0
4.999858,314.99997,64.000084,0.16878542,0.055055104,0.23464818,-0.69477373,0.99445873,0.99999714,0.9999956,0.9998969,1.0001358,4.0002413,0.0017557353,0.0007249502,1574.9999,319.99976,0.0011566512,-0.0001763227,0
4.999955,235.0,48.000076,0.00010481699,-8.000229e-05,0.00020795332,-1.1485378,-0.18367054,0.9999086,0.99994636,1.0002629,10.000066,16.000023,0.0004894134,0.0003363495,1174.9999,239.99986,0.0012586999,-0.0010523064,0
5.0007205,899.9978,155.99657,-0.00064918277,0.004085735,0.00028013997,0.14478125,-1.1786281,2.002423,1.0001433,1.0003648,2.0015886,3.0004594,-0.012500516,-0.00876366,20749.998,779.9995,-0.01090362,0.013145055,1
4.9985743,985.0005,198.0006,-0.0009549784,1.0396749e-05,0.0017040145,1.7191528,0.79374045,5.9998884,3.0002525,0.99962956,6.0006695,7.999972,-0.0038397328,-0.0032222474,4925.0005,990.0014,-0.007856881,0.004544585,1
1.0005336,174.99983,176.00037,0.0009945801,0.0002239448,-0.0010868756,-1.4684632,-0.046258725,0.9993981,0.9999274,1.0001949,55.001846,55.99999,0.0042392756,0.0071437103,174.9993,176.00154,-0.002025947,-0.0043449816,0
5.000036,249.99995,50.999973,3.2317686e-05,-2.2334558e-05,8.503181e-05,-1.4638653,0.2177872,1.0000998,0.99995947,1.0000535,0.9999563,16.000038,0.00016495974,0.00022772374,1250.0,254.99998,0.00064490974,-0.0006125532,0
0.9993604,308.0004,309.00095,0.00092961726,-1.3768564e-05,0.00040800447,-0.98882776,-0.36431766,1.0001496,1.000605,1.0007247,88.99973,105.000496,0.0047466694,0.0027773636,307.99942,308.99985,0.0054370193,0.0023953575,0
5.001258,615.9984,123.99939,0.0002932479,-0.0004164631,0.0021172499,-0.729057,-0.6964662,2.00256,2.0011172,1.0011888,0.99985915,1.002729,-0.005466648,-0.003231288,3085.9983,620.0018,-0.0054625203,0.00805053,1
1.0014981,278.99957,280.00006,0.0006594403,0.0009918908,-6.125924e-05,0.6313284,0.55215156,3.9993436,3.0014212,1.9992635,4.0008807,6.000759,-0.0028268944,-0.0013635673,309.00064,279.99927,-0.0111327665,0.0064114193,1
1.0014806,391.0022,391.99814,0.0019631996,-0.002425253,0.00044737564,-0.79503727,-0.8116186,1.0001687,1.9991403,2.0016816,1.9991815,2.9984012,-0.007440898,-0.004757049,532.99945,392.00314,-0.007017973,0.014661688,1
1.0001506,158.00018,148.99992,0.15875669,0.026246903,0.1613652,-1.2707947,0.5356417,0.9999917,1.0001947,1.000475,21.000021,27.000082,0.00084550667,0.0011974004,204.00006,148.99973,0.002008716,-0.0022525508,0
4.9999843,90.00002,19.000118,0.08758338,0.0054052146,0.07463082,-1.4286201,0.23517542,1.0001895,1.0000093,1.0000478,1.0000149,3.0000038,0.0010747792,0.00040360636,449.99994,95.00022,0.0010667745,-0.00075588573,0
4.999929,159.99985,33.000126,0.16710351,0.04184238,0.20509824,-1.0664616,0.77043545,1.0000362,0.999975,0.9998854,0.9998623,6.99995,0.0029759305,0.00085349503,800.0,165.00003,0.0010579906,-0.00067238597,0
4.9999094,244.99997,50.00002,9.264507e-05,-0.000105883286,-1.28554075e-05,-1.4539853,0.051346585,0.99977803,1.0003664,1.000082,5.9998703,17.0001,0.00038952273,0.00025211493,1224.9999,250.00003,0.0013218031,-0.0008602553,0
5.0001326,204.99998,41.99996,2.6630969e-05,-7.8169025e-05,0.00014056877,-1.3103516,-0.028054724,1.0001582,1.0000886,1.0000908,7.000158,13.000016,0.00039153438,0.00037268066,1025.0,209.99988,0.0010428135,-0.0010441012,0
0.9999702,230.00002,217.00052,0.41852757,0.19457099,0.4414035,-1.3082222,0.5379409,2.0000284,0.99990743,0.9998181,19.000051,28.999693,0.0030165422,0.0020143222,305.99957,217.00023,0.005282751,-0.001933085,0
0.9998016,184.00015,184.99968,0.0004468771,0.00031381898,-0.00057367433,-1.489292,-0.016184788,0.99967444,1.0005019,0.9998447,47.001102,57.999817,0.0031895635,0.0025324465,184.00024,184.99985,0.002865364,-0.0045420425,0
5.0002418,219.99988,45.000282,-8.1495135e-05,5.634026e-05,4.014329e-05,-1.3047937,-0.15005895,0.99992526,1.0000373,1.0001228,5.0002346,13.999977,0.00046051992,0.00013035463,1100.0,224.99982,0.0010737269,-0.0007771067,0
5.0001426,80.00008,17.000141,-6.6388544e-05,-3.4439433e-06,0.00010393041,-1.4873935,-0.022809656,1.0001328,0.9999733,1.9999949,1.0002207,3.0001006,0.0004347675,0.00039814034,400.0,85.000244,0.0013552716,-0.00063831266,0
5.000531,615.00073,124.000916,3.1510903e-05,0.00022554265,0.00022498818,-1.3756922,0.021950705,1.0002271,1.0004045,1.0004241,37.00002,38.999786,0.0023477438,0.0015214274,3075.0007,620.0001,0.00450909,-0.0018667788,0
1.0000476,341.00003,342.0001,0.00086493726,2.08927e-05,0.0025871817,8.145668,2.9975543,9.999983,2.0000029,2.0001006,13.000031,15.000125,5.2204097e-05,0.0001037201,341.0,342.00003,-0.0007259914,-4.224498e-07,1
1.0002577,390.0004,390.9996,0.0015157647,-0.0013691739,0.001405366,-1.4804492,0.03789262,1.0005467,1.000519,1.0006274,118.000114,134.0004,0.008410403,0.005311892,542.0008,391.00027,0.010338712,0.0021922651,0
0.9999762,424.99985,362.0002,0.009077569,0.0001750767,0.010316287,-1.45178,0.45649582,17.000097,1.0003875,1.0001844,57.999393,70.999954,0.0025631057,0.0015882442,589.0005,362.00006,0.004643162,0.0002660018,0
4.9999843,315.0001,63.99994,0.20852995,0.093711086,0.30644476,-0.29547235,1.1458905,1.0000104,0.9999187,0.9999404,1.000068,8.999914,0.0029735132,0.00074300217,1575.0,320.00003,0.0012652851,-0.00044623428,0
1.001023,448.99997,449.99948,0.0006906951,0.0007550874,-0.00066135504,-1.4114479,-0.0033774779,2.0001209,2.0002885,1.0001749,38.99928,69.99953,-0.0018012751,-0.001396839,571.00037,450.00113,-0.0047199754,0.0063920557,1
5.000068,215.00006,44.000175,0.36060792,0.17627697,0.4199822,-1.1431601,0.67942077,0.9997282,1.0005311,1.0001991,2.9998975,6.0007515,0.0073324502,0.0028730272,1092.9999,219.99997,0.003593537,0.0011924214,0
5.00017,204.99992,42.000393,-4.5135363e-05,0.0001042127,0.00013644145,-1.4942299,-0.030086916,0.9998923,1.0002193,0.9999679,7.9998016,11.000064,0.000463132,0.0005165705,1025.0001,210.0001,0.0013869575,-0.0009813731,0
5.000125,380.0003,77.0002,0.0005346356,-7.03904e-05,7.90904e-05,-1.4767597,-0.088453114,0.999936,0.9999594,0.99981326,19.000273,24.999794,0.0014760992,0.0008348836,1931.9998,385.00046,0.0027617803,-0.00056621374,0
1.000047,203.00003,185.99995,0.04488687,0.0032767074,0.056697566,-0.97713745,0.78201634,1.9999746,1.000011,0.9999865,16.999907,26.999954,-6.847974e-05,-8.336968e-05,259.00015,186.0,0.00041425918,0.0010779109,1
5.0000424,224.99988,46.000027,8.6858374e-05,9.263799e-05,9.307264e-05,-1.2905619,-0.0706249,0.9998828,1.0000125,1.0000678,4.0000286,16.99986,0.00026943427,0.00029849602,1125.0002,229.99994,0.0010435858,-0.00089701643,0
4.9998116,105.00007,22.000122,-5.6073102e-05,-2.9131352e-05,0.00014658779,-1.4828417,-0.006959114,1.0001152,0.9999737,1.9999605,2.0001395,5.9999986,0.00028719057,0.00019556515,525.0,110.00005,0.0012514831,-0.0007738254,0
4.999976,240.0001,49.000034,6.536987e-05,-1.4496792e-05,0.00013546449,-1.4873703,-0.02898545,1.0000749,0.99992657,1.0001836,1.0001305,14.000033,0.00019360149,0.00018041508,1199.9999,244.99986,0.0008072246,-0.0005677738,0
1.0000743,191.00006,193.00015,2.9057817e-05,2.7980932e-05,0.00010784084,-1.0864328,-0.08029903,0.99999213,1.0000463,1.0001752,20.00025,23.000235,3.6811256e-05,0.00013248583,228.99982,193.00026,-0.00073870673,0.0019685554,1
5.0001483,219.99992,45.00004,5.1987103e-05,-4.531124e-05,-4.166829e-05,-1.4810388,0.013402326,1.0001127,1.0001018,0.99999195,5.000059,15.0000515,0.0004506781,0.00030387743,1100.0,225.00014,0.001233943,-0.0009165597,0
5.000025,205.00005,42.000034,0.1916365,0.044073805,0.2095735,-1.3491867,0.5635761,0.99996823,1.0000299,1.0000905,2.0000262,3.000001,0.0018082248,0.0009183028,1024.9999,210.00002,0.0006845557,-1.3905871e-05,0
1.0000038,191.0,191.99965,8.544242e-05,0.00016635853,-0.00018379051,-0.67523676,-0.6911655,1.0002711,1.0000987,0.9999348,37.999588,35.999763,0.0009809042,0.00056134013,238.99995,192.00024,0.0021182327,0.0011001929,0
1.0004355,435.0004,436.9998,-7.324583e-05,0.00021752247,0.00021673857,-1.5159543,-0.0064271,1.0003828,0.9982235,1.0021167,138.99963,150.00165,0.011556518,0.0057570953,596.99884,437.00067,0.00968963,0.0023845844,0
1.0005144,203.99953,204.99959,0.0006291706,0.0002155771,-0.00030735033,-1.4352751,-0.11809646,2.0001688,2.0000694,1.0011711,1.0007477,5.001106,-0.0032225628,-0.0009680325,234.00072,204.99942,-0.004716596,0.006142387,1
5.0000825,249.99973,50.9999,-0.00011436755,-2.895693e-05,0.00018962125,-1.4548328,-0.040236924,1.0001394,1.0001965,1.0001149,7.0000153,15.000195,0.00073198596,0.00039983753,1250.0004,255.00005,0.0011889067,-0.00083915,0
1.0010921,520.9996,522.0,0.0017068823,-0.00049276004,-0.00013835717,-1.3818924,0.07357302,2.001041,2.000062,1.0017395,2.0011215,3.999286,-0.0027192908,-0.0023771068,521.0007,521.99976,-0.0071468186,0.008088379,1
4.999853,209.99998,42.99991,2.9286106e-05,-4.96454e-05,-5.534001e-05,-1.2387209,-0.30283928,1.9998742,1.000078,1.0001469,3.0001438,2.9999228,-0.00017475428,-0.00021263525,1050.0,215.0,-0.00077494315,0.0011040919,1
1.0001107,162.99997,164.00002,0.024228966,0.0014455955,0.037339438,-0.10452553,1.1862801,2.9999428,0.9999841,1.0003431,11.000195,13.000069,-0.00021066649,-0.0002328278,163.00029,163.99991,1.884969e-05,0.0019884522,0
1.0001162,275.99988,277.99997,-0.00025593935,0.00011140443,-0.0002788647,-0.72193813,-0.6256861,1.0002189,1.0002258,0.9995259,72.99993,88.000244,0.0021224215,0.0013257969,356.00037,278.00006,0.0034025807,0.0012708668,0
5.0000567,214.99997,44.000137,7.421358e-05,-0.00014505773,3.6681726e-05,-1.4852093,-0.0070734816,0.9999663,1.000008,1.0000092,4.999978,14.000053,0.00030782918,0.0003530454,1075.0,219.99997,0.0011120026,-0.0010432788,0
4.999949,325.0001,66.000046,0.18447912,0.085675284,0.2923895,0.045875344,1.2886877,0.9998686,1.0002453,1.0000817,2.00028,6.000068,0.0027305018,0.0008657166,1625.0,329.99997,0.0010244641,-0.00023366591,0
1.0004532,229.9996,231.00087,-0.00062878506,-0.0001606546,-0.00014725002,-0.6802521,-0.4367298,2.0006511,2.0001798,1.0008712,1.0000165,2.9999998,-0.0016838636,-0.0012756978,230.00029,231.00008,-0.007524943,0.0051973797,1
4.999923,100.00015,20.99996,-0.00010985762,6.7199886e-05,2.3670453e-05,-0.8648857,-0.5297496,0.9999099,1.0001366,1.0000279,0.99997205,5.0001893,0.0002836293,0.00026159527,500.00003,104.999954,0.0011359409,-0.00086424703,0
5.0000367,284.99994,58.00003,0.19794731,0.056028526,0.2367586,-0.23574814,1.1254407,1.0000126,1.0000738,1.0000725,1.9999187,7.9999976,0.0020218734,0.0005728836,1425.0001,290.0,0.00045562672,0.000326378,1
5.000179,60.000397,13.000266,0.86904645,0.020312019,0.1418757,-1.1578621,-0.12442742,0.99999374,0.9997087,0.9999283,1.000098,-1.6197422e-05,0.005017945,0.0014944061,299.99982,64.999985,0.0024968004,-0.00029617615,0
5.0000033,240.00012,49.000263,0.30615005,0.099216715,0.3151035,-1.2412127,0.603777,1.0001823,0.9999872,1.0001255,2.000332,6.000342,0.0030008096,0.0007767233,1200.0001,245.0001,0.0015626653,2.610479e-05,0
1.0011108,347.99777,348.99887,0.00064926164,0.00038551225,0.0010598346,-0.56816506,-0.6984241,2.0011861,2.0010247,2.000959,1.0016541,2.9993927,-0.002257345,-0.0021733467,347.9999,348.99948,-0.010652394,0.010545719,1
5.0000224,75.00014,16.000082,7.184457e-05,-3.4529745e-05,4.886881e-05,-1.4464414,-0.0872146,1.0001103,1.0002255,2.0000744,1.9998691,1.9999557,0.00023290928,0.00018301782,375.00006,79.99996,0.001490767,-0.0007652854,0
1.0000333,172.00002,173.00003,0.06423724,0.0027910387,0.052779086,-1.4087414,-0.0074005774,5.0000925,2.0000198,1.0000868,24.00014,27.000214,-0.0004627731,-0.00023876144,171.99988,173.0,-0.0021090212,0.00022395192,1
5.000254,285.00015,58.000015,0.24033237,0.094524555,0.30730236,-0.3389387,1.1117274,0.9999452,1.0000801,0.9999132,2.0000498,7.000008,0.0029305741,0.00086098234,1425.0001,290.00018,0.0011449154,-0.000106324536,0
4.999893,234.9998,47.999874,0.00010225439,0.00021096747,-2.2013573e-05,-1.4712087,-0.024773775,1.0001125,0.99993104,0.9999545,7.999947,15.000244,0.0008442039,0.00043359064,1175.0,239.99986,0.0012281894,-0.0010884287,0
4.9998837,95.00001,19.999996,0.13205153,0.011142237,0.1069173,-1.4991279,0.08780737,1.0000321,0.99991494,0.9999479,0.9998828,3.0001464,0.0016065992,0.0008018148,475.0,100.00004,0.0013208468,-0.0007727236,0
5.0005507,245.00006,49.999817,0.31841332,0.13454996,0.36625737,-1.2047346,0.6541416,1.0002545,0.99987584,1.0005038,0.9999571,4.0001097,0.0037976445,0.0010247038,1225.0,250.00026,0.0021887189,3.8569582e-05,0
5.000167,74.99999,16.000246,0.000101536396,-1.6929056e-05,0.00016597655,-1.3973435,-0.10079203,0.9997632,0.99994445,2.000142,0.9998106,2.9999285,0.0003843176,0.0002982686,375.0,80.00019,0.0012757175,-0.00085616985,0
1.0005381,184.00015,184.99998,0.0006131024,-0.00025726002,0.000102092476,-1.4890457,-0.016400605,1.0002081,1.000586,1.0015279,47.000668,57.99982,0.0039593475,0.0030122115,184.00092,185.00174,0.0026879094,-0.0039769225,0
5.0000625,145.0001,30.000004,7.662045e-06,-3.7450653e-05,5.0458097e-05,-0.9709365,-0.53403807,0.9999807,1.0000705,0.99991304,5.000134,9.000134,0.00050101493,0.0005447746,725.0002,150.00006,0.0013214633,-0.0010281211,0
5.000318,379.99988,77.00018,0.21052656,0.11493872,0.33901846,0.58085096,1.4690661,1.0002764,0.999576,0.9999001,2.0001633,12.000089,0.0028815905,0.0012150711,1899.9996,384.99985,6.558527e-05,-0.0015240909,0
5.000207,75.0001,16.000154,-0.00010074228,0.000100954836,1.1717193e-05,-1.4152511,-0.10358184,0.9997433,0.99991643,2.0000286,1.0000445,4.0001326,0.0006265674,0.00040011175,375.0001,80.00006,0.0014797229,-0.0011571181,0
4.999858,230.00005,46.999947,-8.521822e-05,0.00011621647,4.6944067e-05,-1.4784209,0.12514958,0.9999687,1.0000308,1.0000619,1.000051,14.000118,0.00018022784,0.00040381908,1149.9999,235.00009,0.00062788575,-0.0006867546,0
0.9999178,251.99985,236.00017,0.2746408,0.11626604,0.34087965,-1.0628623,0.76658595,1.0002075,1.0002432,1.000506,8.999924,22.999975,0.0015756661,0.0008197822,332.00034,236.00038,0.003332997,-0.0019911407,0
1.0000328,126.000114,127.00002,0.11799056,0.007135482,0.084818795,-1.3823316,0.37608695,0.99996364,1.0000875,0.99999845,18.999968,22.999989,0.00031257083,0.00026543494,126.000046,126.99998,0.00025135427,-0.0005853018,1
1.0001211,182.00003,184.00002,-4.0176772e-05,-4.0797237e-05,-6.815292e-06,-1.4902619,0.032524545,1.0000138,1.0000114,1.0000271,25.999949,42.000015,0.00015947556,0.00017332181,254.00003,184.00005,-0.0001492354,-0.0003946418,0
4.999984,100.00013,21.000145,-1.2981126e-06,0.000110167304,-4.538046e-05,-1.1393578,-0.32604402,1.0002084,0.9998545,0.9999677,1.000087,3.0000877,0.00030337716,0.00010060024,499.99997,104.99987,0.0010477613,-0.00094088796,0
1.0035635,913.0079,914.99744,0.000590176,0.0014632493,0.0012515457,-1.2489554,-0.26341105,4.9968185,5.000433,4.007722,3.9956925,11.001611,-0.008202374,-0.014076887,1249.0012,915.0012,-0.023436345,0.034720317,1
5.0000577,780.99927,156.9993,0.00024219893,0.0004439457,0.00069936016,-1.0347654,-0.14083639,0.99986666,1.000549,1.0001386,48.00023,52.000126,0.0029222926,0.0016315026,3911.0005,784.9998,0.0045481888,-0.0014040298,0
0.9995264,281.0,281.9999,0.22657569,0.11638452,0.34197795,-0.22108755,1.1879524,1.0000845,1.0003667,0.9998327,17.999922,43.000046,0.00191668,0.0017808748,281.0,281.9998,0.00377354,-0.0026353318,0
5.0003924,335.0001,57.99971,0.0002074178,0.00036086718,0.00014288009,-1.1001545,0.47466528,1.9997283,0.99963343,1.000078,2.000421,3.9999154,-0.0009396895,-0.00092185434,4425.0005,289.9998,-0.0019969335,0.0032359846,1
5.0003843,205.00005,42.00017,0.00030040342,-4.8773545e-05,0.00034358984,-1.0752451,-0.32083532,1.0000743,0.99988955,0.99996245,6.0001006,13.000239,0.0007143184,0.00026633605,1025.0,210.0001,0.00081627903,-0.0012553744,0
1.0001024,178.99954,180.00037,0.000120627956,0.00031703987,-0.00040654163,-1.4248979,-0.020027002,1.0001001,1.0003436,0.9998688,51.00049,57.001102,0.0032313848,0.0023991498,239.00085,180.00069,0.0031464014,-0.0043446105,0
4.9999075,245.00018,49.999905,7.336048e-05,-0.00013468652,-0.00011122771,-0.7804815,-0.5874414,1.0001168,1.0001593,0.99981624,5.999883,17.999903,0.00067134405,0.00039718038,1225.0001,249.9999,0.0008780012,-0.00095058535,0
4.999911,74.9999,16.000082,0.00011003052,-7.9994905e-05,4.6214933e-07,-1.423028,-0.08223934,0.9999025,0.9999417,1.99994,1.0000395,1.0000545,0.0001910303,0.00026026575,375.00003,79.999886,0.0012221817,-0.00081024156,0
4.9992976,194.99988,40.002914,0.34668145,0.1293611,0.35862848,-0.72999144,0.86478204,1.9994841,1.0006611,1.0013303,2.9997904,2.9996111,0.028089605,0.05496437,974.99817,200.00058,-0.011575061,0.012275987,1
5.000291,225.00008,45.99985,8.447665e-05,-8.452322e-06,0.00015230401,-1.4933602,0.008127662,0.999941,1.0001124,1.0000857,5.000001,14.000079,0.00040658822,0.00036611134,1125.0,229.99995,0.0010452527,-0.0009245916,0
4.9995995,204.99992,42.00011,0.29295573,0.122263916,0.34912884,-1.0818231,0.73757136,0.99938554,1.0001634,0.999907,1.0001332,5.999974,0.00490773,0.0014147755,1025.0002,210.00014,0.002239153,9.508511e-05,0
5.000091,292.00015,59.000614,0.3411153,0.21797477,0.46640474,-0.16540895,1.1711407,1.0001229,1.0002888,1.0005119,0.9996718,10.000108,0.007158237,0.0019503576,1473.9999,295.00003,0.003245846,0.0005241179,0
1.000573,227.0012,228.00272,0.0008868834,-0.00024701087,-0.00029239833,-1.1992962,-0.08880018,1.9993932,1.9999596,2.001318,0.9983375,2.001666,-0.0033893134,-0.003470125,227.00153,227.99956,-0.005219371,0.009387821,1
4.9999275,189.99988,39.000126,0.24073254,0.060149282,0.24472049,-1.3219783,0.5125785,0.99992305,0.99999326,0.9997191,0.9999518,5.000057,0.0025276227,0.0007355714,950.0002,194.99991,0.00064613245,-0.00029554975,0
1.0003297,348.00012,317.0003,0.39949328,0.1853527,0.4309133,-1.2862726,0.55210793,1.000072,0.9999808,0.9999024,17.000177,24.999872,0.0024557123,0.001521922,467.99985,316.99973,0.0045675677,-0.0013620041,0
0.99982554,194.99968,196.00012,-0.00033046637,-0.00018351228,9.93453e-05,-1.4891968,0.030923104,1.0009371,1.0007906,1.000736,51.000114,60.000023,0.0031883076,0.0042555444,273.00006,196.00034,0.002956822,-0.0043486217,0
5.000023,39.99973,8.999797,1.0727283,0.014639818,0.12087827,-1.1965386,-0.24112768,0.99992925,1.0000628,0.99947125,0.9995854,0.00023337112,0.0067956853,0.0018928861,200.00066,44.999928,0.0031577412,-0.00033538556,0
5.0001,375.0008,76.00022,0.35017675,0.15411176,0.39223555,-1.2461216,0.60598296,1.0002667,1.000232,0.9994922,2.0005987,14.000635,0.0036681863,0.0017289831,1875.0004,380.0001,0.0026751661,-0.00059364265,0
0.9998516,230.99979,232.00029,0.00020791269,-0.00024054792,0.00040624515,-1.4681711,-0.03622719,0.9999757,1.0000932,1.0000352,5.00005,11.999791,-0.0006091349,-0.00043846786,230.9998,232.00017,-0.001665236,0.0026528744,1
1.0000427,314.00003,297.00015,0.3044827,0.114492126,0.33865976,-1.2297591,0.6424603,2.0003574,1.0000534,1.0000247,21.000172,28.000277,0.0015720188,0.0011255945,413.9999,297.00006,0.0040693553,-0.0011707142,0
0.99951184,182.99973,176.00002,0.24817167,0.07418844,0.2717044,-1.276283,0.59944963,1.0004824,1.0004501,1.0003995,16.000057,25.000132,0.0014245549,0.0015803503,233.00021,175.99963,0.0036040603,-0.002457461,0
1.0000556,617.00006,617.99994,-2.3489521e-05,7.132888e-05,9.407366e-05,-1.1746992,-0.19113888,1.9999416,1.0000738,0.99999034,50.999943,122.000015,-0.0005008839,-0.0002498971,798.99994,618.00006,-0.0004952905,-2.5758109e-05,1
4.9999986,255.00002,52.000122,7.558391e-05,-1.0699289e-05,3.6859463e-05,-1.3322375,-0.07839126,1.0000464,1.0000787,0.99995434,4.0000863,19.999983,0.00051296357,0.00033784052,1274.9999,259.99997,0.001129974,-0.0008657124,0
0.99990046,178.00056,179.00012,0.00011408278,0.0001543647,-0.00013380653,-1.2092966,-0.20925312,0.99981314,0.9998172,1.0001209,39.999924,49.999756,0.0016291483,0.0011327445,178.0002,178.99974,0.00058124436,-0.0029105856,0
4.999939,234.99998,47.99993,0.048812184,0.003506769,0.059467122,-0.77912027,0.9206711,1.000005,1.0000226,1.0000218,3.0000377,5.999935,0.0003490151,0.00038184095,1175.0,239.99997,0.0001818007,-0.00036166247,0
1.000358,207.9997,196.00037,0.16440964,0.024575472,0.15757181,-1.3145888,0.4840108,1.0000559,1.0002786,1.0002989,22.999973,34.999958,0.0013156228,0.0009693192,276.00034,196.00043,0.002387012,-0.002699724,0
4.99991,224.99991,46.00007,-0.00018563058,-3.5851568e-05,0.00015994211,-1.4399552,-0.03274963,1.0001265,1.0000749,1.0000002,7.999846,15.999881,0.0004227744,0.0006195627,1125.0001,230.00014,0.0015877876,-0.0010776117,0
0.99942106,452.9998,453.999,0.007445154,-0.0007653676,0.008989943,-0.7754519,0.8914074,25.999823,1.00173,1.0009401,63.00062,83.999985,0.00542917,0.002801666,452.99963,454.0008,0.006033019,-0.0053542387,0
5.000073,464.99945,79.99964,-0.0007279103,0.0009787208,-9.021043e-05,-0.71629775,-0.57414836,1.0002086,0.9996324,0.99986637,3.9995239,7.999889,-0.002119399,-0.0016233138,7574.9995,400.00027,-0.00537394,0.0052787154,1
5.0000324,95.000046,19.99999,0.069194734,0.006980801,0.08310231,-1.0885465,0.73375607,1.000034,1.0000477,1.0000229,0.9999916,3.000024,0.0011333302,0.00036525822,475.00003,99.999985,0.000347178,-0.00021659996,0
5.0004034,525.00024,106.00025,0.000118213524,0.0010196345,0.00044147973,-1.1812687,-0.009580604,1.999637,1.999717,1.0000607,0.9999036,3.0009074,-0.0011703959,-0.0013665773,2625.0,529.99927,-0.0044384873,0.0048332196,1
4.999944,370.00003,74.99992,0.72882664,0.032625534,0.18004958,-1.398768,0.06823263,0.9997482,1.0000398,1.0002855,11.000164,25.999989,0.0012768655,0.0004744759,1850.0,375.00024,0.0019323879,-0.001388238,0
5.0000267,80.00005,17.000013,1.7929382e-05,5.739945e-05,0.000149978,-1.4624447,-0.09341538,0.9999941,0.99988323,1.9999336,1.0000288,0.99989617,0.00015310172,9.124224e-05,400.00003,85.00003,0.0012880908,-0.0007508422,0
4.999815,489.9998,98.999954,0.46677876,0.18434833,0.4285253,-1.4495125,0.3080349,0.99985886,0.99982953,0.9995008,5.000072,24.00017,0.0039258273,0.0016584377,2450.0002,495.00034,0.0036277198,-0.00081735064,0
4.9996963,555.0002,112.00003,0.2993159,0.12101499,0.34757063,-1.138795,0.6966458,0.9993324,0.99993694,0.99990165,1.9999754,17.000193,0.0022489713,0.00083430327,2775.0,559.99963,0.003171763,-0.0013184724,0
1.0002041,300.9997,301.9998,0.0009771835,-0.0002065985,-0.00037165743,-0.91351545,-0.4644654,1.0006897,0.999422,1.0007184,92.999954,103.00036,0.0045858123,0.0026106953,413.00085,301.99988,0.0053284406,0.0025859699,0
5.0000653,74.99998,16.000046,2.2430126e-05,0.00014698994,-5.468343e-05,-1.4431562,0.032129217,1.0000509,1.0001392,1.9999714,1.0000408,2.0001173,0.0003325533,0.00031995802,375.00015,80.000046,0.0010149715,-0.0009163579,0
1.0004379,212.00069,212.99974,0.0012121919,5.0146453e-05,-8.28223e-06,-1.2199607,-0.18262295,1.0009286,0.99997985,0.99963903,53.00047,56.99988,0.002600509,0.0013095043,212.00047,213.00015,0.005148036,-0.0035647745,0
5.0000095,110.00006,22.999893,0.00011038737,0.00012117105,-5.0517607e-05,-1.4312363,-0.02857254,0.99996454,1.0000638,0.99998933,1.0001643,3.999989,0.000335991,0.0002758499,550.00006,114.99967,0.0009728352,-0.0010300146,0
0.9999449,451.9997,452.99982,0.013319473,0.001379649,0.030010212,3.676342,2.2082438,2.0006757,2.0004532,2.0004659,7.999574,35.999374,-0.0008751087,-0.0012879821,452.00015,453.0006,-0.0038979982,0.003312683,1
5.000281,249.99968,52.000034,0.31151646,0.1914362,0.43735543,-0.47757646,1.0581741,0.99968916,0.99997157,1.000202,4.999347,11.000229,0.0066859354,0.0024446384,1262.0002,260.00024,0.0029203654,5.9946086e-07,0
5.000055,260.00018,53.000034,4.8677266e-05,-0.00017071897,4.107637e-05,-1.3790225,-0.057771027,0.99998707,1.0002291,1.0000311,4.9999228,16.99995,0.0005130859,0.00011326437,1300.0,265.00018,0.0010705753,-0.00071009505,0
0.9999046,175.99995,176.99994,0.00018135227,-2.1413114e-05,-0.00040689882,-1.1651702,-0.20907992,1.0000623,1.0001291,1.0002486,38.000076,46.000015,0.00034263838,0.0008798196,176.00015,177.00008,-0.0004177762,-0.0019773056,0
1.0002164,174.99992,175.99992,8.645034e-05,0.00042464698,0.00017109947,-1.4920931,-0.014688946,0.9998305,0.99991846,1.0000954,49.99982,56.99949,0.003458908,0.0030651009,234.99951,176.00089,0.0029037697,-0.0045522447,0
5.0008264,1029.9994,207.0007,-0.00019195829,0.0008323222,-0.00040918434,-1.489345,0.094685026,1.001035,1.0001718,1.0010772,57.00107,64.00078,0.0044500222,0.0024783013,5150.0,1034.9999,0.0066837636,-0.0031820878,0
1.0004387,351.0003,331.99994,0.32860667,0.11076003,0.3330426,-1.3666162,0.52560073,2.0002708,0.9999374,1.0000279,27.999954,38.99977,0.0024084924,0.0021061208,475.001,332.00034,0.0034840144,-0.0024095718,0
1.0002182,176.00005,167.00015,-0.00014369348,7.953358e-05,4.1675758e-05,-1.2205427,-0.2946418,0.9999757,1.000085,0.9999664,33.000053,42.99991,0.00025963527,0.00035556857,285.99985,167.00009,-0.0009156676,-0.00094940903,1
4.999979,235.00005,48.00009,-7.616486e-05,8.79789e-06,-3.4320467e-05,-1.483308,-0.00926355,0.9999547,1.0000356,1.0000643,5.0000653,14.000071,0.0002781716,0.0003020404,1175.0002,240.00003,0.0010468698,-0.00082032883,0
1.0014192,186.99994,188.0002,-0.0013127578,0.0001563992,-0.00012925424,-1.4463614,-0.013118366,0.99997306,0.9999815,1.0000051,61.000637,64.99986,0.0035934101,0.0022755947,197.00063,187.9998,0.0067350375,-0.005435808,0
5.0000024,185.00008,37.99998,0.12377334,0.021704001,0.14762273,-1.3710628,0.5885265,0.9999659,1.0000151,1.0000399,2.000091,4.9999995,0.0015939516,0.0018954693,925.0002,189.99997,0.00014198251,-0.0003611062,0
1.0002403,297.99966,290.0003,0.38093644,0.15934606,0.40041295,-1.3603297,0.5018328,0.9995416,1.0009141,0.999884,25.999218,31.999533,0.0032733954,0.0017550206,356.0,289.99988,0.0053900843,-0.0010491381,0
5.0018215,429.99908,63.001465,6.812645e-05,0.0019008219,-0.00028678827,-0.83319426,0.5655746,1.0000851,1.0005796,0.9995268,1.000094,1.0001839,-0.0032148433,-0.0034856875,17150.0,315.0021,-0.0058158934,0.010390019,1
4.9997444,420.0003,85.00001,0.6564194,0.06692904,0.25798038,-1.3262725,0.044187363,0.99988973,0.9997024,0.9999408,9.999634,30.00039,0.0013568421,0.00095323764,2100.0,425.00012,0.002317734,-0.0012312332,0
0.9985626,635.9986,637.9984,0.0025223484,0.00095706945,0.0014649377,-1.334004,0.1730164,1.0013219,1.0018337,1.0019078,181.00104,194.00076,0.012061835,0.00804843,888.0036,638.0021,0.01156972,0.0039458694,0
0.99997336,256.00034,256.99997,0.00022297865,-9.954988e-06,-2.6797386e-05,-1.23649,-0.086685956,1.0003896,1.0000912,1.0000237,1.0001513,4.999584,-0.00021342355,-0.0009156018,255.99965,256.99994,-0.0031846166,0.0034819052,1
4.999987,80.00017,17.000008,5.7852707e-05,0.00026558505,0.00015099329,-1.0551825,-0.20784155,0.9999943,0.99997056,0.9998073,1.00011,3.0000918,9.049706e-05,9.1079935e-05,400.00006,84.99983,0.0009025784,-0.00088883954,0
4.9986205,1115.0013,224.00061,-0.0016192277,-0.00034966628,-0.0006242077,1.5860965,0.6503497,11.998918,4.000794,3.0001755,12.002363,21.000715,-0.007212437,-0.003040052,5575.0005,1120.0007,-0.016293593,0.007804145,1
5.0002084,230.00014,47.000065,-3.419371e-05,-0.00011946445,-6.973978e-06,-1.4914149,0.027483862,0.9999747,0.99991035,0.9999741,4.999945,14.000004,0.00041652296,0.00035707277,1150.0,235.0,0.0010415516,-0.0009106883,0
4.999943,75.00006,15.999876,0.00042351434,3.6925612e-05,-7.511983e-05,-1.4278817,-0.09652216,0.99995077,0.9999874,2.0001082,1.0000638,-3.0096484e-05,0.0005559657,0.0003534696,375.00012,79.9999,0.0010205884,-0.0011955065,0
4.999961,265.00003,54.000034,2.2385135e-05,-0.00013434152,2.5543011e-05,-1.4147072,0.0051384717,0.9999645,0.9998343,0.99978733,6.000046,16.999912,0.00037008134,0.00033003226,1325.0002,270.00003,0.0011789848,-0.0007018809,0
5.000155,237.00023,47.999058,0.15800078,0.05910503,0.24126959,1.3679818,1.6610376,2.000257,2.0006475,1.00099,0.999537,1.9996939,0.015026006,0.03199447,1199.0009,240.0005,-0.006574665,0.005532385,1
5.0001163,225.0004,45.999996,3.7073576e-05,0.00024905396,-4.826774e-06,-1.3704324,-0.080559574,0.9999154,1.0001284,0.9999007,5.000028,15.000088,0.00081670616,0.00042212202,1125.0001,230.00008,0.00080729736,-0.0014810391,0
1.0002172,513.0,513.99994,0.000482765,-5.92452e-05,0.00031915022,-0.8595158,0.30673432,1.0007913,1.0002667,0.99941236,4.0007687,2.0006762,-0.003481913,-0.0015855948,706.99915,513.99994,-0.0013179334,0.0033261904,1
0.9996749,291.99982,255.9996,0.25345206,0.13587458,0.36880052,-0.4512033,1.0908648,1.0000467,0.9997653,0.9998525,12.999966,20.000269,0.0015673542,0.0011859878,407.9998,255.99942,0.0027946576,-0.0023425273,0
1.0009142,186.9996,187.99997,0.0004609255,8.589853e-05,-0.00036884824,-1.4835734,-0.034660913,1.0002606,0.999887,0.99956524,45.000095,51.000774,0.0027228715,0.0015734434,187.00053,188.00006,0.0028339776,-0.003974533,0
5.000122,325.0002,65.99993,0.22547771,0.107275985,0.32776868,-0.25930074,1.1597698,0.99996585,1.0001428,1.000029,1.9998406,5.999961,0.0031157024,0.0009866701,1625.0002,329.99994,0.0017383859,-0.00033763103,0
5.000006,255.00037,52.000103,0.22507311,0.11294426,0.33638266,-0.29081342,1.1533157,1.0003881,0.99987817,0.99982464,1.0002519,4.000188,0.0044834428,0.0011434606,1275.0001,259.99997,0.0016656014,0.00011369285,0
1.0002089,177.00023,179.00003,-0.00029665674,-2.1274906e-05,0.00027249617,-1.3083836,-0.11792818,2.00014,0.9999103,1.0002877,2.0001593,0.99986136,-0.00087791425,-0.0005053185,241.00035,179.00005,-0.0023876308,0.0026385966,1
5.0001764,99.99987,20.999956,-2.8810358e-05,6.184744e-06,-0.00010348793,-1.2216917,-0.23720253,0.99995416,1.0000422,1.9999788,1.0001237,5.0000563,0.00014962103,0.00020891782,500.0001,104.99992,0.0011785044,-0.0003571108,0
1.0001009,327.00015,301.99945,0.2642666,0.13706961,0.36948326,-0.53962266,1.0416219,1.0003178,0.99978983,1.0005151,18.000101,30.000015,0.0021514278,0.0017882865,441.0006,301.99976,0.0028957308,-0.0032184066,0
4.999691,374.9998,76.00001,-3.943594e-05,0.00020031618,0.0003555684,-1.4241838,0.0978709,0.99981236,1.0001026,1.0000116,13.000251,26.000105,0.0014147176,0.0014278773,1874.9996,380.00012,0.0020130847,-0.0014239632,0
0.99902546,319.0005,320.00122,-0.000344122,0.00038734582,-8.44931e-05,-1.4287765,-0.05343823,0.9992756,0.99983203,0.99907184,88.99838,100.00091,0.0068866243,0.0035826585,425.00113,320.0003,0.010388991,-0.0019828328,0
4.999987,245.00014,49.99987,0.00021351424,-0.00022409143,0.00010617649,-1.4481294,-0.008989517,0.9999952,0.9998614,0.99994975,4.9999824,13.000075,0.0005752782,0.0007129406,1225.0,249.99985,0.0008562258,-0.00075805275,0
4.99998,185.00006,38.000088,0.12381081,0.021755135,0.14751208,-1.3710707,0.5884427,0.99997157,1.0000257,0.99995387,2.000003,4.9999595,0.0014774457,0.0017627103,925.00006,189.99997,0.00047239303,-0.00023502621,0
4.999915,665.0003,134.00002,0.42229968,0.15024477,0.38757357,-1.3852609,0.4488534,1.9998401,1.0002819,1.0002326,20.00019,40.00027,0.003703986,0.0023824344,3325.0002,670.00037,0.0050624423,-0.0007737824,0
0.9997953,180.99973,182.0001,-0.00046848026,5.4038916e-05,-0.0007249305,-1.498097,0.012879422,0.999803,1.0005468,0.99973935,42.00042,58.000378,0.0029752424,0.0025923627,243.0003,182.00006,0.0018128366,-0.0036085034,0
5.0001936,289.9999,58.999954,0.30988398,0.13656408,0.36946672,-1.0648321,0.73871493,1.0001674,0.9999115,0.999949,1.99943,11.000154,0.0036327275,0.0010322384,1450.0005,294.99982,0.0024565735,-0.0002952778,0
5.0000334,95.00007,19.999954,0.122787826,0.009396677,0.09644239,-1.425461,0.1583256,1.0000443,1.0000874,1.0001329,1.0000867,3.0000648,0.0013140972,0.000667289,475.0001,100.000084,0.0011143007,-0.0006440214,0
4.999864,401.00006,81.00008,1.329441e-05,7.525451e-05,6.2335675e-05,-1.2820405,-0.20977625,3.000196,0.9998916,0.99992436,19.000097,20.000101,-0.0005920194,-0.00015042897,2011.0001,404.9999,-0.0007263525,0.0005907621,1
1.0002117,266.99994,244.00044,0.26480642,0.11573906,0.34071857,-0.8682741,0.8801219,1.0001191,1.0003641,1.0000205,24.000206,31.999714,0.0022450562,0.001173834,367.0,244.00041,0.003886978,-0.0032596358,0
1.0005486,474.9996,475.9998,0.00024096589,-0.0002805478,-0.0007588699,-1.4119761,0.05178592,6.000484,0.999738,1.0005732,90.000015,114.99982,0.002680192,0.0013209925,628.9997,475.9999,0.003256051,0.0012260919,0
4.999563,700.0002,140.9999,0.00054559036,0.00040898635,0.0002417755,-1.3804978,-0.18092278,0.9998828,1.0001847,1.0004594,38.999798,47.999638,0.0023305917,0.001206823,3499.9995,705.0,0.0043765646,-0.0011699941,0
4.9998918,264.99985,54.00001,0.000114802824,2.8850274e-05,0.0002601037,-1.4071891,-0.09025343,0.99994206,1.0000746,1.0001036,5.9999776,18.999962,0.00063315703,0.00046109591,1324.9999,270.0,0.0014330145,-0.0006344897,0
5.0000143,94.999855,20.00013,0.00016093947,0.00016768085,-5.4736454e-05,-1.3508729,-0.2011702,0.9998791,1.0001439,1.9998974,1.0001452,6.999842,0.00028451902,0.0002594915,474.99997,100.00007,0.0014893176,-0.0006037266,0
0.99969506,172.00037,172.99968,-0.00083090906,0.0002570297,4.5573237e-05,-1.4819735,-0.018567976,1.0003499,0.9998345,0.9999191,53.000263,60.00047,0.0038748262,0.003724971,224.00081,173.00043,0.0029749437,-0.004917378,0
5.000232,235.00024,48.00003,0.3292143,0.1478396,0.3841777,-1.1603688,0.67687863,0.99994594,0.9995996,0.9997143,0.9998169,3.9998887,0.004861086,0.0013228776,1175.0004,239.99991,0.0027040485,0.00046573998,0
5.0001144,94.99994,20.000189,0.13464876,0.02264619,0.1494872,-1.215077,0.6376805,0.99966747,0.9999972,1.0002085,1.0000567,3.0000038,0.0033539673,0.0008680779,474.9999,99.999985,0.0010591724,-0.0005860819,0
0.999436,675.0009,675.9988,0.0009458145,0.0008229204,-0.00047717715,1.8010056,-1.0920049,1.9992818,2.000338,2.000025,2.0009208,2.0004454,-0.0069758957,-0.0032958451,675.0023,676.00195,-0.017201435,0.011434508,1
5.000399,385.0002,78.00063,0.6228302,0.0926748,0.3049795,-1.4162551,0.18679328,1.0000587,0.99969435,1.0000154,9.0002575,26.000153,0.0022747787,0.0012723451,1925.0001,390.00046,0.0027437315,-0.0011290956,0
4.9999914,59.99996,12.999733,0.92272645,0.015666861,0.12546973,-1.1123263,-0.26086384,1.0002738,1.0002785,1.0004106,1.0002683,1.9999585,0.003997307,0.001279856,299.99988,65.000465,0.0025993197,-0.0009970727,0
5.0003586,410.0004,82.99983,0.61980724,0.10556681,0.32456896,-1.4340397,-0.0020233064,1.0004717,1.0001364,1.0002893,8.999753,27.000349,0.0023538559,0.0010576193,2050.0002,415.00058,0.0031051573,-0.00043775837,0
1.0005654,201.0009,202.00055,0.00030757635,-0.0008648581,6.514882e-05,-1.4917691,0.0037962128,1.0014352,1.0021178,1.0010817,56.00011,68.99995,0.004113531,0.0024320276,281.00006,202.0003,0.0059566046,-0.0050434195,0
5.0001273,580.00055,117.0002,0.00020318007,0.00015622954,0.00018688841,-1.1200972,0.08731862,3.000008,1.0003011,0.99985904,1.9999708,5.0001335,-0.0012940574,-0.0011086862,2900.0,584.99994,-0.00091076206,0.0028646062,1
