sampling,duration,len,mean,var,std,kurtosis,skew,n_peaks,smooth10_n_peaks,smooth20_n_peaks,diff_peaks,diff2_peaks,diff_var,diff2_var,gaps_squared,len_weighted,var_div_duration,var_div_len,anomaly
1.0,174.0,175.0,-1.6305293e-07,1.5586363e-10,1.2484536e-05,-1.3450474,0.056870203,2.0,2.0,2.0,2.0,5.0,4.691101e-12,9.221133e-12,206.0,175.0,8.95768e-13,8.906493e-13,1
5.0,185.0,38.0,0.2934052,0.09628955,0.31030557,-1.2393315,0.5630725,2.0,1.0,1.0,2.0,1.0,0.0070984103,0.0115185985,925.0,190.0,0.00052048406,0.0025339355,1
5.0,210.0,43.0,8.775807e-06,8.925327e-11,9.447395e-06,-0.8615816,-0.56215465,1.0,1.0,1.0,10.0,13.0,1.6491582e-12,9.300014e-13,1050.0,215.0,4.2501557e-13,2.0756576e-12,0
5.0,885.0,178.0,9.700201e-06,2.4932814e-11,4.993277e-06,-0.20711552,-0.899548,1.0,1.0,1.0,56.0,58.0,2.3146415e-13,6.1774083e-13,4425.0,890.0,2.8172672e-14,1.40072e-13,0
1.0,252.0,253.0,-7.73173e-06,4.7648846e-10,2.1828615e-05,-1.3868802,-0.09966775,1.0,1.0,1.0,74.0,84.0,5.2245903e-13,7.137834e-13,350.0,253.0,1.8908271e-12,1.8833535e-12,0
1.0,386.0,388.0,-9.35789e-06,3.9128023e-10,1.9780804e-05,-1.2246572,-0.18481046,1.0,1.0,1.0,124.0,134.0,3.2789177e-13,7.6929137e-13,540.0,388.0,1.0136794e-12,1.0084542e-12,0
5.0,781.0,157.0,2.0194625e-06,2.5797595e-10,1.606163e-05,-1.0348717,-0.1406973,1.0,1.0,1.0,48.0,52.0,6.9238083e-13,8.076413e-13,3911.0,785.0,3.303149e-13,1.6431589e-12,1
5.0,235.0,48.0,0.24621324,0.101887174,0.31919768,-0.8576983,0.88385105,1.0,1.0,1.0,1.0,5.0,0.0032544117,0.00064863916,1175.0,240.0,0.00043356244,0.0021226495,1
5.0,90.0,19.0,6.916548e-06,4.4228646e-10,2.1030608e-05,-1.3347213,-0.017019803,1.0,1.0,2.0,2.0,3.0,5.38947e-11,1.1904029e-11,450.0,95.0,4.914294e-12,2.3278235e-11,0
1.0,138.0,127.0,0.03177558,0.0015855691,0.039819207,-1.1287459,0.69758964,4.0,1.0,1.0,15.0,19.0,5.6656765e-05,0.0001178727,176.0,127.0,1.1489631e-05,1.2484797e-05,0
5.0,170.0,35.0,0.21147196,0.040470704,0.20117332,-1.3850645,0.39661205,1.0,1.0,1.0,2.0,2.0,0.0016881736,0.00047612205,850.0,175.0,0.00023806297,0.0011563059,1
5.0,80.0,17.0,-4.463564e-06,6.765526e-10,2.6010624e-05,-1.4073781,-0.08912393,1.0,1.0,2.0,1.0,0.0,9.0874065e-11,1.15298925e-11,400.0,85.0,8.456907e-12,3.979721e-11,0
5.0,335.0,58.0,-1.0617437e-06,8.2600754e-10,2.8740347e-05,-1.1000298,0.47473064,2.0,1.0,1.0,2.0,4.0,1.5052434e-10,3.648689e-10,4425.0,290.0,2.4656943e-12,1.424151e-11,1
1.0,748.0,749.0,1.9911638e-05,4.5784354e-10,2.1397278e-05,-1.018917,-0.6770223,2.0,2.0,1.0,1.0,3.0,8.803068e-12,2.4444086e-11,1038.0,749.0,6.120903e-13,6.112731e-13,1
5.0,210.0,43.0,0.12634209,0.01957593,0.139914,-1.0338082,0.78337514,1.0,1.0,1.0,1.0,7.0,0.00076089293,0.00020674015,1050.0,215.0,9.321871e-05,0.00045525416,0
1.0,185.0,186.0,-7.5435382e-06,8.7467235e-11,9.352392e-06,-1.1978992,-0.20818055,3.0,1.0,1.0,41.0,44.0,1.5755302e-12,4.361466e-12,253.0,186.0,4.7279585e-13,4.7025394e-13,0
5.0,95.0,20.0,9.748626e-06,5.007601e-10,2.237767e-05,-1.1139369,-0.25249636,1.0,1.0,1.0,3.0,4.0,5.2228565e-11,1.4624527e-11,475.0,100.0,5.2711594e-12,2.5038006e-11,0
1.0,336.0,290.0,0.0025328347,2.8008824e-05,0.0052923365,2.0480905,1.8873628,15.0,2.0,1.0,22.0,25.0,1.8360056e-06,5.2362607e-06,446.0,290.0,8.3359595e-08,9.658215e-08,1
5.0,80.0,17.0,1.6787135e-06,3.707986e-10,1.9256131e-05,-1.5058857,-0.018123772,1.0,1.0,2.0,1.0,2.0,5.3992463e-11,6.5126585e-12,400.0,85.0,4.6349825e-12,2.1811681e-11,0
5.0,75.0,16.0,1.0219477e-06,5.3033244e-10,2.3028948e-05,-1.4674779,-0.06324612,1.0,1.0,2.0,1.0,2.0,8.461936e-11,1.3539962e-11,375.0,80.0,7.0710993e-12,3.3145778e-11,0
1.0,176.0,160.0,0.2099903,0.04811853,0.21935937,-1.3828738,0.5027771,1.0,1.0,1.0,17.0,27.0,0.00012087109,6.367325e-05,246.0,160.0,0.00027340074,0.00030074082,0
5.0,530.0,107.0,0.37972182,0.16132234,0.4016495,-1.2272992,0.57404196,1.0,1.0,1.0,11.0,27.0,0.0007461281,9.43116e-05,2650.0,535.0,0.00030438177,0.0015076854,0
1.0,391.0,392.0,-3.2345738e-06,1.977654e-10,1.4062909e-05,-0.79576373,-0.8117326,1.0,2.0,2.0,2.0,3.0,1.0906849e-11,3.1264873e-11,533.0,392.0,5.0579387e-13,5.045036e-13,1
1.0,441.0,442.0,0.017010001,0.0003091108,0.017581547,-1.3663782,0.48099008,13.0,1.0,1.0,71.0,86.0,2.1230228e-06,5.8437085e-06,441.0,442.0,7.009315e-07,6.9934566e-07,0
1.0,301.0,302.0,4.268022e-06,5.629414e-10,2.3726387e-05,-0.9134368,-0.46488413,1.0,1.0,1.0,93.0,103.0,4.457724e-13,7.4294564e-13,413.0,302.0,1.8702373e-12,1.8640443e-12,0
1.0,306.0,307.0,5.0745366e-06,1.7746442e-10,1.3321577e-05,1.2731496,1.471848,1.0,1.0,1.0,2.0,2.0,1.5722031e-11,4.2015398e-11,342.0,307.0,5.7994907e-13,5.7806e-13,0
5.0,60.0,13.0,0.86892706,0.02010427,0.14178953,-1.157973,-0.12429043,1.0,1.0,1.0,1.0,0.0,0.004306259,0.0012775047,300.0,65.0,0.00033507118,0.0015464824,1
5.0,90.0,19.0,-1.944846e-06,5.7402216e-10,2.395876e-05,-1.300951,0.0975984,1.0,1.0,2.0,1.0,3.0,7.036494e-11,1.21184816e-11,450.0,95.0,6.3780244e-12,3.0211694e-11,0
1.0,187.0,188.0,-1.8629236e-06,7.579213e-10,2.753037e-05,-1.4837958,-0.034872826,1.0,1.0,1.0,45.0,51.0,1.7724308e-12,2.676771e-12,187.0,188.0,4.053055e-12,4.031496e-12,0
5.0,182.0,37.0,4.0121975e-07,1.3732766e-10,1.1718688e-05,-1.0915364,-0.04834694,2.0,1.0,1.0,2.0,2.0,2.0069765e-11,3.3568853e-11,926.0,185.0,7.545476e-13,3.7115584e-12,1
5.0,75.0,16.0,3.0161532e-06,1.6260662e-10,1.275173e-05,-1.3979367,0.002480928,1.0,1.0,2.0,2.0,4.0,2.6747776e-11,5.719421e-12,375.0,80.0,2.1680882e-12,1.0162914e-11,0
5.0,235.0,48.0,-2.7431884e-07,4.3280485e-10,2.0803962e-05,-1.4832892,-0.0093221655,1.0,1.0,1.0,5.0,14.0,7.829785e-12,1.057196e-12,1175.0,240.0,1.8417227e-12,9.016767e-12,0
5.0,55.0,12.0,0.8338537,0.015970472,0.12637433,-1.3710861,0.04848688,1.0,1.0,1.0,1.0,0.0,0.004650547,0.0009803239,275.0,60.0,0.0002903722,0.0013308726,0
1.0,292.0,293.0,0.17325172,0.04366275,0.20895633,-1.0969054,0.7477676,2.0,1.0,1.0,32.0,42.0,6.648399e-05,9.4860276e-05,292.0,293.0,0.00014952997,0.00014901962,0
1.0,175.0,176.0,1.494401e-06,2.7181168e-10,1.6486712e-05,-1.4919573,-0.015243301,1.0,1.0,1.0,50.0,57.0,7.1063354e-13,1.1492262e-12,235.0,176.0,1.5532096e-12,1.5443846e-12,0
5.0,80.0,17.0,9.852385e-06,5.843438e-10,2.4173205e-05,-1.0553617,-0.207657,1.0,1.0,1.0,1.0,3.0,8.18111e-11,1.4730302e-11,400.0,85.0,7.304298e-12,3.4373168e-11,0
5.0,80.0,17.0,0.07038959,0.003073458,0.05543878,-1.4963337,0.107041135,1.0,1.0,1.0,1.0,0.0,0.0004504218,7.823977e-05,400.0,85.0,3.8418228e-05,0.00018079166,0
5.0,185.0,38.0,0.0530667,0.005275003,0.07262922,-0.53939974,1.0151969,2.0,1.0,1.0,2.0,3.0,0.0015519396,0.003017406,925.0,190.0,2.851353e-05,0.00013881587,1
1.0,372.0,363.0,0.004709245,2.5035279e-05,0.0050035263,-1.3094623,0.4846274,47.0,1.0,1.0,59.0,69.0,3.1627515e-06,9.475837e-06,482.0,363.0,6.729913e-08,6.896771e-08,0
5.0,325.0,66.0,0.14070454,0.030507008,0.17466256,-0.9707951,0.8335224,1.0,1.0,1.0,3.0,5.0,0.00058252824,0.0002898159,1625.0,330.0,9.386772e-05,0.0004622274,1
5.0,380.0,77.0,0.62494844,0.09494723,0.3081351,-1.4567765,0.082832,1.0,1.0,1.0,4.0,23.0,0.00067718123,6.87538e-05,1900.0,385.0,0.00024986113,0.0012330809,0
1.0,439.0,440.0,-7.3756464e-06,1.10433045e-10,1.0508713e-05,-1.3624942,-0.17528957,2.0,2.0,2.0,1.0,4.0,2.911672e-12,5.926026e-12,511.0,440.0,2.515559e-13,2.5098418e-13,1
1.0,371.0,372.0,-5.3995996e-06,5.5983745e-11,7.4822287e-06,-1.510656,-0.1216109,1.0,1.0,1.0,64.0,81.0,3.9675026e-13,9.719004e-13,507.0,372.0,1.5089958e-13,1.5049393e-13,1
5.0,250.0,51.0,0.22229858,0.094917394,0.30808666,-0.4404618,1.0533805,2.0,1.0,1.0,1.0,1.0,0.017396463,0.04650056,1250.0,255.0,0.0003796696,0.0018611255,0
5.0,225.0,46.0,-6.101513e-06,7.4130764e-11,8.609923e-06,-1.5077952,0.022436345,1.0,1.0,1.0,7.0,15.0,1.6956805e-12,6.788934e-13,1125.0,230.0,3.2947007e-13,1.6115384e-12,0
1.0,369.0,370.0,4.9636433e-06,1.4585835e-10,1.2077183e-05,-1.3512031,-0.08359017,1.0,1.0,1.0,116.0,124.0,2.5613067e-13,6.3858565e-13,459.0,370.0,3.9528008e-13,3.9421176e-13,0
5.0,265.0,54.0,0.22294928,0.121782586,0.34897363,-0.06969317,1.2460643,1.0,1.0,1.0,1.0,5.0,0.004215247,0.00046369087,1325.0,270.0,0.00045955693,0.002255233,1
1.0,170.0,171.0,-7.1963555e-06,6.8046974e-10,2.6085816e-05,-1.3265287,0.10168249,2.0,1.0,1.0,1.0,2.0,5.4709487e-11,1.6092712e-10,236.0,171.0,4.0027634e-12,3.9793555e-12,1
5.0,90.0,19.0,0.08760848,0.0055393656,0.07442691,-1.4286069,0.2350523,1.0,1.0,1.0,1.0,3.0,0.00071138935,0.0001891832,450.0,95.0,6.1548504e-05,0.00029154556,0
5.0,570.0,115.0,5.824768e-06,1.5793129e-10,1.2567072e-05,-0.4981264,-0.42768326,1.0,1.0,1.0,28.0,38.0,8.5377994e-13,5.6009987e-13,2850.0,575.0,2.7707245e-13,1.3733156e-12,0
1.0,267.0,238.0,0.27369988,0.12653033,0.35571104,-0.9067774,0.8637725,1.0,1.0,1.0,17.0,31.0,0.00018578621,7.805171e-05,349.0,238.0,0.0004738964,0.0005316401,0
5.0,250.0,51.0,4.5324282e-07,4.736136e-10,2.1762664e-05,-0.76875764,-0.54310036,1.0,1.0,1.0,10.0,17.0,6.68924e-12,1.446163e-12,1250.0,255.0,1.8944542e-12,9.28654e-12,0
5.0,205.0,42.0,0.22980767,0.05594015,0.2365167,-1.3866767,0.46037063,1.0,1.0,1.0,2.0,4.0,0.0018088637,0.0007268753,1025.0,210.0,0.0002728788,0.0013319084,0
1.0,231.0,232.0,-2.4303652e-06,7.350877e-10,2.71125e-05,-1.4392165,-0.01539101,1.0,1.0,1.0,58.0,76.0,9.188304e-13,1.0601011e-12,231.0,232.0,3.1821978e-12,3.1684815e-12,1
5.0,235.0,48.0,-7.301357e-07,6.7490874e-10,2.5979007e-05,-1.4568152,0.015307775,1.0,1.0,1.0,2.0,17.0,1.1858819e-11,8.973188e-13,1175.0,240.0,2.8719522e-12,1.4060599e-11,0
5.0,560.0,113.0,0.34605658,0.15293092,0.3910638,-1.1989465,0.6445066,1.0,1.0,1.0,6.0,18.0,0.00075989746,0.00016269268,2800.0,565.0,0.0002730909,0.0013533708,0
1.0,294.0,295.0,0.31741443,0.14770824,0.38432828,-1.1112227,0.73331976,1.0,1.0,1.0,21.0,28.0,0.00018498766,0.00021386312,294.0,295.0,0.00050240895,0.00050070585,0
1.0,391.0,351.0,0.18884034,0.05861256,0.24210031,-1.0112581,0.8121546,2.0,1.0,1.0,16.0,19.0,0.00012392092,0.0002509533,535.0,351.0,0.00014990424,0.00016698735,0
5.0,655.0,132.0,2.6004598e-06,7.6978546e-10,2.7745007e-05,-1.3696694,-0.15346812,1.0,1.0,1.0,3.0,7.0,4.6423802e-12,6.2772496e-12,3275.0,660.0,1.1752449e-12,5.831708e-12,0
1.0,486.0,455.0,0.10553482,0.023992352,0.15489465,-0.6064197,1.0436648,2.0,1.0,1.0,39.0,46.0,1.6244056e-05,1.3722361e-05,596.0,455.0,4.936698e-05,5.2730444e-05,0
5.0,315.0,64.0,0.20867094,0.09390931,0.30644625,-0.2958072,1.1456242,1.0,1.0,1.0,1.0,9.0,0.002049297,0.00015737135,1575.0,320.0,0.0002981248,0.001467333,0
5.0,215.0,44.0,-1.4242894e-05,1.5634266e-10,1.2503706e-05,-1.195932,-0.36494493,1.0,1.0,1.0,5.0,15.0,2.9418232e-12,8.6312614e-13,1075.0,220.0,7.2717516e-13,3.5532421e-12,0
5.0,550.0,111.0,0.31047815,0.12721069,0.3566661,-1.3015163,0.60855544,1.0,1.0,1.0,4.0,15.0,0.000634961,0.00010736437,2750.0,555.0,0.00023129217,0.0011460423,0
1.0,158.0,159.0,-4.313484e-06,9.743291e-11,9.8708115e-06,-1.3936797,0.0043021026,2.0,1.0,1.0,28.0,36.0,2.013044e-12,4.2492455e-12,158.0,159.0,6.16664e-13,6.127856e-13,0
5.0,80.0,17.0,1.0818455e-05,4.8796606e-10,2.2089953e-05,-0.9778127,-0.17276993,1.0,1.0,1.0,2.0,3.0,7.3164204e-11,9.881898e-12,400.0,85.0,6.0995757e-12,2.8703886e-11,0
1.0,169.0,170.0,1.5444158e-08,2.365498e-10,1.5380176e-05,-1.5192485,-0.02274044,1.0,1.0,1.0,50.0,56.0,6.5478715e-13,9.636568e-13,211.0,170.0,1.3997029e-12,1.3914694e-12,0
5.0,80.0,17.0,-1.3885006e-06,1.4810872e-10,1.2169992e-05,-1.4625038,-0.09323231,1.0,1.0,2.0,1.0,1.0,2.1635273e-11,2.3458386e-12,400.0,85.0,1.851359e-12,8.712277e-12,1
5.0,265.0,54.0,0.3617423,0.14929648,0.38638902,-1.0814406,0.7230087,1.0,1.0,1.0,1.0,7.0,0.003211019,0.00038739573,1325.0,270.0,0.0005633829,0.0027647496,1
5.0,281.0,57.0,7.1610784e-06,3.759887e-11,6.1317915e-06,-1.5169932,-0.06981229,1.0,1.0,1.0,18.0,19.0,7.156946e-13,7.908176e-13,1435.0,285.0,1.338038e-13,6.5962925e-13,0
1.0,251.0,253.0,-1.024168e-05,2.705021e-10,1.6446947e-05,-1.4580858,-0.0475477,1.0,1.0,1.0,75.0,90.0,4.8247186e-13,9.407023e-13,347.0,253.0,1.0776976e-12,1.0691782e-12,0
5.0,195.0,40.0,-2.6569396e-06,1.1002529e-10,1.0489294e-05,-0.568877,-0.7922105,1.0,1.0,1.0,10.0,15.0,1.9872405e-12,6.5644034e-13,975.0,200.0,5.6423225e-13,2.7506322e-12,0
1.0,216.0,217.0,2.265339e-06,1.3622749e-10,1.1671653e-05,-1.4890604,0.0019479593,2.0,1.0,1.0,26.0,51.0,6.692201e-13,1.3332062e-12,254.0,217.0,6.306828e-13,6.277764e-13,1
5.0,345.0,70.0,0.111151025,0.0255605,0.15987651,-0.6276609,1.0277398,2.0,1.0,1.0,3.0,3.0,0.00204414,0.0048322817,1725.0,350.0,7.4088406e-05,0.00036515,0
1.0,158.0,160.0,-7.133315e-06,4.1586926e-10,2.0392872e-05,-1.4287648,-0.021996964,1.0,1.0,1.0,31.0,40.0,6.507023e-12,1.787873e-11,220.0,160.0,2.632084e-12,2.599183e-12,1
5.0,35.0,8.0,0.9444215,0.014571277,0.12071154,-0.8988222,-0.45896453,1.0,1.0,1.0,1.0,0.0,0.00769583,0.0018274572,175.0,40.0,0.0004163222,0.0018214097,0
1.0,313.0,280.0,0.24722172,0.12489775,0.35340875,-0.5391833,1.0516207,1.0,1.0,1.0,20.0,27.0,0.00017533585,0.000111844914,421.0,280.0,0.00039903432,0.00044606338,0
1.0,175.0,173.0,0.28419033,0.082931384,0.2879781,-1.347834,0.5160152,1.0,1.0,1.0,13.0,14.0,0.00023173606,0.00021718715,207.0,173.0,0.00047389363,0.00047937216,0
1.0,512.0,514.0,2.4247872e-06,1.5627988e-10,1.2501195e-05,-0.42604485,-0.56592184,4.0,2.0,2.0,42.0,60.0,2.4985222e-12,6.6320083e-12,648.0,514.0,3.0523414e-13,3.0404645e-13,1
5.0,290.0,59.0,-1.1974657e-06,7.292157e-10,2.7003993e-05,-1.5020207,0.06289171,1.0,1.0,1.0,6.0,18.0,8.895738e-12,1.0770721e-12,1450.0,295.0,2.5145368e-12,1.2359587e-11,0
1.0,182.0,183.0,1.7816113e-06,4.0341777e-10,2.0085263e-05,-0.83385587,-0.4487887,1.0,1.0,1.0,26.0,37.0,3.6082947e-12,9.70165e-12,182.0,183.0,2.216581e-12,2.2044686e-12,0
5.0,190.0,39.0,0.35032558,0.12808241,0.35788605,-1.2358644,0.61296105,1.0,1.0,1.0,2.0,5.0,0.004743138,0.0006439998,950.0,195.0,0.000674118,0.0032841645,0
1.0,222.0,223.0,2.1581268e-06,2.9226704e-10,1.709582e-05,-0.98897755,-0.28013766,2.0,1.0,1.0,1.0,1.0,2.4086172e-11,7.1766995e-11,222.0,223.0,1.3165182e-12,1.3106146e-12,0
5.0,160.0,33.0,0.111757524,0.009329068,0.0965871,-1.675368,-0.052753255,2.0,1.0,1.0,1.0,1.0,0.002758797,0.0072779907,800.0,165.0,5.830667e-05,0.000282699,1
5.0,765.0,154.0,0.327623,0.14496608,0.3807441,-1.1927364,0.65819246,1.0,1.0,1.0,14.0,21.0,0.00041263908,0.0001333368,3825.0,770.0,0.00018949814,0.0009413382,0
5.0,40.0,9.0,0.97883713,0.012597082,0.11223672,-1.0816306,-0.24767835,1.0,1.0,1.0,1.0,0.0,0.0061711837,0.0016088065,200.0,45.0,0.00031492705,0.0013996758,0
1.0,178.0,179.0,-2.2378415e-06,1.9518356e-10,1.3970811e-05,-1.5101081,0.033368815,1.0,1.0,1.0,38.0,44.0,6.782468e-13,1.1857555e-12,206.0,179.0,1.0965368e-12,1.090411e-12,0
5.0,85.0,18.0,9.550059e-06,5.0463606e-10,2.2464106e-05,-0.97829974,-0.27620798,1.0,1.0,1.0,1.0,4.0,6.290639e-11,1.5326485e-11,425.0,90.0,5.936895e-12,2.8035336e-11,0
1.0,250.0,251.0,3.2757653e-06,8.3576264e-11,9.142005e-06,-1.1002301,-0.27339584,1.0,1.0,1.0,75.0,79.0,2.5203177e-13,6.1575143e-13,328.0,251.0,3.3430507e-13,3.3297318e-13,0
1.0,204.0,205.0,-2.1547942e-06,1.2088117e-10,1.0994598e-05,-1.4369448,-0.11765108,2.0,2.0,1.0,1.0,5.0,2.872689e-12,5.6272417e-12,234.0,205.0,5.9255476e-13,5.896642e-13,1
5.0,271.0,55.0,3.0009762e-06,2.40158e-10,1.5497031e-05,-1.4986225,-0.011943792,1.0,1.0,1.0,7.0,17.0,3.4512991e-12,8.2606724e-13,1361.0,275.0,8.861919e-13,4.366509e-12,0
5.0,70.0,15.0,-9.888173e-07,2.5298275e-10,1.590543e-05,-1.4748536,-0.030155005,1.0,1.0,2.0,1.0,2.0,4.7487042e-11,6.7658444e-12,350.0,75.0,3.6140392e-12,1.6865516e-11,1
5.0,212.0,43.0,-9.0664855e-07,1.319769e-10,1.148812e-05,-1.5164526,-0.063160874,1.0,1.0,1.0,11.0,14.0,3.256675e-12,1.0797216e-12,1084.0,215.0,6.2253257e-13,3.0692302e-12,0
5.0,245.0,50.0,1.3686058e-06,3.2143385e-10,1.7928576e-05,-1.4213374,-0.07594966,1.0,1.0,1.0,11.0,20.0,5.4698646e-12,1.2513542e-12,1225.0,250.0,1.3119748e-12,6.428677e-12,0
5.0,75.0,16.0,1.3312338e-06,2.4088817e-10,1.5520573e-05,-1.3703439,-0.1643776,1.0,1.0,2.0,1.0,3.0,3.5246583e-11,4.784085e-12,375.0,80.0,3.2118423e-12,1.505551e-11,0
5.0,870.0,175.0,1.7082066e-05,9.8217524e-11,9.9104755e-06,-0.5491066,-0.4288631,19.0,5.0,2.0,20.0,21.0,6.582765e-11,1.9545279e-10,4350.0,875.0,1.1289371e-13,5.61243e-13,1
1.0,196.0,197.0,4.515496e-06,1.1657847e-10,1.0797151e-05,-1.2208385,-0.061299276,1.0,1.0,1.0,13.0,10.0,9.36689e-13,1.8417657e-12,244.0,197.0,5.947881e-13,5.9176893e-13,1
5.0,260.0,53.0,-4.217315e-07,7.4366485e-10,2.727022e-05,-1.379161,-0.05775113,1.0,1.0,1.0,5.0,17.0,1.0782885e-11,1.1764645e-12,1300.0,265.0,2.8602496e-12,1.4031412e-11,0
5.0,265.0,54.0,1.8636312e-06,2.7933036e-10,1.6713178e-05,-1.5042143,0.08466333,1.0,1.0,1.0,6.0,17.0,4.0322108e-12,3.875356e-13,1325.0,270.0,1.0540769e-12,5.1727845e-12,1
5.0,235.0,48.0,0.39608905,0.26564687,0.5154094,-0.61434346,0.94524527,1.0,1.0,1.0,1.0,3.0,0.008630697,0.001501856,1175.0,240.0,0.0011304122,0.00553431,0
5.0,105.0,22.0,-1.5119787e-06,5.361959e-10,2.3155904e-05,-1.1528349,-0.23309264,1.0,1.0,1.0,1.0,3.0,3.814549e-11,3.4288494e-12,525.0,110.0,5.106628e-12,2.4372542e-11,0
5.0,410.0,83.0,0.5629033,0.12636803,0.35548282,-1.4120239,0.2040066,1.0,1.0,1.0,7.0,25.0,0.000792397,8.087114e-05,2050.0,415.0,0.00030821472,0.0015225064,1
5.0,640.0,129.0,1.4260508e-05,2.1639275e-10,1.4710294e-05,-1.1781913,-0.12972037,1.0,1.0,1.0,30.0,41.0,7.3332134e-13,7.218577e-13,3200.0,645.0,3.3811368e-13,1.6774632e-12,0
1.0,668.0,620.0,0.1931284,0.06518151,0.2553067,-0.919163,0.8694337,3.0,1.0,1.0,97.0,172.0,1.787751e-05,1.29508435e-05,916.0,620.0,9.757711e-05,0.00010513147,0
1.0,168.0,169.0,-3.6535744e-06,2.2858249e-10,1.5118945e-05,-1.399524,-0.05468522,1.0,1.0,1.0,43.0,51.0,1.5832004e-12,3.8975693e-12,202.0,169.0,1.3606101e-12,1.3525591e-12,1
1.0,496.0,497.0,7.720787e-06,5.4532207e-10,2.3352133e-05,-1.4431665,-0.0031486065,1.0,1.0,1.0,143.0,159.0,3.0216232e-13,6.296257e-13,496.0,497.0,1.0994397e-12,1.0972276e-12,0
5.0,475.0,96.0,0.41486892,0.17104428,0.413575,-1.3538737,0.49208456,1.0,1.0,1.0,9.0,25.0,0.000963595,0.00014022176,2375.0,480.0,0.00036009323,0.0017817112,1
5.0,265.0,54.0,5.6881286e-06,1.0260292e-09,3.203169e-05,-1.4072362,-0.090264186,1.0,1.0,1.0,6.0,19.0,1.4033994e-11,1.6312256e-12,1325.0,270.0,3.871808e-12,1.9000539e-11,0
5.0,220.0,45.0,0.120743886,0.03691488,0.19213246,1.5492519,1.6415533,2.0,2.0,1.0,1.0,2.0,0.014489605,0.029191634,1100.0,225.0,0.00016779492,0.0008203307,1
1.0,194.0,195.0,-1.5552825e-05,3.161141e-10,1.7779597e-05,-1.376282,-0.51341754,1.0,1.0,1.0,1.0,3.0,2.5645159e-12,4.187943e-12,232.0,195.0,1.6294541e-12,1.6210979e-12,1
5.0,235.0,48.0,2.9478083e-06,2.951185e-10,1.7179013e-05,-1.3749995,-0.09239118,1.0,1.0,1.0,6.0,19.0,5.1651452e-12,1.1854925e-12,1175.0,240.0,1.2558234e-12,6.148302e-12,0
5.0,285.0,58.0,0.19787064,0.056045096,0.23673846,-0.23583123,1.1254325,1.0,1.0,1.0,2.0,8.0,0.0017860536,0.0004047555,1425.0,290.0,0.00019664946,0.0009662948,1
1.0,471.0,472.0,0.055446383,0.008187916,0.09048711,-0.13255298,1.2656108,3.0,2.0,1.0,23.0,56.0,1.3252858e-05,7.647054e-06,471.0,472.0,1.738411e-05,1.734728e-05,1
1.0,671.0,673.0,2.6254702e-06,4.6008847e-10,2.1449672e-05,-1.2690655,-0.1880213,3.0,2.0,1.0,2.0,3.0,5.385483e-12,1.4869142e-11,921.0,673.0,6.856758e-13,6.836381e-13,1
5.0,155.0,32.0,0.11786919,0.01843246,0.13576621,-1.2282029,0.6437555,1.0,1.0,1.0,2.0,4.0,0.0012019927,0.00057590374,775.0,160.0,0.0001189191,0.0005760144,0
5.0,655.0,132.0,2.0949667e-05,3.01781e-10,1.7371845e-05,-1.4658363,-0.04987377,1.0,1.0,1.0,38.0,45.0,8.638141e-13,5.0985615e-13,3275.0,660.0,4.6073437e-13,2.2862196e-12,1
5.0,100.0,21.0,4.060673e-06,4.5137402e-10,2.1245565e-05,-1.3276019,-0.14666559,1.0,1.0,2.0,1.0,5.0,4.138254e-11,5.0666255e-12,500.0,105.0,4.51374e-12,2.1494001e-11,0
1.0,551.0,552.0,1.4230007e-05,4.8525506e-10,2.2028506e-05,-1.4081,0.0489697,2.0,2.0,1.0,1.0,3.0,1.5257447e-12,3.092423e-12,553.0,552.0,8.806807e-13,8.7908527e-13,1
1.0,281.0,282.0,0.22649387,0.11690801,0.34191814,-0.22165407,1.1881878,1.0,1.0,1.0,18.0,43.0,0.00019649885,0.00015611218,281.0,282.0,0.00041604272,0.00041456742,0
5.0,220.0,45.0,0.12633206,0.025881324,0.16087674,-1.0263684,0.79896945,1.0,1.0,1.0,1.0,5.0,0.0009422337,0.0002875735,1100.0,225.0,0.000117642376,0.0005751405,0
1.0,264.0,265.0,-3.5782923e-06,9.166052e-10,3.0275487e-05,-1.5047333,0.02748872,1.0,1.0,1.0,79.0,90.0,9.442409e-13,1.2007915e-12,264.0,265.0,3.4719892e-12,3.4588875e-12,0
5.0,100.0,21.0,8.6069906e-07,3.6335446e-10,1.906186e-05,-1.391261,-0.11433017,1.0,1.0,2.0,1.0,1.0,3.341374e-11,2.7596029e-12,500.0,105.0,3.6335446e-12,1.7302593e-11,1
1.0,451.0,432.0,0.20352238,0.06372409,0.2524363,-0.7836839,0.9279334,1.0,1.0,1.0,15.0,27.0,9.259001e-05,0.0001715632,619.0,432.0,0.00014129511,0.00014750948,1
1.0,314.0,297.0,0.30433834,0.11475725,0.3387584,-1.2298193,0.64223766,2.0,1.0,1.0,21.0,28.0,0.00019720427,0.00035817243,414.0,297.0,0.00036546896,0.00038638804,0
1.0,183.0,184.0,-4.545543e-06,3.8296916e-10,1.9569597e-05,-0.7126271,-0.07236603,2.0,2.0,2.0,1.0,2.0,1.2959194e-11,2.5482488e-11,239.0,184.0,2.0927277e-12,2.0813542e-12,1
1.0,177.0,179.0,-1.8439049e-06,5.8195904e-10,2.4123827e-05,-1.4052033,-0.015879191,1.0,1.0,1.0,45.0,60.0,9.382178e-13,6.780398e-13,247.0,179.0,3.287904e-12,3.2511678e-12,1
5.0,150.0,31.0,-2.3720409e-06,9.69241e-11,9.845004e-06,-0.738367,-0.6943789,1.0,1.0,1.0,6.0,9.0,2.736355e-12,7.5367967e-13,750.0,155.0,6.4616064e-13,3.1265838e-12,1
5.0,75.0,16.0,1.301156e-05,4.856763e-10,2.2038064e-05,-1.3793998,-0.14991166,1.0,1.0,2.0,1.0,3.0,7.944313e-11,1.5267664e-11,375.0,80.0,6.4756837e-12,3.0354767e-11,1
1.0,222.0,223.0,0.3346083,0.16125832,0.4015698,-0.9939176,0.79673046,1.0,1.0,1.0,26.0,31.0,0.00034908095,0.00039259263,222.0,223.0,0.0007263889,0.0007231315,0
5.0,480.0,97.0,0.352471,0.1387456,0.37248573,-1.2538382,0.59407663,1.0,1.0,1.0,4.0,15.0,0.00084198045,0.00016602085,2400.0,485.0,0.00028905334,0.0014303671,1
5.0,250.0,51.0,-2.7239446e-06,1.0314913e-09,3.2116837e-05,-1.4639316,0.21788138,1.0,1.0,1.0,1.0,16.0,1.6764277e-11,7.178237e-13,1250.0,255.0,4.125965e-12,2.022532e-11,0
1.0,322.0,323.0,-3.0496729e-05,1.4227633e-11,3.7719535e-06,-1.2340584,-0.23005645,2.0,1.0,1.0,104.0,108.0,1.9623298e-13,5.531091e-13,446.0,323.0,4.4185196e-14,4.40484e-14,0
5.0,555.0,112.0,0.29920053,0.12088775,0.34768915,-1.1392719,0.69636416,1.0,1.0,1.0,2.0,17.0,0.0006317472,0.00011062173,2775.0,560.0,0.00021781577,0.0010793549,0
5.0,264.0,54.0,0.23151715,0.11403779,0.33769482,-0.3226143,1.1386658,1.0,1.0,1.0,1.0,6.0,0.0035025927,0.00034224684,1318.0,270.0,0.00043196132,0.002111811,0
5.0,350.0,71.0,-4.4396006e-06,1.0965751e-10,1.0471748e-05,-1.2581931,-0.10506189,1.0,1.0,1.0,22.0,22.0,1.101283e-12,9.448631e-13,1750.0,355.0,3.133072e-13,1.544472e-12,0
1.0,501.0,502.0,5.773268e-06,4.412677e-10,2.1006372e-05,-0.4508547,-0.39018372,4.0,4.0,4.0,4.0,8.0,2.4974897e-11,5.89164e-11,657.0,502.0,8.807738e-13,8.790193e-13,1
1.0,162.0,146.0,0.026904868,0.0015358165,0.039189495,-0.74569106,0.9674651,2.0,1.0,1.0,12.0,17.0,3.9627746e-05,8.554873e-05,204.0,146.0,9.480348e-06,1.051929e-05,1
5.0,115.0,24.0,4.683057e-06,5.137363e-10,2.2665752e-05,-1.2805935,-0.12234475,1.0,1.0,1.0,1.0,8.0,3.6547963e-11,5.4166563e-12,575.0,120.0,4.467272e-12,2.140568e-11,0
5.0,255.0,52.0,0.048018772,0.0052163713,0.07222445,-0.49583414,1.0803144,1.0,1.0,1.0,2.0,4.0,0.0002464483,0.00021640281,1275.0,260.0,2.0456358e-05,0.000100314835,0
5.0,230.0,47.0,0.2773092,0.11552888,0.3398954,-0.6314663,0.98266506,1.0,1.0,1.0,1.0,9.0,0.0039454116,0.00034371807,1150.0,235.0,0.00050229946,0.0024580613,0
5.0,390.0,79.0,0.5750211,0.15301158,0.39116696,-1.4309486,0.1793735,1.0,1.0,1.0,6.0,22.0,0.001041272,9.875533e-05,1950.0,395.0,0.0003923374,0.0019368554,0
1.0,386.0,387.0,3.8650337e-06,8.0441365e-10,2.8362187e-05,-1.4347894,0.0136373835,1.0,1.0,1.0,123.0,132.0,4.8122e-13,7.857986e-13,536.0,387.0,2.0839732e-12,2.0785884e-12,0
1.0,183.0,184.0,0.083090626,0.008549087,0.09246127,-1.1716589,0.6452906,2.0,1.0,1.0,23.0,36.0,4.989789e-05,8.709443e-05,183.0,184.0,4.6716323e-05,4.6462428e-05,1
5.0,175.0,36.0,0.21304397,0.015858348,0.12592994,-1.0462058,-0.4008217,3.0,1.0,1.0,3.0,4.0,0.0014491724,0.0004210891,875.0,180.0,9.0619134e-05,0.00044050967,1
5.0,285.0,58.0,0.29111204,0.17682992,0.42051148,-0.47057027,1.081009,1.0,1.0,1.0,1.0,5.0,0.0044476273,0.00031654068,1425.0,290.0,0.00062045583,0.0030487918,0
5.0,120.0,25.0,-1.504152e-08,1.8442894e-10,1.3580462e-05,-0.95117867,-0.39111897,1.0,1.0,1.0,1.0,5.0,1.12333415e-11,1.0827042e-12,600.0,125.0,1.5369079e-12,7.377158e-12,0
5.0,175.0,36.0,0.101758815,0.012786346,0.113076724,-1.0402172,0.7227687,2.0,1.0,1.0,3.0,3.0,0.001493116,0.0028846695,875.0,180.0,7.306483e-05,0.00035517628,1
5.0,260.0,53.0,3.4311902e-06,2.4186905e-10,1.555214e-05,-1.3573816,-0.16635251,3.0,1.0,1.0,3.0,3.0,1.9453094e-11,4.195389e-11,1300.0,265.0,9.302656e-13,4.563567e-12,0
5.0,890.0,179.0,-1.0367415e-05,2.8549285e-10,1.6896534e-05,-1.2821648,-0.18023865,1.0,1.0,1.0,52.0,60.0,6.491689e-13,7.1392214e-13,4450.0,895.0,3.2077848e-13,1.5949322e-12,0
1.0,328.0,329.0,6.4328015e-06,1.8101066e-10,1.34540205e-05,-0.6693012,-0.5799301,1.0,1.0,1.0,91.0,105.0,2.7237376e-13,6.0664516e-13,328.0,329.0,5.518618e-13,5.501844e-13,0
5.0,85.0,18.0,2.632456e-06,3.7908737e-10,1.9470166e-05,-1.2615474,-0.2050406,1.0,1.0,2.0,1.0,3.0,4.5458515e-11,4.5935872e-12,425.0,90.0,4.4598518e-12,2.106041e-11,0
1.0,249.0,250.0,2.5603076e-06,5.6133403e-10,2.369249e-05,-1.4583844,-0.039400727,1.0,1.0,1.0,67.0,66.0,2.0902876e-12,4.50763e-12,249.0,250.0,2.2543536e-12,2.2453363e-12,0
5.0,410.0,83.0,0.6512173,0.04968011,0.22289035,-1.4078716,0.15475139,1.0,1.0,1.0,17.0,26.0,0.00032720334,7.319203e-05,2050.0,415.0,0.000121171,0.00059855555,0
5.0,230.0,47.0,1.3501328e-06,4.062223e-10,2.0154957e-05,-1.4785889,0.12509766,1.0,1.0,1.0,1.0,14.0,7.68449e-12,4.8678965e-13,1150.0,235.0,1.766184e-12,8.643028e-12,0
5.0,236.0,48.0,-6.2037743e-06,1.6979611e-10,1.3030583e-05,-0.8855683,-0.411001,2.0,1.0,1.0,2.0,5.0,8.548472e-12,1.25405806e-11,1186.0,240.0,7.1947504e-13,3.5374188e-12,1
5.0,235.0,48.0,3.7476032e-06,6.1153177e-10,2.4729168e-05,-0.8247892,-0.5452023,1.0,1.0,1.0,5.0,15.0,8.415105e-12,1.0984822e-12,1175.0,240.0,2.6022628e-12,1.27402455e-11,0
5.0,830.0,167.0,0.22646037,0.08316899,0.28839034,-0.83796257,0.86994666,2.0,1.0,1.0,12.0,27.0,0.00022162953,5.216978e-05,4150.0,835.0,0.0001002036,0.0004980179,0
5.0,215.0,44.0,0.22843869,0.10695601,0.3270413,-0.5748468,1.0369154,1.0,1.0,1.0,1.0,2.0,0.0046381466,0.000559773,1075.0,220.0,0.00049746985,0.0024308185,0
1.0,288.0,258.0,0.25552168,0.121804535,0.34900507,-0.7007966,0.9703865,1.0,1.0,1.0,13.0,25.0,0.00017128579,8.789671e-05,388.0,258.0,0.0004229324,0.0004721106,0
5.0,75.0,16.0,-3.3281063e-07,6.0873695e-10,2.4672596e-05,-1.4655911,0.003929596,1.0,1.0,2.0,1.0,3.0,9.9261085e-11,1.332893e-11,375.0,80.0,8.116493e-12,3.804606e-11,0
1.0,252.0,236.0,0.2754308,0.1162267,0.3409204,-1.0621322,0.7666921,1.0,1.0,1.0,9.0,23.0,0.00019774945,0.0001618531,332.0,236.0,0.00046121707,0.000492486,0
1.0,188.0,189.0,2.7385836e-06,2.4363128e-10,1.5608692e-05,-1.4228863,-0.07848381,1.0,1.0,1.0,54.0,61.0,6.1574785e-13,9.692337e-13,188.0,189.0,1.2959111e-12,1.2890544e-12,0
5.0,75.0,16.0,2.1535532e-06,5.855113e-10,2.4197341e-05,-1.489803,0.004379442,1.0,1.0,2.0,1.0,2.0,9.5685834e-11,1.3138403e-11,375.0,80.0,7.806817e-12,3.6594457e-11,0
5.0,940.0,188.0,-5.370822e-06,1.011658e-10,1.0058121e-05,-0.9044532,-0.4285124,1.0,1.0,1.0,58.0,62.0,3.849843e-13,7.907341e-13,4792.0,940.0,1.07623186e-13,5.3811594e-13,1
5.0,75.0,16.0,2.3918512e-06,5.9395583e-10,2.437121e-05,-1.4662284,-0.098579615,1.0,1.0,2.0,1.0,0.0,9.6673516e-11,9.73149e-12,375.0,80.0,7.919411e-12,3.712224e-11,1
5.0,245.0,50.0,0.27865025,0.08015623,0.28311875,-1.4173425,0.4406079,1.0,1.0,1.0,3.0,11.0,0.0016830785,0.00031372323,1225.0,250.0,0.0003271683,0.0016031247,0
5.0,255.0,52.0,2.5286434e-05,3.6657824e-10,1.9146233e-05,-0.5913692,-0.7488444,1.0,1.0,1.0,7.0,17.0,4.466803e-12,6.2655957e-13,1275.0,260.0,1.4375618e-12,7.049582e-12,0
1.0,841.0,737.0,0.11336649,0.024541618,0.15665765,-0.68099654,0.98573214,5.0,1.0,1.0,112.0,114.0,6.5170734e-06,8.601532e-06,1151.0,737.0,2.9181472e-05,3.3299348e-05,0
1.0,396.0,397.0,1.213706e-05,4.862786e-10,2.2051725e-05,-0.80495304,-0.72243917,1.0,1.0,1.0,127.0,132.0,2.461912e-13,5.3936575e-13,552.0,397.0,1.2279762e-12,1.224883e-12,0
5.0,210.0,43.0,-5.731292e-06,4.085934e-10,2.0213694e-05,-1.5240909,0.019763317,1.0,1.0,1.0,4.0,11.0,9.272851e-12,1.2100568e-12,1050.0,215.0,1.945683e-12,9.5021725e-12,0
5.0,175.0,36.0,0.3305023,0.14902332,0.38603538,-0.865802,0.8167309,2.0,1.0,1.0,2.0,3.0,0.04597749,0.09615985,875.0,180.0,0.00085156184,0.0041395365,1
1.0,390.0,391.0,-3.4055856e-06,8.0602314e-10,2.8390547e-05,-1.4815557,0.03789691,1.0,1.0,1.0,118.0,134.0,4.2784016e-13,6.693257e-13,542.0,391.0,2.066726e-12,2.0614402e-12,0
5.0,40.0,9.0,1.004588,0.011884346,0.109015346,-1.2604741,-0.1138306,1.0,1.0,1.0,1.0,0.0,0.0057008048,0.001645761,200.0,45.0,0.00029710864,0.0013204828,0
1.0,307.0,273.0,0.23384447,0.1302589,0.360914,-0.1340706,1.2200993,1.0,1.0,1.0,14.0,24.0,0.0002163915,0.000116414565,419.0,273.0,0.0004242961,0.00047713882,0
1.0,191.0,192.0,0.10729471,0.021037867,0.14504436,-0.71037716,0.95975024,2.0,1.0,1.0,18.0,27.0,0.00010143205,0.00016376481,191.0,192.0,0.0001101459,0.000109572225,0
5.0,240.0,49.0,0.17307056,0.025354309,0.15923037,-1.4718033,0.4611446,1.0,1.0,1.0,4.0,6.0,0.00075579016,0.00037737665,1200.0,245.0,0.000105642954,0.0005174349,1
5.0,275.0,56.0,1.3493348e-06,3.0631517e-10,1.7501861e-05,-1.3932574,-0.13689347,1.0,1.0,1.0,9.0,18.0,4.1157524e-12,1.0437326e-12,1375.0,280.0,1.1138733e-12,5.4699136e-12,0
1.0,161.0,163.0,-5.429011e-06,1.824873e-10,1.3508786e-05,-1.427364,-0.060210828,1.0,1.0,1.0,49.0,55.0,5.522557e-13,8.3291685e-13,219.0,163.0,1.1334615e-12,1.119554e-12,0
1.0,198.0,191.0,0.3300602,0.13948196,0.37347284,-1.2480897,0.623999,1.0,1.0,1.0,16.0,25.0,0.00027319143,0.00015619776,254.0,191.0,0.0007044543,0.00073027203,0
5.0,192.0,30.0,-3.0813997e-06,1.3621307e-10,1.1671035e-05,-1.0017712,0.12291538,2.0,1.0,1.0,2.0,4.0,4.0636574e-11,7.725926e-11,3222.0,150.0,7.0944303e-13,4.5404353e-12,1
5.0,340.0,69.0,1.5588073e-06,5.6236166e-10,2.3714165e-05,-1.4732131,-0.106413215,1.0,1.0,1.0,10.0,26.0,5.157478e-12,8.066313e-13,1700.0,345.0,1.6540048e-12,8.150169e-12,1
5.0,80.0,17.0,2.2229176e-06,1.6327874e-10,1.2778057e-05,-1.3327174,-0.08931725,1.0,1.0,2.0,1.0,5.0,2.4016285e-11,5.13534e-12,400.0,85.0,2.0409844e-12,9.604632e-12,0
5.0,240.0,49.0,0.3552066,0.20774077,0.45578587,-0.8541983,0.86318904,1.0,1.0,1.0,1.0,2.0,0.00589199,0.00041134527,1200.0,245.0,0.00086558657,0.0042396076,0
1.0,617.0,618.0,3.6067755e-07,1.4147832e-10,1.1894465e-05,-1.1747755,-0.1911038,2.0,1.0,1.0,51.0,122.0,3.341911e-13,8.4006814e-13,799.0,618.0,2.2930033e-13,2.2892932e-13,1
5.0,475.0,96.0,0.65211564,0.13819163,0.37174135,-1.4756566,0.1907924,1.0,1.0,1.0,15.0,30.0,0.0006716233,0.00013858794,2375.0,480.0,0.00029092975,0.0014394962,0
1.0,171.0,172.0,4.5670618e-06,3.3370298e-10,1.826754e-05,-0.97764796,-0.38304102,2.0,2.0,1.0,16.0,26.0,1.6371326e-11,3.931133e-11,233.0,172.0,1.9514793e-12,1.9401336e-12,1
5.0,605.0,122.0,5.084253e-06,1.8233319e-10,1.35030805e-05,-1.4403343,-0.111545056,1.0,1.0,1.0,32.0,41.0,8.1942005e-13,1.0461124e-12,3025.0,610.0,3.0137717e-13,1.4945343e-12,0
5.0,255.0,52.0,0.23469141,0.113947704,0.3375614,-0.45093566,1.0807317,1.0,1.0,1.0,1.0,5.0,0.0035406263,0.00028843182,1275.0,260.0,0.00044685375,0.0021913021,1
5.0,370.0,75.0,0.7082918,0.035369407,0.18806757,-1.4501455,0.09370457,1.0,1.0,1.0,15.0,25.0,0.00029000183,8.144547e-05,1850.0,375.0,9.559299e-05,0.00047159212,0
5.0,75.0,16.0,2.9166674e-06,4.9141136e-10,2.21678e-05,-1.4349234,-0.059948996,1.0,1.0,2.0,1.0,2.0,7.970614e-11,9.675712e-12,375.0,80.0,6.552151e-12,3.071321e-11,0
5.0,240.0,49.0,0.25910535,0.12270457,0.35029212,-0.7295327,0.9525818,1.0,1.0,1.0,1.0,5.0,0.003806131,0.00034614396,1200.0,245.0,0.000511269,0.002504175,0
5.0,110.0,23.0,2.2204647e-06,7.9396956e-10,2.8177466e-05,-1.4982209,0.04401545,1.0,1.0,2.0,1.0,6.0,6.205412e-11,5.8797602e-12,550.0,115.0,7.217905e-12,3.4520418e-11,0
5.0,230.0,47.0,-5.5798155e-06,6.1721367e-10,2.4843786e-05,-1.3819666,-0.01700063,1.0,1.0,1.0,2.0,15.0,1.1285522e-11,6.8125394e-13,1150.0,235.0,2.6835379e-12,1.3132206e-11,1
1.0,169.0,170.0,-2.5671138e-06,5.210298e-10,2.2826076e-05,-1.1340325,-0.27698016,2.0,2.0,1.0,2.0,4.0,5.803616e-12,1.0835467e-11,169.0,170.0,3.0830163e-12,3.064881e-12,1
5.0,185.0,38.0,4.425111e-06,5.282383e-10,2.2983435e-05,-1.1702154,-0.2864517,1.0,1.0,1.0,2.0,11.0,1.1937492e-11,1.1976489e-12,925.0,190.0,2.855342e-12,1.3901008e-11,0
1.0,183.0,184.0,2.3132875e-06,1.9784652e-10,1.4065792e-05,-1.4839028,0.019116003,1.0,1.0,1.0,49.0,54.0,4.993158e-13,7.098087e-13,207.0,184.0,1.0811286e-12,1.0752528e-12,0
1.0,410.0,392.0,0.39507425,0.17763932,0.4214728,-1.1892247,0.6329496,2.0,1.0,1.0,47.0,46.0,0.00011301782,0.0001389031,568.0,392.0,0.00043326663,0.00045316154,0
5.0,270.0,55.0,-2.6861294e-06,3.045492e-10,1.7451337e-05,-1.4859579,-0.038519077,1.0,1.0,1.0,11.0,18.0,4.48739e-12,1.1182511e-12,1370.0,275.0,1.1279599e-12,5.537258e-12,0
1.0,180.0,181.0,-1.539893e-06,2.2431929e-10,1.4977292e-05,-1.4614961,-0.0003316724,5.0,1.0,1.0,26.0,32.0,1.8944028e-12,5.059638e-12,208.0,181.0,1.2462183e-12,1.2393331e-12,0
1.0,193.0,194.0,5.798177e-06,6.141589e-10,2.4782228e-05,-1.3177555,0.071551815,1.0,1.0,1.0,1.0,1.0,6.2546105e-12,1.1356505e-11,259.0,194.0,3.1821702e-12,3.1657673e-12,0
5.0,785.0,158.0,2.805442e-06,6.344314e-10,2.5187921e-05,-1.3453066,-0.25838435,1.0,1.0,1.0,38.0,56.0,1.5514252e-12,9.533697e-13,3925.0,790.0,8.0819287e-13,4.0153887e-12,0
5.0,375.0,76.0,0.6665724,0.06346751,0.25192758,-1.3992386,0.1825138,1.0,1.0,1.0,15.0,25.0,0.00050038006,0.000109226436,1875.0,380.0,0.00016924669,0.0008350988,0
5.0,240.0,49.0,-3.3475533e-06,3.6427042e-10,1.908587e-05,-1.5005443,0.0041571255,1.0,1.0,1.0,6.0,18.0,6.4297556e-12,1.2711571e-12,1200.0,245.0,1.5177934e-12,7.43409e-12,0
5.0,835.0,160.0,5.5228827e-07,4.1684295e-10,2.0416732e-05,-1.0230885,0.3349471,2.0,2.0,1.0,2.0,3.0,4.926662e-11,1.4312655e-10,5975.0,800.0,4.9921314e-13,2.6052684e-12,1
5.0,95.0,20.0,-7.995916e-06,2.883002e-10,1.6979404e-05,-1.3833579,0.18337356,1.0,1.0,1.0,2.0,6.0,3.4499126e-11,1.1823911e-11,475.0,100.0,3.0347387e-12,1.4415009e-11,1
5.0,100.0,21.0,3.0094304e-06,5.227865e-10,2.2864524e-05,-1.385647,-0.29113603,1.0,1.0,2.0,3.0,5.0,5.68352e-11,2.5759046e-11,500.0,105.0,5.227865e-12,2.4894595e-11,0
1.0,183.0,185.0,-3.519951e-06,5.304922e-10,2.3032417e-05,-1.4857589,-0.037119728,1.0,1.0,1.0,50.0,62.0,8.4772445e-13,6.8420465e-13,255.0,185.0,2.8988645e-12,2.8675254e-12,0
5.0,95.0,20.0,0.131912,0.011402381,0.10678193,-1.4993441,0.0878051,1.0,1.0,1.0,1.0,3.0,0.00128524,0.00038127636,475.0,100.0,0.00012002506,0.000570119,0
1.0,179.0,180.0,9.223773e-07,2.0971153e-10,1.4481419e-05,-1.4559628,-0.00071283913,1.0,1.0,1.0,53.0,58.0,5.8180256e-13,9.245826e-13,205.0,180.0,1.1715727e-12,1.165064e-12,0
5.0,75.0,16.0,-2.897669e-07,6.463081e-10,2.542259e-05,-1.4785506,-0.067116275,1.0,1.0,2.0,1.0,0.0,1.0580437e-10,1.2839584e-11,375.0,80.0,8.617441e-12,4.0394257e-11,0
5.0,465.0,94.0,0.53507066,0.1347357,0.36706364,-1.3688294,0.293715,1.0,1.0,1.0,14.0,26.0,0.00071932294,0.0002194035,2325.0,470.0,0.0002897542,0.0014333586,0
5.0,400.0,81.0,0.23514979,0.114942074,0.33903107,0.2058072,1.3272861,1.0,1.0,1.0,2.0,12.0,0.0019542028,0.00020402536,2000.0,405.0,0.0002873552,0.0014190379,0
1.0,637.0,574.0,0.097848155,0.021252152,0.14578117,-0.37585998,1.1288898,2.0,1.0,1.0,76.0,77.0,9.117539e-06,9.824076e-06,835.0,574.0,3.3362874e-05,3.7024656e-05,1
5.0,200.0,41.0,-7.5273506e-06,1.7507996e-10,1.3231779e-05,-0.8924161,-0.42329493,1.0,1.0,1.0,5.0,12.0,4.148037e-12,8.9703017e-13,1016.0,205.0,8.7539985e-13,4.270243e-12,0
5.0,75.0,16.0,1.7652446e-06,1.21282e-10,1.101281e-05,-1.4431407,0.032292336,1.0,1.0,2.0,1.0,2.0,1.9576507e-11,2.834977e-12,375.0,80.0,1.6170933e-12,7.580125e-12,1
1.0,190.0,191.0,4.6800346e-06,4.4151577e-10,2.1012276e-05,-1.2173432,-0.19064203,1.0,1.0,1.0,29.0,45.0,2.6514476e-12,5.4236975e-12,190.0,191.0,2.3237673e-12,2.311601e-12,0
5.0,105.0,22.0,2.8237198e-06,9.139267e-10,3.023122e-05,-1.5022999,0.060962643,1.0,1.0,2.0,1.0,5.0,7.829891e-11,7.4702345e-12,525.0,110.0,8.7040635e-12,4.1542124e-11,0
1.0,289.0,290.0,-1.0715736e-05,2.721974e-10,1.6498405e-05,-1.4115366,-0.021957787,2.0,2.0,2.0,1.0,8.0,1.5711541e-12,2.860394e-12,347.0,290.0,9.418594e-13,9.386117e-13,1
1.0,256.0,257.0,3.0451588e-06,6.316685e-10,2.5133017e-05,-1.2361361,-0.08656072,1.0,1.0,1.0,1.0,5.0,2.5180053e-12,4.792815e-12,256.0,257.0,2.467455e-12,2.4578542e-12,1
1.0,438.0,439.0,0.024136554,0.00049212214,0.022183826,-1.4533534,0.2924175,12.0,1.0,1.0,82.0,94.0,3.1608217e-06,8.672923e-06,438.0,439.0,1.1235666e-06,1.1210071e-06,0
1.0,200.0,201.0,0.14624871,0.027209174,0.16495204,-0.9371806,0.81695515,2.0,1.0,1.0,17.0,22.0,0.00011277853,0.00020667701,200.0,201.0,0.00013604587,0.00013536902,1
1.0,199.0,200.0,-9.359005e-08,3.158079e-10,1.7770984e-05,-1.4665973,-0.048738115,1.0,1.0,1.0,34.0,31.0,1.1680807e-12,2.7144914e-12,255.0,200.0,1.5869745e-12,1.5790395e-12,0
5.0,245.0,50.0,-3.8330305e-05,3.5266e-11,5.9385184e-06,-1.4112916,0.0027278473,1.0,1.0,1.0,17.0,19.0,8.448888e-13,8.969036e-13,1225.0,250.0,1.4394285e-13,7.0531997e-13,0
5.0,80.0,17.0,1.2237247e-06,1.9809109e-10,1.4074483e-05,-1.4905692,-0.106576316,1.0,1.0,2.0,2.0,4.0,2.9605107e-11,6.8979466e-12,400.0,85.0,2.4761384e-12,1.1652417e-11,0
5.0,95.0,20.0,8.9249505e-07,1.7857725e-10,1.336328e-05,-1.351002,-0.20115079,1.0,1.0,2.0,1.0,7.0,1.977205e-11,3.9610338e-12,475.0,100.0,1.8797605e-12,8.928863e-12,0
5.0,500.0,101.0,0.3927774,0.14481916,0.3805511,-1.3178593,0.5202055,1.0,1.0,1.0,4.0,15.0,0.00079914345,0.00017736256,2500.0,505.0,0.0002896383,0.001433853,0
1.0,182.0,183.0,-3.4398522e-06,3.6499756e-10,1.910491e-05,-0.7475564,-0.69384265,1.0,1.0,1.0,21.0,25.0,1.8350245e-12,4.1972354e-12,182.0,183.0,2.005481e-12,1.9945222e-12,0
5.0,105.0,22.0,-6.560909e-09,6.5108885e-10,2.5516441e-05,-1.4828508,-0.0068459357,1.0,1.0,2.0,2.0,6.0,5.551665e-11,5.47983e-12,525.0,110.0,6.200846e-12,2.9594948e-11,0
5.0,135.0,28.0,0.08927274,0.005984676,0.07736069,-1.4251503,0.13347831,2.0,1.0,1.0,1.0,2.0,0.0026645835,0.0055804444,675.0,140.0,4.4330933e-05,0.00021373843,1
5.0,225.0,46.0,5.0687845e-06,4.2312248e-10,2.0569942e-05,-1.3702939,-0.08056104,1.0,1.0,1.0,5.0,15.0,8.231358e-12,1.1324043e-12,1125.0,230.0,1.8805443e-12,9.198315e-12,0
1.0,437.0,438.0,0.0145889735,0.00090091914,0.030015316,1.7233955,1.8308768,3.0,2.0,1.0,2.0,9.0,1.049215e-05,1.4395686e-05,437.0,438.0,2.0615998e-06,2.056893e-06,0
1.0,598.0,599.0,9.838438e-06,1.3542198e-10,1.1637095e-05,-1.4150791,-0.12380697,1.0,1.0,1.0,182.0,196.0,2.2867003e-13,6.472084e-13,822.0,599.0,2.2645818e-13,2.2608011e-13,1
5.0,355.0,72.0,0.72890353,0.03838416,0.19591875,-1.4976654,0.051032558,1.0,1.0,1.0,15.0,26.0,0.00033543026,9.6841635e-05,1775.0,360.0,0.00010812438,0.0005331133,1
5.0,130.0,27.0,-2.8068888e-07,2.4341673e-10,1.5601818e-05,-1.297874,0.16358581,1.0,1.0,1.0,1.0,7.0,1.603622e-11,1.839886e-12,650.0,135.0,1.8724365e-12,9.015434e-12,0
5.0,210.0,43.0,0.3450316,0.19410074,0.44056866,-0.86041236,0.87040037,1.0,1.0,1.0,2.0,9.0,0.0073574875,0.0013098216,1050.0,215.0,0.0009242892,0.0045139706,1
1.0,205.0,207.0,7.768149e-06,7.219219e-10,2.6868605e-05,-1.411776,-0.112604104,1.0,1.0,1.0,53.0,67.0,9.391333e-13,8.67145e-13,287.0,207.0,3.5215702e-12,3.4875455e-12,0
5.0,475.0,96.0,0.5333817,0.16099453,0.40124124,-1.4295716,0.18629475,1.0,1.0,1.0,9.0,27.0,0.0007575406,7.7693185e-05,2375.0,480.0,0.00033893585,0.0016770263,0
5.0,215.0,44.0,0.2548784,0.058101114,0.24104173,-1.5479482,0.36763012,1.0,1.0,1.0,4.0,12.0,0.0015589723,0.0002437862,1075.0,220.0,0.00027023774,0.0013204799,0
1.0,488.0,453.0,0.1459227,0.032693207,0.18081263,-1.0689473,0.7718679,1.0,1.0,1.0,24.0,87.0,1.9554509e-05,1.37751085e-05,634.0,453.0,6.6994275e-05,7.2170435e-05,0
5.0,205.0,42.0,5.256756e-06,5.342142e-10,2.3113074e-05,-1.4792659,-0.054209147,1.0,1.0,1.0,3.0,11.0,1.2435763e-11,1.6964495e-12,1025.0,210.0,2.6059229e-12,1.27193854e-11,0
5.0,185.0,38.0,0.14644614,0.037642837,0.19401762,-0.7705914,0.93634975,1.0,1.0,1.0,2.0,7.0,0.0019899588,0.0005244969,925.0,190.0,0.00020347479,0.000990601,0
1.0,172.0,173.0,7.562725e-06,4.629795e-10,2.1516958e-05,-1.4248329,-0.0865799,1.0,1.0,1.0,2.0,2.0,6.555814e-12,1.23006145e-11,234.0,173.0,2.6917411e-12,2.676182e-12,1
1.0,184.0,175.0,3.9287543e-06,6.8988565e-10,2.6265674e-05,-1.3314447,0.005884712,1.0,1.0,1.0,37.0,53.0,2.1447124e-12,3.4801756e-12,294.0,175.0,3.7493784e-12,3.9422038e-12,1
1.0,231.0,232.0,2.2651313e-06,4.6113194e-10,2.1473983e-05,-1.3689971,0.009416841,2.0,2.0,1.0,1.0,7.0,3.4149933e-12,6.3157223e-12,231.0,232.0,1.9962421e-12,1.9876377e-12,1
5.0,245.0,50.0,0.31834018,0.13403311,0.36610535,-1.2047337,0.65382,1.0,1.0,1.0,1.0,4.0,0.0031275554,0.00028239805,1225.0,250.0,0.00054707396,0.0026806623,1
1.0,177.0,178.0,2.714598e-06,7.429014e-10,2.7256217e-05,-1.4306011,-0.061023977,1.0,1.0,1.0,43.0,56.0,1.4274218e-12,1.4108921e-12,197.0,178.0,4.197183e-12,4.1736033e-12,0
5.0,580.0,117.0,3.7418888e-06,4.2227594e-10,2.0549354e-05,-1.401847,-0.10443775,1.0,1.0,1.0,26.0,39.0,1.6850316e-12,8.8763496e-13,2900.0,585.0,7.28062e-13,3.609196e-12,0
5.0,195.0,40.0,-2.5710951e-06,2.6941357e-10,1.6413824e-05,-1.5284215,0.06583811,1.0,1.0,1.0,1.0,11.0,7.0951526e-12,8.407188e-13,975.0,200.0,1.3816082e-12,6.7353393e-12,0
5.0,100.0,21.0,4.259463e-06,5.9121796e-10,2.4314975e-05,-1.2509563,0.08874067,1.0,1.0,2.0,1.0,4.0,6.311959e-11,1.0641814e-11,500.0,105.0,5.91218e-12,2.8153237e-11,0
1.0,440.0,441.0,3.1349552e-07,3.0481836e-10,1.7459048e-05,-1.14153,0.133963,2.0,2.0,1.0,2.0,3.0,1.7687948e-11,5.2041586e-11,606.0,441.0,6.9276903e-13,6.9119813e-13,1
5.0,90.0,19.0,0.13694164,0.020118883,0.14184104,-1.313775,0.51807034,1.0,1.0,1.0,1.0,2.0,0.0028539947,0.0006995087,450.0,95.0,0.00022354313,0.0010588885,1
1.0,208.0,196.0,0.16428016,0.024918627,0.15785635,-1.3146014,0.483691,1.0,1.0,1.0,23.0,35.0,8.6685104e-05,0.00014515773,276.0,196.0,0.000119801094,0.00012713585,0
1.0,209.0,210.0,0.3592988,0.18625318,0.4315706,-1.061057,0.74615633,2.0,1.0,1.0,21.0,26.0,0.00035285993,0.00025089705,209.0,210.0,0.0008911635,0.00088691985,0
5.0,331.0,67.0,-8.703128e-07,2.7751293e-10,1.665872e-05,-1.1996199,0.20870014,9.0,2.0,2.0,10.0,12.0,1.7576673e-10,4.858439e-10,1663.0,335.0,8.3840763e-13,4.141984e-12,0
1.0,178.0,179.0,0.42519417,0.15638383,0.39545396,-1.3020629,0.56745213,1.0,1.0,1.0,25.0,30.0,0.00041516294,0.00042821933,178.0,179.0,0.0008785608,0.00087365264,0
5.0,95.0,20.0,-2.926714e-06,5.1587973e-10,2.2712986e-05,-1.4333245,0.24395035,1.0,1.0,2.0,2.0,6.0,6.243037e-11,2.3495006e-11,475.0,100.0,5.430313e-12,2.5793985e-11,0
1.0,229.0,230.0,-2.8001243e-06,6.8895534e-10,2.6247959e-05,-1.4812499,-0.06732148,1.0,1.0,1.0,57.0,70.0,8.735332e-13,9.261943e-13,229.0,230.0,3.0085385e-12,2.9954578e-12,0
5.0,95.0,20.0,-7.4605356e-07,2.1097259e-10,1.4524895e-05,-1.088291,-0.35239413,1.0,1.0,2.0,2.0,3.0,1.9644905e-11,5.038425e-12,475.0,100.0,2.220764e-12,1.0548629e-11,0
5.0,105.0,22.0,8.4862774e-07,4.6310838e-10,2.1519952e-05,-1.5159371,-0.0038729454,1.0,1.0,2.0,1.0,4.0,3.9578996e-11,3.8957158e-12,525.0,110.0,4.410556e-12,2.1050382e-11,0
5.0,281.0,57.0,-6.7194696e-06,2.5348362e-10,1.5921169e-05,-1.4414045,0.063140795,1.0,1.0,1.0,11.0,19.0,3.3670705e-12,9.052948e-13,1425.0,285.0,9.0207697e-13,4.447081e-12,1
5.0,100.0,21.0,2.7143062e-06,8.7480545e-10,2.957711e-05,-1.4998913,0.017594768,1.0,1.0,2.0,1.0,2.0,8.194669e-11,6.7171893e-12,500.0,105.0,8.748054e-12,4.1657403e-11,0
5.0,95.0,20.0,0.13452582,0.022387352,0.14962403,-1.2151728,0.63772756,1.0,1.0,1.0,1.0,3.0,0.003106255,0.00073089806,475.0,100.0,0.00023565633,0.0011193677,0
5.0,195.0,40.0,0.3457829,0.12777314,0.35745367,-0.73156446,0.86480945,2.0,1.0,1.0,3.0,3.0,0.032128472,0.058065783,975.0,200.0,0.00065524684,0.0031943282,1
1.0,293.0,294.0,1.7511297e-06,7.407908e-10,2.7217473e-05,-1.509555,0.06887404,1.0,1.0,1.0,91.0,100.0,6.0595057e-13,8.0769175e-13,411.0,294.0,2.5282964e-12,2.5196967e-12,0
5.0,155.0,32.0,0.027120765,0.001946944,0.04412419,-0.32043952,1.1870615,1.0,1.0,1.0,1.0,4.0,0.0002947183,0.00034290008,775.0,160.0,1.25609295e-05,6.0842e-05,0
1.0,314.0,301.0,0.20988934,0.11201335,0.33468395,-0.00046789786,1.2783339,2.0,1.0,1.0,19.0,24.0,0.00021173072,0.00023181346,364.0,301.0,0.0003567304,0.00037213735,0
5.0,80.0,17.0,2.2326142e-06,4.451299e-10,2.1098102e-05,-1.4747254,-0.06491443,1.0,1.0,2.0,1.0,2.0,6.412415e-11,6.6180212e-12,400.0,85.0,5.564124e-12,2.618411e-11,1
5.0,415.0,84.0,0.63599324,0.10592747,0.325465,-1.4902052,0.08016433,1.0,1.0,1.0,14.0,27.0,0.0006367964,6.776579e-05,2075.0,420.0,0.0002552469,0.0012610413,0
1.0,195.0,195.0,-9.060793e-07,3.3802236e-10,1.8385384e-05,1.3072801,-0.57205695,2.0,2.0,2.0,2.0,2.0,1.1502601e-10,3.349031e-10,197.0,195.0,1.733448e-12,1.733448e-12,1
5.0,200.0,41.0,0.25489703,0.11854409,0.34430233,-0.9034946,0.8771983,1.0,1.0,1.0,1.0,3.0,0.0057857977,0.0018248264,1000.0,205.0,0.0005927204,0.002891319,0
5.0,240.0,49.0,4.312911e-06,2.884386e-10,1.698348e-05,-1.4899629,0.05158672,1.0,1.0,1.0,5.0,15.0,5.092408e-12,7.6380113e-13,1200.0,245.0,1.2018275e-12,5.886502e-12,0
5.0,185.0,38.0,-1.4469505e-06,2.429141e-10,1.5585701e-05,-1.3478038,-0.11351236,1.0,1.0,1.0,6.0,12.0,6.8688184e-12,1.1079388e-12,925.0,190.0,1.3130493e-12,6.3924764e-12,0
1.0,272.0,241.0,0.28088775,0.15231915,0.39028087,-0.6730703,0.9881613,1.0,1.0,1.0,19.0,31.0,0.00024818777,0.00011722746,378.0,241.0,0.0005599969,0.00063202967,1
1.0,221.0,222.0,6.963037e-06,6.600911e-10,2.5692238e-05,-1.3099544,-0.16176704,1.0,1.0,1.0,67.0,77.0,8.710886e-13,1.0171316e-12,221.0,222.0,2.9868376e-12,2.9733833e-12,0
1.0,270.0,249.0,0.267145,0.11188099,0.33448616,-0.9727883,0.8159157,2.0,1.0,1.0,15.0,23.0,0.00017614271,0.00015148534,356.0,249.0,0.00041437402,0.00044932123,1
5.0,100.0,21.0,6.0126706e-07,1.1027843e-10,1.0501354e-05,-1.4914072,-0.15230307,1.0,1.0,2.0,3.0,4.0,1.1337404e-11,4.6407296e-12,500.0,105.0,1.1027843e-12,5.251354e-12,0
5.0,235.0,48.0,0.39163637,0.2283483,0.47785804,-1.0532582,0.7512993,1.0,1.0,1.0,1.0,4.0,0.006291187,0.00066758133,1175.0,240.0,0.0009716949,0.0047572562,0
5.0,75.0,16.0,6.9714974e-07,3.2449016e-10,1.801361e-05,-1.0197655,-0.45769396,1.0,1.0,2.0,1.0,1.0,4.19416e-11,6.990628e-12,375.0,80.0,4.3265352e-12,2.0280635e-11,0
5.0,95.0,20.0,-4.430167e-06,1.7075373e-10,1.3067277e-05,-1.5268478,-0.02915448,1.0,1.0,2.0,1.0,5.0,1.8272647e-11,3.2713088e-12,475.0,100.0,1.7974077e-12,8.537686e-12,0
5.0,90.0,19.0,-3.9968522e-06,5.45614e-10,2.3358381e-05,-1.3668593,0.25189325,2.0,1.0,3.0,2.0,1.0,3.279733e-10,8.9688024e-10,450.0,95.0,6.0623776e-12,2.8716526e-11,1
5.0,85.0,18.0,-6.545267e-08,1.9154801e-10,1.3840087e-05,-1.439293,-0.08953001,1.0,1.0,2.0,1.0,4.0,2.4602657e-11,4.159444e-12,425.0,90.0,2.253506e-12,1.0641556e-11,0
5.0,415.0,84.0,0.6178833,0.09380863,0.30628192,-1.4470496,0.19338505,1.0,1.0,1.0,9.0,27.0,0.00057291257,6.820144e-05,2075.0,420.0,0.00022604488,0.0011167694,0
5.0,230.0,47.0,-4.3557634e-06,9.936073e-10,3.1521537e-05,-1.5003462,0.063069895,1.0,1.0,1.0,3.0,14.0,1.8531236e-11,1.3937077e-12,1150.0,235.0,4.3200317e-12,2.1140582e-11,0
5.0,90.0,19.0,1.6760505e-06,2.1165188e-10,1.454826e-05,-1.455809,-0.21676165,1.0,1.0,2.0,3.0,4.0,2.8408002e-11,9.558858e-12,450.0,95.0,2.3516876e-12,1.1139573e-11,0
5.0,75.0,16.0,-2.4097862e-06,7.33906e-10,2.70907e-05,-1.4601622,-0.069898844,1.0,1.0,2.0,1.0,2.0,1.1991308e-10,1.2632961e-11,375.0,80.0,9.785414e-12,4.5869124e-11,0
5.0,225.0,46.0,-7.4820045e-06,1.0252542e-10,1.0125484e-05,-1.4602973,0.018748892,1.0,1.0,1.0,8.0,15.0,2.2378809e-12,7.4265377e-13,1125.0,230.0,4.5566854e-13,2.2288135e-12,0
5.0,400.0,81.0,0.5786261,0.13942964,0.3734028,-1.4625429,0.11612644,1.0,1.0,1.0,9.0,29.0,0.0008950099,7.28639e-05,2000.0,405.0,0.00034857413,0.0017213537,1
1.0,130.0,131.0,0.056575965,0.0029393,0.05421531,-1.2022731,0.47291413,3.0,1.0,1.0,19.0,24.0,5.292307e-05,0.00010170737,130.0,131.0,2.2609998e-05,2.2437403e-05,0
1.0,292.0,274.0,0.21526225,0.05119128,0.22625491,-1.1952693,0.5693139,2.0,1.0,1.0,27.0,37.0,7.8857935e-05,9.757334e-05,388.0,274.0,0.00017531261,0.0001868295,0
1.0,438.0,440.0,5.702657e-06,5.697817e-10,2.3870101e-05,-1.4150434,0.052275445,2.0,2.0,2.0,2.0,2.0,2.076188e-11,5.602552e-11,610.0,440.0,1.3008715e-12,1.2949584e-12,1
5.0,279.0,57.0,-3.1008734e-05,9.048193e-11,9.512199e-06,-1.334731,-0.046341226,1.0,1.0,1.0,12.0,16.0,1.2709114e-12,5.665392e-13,1391.0,285.0,3.24308e-13,1.5874022e-12,1
1.0,298.0,290.0,0.38138565,0.15933356,0.39916608,-1.3607316,0.5012921,1.0,1.0,1.0,26.0,32.0,0.00015203202,0.00014450667,356.0,290.0,0.00053467636,0.00054942607,1
1.0,195.0,196.0,3.7591722e-06,9.645157e-10,3.1056654e-05,-1.4954,-0.050040573,1.0,1.0,1.0,54.0,67.0,1.232643e-12,7.096333e-13,273.0,196.0,4.9462344e-12,4.9209985e-12,1
5.0,95.0,20.0,7.639573e-06,5.3877663e-10,2.3211562e-05,-0.81162655,-0.28963697,1.0,1.0,1.0,2.0,5.0,5.795962e-11,1.3222761e-11,475.0,100.0,5.671333e-12,2.6938831e-11,1
5.0,215.0,44.0,0.40344167,0.21714316,0.46598622,-1.1710339,0.6621061,1.0,1.0,1.0,1.0,2.0,0.006492928,0.00045432386,1075.0,220.0,0.0010099682,0.004935072,0
5.0,205.0,42.0,-6.7966303e-06,2.9131667e-10,1.7068001e-05,-1.4310064,0.022618176,1.0,1.0,1.0,4.0,11.0,6.8944104e-12,8.866032e-13,1025.0,210.0,1.4210568e-12,6.936111e-12,0
5.0,957.0,192.0,-1.1857177e-06,1.1671011e-10,1.08032455e-05,-1.0906811,0.04156184,2.0,2.0,1.0,3.0,11.0,1.4707343e-12,2.8842072e-12,4797.0,960.0,1.2195415e-13,6.078652e-13,0
5.0,335.0,68.0,0.26279792,0.10213122,0.31957975,-1.0129066,0.7730757,2.0,1.0,1.0,2.0,2.0,0.0060036476,0.014201499,1675.0,340.0,0.00030486932,0.0015019297,1
5.0,40.0,9.0,1.0130758,0.019264877,0.13879797,-1.1481744,-0.25925872,1.0,1.0,1.0,1.0,0.0,0.0074201026,0.002429641,200.0,45.0,0.00048162192,0.0021405418,0
5.0,230.0,47.0,2.2448635e-06,7.3485296e-10,2.7108172e-05,-1.3121991,-0.07377691,1.0,1.0,1.0,4.0,13.0,1.319286e-11,1.2435747e-12,1150.0,235.0,3.1950128e-12,1.5635169e-11,0
5.0,205.0,42.0,0.32049546,0.14260077,0.37762517,-1.1318836,0.6994938,1.0,1.0,1.0,2.0,3.0,0.0048978166,0.00059565,1025.0,210.0,0.0006956135,0.0033952566,0
5.0,110.0,23.0,3.9894087e-07,5.1555576e-10,2.2705852e-05,-1.5008662,0.004927022,1.0,1.0,2.0,1.0,5.0,4.0233827e-11,3.6723823e-12,550.0,115.0,4.6868702e-12,2.2415467e-11,0
1.0,535.0,536.0,4.9156565e-06,6.4782907e-10,2.5452486e-05,-1.1437299,-0.07808576,2.0,2.0,2.0,2.0,2.0,1.2962403e-11,3.661371e-11,701.0,536.0,1.2108954e-12,1.2086363e-12,1
5.0,205.0,42.0,0.121965654,0.018733509,0.13687041,-0.77059525,0.890552,1.0,1.0,1.0,3.0,5.0,0.0008236874,0.0002008243,1025.0,210.0,9.1382964e-05,0.0004460359,0
5.0,100.0,21.0,1.96587e-06,1.5201879e-10,1.232959e-05,-1.4969246,-0.16313575,1.0,1.0,2.0,1.0,4.0,1.4907646e-11,2.0000277e-12,500.0,105.0,1.520188e-12,7.2389902e-12,1
5.0,225.0,46.0,-5.1343595e-06,1.8385142e-10,1.3559182e-05,-1.4789279,-0.0036995606,1.0,1.0,1.0,7.0,15.0,3.686432e-12,5.756623e-13,1125.0,230.0,8.171174e-13,3.99677e-12,0
5.0,390.0,79.0,0.27750713,0.114173464,0.33789563,-1.0923095,0.7392652,1.0,1.0,1.0,3.0,6.0,0.0012304211,0.00031226932,1950.0,395.0,0.00029275246,0.0014452337,0
5.0,495.0,100.0,0.44963735,0.1764109,0.42001298,-1.4671352,0.3137465,1.0,1.0,1.0,9.0,22.0,0.00083377934,0.00010591501,2475.0,500.0,0.00035638563,0.0017641089,1
5.0,85.0,18.0,8.03434e-06,5.213894e-10,2.2833952e-05,-1.4764303,0.026365547,1.0,1.0,2.0,2.0,4.0,7.1197215e-11,2.6590034e-11,425.0,90.0,6.1339926e-12,2.8966076e-11,0
5.0,273.0,55.0,0.23813884,0.07108316,0.26661426,-1.3693331,0.55024457,1.0,1.0,1.0,2.0,8.0,0.0013624307,0.00016145398,1387.0,275.0,0.00026037788,0.0012924211,0
5.0,235.0,48.0,0.24864863,0.09421228,0.3069402,-0.78066176,0.94721174,1.0,1.0,1.0,2.0,3.0,0.0039080796,0.0017763311,1175.0,240.0,0.00040090331,0.0019627558,0
5.0,195.0,40.0,0.31965813,0.12925828,0.35952508,-1.2518708,0.6099853,1.0,1.0,1.0,1.0,8.0,0.0045749266,0.00055071356,975.0,200.0,0.00066286296,0.003231457,0
1.0,442.0,443.0,-4.1032886e-06,1.841268e-10,1.3569333e-05,-1.2920232,-0.18065353,1.0,1.0,1.0,135.0,149.0,2.5147815e-13,6.5588317e-13,582.0,443.0,4.1657644e-13,4.1563609e-13,0
1.0,170.0,172.0,-4.5242614e-06,1.8860818e-10,1.3733469e-05,-1.0156006,-0.41476762,2.0,2.0,1.0,2.0,13.0,1.7505867e-12,3.2342787e-12,234.0,172.0,1.1094599e-12,1.0965593e-12,1
1.0,431.0,432.0,-4.3166904e-07,1.4897944e-10,1.2205714e-05,1.7181708,0.7141639,2.0,3.0,2.0,1.0,2.0,1.639916e-11,3.296825e-11,431.0,432.0,3.4565994e-13,3.448598e-13,1
1.0,225.0,226.0,2.573581e-06,3.9915987e-10,1.9978987e-05,-1.2579966,-0.18486717,4.0,2.0,1.0,13.0,27.0,6.2379845e-12,1.3737722e-11,293.0,226.0,1.7740439e-12,1.7661942e-12,1
1.0,180.0,182.0,-5.2985047e-07,7.9053725e-10,2.8116494e-05,-1.485083,-0.03242481,1.0,1.0,1.0,51.0,64.0,1.1998542e-12,7.806929e-13,252.0,182.0,4.3918736e-12,4.343611e-12,0
5.0,205.0,42.0,3.507824e-08,2.2763796e-10,1.5087676e-05,-1.4874123,0.061505098,1.0,1.0,1.0,8.0,12.0,5.635763e-12,1.1151392e-12,1025.0,210.0,1.1104291e-12,5.419952e-12,1
5.0,420.0,61.0,-7.9861575e-06,7.8284e-10,2.7979278e-05,-1.0871865,0.45683968,2.0,1.0,1.0,1.0,2.0,6.9108434e-11,1.5817271e-10,17100.0,305.0,1.8639049e-12,1.2833443e-11,1
1.0,290.0,278.0,0.22691976,0.036096424,0.1899906,-0.9641289,0.4445424,3.0,1.0,1.0,18.0,18.0,0.00014147851,0.00028525118,402.0,278.0,0.00012447043,0.00012984325,1
1.0,176.0,167.0,-1.8754153e-06,5.69757e-10,2.3869583e-05,-1.2205775,-0.29476994,1.0,1.0,1.0,33.0,43.0,2.5053828e-12,5.010278e-12,286.0,167.0,3.2372557e-12,3.4117186e-12,1
5.0,100.0,21.0,5.817437e-06,3.6741363e-10,1.9168037e-05,-1.2792908,-0.06256573,1.0,1.0,2.0,2.0,8.0,3.609891e-11,1.006654e-11,500.0,105.0,3.674136e-12,1.7495887e-11,0
5.0,175.0,36.0,3.1372147e-06,2.2418074e-10,1.4972667e-05,-1.3463407,-0.095713735,1.0,1.0,1.0,4.0,10.0,7.18703e-12,1.8460908e-12,875.0,180.0,1.2810328e-12,6.2272427e-12,0
1.0,210.0,197.0,0.3163333,0.12682934,0.35613108,-1.2668157,0.6123544,1.0,1.0,1.0,15.0,21.0,0.00023888884,0.00014129338,282.0,197.0,0.0006039493,0.0006438038,0
5.0,420.0,85.0,0.6561139,0.066587895,0.2580463,-1.3263801,0.044144835,1.0,1.0,1.0,10.0,30.0,0.00039760215,8.3793544e-05,2100.0,425.0,0.00015854262,0.00078338705,0
1.0,359.0,360.0,-7.372667e-07,4.1183712e-10,2.029377e-05,-0.58575404,-0.80217934,2.0,2.0,1.0,1.0,3.0,1.1158629e-11,3.115375e-11,499.0,360.0,1.1471786e-12,1.143992e-12,1
5.0,235.0,48.0,0.34074968,0.15865755,0.3983184,-0.8725947,0.83559656,1.0,1.0,1.0,3.0,7.0,0.005378482,0.0021540467,1175.0,240.0,0.0006751385,0.0033053656,1
5.0,230.0,47.0,0.22336319,0.08028449,0.2833452,-0.6215524,1.016235,1.0,1.0,1.0,1.0,5.0,0.0030338645,0.00033337306,1150.0,235.0,0.00034906302,0.0017081806,1
5.0,480.0,97.0,0.49145374,0.17536904,0.41877088,-1.505965,0.18775222,1.0,1.0,1.0,12.0,26.0,0.00084401167,0.00011290923,2400.0,485.0,0.00036535217,0.0018079282,0
1.0,242.0,243.0,0.32901478,0.16468637,0.4058157,-1.043479,0.7727666,1.0,1.0,1.0,16.0,22.0,0.00030330286,0.00037142934,242.0,243.0,0.0006805222,0.0006777217,0
5.0,220.0,45.0,0.18516627,0.04348107,0.20852114,-1.3535601,0.5576155,1.0,1.0,1.0,1.0,4.0,0.0014728054,0.00072524446,1100.0,225.0,0.00019764123,0.000966246,0
5.0,495.0,100.0,4.280587e-06,4.6644305e-10,2.1597292e-05,-1.4078679,0.14764678,1.0,1.0,1.0,20.0,34.0,2.1866775e-12,7.917177e-13,2475.0,500.0,9.423092e-13,4.6644303e-12,1
1.0,476.0,477.0,-3.6393963e-06,6.4764843e-10,2.5448939e-05,-1.2436105,0.42563227,1.0,1.0,1.0,5.0,8.0,1.4893835e-12,3.0047525e-12,644.0,477.0,1.360606e-12,1.3577535e-12,0
5.0,390.0,79.0,0.37668687,0.14943615,0.3865697,-1.3495984,0.5150601,1.0,1.0,1.0,2.0,9.0,0.001423938,0.00035969855,1950.0,395.0,0.0003831696,0.0018915967,0
5.0,115.0,24.0,4.22875e-06,6.924152e-10,2.6313783e-05,-1.2690511,-0.13589397,1.0,1.0,1.0,1.0,4.0,4.8083586e-11,3.275492e-12,575.0,120.0,6.0210014e-12,2.8850632e-11,1
1.0,195.0,196.0,1.7843633e-06,6.1334743e-10,2.4765852e-05,-1.4890311,0.030573597,1.0,1.0,1.0,51.0,60.0,1.1231518e-12,1.4115141e-12,273.0,196.0,3.1453713e-12,3.1293236e-12,0
5.0,225.0,46.0,4.9217084e-07,4.2197526e-10,2.0542037e-05,-1.5052778,0.06910597,1.0,1.0,1.0,3.0,15.0,8.259901e-12,6.603074e-13,1125.0,230.0,1.8754455e-12,9.173376e-12,0
5.0,225.0,46.0,0.081021726,0.009060039,0.09518424,-1.2649513,0.620496,1.0,1.0,1.0,3.0,5.0,0.00036026214,0.00030258976,1125.0,230.0,4.026684e-05,0.00019695738,0
5.0,75.0,16.0,8.911681e-07,2.1191762e-10,1.455739e-05,-1.5018729,-0.06871582,1.0,1.0,2.0,1.0,3.0,3.568422e-11,7.74518e-12,375.0,80.0,2.8255681e-12,1.3244851e-11,0
5.0,305.0,62.0,0.22490203,0.057590935,0.23998111,-0.9348189,0.7274914,1.0,1.0,1.0,3.0,7.0,0.0014624493,0.0011859412,1525.0,310.0,0.00018882274,0.00092888606,1
5.0,465.0,94.0,-2.0737529e-05,2.7661198e-10,1.6631657e-05,-1.2724179,-0.12861522,1.0,1.0,1.0,24.0,29.0,1.366905e-12,9.041786e-13,2361.0,470.0,5.948645e-13,2.9426808e-12,1
5.0,220.0,45.0,-3.680202e-07,4.281188e-10,2.0691032e-05,-1.4882542,-0.109538026,1.0,1.0,1.0,4.0,17.0,8.794479e-12,8.849607e-13,1100.0,225.0,1.9459946e-12,9.513751e-12,0
1.0,469.0,470.0,0.26126942,0.14557205,0.38153905,-0.17617233,1.188929,2.0,1.0,1.0,36.0,71.0,9.323498e-05,7.2629744e-05,469.0,470.0,0.00031038816,0.00030972777,0
1.0,427.0,427.0,9.979503e-06,5.119774e-10,2.2626917e-05,-1.3276585,-0.1658965,1.0,1.0,1.0,129.0,145.0,3.584903e-13,7.519437e-13,595.0,427.0,1.1990103e-12,1.1990103e-12,1
1.0,330.0,331.0,7.201652e-06,4.843424e-10,2.200778e-05,-0.81605506,-0.56322706,1.0,1.0,1.0,91.0,105.0,3.839842e-13,7.271705e-13,372.0,331.0,1.4677042e-12,1.46327e-12,0
5.0,360.0,73.0,0.688694,0.0901985,0.30033067,-1.4567726,0.07819425,1.0,1.0,1.0,8.0,25.0,0.0007149665,7.5632866e-05,1800.0,365.0,0.00025055138,0.0012355959,0
1.0,220.0,221.0,-9.529907e-06,2.8473268e-10,1.6874024e-05,-0.7054198,-0.67173624,3.0,2.0,1.0,3.0,16.0,2.8258069e-12,5.7156224e-12,246.0,221.0,1.2942395e-12,1.2883831e-12,0
5.0,75.0,16.0,-3.1579923e-06,3.7888032e-10,1.946485e-05,-1.4877416,-0.048440337,1.0,1.0,2.0,1.0,1.0,6.229297e-11,6.539286e-12,375.0,80.0,5.0517377e-12,2.368002e-11,0
5.0,470.0,95.0,0.5679792,0.10414206,0.32271048,-1.4485381,0.22607045,1.0,1.0,1.0,11.0,30.0,0.0004993696,5.417214e-05,2350.0,475.0,0.00022157886,0.0010962322,0
5.0,55.0,12.0,0.96039027,0.021658529,0.14716837,-1.0921974,-0.3199159,1.0,1.0,1.0,1.0,0.0,0.0046520703,0.001000199,275.0,60.0,0.00039379142,0.0018048773,0
1.0,293.0,267.0,0.073330894,0.009457427,0.09724931,-0.56077796,1.0200235,1.0,1.0,1.0,35.0,52.0,5.3408807e-05,0.00012261866,399.0,267.0,3.227791e-05,3.5421075e-05,0
1.0,261.0,239.0,0.24769431,0.10219609,0.31968123,-0.82371265,0.90172803,1.0,1.0,1.0,10.0,22.0,0.00017786305,0.00013893016,361.0,239.0,0.0003915559,0.0004275987,0
5.0,380.0,77.0,0.19865862,0.06902571,0.26272744,-0.93027955,0.86104083,1.0,1.0,1.0,2.0,3.0,0.0010541829,0.00046849248,1900.0,385.0,0.00018164661,0.0008964378,0
5.0,85.0,18.0,-5.4956484e-08,2.1547186e-10,1.467896e-05,-1.4728729,-0.038593866,1.0,1.0,2.0,1.0,1.0,2.7785465e-11,2.9656481e-12,425.0,90.0,2.5349631e-12,1.197066e-11,0
1.0,420.0,411.0,4.5476636e-06,5.1943e-10,2.2791008e-05,-1.4030188,0.13254684,3.0,2.0,2.0,2.0,5.0,5.997633e-12,1.19862705e-11,658.0,411.0,1.2367381e-12,1.26382e-12,1
1.0,230.0,231.0,-5.7640113e-06,6.254211e-10,2.5008421e-05,-0.81487143,0.37370896,1.0,1.0,1.0,1.0,1.0,8.440557e-12,1.6065786e-11,230.0,231.0,2.7192222e-12,2.7074508e-12,1
5.0,170.0,35.0,0.04939139,0.0058047385,0.07618883,-0.13819142,1.2053314,2.0,1.0,1.0,2.0,2.0,0.003109855,0.008758533,850.0,175.0,3.414552e-05,0.00016584966,1
1.0,177.0,178.0,2.772588e-06,2.4019667e-10,1.5498279e-05,-1.3626893,-0.02225356,8.0,1.0,1.0,30.0,44.0,6.1212953e-12,1.7720287e-11,207.0,178.0,1.3570433e-12,1.3494195e-12,0
1.0,200.0,202.0,-4.01306e-06,7.030624e-10,2.6515323e-05,-1.5032768,0.042281717,1.0,1.0,1.0,53.0,63.0,2.0956522e-12,4.619261e-12,280.0,202.0,3.515312e-12,3.480507e-12,1
1.0,296.0,297.0,0.3310542,0.13037993,0.3610816,-0.6028801,1.0015368,2.0,1.0,1.0,31.0,49.0,0.00018837296,0.00021038763,296.0,297.0,0.0004404727,0.00043898963,1
5.0,400.0,81.0,0.33859596,0.1478895,0.38456404,-1.2014574,0.6508283,1.0,1.0,1.0,3.0,5.0,0.0015733183,0.0008487475,2000.0,405.0,0.00036972374,0.0018257962,1
5.0,65.0,14.0,0.9476141,0.019136854,0.13833602,-1.3146967,-0.10386801,1.0,1.0,1.0,1.0,3.0,0.0034678823,0.00079232536,325.0,70.0,0.00029441313,0.0013669181,0
5.0,287.0,58.0,0.28401682,0.086027205,0.29330394,-1.3768446,0.4677269,1.0,1.0,1.0,4.0,11.0,0.0013204117,0.00015484655,1447.0,290.0,0.00029974637,0.0014832277,0
5.0,225.0,46.0,6.626705e-06,6.1720024e-10,2.4843514e-05,-1.4705898,0.04797127,1.0,1.0,1.0,4.0,14.0,1.1945167e-11,1.4879467e-12,1125.0,230.0,2.743112e-12,1.3417396e-11,0
5.0,260.0,53.0,0.38142678,0.15522254,0.39398292,-1.0537177,0.7518878,1.0,1.0,1.0,3.0,11.0,0.0036555429,0.0008763272,1300.0,265.0,0.0005970098,0.002928727,0
1.0,370.0,319.0,0.005806105,3.7959424e-05,0.0061611217,-1.4183006,0.45663643,37.0,1.0,1.0,48.0,65.0,2.4149238e-06,6.739055e-06,510.0,319.0,1.02593035e-07,1.18995054e-07,0
5.0,245.0,50.0,-3.4800887e-06,4.9174875e-10,2.2175409e-05,-1.4644593,-0.0411506,1.0,1.0,1.0,5.0,16.0,8.2104636e-12,1.011831e-12,1225.0,250.0,2.0071377e-12,9.834976e-12,0
1.0,290.0,291.0,0.21367058,0.09770553,0.31257883,-0.42017516,1.1067563,2.0,1.0,1.0,13.0,17.0,0.00016949976,0.00018782727,290.0,291.0,0.0003369156,0.00033575782,1
5.0,245.0,50.0,2.462712e-07,9.1105173e-10,3.0183633e-05,-1.5040574,0.028028607,1.0,1.0,1.0,3.0,14.0,1.5016207e-11,8.9959154e-13,1225.0,250.0,3.7185784e-12,1.8221034e-11,0
1.0,177.0,179.0,4.1472435e-06,6.280266e-10,2.5060457e-05,-0.8749599,-0.20645083,1.0,1.0,1.0,1.0,2.0,1.0047558e-11,1.9378686e-11,229.0,179.0,3.5481726e-12,3.508528e-12,0
5.0,190.0,39.0,-2.036957e-05,3.4030784e-10,1.8447434e-05,-1.4824939,0.026762221,1.0,1.0,1.0,7.0,12.0,9.409658e-12,1.6060684e-12,950.0,195.0,1.7910939e-12,8.725842e-12,0
1.0,154.0,155.0,0.17099953,0.02533513,0.15917012,-1.4816965,0.25570667,2.0,1.0,1.0,16.0,18.0,0.00014700195,0.00031265305,154.0,155.0,0.00016451383,0.00016345245,0
1.0,202.0,203.0,1.8956792e-06,5.732081e-10,2.3941764e-05,-1.5034648,-0.016668478,1.0,1.0,1.0,54.0,61.0,1.7740205e-12,3.708229e-12,206.0,203.0,2.8376637e-12,2.823685e-12,0
5.0,261.0,53.0,0.22171214,0.05296214,0.23013504,-1.3594884,0.58923334,1.0,1.0,1.0,1.0,7.0,0.0013052449,0.000418359,1311.0,265.0,0.00020292007,0.0009992856,1
5.0,70.0,15.0,1.5009093e-06,4.920434e-10,2.2182052e-05,-1.4427989,-0.1336104,1.0,1.0,2.0,1.0,0.0,9.292075e-11,9.288664e-12,350.0,75.0,7.0291915e-12,3.2802892e-11,0
5.0,240.0,49.0,-1.4222717e-06,8.3543095e-10,2.8903823e-05,-1.4939921,-0.014162686,1.0,1.0,1.0,8.0,15.0,1.4782895e-11,2.120667e-12,1200.0,245.0,3.4809625e-12,1.7049612e-11,0
5.0,255.0,52.0,1.3441497e-05,6.8982403e-10,2.62645e-05,-1.120866,-0.34052753,1.0,1.0,1.0,5.0,17.0,1.023275e-11,9.691921e-13,1275.0,260.0,2.7051922e-12,1.3265847e-11,0
5.0,235.0,48.0,0.31565595,0.13916665,0.37305048,-1.1381214,0.6977,1.0,1.0,1.0,2.0,3.0,0.0036636945,0.0004714807,1175.0,240.0,0.0005921985,0.0028993054,0
1.0,196.0,197.0,1.79753e-08,7.739084e-10,2.781921e-05,-1.4850695,-0.06662275,1.0,1.0,1.0,44.0,55.0,1.4800674e-12,2.0558431e-12,272.0,197.0,3.948512e-12,3.928469e-12,0
5.0,340.0,69.0,0.20127851,0.109467246,0.33085835,0.26368046,1.3642188,1.0,1.0,1.0,1.0,6.0,0.0025947697,0.00024261524,1700.0,345.0,0.00032196246,0.0015864818,0
5.0,285.0,58.0,0.2401767,0.09444121,0.30731288,-0.33895254,1.1121026,1.0,1.0,1.0,2.0,7.0,0.0025276644,0.0004487531,1425.0,290.0,0.00033137266,0.0016282967,0
5.0,205.0,42.0,0.2763987,0.09511946,0.30841443,-1.2719553,0.5969681,1.0,1.0,1.0,2.0,5.0,0.0031065496,0.0005781131,1025.0,210.0,0.00046399736,0.002264749,0
5.0,80.0,17.0,-2.1882724e-06,1.5864965e-10,1.259562e-05,-1.4797639,-0.05780665,1.0,1.0,2.0,1.0,1.0,2.2432244e-11,3.9933803e-12,400.0,85.0,1.9831207e-12,9.332333e-12,1
1.0,209.0,210.0,-5.8042096e-06,2.2828398e-10,1.510907e-05,-1.0094025,-0.26592663,2.0,2.0,2.0,2.0,2.0,3.4101708e-11,9.9686356e-11,209.0,210.0,1.0922679e-12,1.0870665e-12,1
5.0,250.0,43.0,5.071793e-06,4.3865253e-10,2.0944033e-05,-1.3948282,-0.3634895,1.0,1.0,1.0,2.0,2.0,1.6657469e-11,1.1186018e-11,3050.0,215.0,1.7546101e-12,1.0201222e-11,1
1.0,193.0,194.0,-3.7372765e-06,8.1664436e-10,2.857699e-05,-1.4758694,-0.016484793,1.0,1.0,1.0,45.0,62.0,3.1669333e-12,6.0617453e-12,193.0,194.0,4.231318e-12,4.209507e-12,0
5.0,80.0,17.0,1.3849005e-06,1.7213683e-10,1.3120092e-05,-1.4658158,-0.08828611,1.0,1.0,2.0,1.0,2.0,2.5368877e-11,3.9958267e-12,400.0,85.0,2.1517105e-12,1.0125695e-11,0
5.0,90.0,19.0,-2.9114642e-06,3.7013823e-10,1.9238976e-05,-1.5101308,0.047806207,1.0,1.0,2.0,1.0,2.0,4.47725e-11,1.0602178e-11,450.0,95.0,4.112647e-12,1.9480959e-11,0
1.0,556.0,557.0,9.700626e-07,6.0753497e-10,2.4648223e-05,-1.4291537,0.06968624,1.0,1.0,1.0,159.0,181.0,2.9387796e-13,6.0693003e-13,556.0,557.0,1.0926888e-12,1.090727e-12,0
1.0,300.0,301.0,0.001448343,1.2861338e-05,0.0035862708,4.05522,2.3374991,7.0,1.0,1.0,14.0,17.0,9.308226e-07,2.7084143e-06,300.0,301.0,4.287113e-08,4.27287e-08,0
5.0,170.0,35.0,-3.085101e-06,5.862609e-11,7.656768e-06,-1.435701,0.029088832,1.0,1.0,1.0,6.0,10.0,2.3318086e-12,9.90289e-13,850.0,175.0,3.4485934e-13,1.6750311e-12,0
5.0,236.0,48.0,-3.721768e-07,2.3903396e-10,1.5460724e-05,-1.4614373,-0.01108772,1.0,1.0,1.0,6.0,15.0,4.501798e-12,1.0391988e-12,1186.0,240.0,1.0128558e-12,4.9798746e-12,0
5.0,45.0,10.0,1.0367624,0.017025623,0.13048227,-1.0779407,-0.33469227,1.0,1.0,1.0,1.0,0.0,0.00513983,0.001694646,225.0,50.0,0.00037834718,0.0017025623,0
1.0,480.0,481.0,1.2177035e-05,5.308743e-10,2.304071e-05,-1.2516925,-0.12511465,1.0,1.0,1.0,121.0,137.0,2.272475e-12,6.5511108e-12,666.0,481.0,1.105988e-12,1.1036888e-12,0
1.0,168.0,170.0,-3.978198e-06,6.599194e-10,2.5688896e-05,-1.1880322,-0.01017437,2.0,2.0,1.0,1.0,3.0,2.9631717e-11,7.397554e-11,232.0,170.0,3.928092e-12,3.8818788e-12,1
1.0,203.0,186.0,0.044852924,0.0032153558,0.056704108,-0.9771592,0.7820199,2.0,1.0,1.0,17.0,27.0,3.0730364e-05,5.320819e-05,259.0,186.0,1.5839192e-05,1.728686e-05,1
5.0,355.0,72.0,0.3586827,0.15987928,0.3998491,-1.2460077,0.6023553,1.0,1.0,1.0,4.0,6.0,0.0018677016,0.0005689302,1775.0,360.0,0.0004503642,0.0022205457,1
1.0,685.0,687.0,5.635407e-06,4.0684928e-10,2.0170506e-05,-1.0062349,-0.6072766,1.0,1.0,1.0,211.0,230.0,3.0318041e-13,7.7896343e-13,939.0,687.0,5.9394053e-13,5.9221145e-13,0
5.0,215.0,44.0,0.22732747,0.049094155,0.22157201,-1.4270216,0.4370235,1.0,1.0,1.0,1.0,9.0,0.001316742,0.00019235902,1075.0,220.0,0.0002283449,0.0011157762,0
1.0,195.0,196.0,-4.6391892e-06,2.2115026e-10,1.48711215e-05,-1.5240314,0.03878033,2.0,1.0,1.0,19.0,31.0,1.6658833e-12,4.310103e-12,213.0,196.0,1.1341039e-12,1.1283177e-12,0
5.0,240.0,49.0,-4.0813748e-06,2.6730343e-10,1.6349417e-05,-1.3968092,0.03101205,1.0,1.0,1.0,7.0,14.0,4.743423e-12,9.646624e-13,1200.0,245.0,1.1137644e-12,5.4551723e-12,0
5.0,295.0,37.0,-3.7107024e-05,4.41611e-11,6.6453817e-06,-1.2837921,0.3522458,1.0,1.0,0.0,2.0,2.0,6.50459e-12,1.3006117e-11,15275.0,185.0,1.4969864e-13,1.1935432e-12,1
5.0,450.0,91.0,0.4794448,0.16844149,0.41041625,-1.4668158,0.2567121,1.0,1.0,1.0,10.0,22.0,0.00094282016,0.00023084354,2250.0,455.0,0.00037431443,0.0018510054,0
5.0,185.0,38.0,-3.6464156e-05,2.5401845e-10,1.5937956e-05,1.3747324,1.8012971,6.0,3.0,1.0,5.0,9.0,6.221187e-10,1.7903627e-09,925.0,190.0,1.3730728e-12,6.684696e-12,1
5.0,95.0,20.0,1.311647e-05,4.9099175e-10,2.2158334e-05,-0.7153421,-0.5061757,1.0,1.0,1.0,1.0,5.0,4.713093e-11,1.0624362e-11,475.0,100.0,5.168334e-12,2.4549588e-11,0
5.0,615.0,124.0,-1.4806639e-05,2.953053e-10,1.718445e-05,-1.3759989,0.021566302,1.0,1.0,1.0,37.0,39.0,9.418431e-13,7.757546e-13,3075.0,620.0,4.8017124e-13,2.3814943e-12,0
5.0,75.0,16.0,2.9034413e-06,7.932031e-10,2.8163862e-05,-1.441096,-0.11388522,1.0,1.0,2.0,1.0,1.0,1.3020418e-10,1.44910655e-11,375.0,80.0,1.0576042e-11,4.9575195e-11,0
1.0,513.0,514.0,4.173001e-07,1.7334015e-10,1.3165871e-05,-0.85952425,0.30599725,1.0,1.0,1.0,4.0,2.0,1.1309736e-12,2.510247e-12,707.0,514.0,3.3789502e-13,3.3723764e-13,1
5.0,620.0,125.0,0.409115,0.17558719,0.41903126,-1.3942633,0.45796296,1.0,1.0,1.0,14.0,23.0,0.0006090048,0.00015951032,3100.0,625.0,0.00028320515,0.0014046975,0
5.0,80.0,17.0,-1.230171e-05,4.1038322e-11,6.406116e-06,-1.488706,-0.083419435,1.0,1.0,0.0,2.0,6.0,6.4149085e-12,2.802386e-12,400.0,85.0,5.1297904e-13,2.414019e-12,0
1.0,199.0,200.0,2.9080754e-06,7.718211e-10,2.7781669e-05,-1.4949019,0.018579552,1.0,1.0,1.0,42.0,45.0,1.4196994e-12,1.8345575e-12,277.0,200.0,3.878498e-12,3.8591053e-12,0
5.0,235.0,40.0,-2.0241685e-06,4.4293805e-10,2.1046093e-05,0.43965575,0.801751,3.0,1.0,1.0,3.0,3.0,2.5620697e-10,8.6102214e-10,2975.0,200.0,1.8848428e-12,1.1073451e-11,1
5.0,175.0,36.0,1.1682338e-05,3.8494202e-10,1.961994e-05,-1.4796127,-0.018014487,1.0,1.0,1.0,3.0,9.0,1.2646308e-11,2.7526935e-12,875.0,180.0,2.1996686e-12,1.0692834e-11,0
5.0,405.0,82.0,0.59456396,0.15984401,0.39980495,-1.4882658,0.12721531,1.0,1.0,1.0,10.0,29.0,0.0010347212,0.00014019551,2025.0,410.0,0.00039467658,0.0019493172,1
5.0,225.0,46.0,0.3610269,0.15644318,0.39552897,-1.0139195,0.7437915,1.0,1.0,1.0,2.0,4.0,0.0045689684,0.0006846735,1125.0,230.0,0.000695303,0.0034009386,1
1.0,203.0,204.0,1.5210468e-06,1.278085e-10,1.1305242e-05,-1.4727384,-0.06189774,1.0,1.0,1.0,58.0,66.0,4.017285e-13,7.7181143e-13,225.0,204.0,6.2959853e-13,6.2651224e-13,0
1.0,182.0,183.0,-6.476712e-06,4.3731388e-10,2.0912052e-05,-1.49312,-0.030117854,1.0,1.0,1.0,52.0,57.0,7.1447974e-13,5.828696e-13,254.0,183.0,2.4028236e-12,2.3896933e-12,0
1.0,178.0,179.0,-1.8588908e-06,1.89712e-10,1.3773598e-05,-0.12707116,-0.3417236,2.0,2.0,2.0,1.0,1.0,3.4929053e-11,6.97497e-11,178.0,179.0,1.0657977e-12,1.0598435e-12,1
5.0,220.0,45.0,1.521802e-07,7.390831e-10,2.7186083e-05,-1.3149351,-0.051378623,1.0,1.0,1.0,1.0,14.0,1.2984973e-11,1.0127812e-12,1100.0,225.0,3.3594687e-12,1.6424069e-11,0
5.0,265.0,54.0,0.21631144,0.09753323,0.31230313,-0.41296187,1.0976473,1.0,1.0,1.0,1.0,5.0,0.0028596898,0.00023374794,1325.0,270.0,0.00036804995,0.001806171,0
5.0,235.0,48.0,1.7989269e-06,1.414248e-10,1.1892216e-05,-1.4602085,-0.014290927,1.0,1.0,1.0,11.0,16.0,2.6765701e-12,7.022372e-13,1175.0,240.0,6.0180767e-13,2.94635e-12,1
5.0,335.0,68.0,0.12465797,0.019646037,0.14016433,-0.8186914,0.87939024,1.0,1.0,1.0,3.0,6.0,0.00037428207,0.00018577697,1675.0,340.0,5.8644888e-05,0.00028891233,0
5.0,95.0,20.0,1.7606905e-06,5.9517097e-10,2.4396126e-05,-1.4901711,0.13313328,1.0,1.0,2.0,1.0,5.0,6.883549e-11,1.7195433e-11,475.0,100.0,6.2649577e-12,2.975855e-11,0
5.0,385.0,78.0,0.6464485,0.112654656,0.33564067,-1.4507277,0.1381179,1.0,1.0,1.0,7.0,24.0,0.00078576274,7.490725e-05,1925.0,390.0,0.0002926095,0.0014442904,0
5.0,221.0,45.0,-1.5839772e-06,5.019947e-10,2.2405238e-05,-1.4850366,0.010751052,1.0,1.0,1.0,4.0,15.0,1.0383809e-11,1.3763204e-12,1125.0,225.0,2.2714693e-12,1.11554386e-11,1
5.0,90.0,19.0,1.0965715e-05,3.7190892e-10,1.928494e-05,-1.1206949,-0.13787279,1.0,1.0,2.0,2.0,3.0,5.0739614e-11,1.3710941e-11,450.0,95.0,4.1323212e-12,1.9574153e-11,0
5.0,225.0,46.0,9.770738e-06,7.2681533e-10,2.6959513e-05,-1.290461,-0.07067563,1.0,1.0,1.0,4.0,17.0,1.3918617e-11,1.8500796e-12,1125.0,230.0,3.2302904e-12,1.5800333e-11,0
1.0,236.0,223.0,0.2802513,0.09214286,0.30355042,-1.0279049,0.7541139,1.0,1.0,1.0,30.0,39.0,0.00015397996,9.9903635e-05,328.0,223.0,0.00039043583,0.00041319666,1
1.0,297.0,290.0,0.19657114,0.05384522,0.23204572,-0.6250519,0.9292089,1.0,1.0,1.0,27.0,41.0,9.39451e-05,8.8437104e-05,339.0,290.0,0.00018129703,0.00018567317,0
1.0,175.0,176.0,-5.4819334e-06,3.9679612e-10,1.9919742e-05,-1.4874514,0.016129287,1.0,1.0,1.0,48.0,61.0,7.009598e-13,5.603671e-13,245.0,176.0,2.2674065e-12,2.2545236e-12,0
5.0,250.0,51.0,-9.55185e-07,2.5473246e-10,1.596034e-05,-1.2598928,-0.17472,1.0,1.0,1.0,8.0,16.0,4.1096774e-12,1.2181505e-12,1250.0,255.0,1.0189298e-12,4.9947537e-12,1
1.0,255.0,256.0,-3.749101e-07,2.2769468e-10,1.5089556e-05,-1.428218,-0.07202255,1.0,1.0,1.0,41.0,48.0,6.326151e-13,1.159788e-12,339.0,256.0,8.9292034e-13,8.8943235e-13,1
1.0,225.0,226.0,3.1613027e-07,3.3832082e-10,1.8393499e-05,-1.2414978,-0.011359905,2.0,2.0,1.0,8.0,15.0,3.9861972e-12,8.086356e-12,293.0,226.0,1.503648e-12,1.4969947e-12,1
5.0,130.0,27.0,0.048764776,0.0029298204,0.054127816,-0.9032983,0.70810264,2.0,1.0,1.0,2.0,2.0,0.0015985409,0.0030868242,650.0,135.0,2.253708e-05,0.00010851187,1
5.0,185.0,38.0,0.123780176,0.021761306,0.14751713,-1.37113,0.58842325,1.0,1.0,1.0,2.0,5.0,0.0014341812,0.0016080714,925.0,190.0,0.000117628675,0.00057266594,0
1.0,178.0,180.0,-3.84913e-06,6.640561e-10,2.5769286e-05,-1.495643,-0.0036867545,1.0,1.0,1.0,48.0,56.0,1.086661e-12,7.6835944e-13,248.0,180.0,3.7306525e-12,3.6892004e-12,0
5.0,75.0,16.0,6.174088e-08,6.8934475e-10,2.6255377e-05,-1.5049407,-0.037261464,1.0,1.0,2.0,1.0,0.0,1.1276773e-10,1.3546471e-11,375.0,80.0,9.191263e-12,4.3084047e-11,0
1.0,186.0,187.0,4.2481297e-06,4.9850746e-10,2.2327282e-05,-1.4220387,-0.08965819,1.0,1.0,1.0,37.0,47.0,1.6159219e-12,2.6213578e-12,186.0,187.0,2.6801478e-12,2.6658155e-12,0
5.0,100.0,21.0,-2.9044666e-06,4.322266e-10,2.079006e-05,-1.5143414,-0.009903305,1.0,1.0,2.0,1.0,4.0,4.102899e-11,5.4717637e-12,500.0,105.0,4.322266e-12,2.0582218e-11,0
5.0,220.0,45.0,0.14800432,0.033830866,0.1839317,-1.0554326,0.77012736,1.0,1.0,1.0,3.0,5.0,0.001212806,0.00039342584,1100.0,225.0,0.00015377667,0.000751797,0
5.0,505.0,102.0,0.42967185,0.16020425,0.40025523,-1.2863691,0.52486515,1.0,1.0,1.0,7.0,20.0,0.0008338577,0.00016575104,2525.0,510.0,0.00031723615,0.0015706299,0
5.0,302.0,61.0,0.23300327,0.07573889,0.27520698,-1.2040826,0.6674135,1.0,1.0,1.0,1.0,6.0,0.0013487078,0.00035579444,1528.0,305.0,0.00025079102,0.0012416212,0
5.0,160.0,33.0,0.20596875,0.037414473,0.1934282,-1.4372413,0.3553851,1.0,1.0,1.0,1.0,1.0,0.0016685213,0.00022209022,800.0,165.0,0.00023384044,0.0011337718,0
5.0,185.0,38.0,0.1903434,0.05915657,0.24322124,-0.9692856,0.833903,1.0,1.0,1.0,1.0,7.0,0.0028372596,0.0003763091,925.0,190.0,0.00031976524,0.0015567519,0
1.0,289.0,276.0,0.36933786,0.17363298,0.4166929,-1.228869,0.61966276,2.0,1.0,1.0,33.0,49.0,0.00018059462,0.00014736217,357.0,276.0,0.00060080615,0.000629105,0
1.0,171.0,172.0,-8.532835e-07,1.1769918e-10,1.0848926e-05,-1.3013141,-0.15386586,2.0,2.0,1.0,1.0,3.0,3.399092e-12,6.5339227e-12,171.0,172.0,6.882993e-13,6.8429756e-13,1
5.0,95.0,20.0,0.122605436,0.009296568,0.09641871,-1.4252305,0.15827483,1.0,1.0,1.0,1.0,3.0,0.0011069096,0.0002994287,475.0,100.0,9.785861e-05,0.0004648284,0
1.0,180.0,181.0,-4.140156e-06,2.9247627e-10,1.7101938e-05,-1.4150007,-0.036088306,1.0,1.0,1.0,54.0,58.0,6.0210376e-13,7.5160163e-13,248.0,181.0,1.6248682e-12,1.615891e-12,1
1.0,449.0,450.0,4.5841357e-06,2.298256e-10,1.5160001e-05,-1.4114754,-0.003265587,2.0,2.0,1.0,39.0,70.0,1.717106e-12,4.4762098e-12,571.0,450.0,5.1186106e-13,5.1072357e-13,1
1.0,271.0,272.0,8.486808e-07,5.466024e-10,2.3379529e-05,-0.8870885,-0.13849795,2.0,2.0,2.0,3.0,6.0,2.4757597e-11,6.240985e-11,339.0,272.0,2.016983e-12,2.0095676e-12,1
5.0,75.0,16.0,-4.1127996e-06,4.2977522e-10,2.073102e-05,-1.4230506,-0.08231506,1.0,1.0,2.0,1.0,1.0,6.9496735e-11,1.12079105e-11,375.0,80.0,5.730336e-12,2.6860951e-11,0
1.0,175.0,176.0,5.2339988e-06,3.2201117e-10,1.794467e-05,-1.4329275,-0.06010893,1.0,1.0,1.0,51.0,58.0,6.9716243e-13,8.5049583e-13,243.0,176.0,1.840064e-12,1.829609e-12,0
1.0,195.0,196.0,0.26941925,0.09043848,0.3007299,-1.3166496,0.5854363,1.0,1.0,1.0,15.0,25.0,0.0001700252,0.00011031362,195.0,196.0,0.0004637871,0.00046142083,0
5.0,65.0,14.0,-2.4490072e-07,1.2131092e-10,1.1014124e-05,-0.26200628,-0.95981765,1.0,1.0,1.0,0.0,3.0,1.8645321e-11,4.423472e-12,325.0,70.0,1.8663218e-12,8.665065e-12,0
1.0,345.0,320.0,0.3749435,0.18450028,0.42953494,-1.1436557,0.6800012,1.0,1.0,1.0,12.0,17.0,0.00014549034,0.0001083887,477.0,320.0,0.0005347834,0.00057656335,0
1.0,176.0,177.0,1.867428e-06,4.1867187e-10,2.0461473e-05,-1.4198594,-0.0025247831,1.0,1.0,1.0,50.0,57.0,8.1771254e-13,8.271261e-13,244.0,177.0,2.3788174e-12,2.3653779e-12,0
5.0,465.0,80.0,7.535545e-06,5.7210836e-10,2.3918787e-05,-0.71588606,-0.5747516,1.0,1.0,1.0,4.0,8.0,3.738736e-12,2.9474576e-12,7575.0,400.0,1.2303406e-12,7.1513546e-12,0
5.0,985.0,198.0,-2.3036268e-06,3.842843e-10,1.960317e-05,1.7198641,0.7937532,6.0,3.0,1.0,6.0,8.0,1.4112111e-10,3.7332842e-10,4925.0,990.0,3.9013636e-13,1.9408299e-12,0
5.0,225.0,46.0,0.2209573,0.05521334,0.23497519,-1.4597882,0.4714169,1.0,1.0,1.0,1.0,10.0,0.0014220077,0.00015442508,1125.0,230.0,0.00024539264,0.00120029,0
1.0,492.0,493.0,5.8921637e-06,4.2539205e-10,2.0625035e-05,-0.6444999,0.18014419,2.0,2.0,2.0,13.0,23.0,6.286629e-12,1.2809248e-11,492.0,493.0,8.64618e-13,8.628642e-13,0
5.0,235.0,48.0,1.7903939e-06,9.73089e-10,3.1194373e-05,-1.0102632,0.10426975,3.0,1.0,1.0,2.0,5.0,2.2256343e-10,4.848705e-10,1175.0,240.0,4.1408045e-12,2.0272688e-11,1
5.0,250.0,51.0,1.8664549e-06,5.702208e-10,2.3879296e-05,-1.443251,-0.022484917,1.0,1.0,1.0,4.0,18.0,9.051201e-12,1.0286568e-12,1250.0,255.0,2.2808832e-12,1.11808e-11,0
5.0,80.0,17.0,-3.8916588e-07,6.2466415e-10,2.4993282e-05,-1.4563113,-0.11380213,1.0,1.0,2.0,1.0,0.0,8.9403415e-11,1.0028652e-11,400.0,85.0,7.808302e-12,3.6744947e-11,0
5.0,90.0,19.0,5.0333324e-07,3.6701578e-10,1.9157656e-05,-1.4298944,0.071472816,1.0,1.0,2.0,3.0,5.0,4.557072e-11,9.24915e-12,450.0,95.0,4.077953e-12,1.931662e-11,0
1.0,370.0,372.0,7.4283116e-07,2.0013048e-10,1.4146748e-05,-1.3625236,-0.09285276,2.0,2.0,2.0,3.0,12.0,1.285003e-12,2.6535729e-12,468.0,372.0,5.408932e-13,5.379852e-13,1
5.0,110.0,23.0,-4.0313084e-06,2.8395564e-10,1.6850983e-05,-0.44737887,-0.38387355,1.0,1.0,0.0,4.0,3.0,4.5974856e-11,7.944307e-11,550.0,115.0,2.581415e-12,1.2345897e-11,1
5.0,815.0,164.0,7.5055397e-07,2.1846712e-10,1.4780633e-05,-0.8110488,-0.3093539,1.0,1.0,1.0,50.0,54.0,5.7792145e-13,6.635988e-13,4075.0,820.0,2.6805782e-13,1.3321166e-12,0
5.0,460.0,93.0,-1.001362e-06,9.423434e-10,3.069761e-05,-1.4713005,0.111021794,1.0,1.0,1.0,6.0,9.0,5.461244e-12,3.3757103e-12,2300.0,465.0,2.0485727e-12,1.01327245e-11,0
5.0,202.0,41.0,-3.91373e-06,4.0191767e-10,2.0047884e-05,-1.0030676,-0.45144424,1.0,1.0,1.0,3.0,13.0,7.622132e-12,7.2678707e-13,1038.0,205.0,1.9896914e-12,9.80287e-12,0
1.0,189.0,190.0,7.017154e-06,7.6165274e-10,2.7598056e-05,-1.0739005,-0.31490108,1.0,1.0,1.0,58.0,68.0,1.0784858e-12,1.1094435e-12,265.0,190.0,4.0299084e-12,4.0086983e-12,0
5.0,580.0,117.0,3.7357129e-06,2.8354405e-10,1.6838767e-05,-1.1200132,0.087769054,3.0,1.0,1.0,2.0,5.0,1.5804899e-11,3.0591703e-11,2900.0,585.0,4.8886904e-13,2.4234534e-12,1
1.0,230.0,231.0,0.31187576,0.16702278,0.40868422,-0.8280399,0.8928617,1.0,1.0,1.0,21.0,22.0,0.0003231484,0.0002930672,230.0,231.0,0.00072618603,0.00072304235,0
5.0,75.0,16.0,-5.54218e-06,4.1766693e-10,2.04369e-05,-1.4256636,-0.09662049,1.0,1.0,2.0,1.0,1.0,6.564248e-11,9.544351e-12,375.0,80.0,5.5688926e-12,2.6104183e-11,0
5.0,275.0,56.0,0.22837007,0.03591538,0.18951353,-1.3224943,0.1805405,1.0,1.0,1.0,2.0,12.0,0.00085225905,0.00011971229,1375.0,280.0,0.00013060139,0.00064134604,1
1.0,322.0,280.0,0.22930267,0.13034756,0.36103678,-0.0742175,1.2495065,1.0,1.0,1.0,12.0,19.0,0.00020617826,0.00010127074,448.0,280.0,0.00040480608,0.000465527,0
5.0,55.0,12.0,0.86892223,0.014522051,0.12050747,-0.7975821,-0.41499656,1.0,1.0,1.0,2.0,1.0,0.003910652,0.0019926166,275.0,60.0,0.00026403728,0.0012101709,1
1.0,267.0,239.0,0.26559937,0.1230771,0.35082346,-0.8551181,0.893038,2.0,1.0,1.0,19.0,25.0,0.00020429329,0.00014350003,369.0,239.0,0.0004609629,0.00051496696,1
1.0,207.0,208.0,-2.9092896e-06,4.3832304e-10,2.0936166e-05,-0.75789094,-0.65580595,2.0,2.0,2.0,6.0,11.0,5.7865388e-12,1.2057197e-11,207.0,208.0,2.1175026e-12,2.1073223e-12,1
5.0,225.0,46.0,4.1024514e-06,5.657557e-10,2.378562e-05,-0.85388404,-0.6573684,1.0,1.0,1.0,5.0,13.0,6.324514e-12,9.0463596e-13,1125.0,230.0,2.5144698e-12,1.2299037e-11,0
5.0,75.0,16.0,-1.250772e-07,1.4056047e-10,1.185582e-05,-1.4199269,-0.17251706,1.0,1.0,2.0,2.0,2.0,2.3451742e-11,3.625974e-12,375.0,80.0,1.8741395e-12,8.785029e-12,0
1.0,189.0,190.0,-3.5433688e-06,4.1343987e-10,2.033322e-05,-1.4960499,-0.0042213993,1.0,1.0,1.0,61.0,65.0,6.740231e-13,6.543541e-13,265.0,190.0,2.1875125e-12,2.1759994e-12,0
5.0,290.0,57.0,0.27071947,0.09169772,0.3028163,-0.45793232,1.048542,1.0,1.0,1.0,3.0,5.0,0.002367426,0.0003527661,1600.0,285.0,0.00031619903,0.0016087319,0
1.0,312.0,314.0,-6.2659874e-06,6.566076e-10,2.5624357e-05,-1.5111727,0.04238993,1.0,1.0,1.0,87.0,105.0,5.4410887e-13,8.3954203e-13,426.0,314.0,2.1045117e-12,2.091107e-12,1
1.0,201.0,202.0,1.0183377e-06,3.6778547e-10,1.9177734e-05,-0.9139039,-0.4742774,1.0,1.0,1.0,43.0,53.0,1.5282867e-12,3.3704899e-12,201.0,202.0,1.8297785e-12,1.82072e-12,1
5.0,85.0,18.0,-2.9781395e-07,1.8137361e-10,1.3467502e-05,-1.5156012,-0.015643546,1.0,1.0,2.0,1.0,2.0,2.3474769e-11,3.3886516e-12,425.0,90.0,2.1338072e-12,1.0076311e-11,1
5.0,1335.0,268.0,-1.0750317e-05,4.973177e-10,2.2300621e-05,-1.474116,-0.12875243,1.0,1.0,1.0,80.0,90.0,4.967067e-13,6.22395e-13,6675.0,1340.0,3.725226e-13,1.855663e-12,1
5.0,510.0,103.0,0.36805,0.14497046,0.38074985,-1.3637713,0.46985918,1.0,1.0,1.0,10.0,27.0,0.00072841585,9.669902e-05,2550.0,515.0,0.0002842558,0.0014074801,0
5.0,100.0,21.0,2.613789e-06,5.822326e-10,2.4129497e-05,-1.4901586,-0.025602147,1.0,1.0,2.0,1.0,2.0,5.4610143e-11,4.4391977e-12,500.0,105.0,5.822326e-12,2.7725362e-11,0
5.0,70.0,15.0,-8.75586e-07,2.7880293e-10,1.6697393e-05,-1.4237698,-0.09826423,1.0,1.0,2.0,1.0,1.0,5.0036638e-11,6.719649e-12,350.0,75.0,3.982899e-12,1.8586861e-11,1
5.0,50.0,11.0,0.9538949,0.013930718,0.11802846,-1.0896182,-0.24797745,1.0,1.0,1.0,1.0,0.0,0.0044120015,0.00082424184,250.0,55.0,0.00027861437,0.001266429,0
5.0,215.0,44.0,0.21367118,0.07713573,0.2777332,-0.8100082,0.92687285,1.0,1.0,1.0,1.0,7.0,0.0030068108,0.0003551482,1075.0,220.0,0.00035877083,0.0017530847,0
1.0,537.0,539.0,-2.1072137e-06,6.8818695e-10,2.6233318e-05,-1.3862666,0.16108933,3.0,2.0,2.0,2.0,2.0,2.0216967e-11,5.8201617e-11,729.0,539.0,1.28154e-12,1.2767848e-12,1
5.0,75.0,16.0,-7.807917e-06,4.2119763e-10,2.05231e-05,-1.4753634,-0.027797414,1.0,1.0,2.0,1.0,3.0,6.822508e-11,8.744538e-12,375.0,80.0,5.6159686e-12,2.6324852e-11,1
5.0,260.0,53.0,-3.0270328e-06,2.2914408e-10,1.5137505e-05,-1.3441539,0.1536954,2.0,1.0,1.0,3.0,2.0,1.355549e-11,2.6215101e-11,1300.0,265.0,8.8132333e-13,4.323473e-12,0
5.0,205.0,42.0,0.29254732,0.121841505,0.34905803,-1.0816412,0.7375743,1.0,1.0,1.0,1.0,6.0,0.004222298,0.00032807334,1025.0,210.0,0.0005943488,0.0029009883,0
5.0,145.0,30.0,-7.758708e-06,2.1643999e-11,4.652311e-06,-0.96200275,-0.28607437,1.0,1.0,0.0,7.0,9.0,8.9996554e-13,5.8106796e-13,725.0,150.0,1.4926896e-13,7.214666e-13,0
1.0,215.0,209.0,0.2654297,0.074566446,0.27306858,-1.2207371,0.61949533,1.0,1.0,1.0,29.0,31.0,0.0001413253,0.000116761345,271.0,209.0,0.00034682069,0.00035677725,1
5.0,235.0,48.0,3.260942e-07,5.469973e-10,2.3387973e-05,-1.1210396,-0.27088335,1.0,1.0,1.0,5.0,15.0,7.826888e-12,7.4358076e-13,1175.0,240.0,2.327648e-12,1.1395777e-11,1
5.0,85.0,18.0,-4.8483887e-08,3.9363404e-10,1.9840212e-05,-1.4506258,0.04055684,1.0,1.0,2.0,2.0,3.0,5.8217584e-11,2.868052e-11,425.0,90.0,4.6309887e-12,2.1868557e-11,0
5.0,470.0,95.0,0.5874936,0.15371905,0.39207023,-1.4370424,0.20356454,1.0,1.0,1.0,8.0,28.0,0.00073120097,8.179348e-05,2350.0,475.0,0.00032706183,0.0016180953,0
5.0,75.0,16.0,-1.0561675e-06,3.6538786e-10,1.9115121e-05,-1.5427767,-0.02051943,1.0,1.0,2.0,1.0,4.0,6.0422056e-11,1.0070888e-11,375.0,80.0,4.871838e-12,2.2836741e-11,0
1.0,202.0,204.0,6.5901713e-06,7.368607e-10,2.7145177e-05,-1.416051,-0.009546089,1.0,1.0,1.0,42.0,42.0,1.6707309e-12,3.0526937e-12,280.0,204.0,3.647825e-12,3.6120623e-12,0
5.0,210.0,43.0,-1.7637263e-05,4.232999e-10,2.0574253e-05,-1.5231397,-0.045963027,1.0,1.0,1.0,3.0,13.0,9.54624e-12,1.0209378e-12,1050.0,215.0,2.0157138e-12,9.844184e-12,0
5.0,75.0,16.0,1.7111183e-06,4.8642934e-10,2.2055143e-05,-1.4726263,-0.08700029,1.0,1.0,2.0,1.0,1.0,7.9396906e-11,9.493008e-12,375.0,80.0,6.4857247e-12,3.0401834e-11,1
5.0,201.0,41.0,-1.1121746e-06,4.946695e-10,2.2241167e-05,-1.479203,-0.06516722,1.0,1.0,1.0,5.0,13.0,1.25238205e-11,1.7214304e-12,1015.0,205.0,2.4610424e-12,1.206511e-11,0
5.0,235.0,48.0,-4.191118e-06,1.4017537e-10,1.1839568e-05,-1.2925656,-0.08686317,1.0,1.0,1.0,6.0,15.0,2.4712584e-12,5.556528e-13,1175.0,240.0,5.9649096e-13,2.9203202e-12,1
1.0,205.0,206.0,-7.2796497e-06,5.213074e-10,2.2832157e-05,-1.4054538,-0.054010797,1.0,1.0,1.0,56.0,65.0,8.3209817e-13,9.900839e-13,205.0,206.0,2.5429628e-12,2.5306183e-12,1
1.0,330.0,314.0,0.41159588,0.19214329,0.43834153,-1.2576239,0.56517196,2.0,1.0,1.0,31.0,33.0,0.000163525,0.0001771125,420.0,314.0,0.0005822524,0.0006119213,0
1.0,184.0,185.0,6.311814e-08,7.821093e-10,2.7966218e-05,-1.4898144,-0.016411185,1.0,1.0,1.0,47.0,58.0,1.4779796e-12,1.47237e-12,184.0,185.0,4.2505942e-12,4.227618e-12,0
1.0,278.0,279.0,2.0047935e-06,4.310031e-10,2.0760614e-05,-1.4872429,0.032546684,1.0,1.0,1.0,85.0,93.0,4.3122754e-13,6.3914553e-13,382.0,279.0,1.5503708e-12,1.544814e-12,0
5.0,515.0,104.0,2.667648e-05,2.1459011e-10,1.4648895e-05,-1.1671839,-0.21316025,1.0,1.0,1.0,25.0,30.0,8.261627e-13,7.120211e-13,2575.0,520.0,4.1667985e-13,2.0633664e-12,0
1.0,413.0,413.0,2.0823031e-06,5.094468e-10,2.257093e-05,-1.4692087,0.017055156,1.0,1.0,1.0,116.0,139.0,3.3141052e-13,5.969693e-13,439.0,413.0,1.2335275e-12,1.2335275e-12,0
5.0,75.0,16.0,1.2166772e-05,4.2717288e-10,2.0668162e-05,-1.4276079,-0.15676567,1.0,1.0,2.0,1.0,3.0,7.047705e-11,1.1273152e-11,375.0,80.0,5.6956384e-12,2.6698305e-11,0
5.0,1115.0,224.0,1.533264e-05,3.196048e-10,1.7877494e-05,1.5847303,0.65177286,12.0,4.0,3.0,12.0,21.0,2.474554e-10,7.053768e-10,5575.0,1120.0,2.8664107e-13,1.426807e-12,1
5.0,210.0,43.0,-2.747564e-06,3.5908632e-10,1.8949573e-05,-1.5006111,0.01010909,1.0,1.0,1.0,5.0,15.0,8.2898315e-12,1.0986689e-12,1050.0,215.0,1.7099348e-12,8.350844e-12,0
1.0,203.0,204.0,-2.4286408e-06,4.3567153e-10,2.0872747e-05,-0.62135845,-0.6428609,1.0,1.0,1.0,11.0,12.0,3.2709237e-12,7.848802e-12,203.0,204.0,2.1461652e-12,2.1356447e-12,1
1.0,177.0,178.0,-3.2549026e-06,6.183475e-10,2.4866595e-05,-1.4847687,-0.018956209,1.0,1.0,1.0,54.0,60.0,1.0289784e-12,7.7352653e-13,239.0,178.0,3.4934887e-12,3.4738623e-12,0
1.0,233.0,219.0,0.31104723,0.106334254,0.32608932,-1.1368464,0.6883225,1.0,1.0,1.0,8.0,13.0,0.00037338107,0.00052555697,419.0,219.0,0.00045637018,0.00048554453,1
5.0,75.0,16.0,9.284875e-06,7.0505807e-10,2.6552929e-05,-1.3767686,-0.09815388,1.0,1.0,2.0,2.0,2.0,1.117326e-10,2.344405e-11,375.0,80.0,9.4007736e-12,4.406613e-11,0
5.0,225.0,46.0,3.6044796e-06,4.1568304e-10,2.0388306e-05,-1.2310427,-0.22966237,1.0,1.0,1.0,1.0,16.0,7.463885e-12,5.7238605e-13,1125.0,230.0,1.8474803e-12,9.036588e-12,1
5.0,105.0,22.0,-1.0016337e-06,2.1502398e-10,1.4663696e-05,-1.530709,-0.012399085,1.0,1.0,2.0,1.0,6.0,1.882685e-11,2.2062174e-12,525.0,110.0,2.0478474e-12,9.773817e-12,0
5.0,225.0,46.0,2.6227285e-06,3.9709858e-10,1.9927333e-05,-1.3231264,-0.10547875,1.0,1.0,1.0,7.0,16.0,7.45216e-12,1.2406774e-12,1145.0,230.0,1.7648826e-12,8.632578e-12,0
5.0,200.0,41.0,0.27637553,0.11778461,0.3431976,-1.0629685,0.76400626,1.0,1.0,1.0,1.0,6.0,0.0047472217,0.0011058624,1000.0,205.0,0.00058892305,0.0028727953,0
5.0,220.0,45.0,7.213407e-06,5.2105237e-10,2.2826573e-05,-1.4976287,-0.0017170857,1.0,1.0,1.0,6.0,14.0,1.0836618e-11,1.6412924e-12,1100.0,225.0,2.36842e-12,1.1578942e-11,0
1.0,292.0,286.0,0.4186408,0.15969165,0.39961436,-1.2193737,0.58430624,1.0,1.0,1.0,40.0,48.0,0.00014908913,0.00013339557,392.0,286.0,0.0005468892,0.0005583624,0
5.0,230.0,47.0,7.423791e-06,6.406054e-10,2.5310184e-05,-0.81589365,-0.58095264,1.0,1.0,1.0,2.0,15.0,8.664594e-12,6.7314513e-13,1150.0,235.0,2.785241e-12,1.3629902e-11,1
1.0,302.0,285.0,0.2108394,0.069528475,0.2636825,-1.0168407,0.80438113,2.0,1.0,1.0,16.0,24.0,0.0001240946,0.0001668972,402.0,285.0,0.00023022674,0.00024395956,0
5.0,80.0,17.0,3.7402328e-06,4.0286624e-10,2.0071528e-05,-1.3822806,-0.03875242,1.0,1.0,2.0,2.0,4.0,5.4587977e-11,1.3454288e-11,400.0,85.0,5.035828e-12,2.3698014e-11,0
5.0,215.0,44.0,5.600304e-06,7.7349915e-10,2.7811851e-05,-1.4203019,-0.028547177,1.0,1.0,1.0,6.0,16.0,1.637088e-11,1.8964767e-12,1075.0,220.0,3.5976703e-12,1.7579526e-11,0
5.0,805.0,162.0,0.28719348,0.12176506,0.3489485,-1.1905116,0.7031303,1.0,1.0,1.0,13.0,24.0,0.00030953958,4.9311144e-05,4025.0,810.0,0.00015126095,0.00075163617,0
5.0,80.0,17.0,0.15157422,0.016523987,0.12854566,-1.3275827,0.30881512,1.0,1.0,1.0,1.0,1.0,0.0026336946,0.0007531362,400.0,85.0,0.00020654984,0.00097199925,0
5.0,640.0,129.0,1.9365343e-05,4.0269627e-10,2.0067293e-05,-1.0390216,-0.33185184,1.0,1.0,1.0,37.0,43.0,1.2259814e-12,9.580169e-13,3200.0,645.0,6.2921294e-13,3.1216765e-12,0
1.0,240.0,241.0,-1.6662615e-06,8.9643437e-10,2.9940515e-05,-1.4932835,-0.016440231,1.0,1.0,1.0,66.0,77.0,9.845303e-13,1.027406e-12,240.0,241.0,3.7351433e-12,3.719645e-12,0
1.0,232.0,233.0,-1.3023825e-07,5.059907e-10,2.2494236e-05,-1.366334,-0.11004475,2.0,2.0,2.0,2.0,3.0,6.984613e-12,1.3197843e-11,232.0,233.0,2.1809943e-12,2.1716337e-12,1
5.0,230.0,47.0,0.22845177,0.076739244,0.2770185,-1.109287,0.72903526,1.0,1.0,1.0,4.0,6.0,0.0023662436,0.0007957022,1150.0,235.0,0.0003336489,0.0016327499,0
5.0,105.0,22.0,5.3951226e-07,6.0632255e-10,2.4623618e-05,-1.492239,-0.0011628746,1.0,1.0,2.0,2.0,4.0,5.259391e-11,6.860087e-12,525.0,110.0,5.7745007e-12,2.7560116e-11,0
5.0,325.0,66.0,0.22552054,0.10715497,0.32734534,-0.25922945,1.1593759,1.0,1.0,1.0,2.0,6.0,0.0022785,0.00041240282,1625.0,330.0,0.0003297076,0.0016235602,1
5.0,370.0,75.0,0.64056927,0.086606085,0.2942891,-1.4323856,0.015467356,1.0,1.0,1.0,11.0,21.0,0.00064599444,8.468366e-05,1850.0,375.0,0.00023407051,0.0011547478,0
5.0,85.0,18.0,7.0336573e-06,6.0280025e-10,2.4551991e-05,-1.0956804,-0.20455857,1.0,1.0,2.0,2.0,3.0,7.3281714e-11,1.39251275e-11,425.0,90.0,7.0917677e-12,3.3488903e-11,0
1.0,283.0,252.0,0.23510614,0.10419123,0.32278666,-0.671024,0.9875014,3.0,1.0,1.0,16.0,28.0,0.0001873184,0.00015448594,377.0,252.0,0.0003681669,0.00041345728,1
5.0,90.0,19.0,3.4800298e-06,2.9653047e-10,1.722006e-05,-1.3947401,-0.036241006,1.0,1.0,2.0,2.0,7.0,3.61744e-11,9.378469e-12,450.0,95.0,3.294783e-12,1.5606866e-11,0
1.0,221.0,222.0,0.29746017,0.107820444,0.32836023,-1.2732681,0.6158718,1.0,1.0,1.0,20.0,29.0,0.00017206083,0.00012997449,221.0,222.0,0.00048787534,0.00048567768,0
5.0,70.0,15.0,-4.8384986e-06,9.1383484e-11,9.5594705e-06,-0.30640343,-0.8524754,1.0,1.0,1.0,1.0,4.0,1.142164e-11,1.926139e-12,350.0,75.0,1.3054783e-12,6.092232e-12,1
5.0,85.0,18.0,2.4182566e-06,4.7484494e-10,2.1790936e-05,-1.4779605,0.004924733,1.0,1.0,2.0,1.0,4.0,6.191885e-11,8.629515e-12,425.0,90.0,5.586411e-12,2.6380275e-11,0
1.0,503.0,504.0,1.7777364e-05,2.906435e-10,1.7048269e-05,-1.3672849,-0.14030793,2.0,1.0,1.0,82.0,102.0,1.5140488e-12,3.6245505e-12,503.0,504.0,5.7782007e-13,5.7667364e-13,0
1.0,271.0,262.0,0.23912013,0.11623735,0.34093598,-0.5557254,1.0463586,1.0,1.0,1.0,19.0,30.0,0.00016566536,6.936057e-05,303.0,262.0,0.0004289201,0.000443654,0
5.0,386.0,78.0,6.698902e-06,2.8124952e-10,1.6770497e-05,-1.028291,-0.40660086,1.0,1.0,1.0,16.0,25.0,1.7447134e-12,5.694475e-13,1936.0,390.0,7.286257e-13,3.6057633e-12,1
1.0,182.0,183.0,1.7306312e-06,1.6294646e-10,1.2765048e-05,-1.4864119,0.013171721,1.0,1.0,1.0,51.0,58.0,4.66967e-13,7.317834e-13,182.0,183.0,8.9531025e-13,8.9041784e-13,0
5.0,240.0,49.0,3.5941778e-06,8.475837e-10,2.9113291e-05,-1.4930563,0.046799634,1.0,1.0,1.0,5.0,16.0,1.4715064e-11,1.8480115e-12,1200.0,245.0,3.5315988e-12,1.7297627e-11,1
5.0,215.0,44.0,0.36085284,0.1763189,0.41990346,-1.1431892,0.67924553,1.0,1.0,1.0,3.0,6.0,0.005882547,0.0021332786,1093.0,220.0,0.0008200879,0.0040072477,1
5.0,75.0,16.0,5.3105787e-06,1.9946926e-10,1.4123359e-05,-1.4468106,-0.08408169,1.0,1.0,2.0,2.0,3.0,3.5022228e-11,1.1894293e-11,375.0,80.0,2.65959e-12,1.2466829e-11,1
5.0,575.0,116.0,-5.5783257e-06,1.492508e-10,1.2216825e-05,-1.1037557,-0.3747377,1.0,1.0,1.0,33.0,40.0,5.5205525e-13,5.6294476e-13,2875.0,580.0,2.5956662e-13,1.2866449e-12,0
5.0,40.0,9.0,1.1186317,0.011430661,0.106914274,-1.4629068,0.0745075,1.0,1.0,1.0,1.0,0.0,0.006206651,0.0017647826,200.0,45.0,0.00028576652,0.0012700735,1
5.0,210.0,43.0,-2.9768864e-06,3.6684278e-10,1.915314e-05,-0.8542806,-0.6621919,1.0,1.0,1.0,8.0,14.0,4.60786e-12,1.0977e-12,1050.0,215.0,1.7468704e-12,8.531228e-12,0
5.0,409.0,82.0,2.277293e-06,3.029056e-10,1.7404183e-05,-1.3337128,-0.09293532,1.0,1.0,1.0,19.0,29.0,2.0787291e-12,8.7737646e-13,2079.0,410.0,7.406005e-13,3.693971e-12,0
5.0,824.0,142.0,3.554555e-06,4.6811777e-10,2.163603e-05,-0.93605506,-0.6065381,1.0,1.0,1.0,2.0,1.0,2.4927681e-12,4.805528e-12,19176.0,710.0,5.681041e-13,3.296604e-12,1
5.0,385.0,78.0,4.09595e-06,3.618999e-10,1.9023666e-05,-1.3316791,-0.04046609,1.0,1.0,1.0,12.0,26.0,2.5019524e-12,7.038339e-13,1925.0,390.0,9.399997e-13,4.639742e-12,0
1.0,345.0,337.0,0.20929979,0.06757703,0.25995582,-0.20789252,1.1446999,2.0,1.0,1.0,44.0,51.0,0.00010766748,0.000115194096,403.0,337.0,0.00019587544,0.0002005253,1
5.0,255.0,52.0,0.10095355,0.010649512,0.10319647,-1.0540612,0.72747,2.0,1.0,1.0,2.0,5.0,0.0009192504,0.0015593992,1275.0,260.0,4.176279e-05,0.0002047983,1
1.0,171.0,173.0,-3.9779834e-06,4.4974158e-10,2.1207112e-05,-1.328992,-0.08918686,1.0,1.0,1.0,46.0,60.0,8.1597066e-13,7.72868e-13,237.0,173.0,2.6300678e-12,2.5996622e-12,0
1.0,460.0,461.0,4.1380845e-06,4.0126108e-10,2.0031503e-05,-0.63250536,-0.79479516,3.0,3.0,2.0,2.0,7.0,4.239989e-12,8.620589e-12,634.0,461.0,8.723067e-13,8.7041447e-13,1
5.0,295.0,60.0,0.3731635,0.14714764,0.38359827,-1.3979379,0.45443192,1.0,1.0,1.0,3.0,12.0,0.0021545116,0.0004452601,1501.0,300.0,0.00049880554,0.0024524606,0
1.0,1001.0,1002.0,-4.4145354e-06,1.0281941e-10,1.0139991e-05,-1.0982636,-0.115487896,1.0,1.0,1.0,70.0,92.0,3.2741347e-13,8.583529e-13,1297.0,1002.0,1.027167e-13,1.02614186e-13,1
5.0,190.0,39.0,1.1971897e-06,2.1279967e-10,1.4587655e-05,-1.50193,0.014196186,1.0,1.0,1.0,7.0,13.0,6.1122335e-12,1.4318399e-12,950.0,195.0,1.1199982e-12,5.456402e-12,0
5.0,225.0,46.0,-8.688483e-07,8.0945595e-10,2.8450939e-05,-1.4898828,0.0005583185,1.0,1.0,1.0,2.0,11.0,1.5891104e-11,1.7926023e-12,1125.0,230.0,3.597582e-12,1.7596868e-11,0
1.0,496.0,427.0,0.05551969,0.008316974,0.091197446,0.11079843,1.3268528,5.0,1.0,1.0,15.0,41.0,7.790016e-06,5.400345e-06,692.0,427.0,1.6768094e-05,1.9477691e-05,0
1.0,446.0,448.0,-1.567342e-07,6.887699e-10,2.6244425e-05,-1.4200448,0.047637112,2.0,2.0,2.0,2.0,3.0,2.9636373e-11,8.4292656e-11,614.0,448.0,1.5443271e-12,1.5374327e-12,1
5.0,415.0,84.0,0.6665398,0.04781344,0.21866286,-1.4523617,0.15094642,1.0,1.0,1.0,19.0,30.0,0.0003108579,7.666021e-05,2075.0,420.0,0.000115213115,0.00056920765,0
5.0,205.0,42.0,3.0210253e-06,4.0313938e-10,2.007833e-05,-0.7779494,-0.56148696,1.0,1.0,1.0,5.0,13.0,7.872057e-12,1.2874245e-12,1025.0,210.0,1.9665335e-12,9.598557e-12,0
1.0,456.0,457.0,-6.82379e-08,3.2099154e-10,1.7916236e-05,-0.6099826,0.17559935,2.0,2.0,2.0,1.0,2.0,5.2170625e-12,1.0479527e-11,598.0,457.0,7.0392883e-13,7.023885e-13,1
5.0,305.0,62.0,4.942975e-06,7.156793e-10,2.6752183e-05,-0.92766684,-0.4205671,2.0,1.0,1.0,3.0,3.0,9.411911e-11,2.5250346e-10,1525.0,310.0,2.3464895e-12,1.1543214e-11,1
5.0,210.0,43.0,0.29952925,0.14709629,0.38353133,-0.8182185,0.8967453,1.0,1.0,1.0,1.0,5.0,0.005596161,0.00060804334,1050.0,215.0,0.00070045853,0.003420844,0
5.0,265.0,54.0,2.1198891e-06,8.2006135e-10,2.8636712e-05,-1.4906524,0.07549331,1.0,1.0,1.0,3.0,16.0,1.1529675e-11,9.304164e-13,1325.0,270.0,3.094571e-12,1.5186321e-11,0
1.0,685.0,630.0,0.21472628,0.060947526,0.24687552,-1.322834,0.6025397,5.0,1.0,1.0,39.0,92.0,1.9153089e-05,1.5849939e-05,941.0,630.0,8.897449e-05,9.674211e-05,1
5.0,360.0,71.0,0.75245,0.053847346,0.23205031,-1.4863956,-0.075419664,1.0,1.0,1.0,7.0,22.0,0.00047968506,0.00011372857,1950.0,355.0,0.00014957596,0.00075841334,0
1.0,387.0,388.0,-3.084926e-06,3.238299e-10,1.7995275e-05,-1.1401883,0.1123737,2.0,2.0,2.0,1.0,2.0,4.5735082e-12,9.259463e-12,509.0,388.0,8.367698e-13,8.3461314e-13,1
1.0,170.0,171.0,0.20824267,0.040099427,0.20024842,-1.2971762,0.5199273,1.0,1.0,1.0,18.0,17.0,0.00025469728,0.00052685634,170.0,171.0,0.00023587898,0.00023449957,0
5.0,220.0,45.0,-4.8631937e-06,2.909663e-10,1.7057735e-05,-1.2248062,-0.24410228,1.0,1.0,1.0,8.0,14.0,5.22113e-12,1.0616255e-12,1100.0,225.0,1.3225742e-12,6.465918e-12,1
5.0,270.0,55.0,-3.520268e-05,7.3572856e-11,8.577462e-06,-1.4959576,-0.02040908,1.0,1.0,1.0,16.0,20.0,1.2193802e-12,7.664528e-13,1350.0,275.0,2.7249204e-13,1.3376882e-12,0
5.0,495.0,100.0,0.4306823,0.16324002,0.40402973,-1.472239,0.34748632,1.0,1.0,1.0,8.0,29.0,0.0007716843,8.604261e-05,2475.0,500.0,0.0003297778,0.0016324001,0
5.0,85.0,18.0,1.1652245e-05,5.070057e-10,2.2516788e-05,-1.1472218,-0.14246458,1.0,1.0,2.0,1.0,4.0,6.9037366e-11,9.542267e-12,425.0,90.0,5.9647734e-12,2.8166986e-11,1
5.0,95.0,20.0,0.17079437,0.024348222,0.15603916,-1.3922791,0.36910927,1.0,1.0,1.0,1.0,3.0,0.0028528676,0.00060285843,475.0,100.0,0.00025629706,0.0012174111,1
5.0,530.0,107.0,4.377031e-06,8.0211376e-10,2.8321614e-05,-1.3362806,0.056105923,1.0,1.0,1.0,19.0,33.0,2.6644375e-12,7.721234e-13,2650.0,535.0,1.5134222e-12,7.496391e-12,1
5.0,80.0,17.0,3.5728358e-06,1.7083378e-10,1.3070339e-05,-1.0984433,-0.30920228,1.0,1.0,2.0,1.0,2.0,2.49894e-11,3.6985844e-12,400.0,85.0,2.1354223e-12,1.0049046e-11,0
5.0,80.0,17.0,-8.016524e-06,5.569018e-10,2.3598768e-05,-1.4179021,-0.0114792185,1.0,1.0,2.0,1.0,1.0,7.686742e-11,1.112503e-11,400.0,85.0,6.9612727e-12,3.275893e-11,1
1.0,478.0,479.0,-1.2997764e-06,1.0257918e-10,1.01281385e-05,-0.89838773,-0.26632127,2.0,2.0,2.0,2.0,3.0,5.702212e-12,1.5519124e-11,540.0,479.0,2.146008e-13,2.1415278e-13,1
5.0,595.0,120.0,2.063005e-05,2.3507768e-10,1.5332243e-05,-1.1779742,-0.14916095,1.0,1.0,1.0,34.0,41.0,8.3218453e-13,5.8753523e-13,2975.0,600.0,3.9508856e-13,1.9589807e-12,0
5.0,240.0,49.0,0.26911426,0.13393418,0.3659702,-0.7060738,0.96344084,1.0,1.0,1.0,1.0,5.0,0.004192521,0.0003606395,1200.0,245.0,0.00055805914,0.0027333507,0
5.0,100.0,21.0,9.896862e-07,4.7441423e-10,2.1781052e-05,-1.4614687,-0.063493215,1.0,1.0,2.0,1.0,4.0,4.405505e-11,4.790675e-12,500.0,105.0,4.7441426e-12,2.2591155e-11,0
1.0,456.0,457.0,1.2488651e-05,4.6445509e-10,2.1551221e-05,-1.4043742,-0.04252927,1.0,1.0,1.0,143.0,155.0,3.3168447e-13,7.453826e-13,638.0,457.0,1.0185419e-12,1.0163131e-12,1
1.0,175.0,176.0,-9.2557207e-07,2.5818847e-10,1.6068245e-05,-1.4676664,-0.008557909,1.0,1.0,1.0,54.0,59.0,6.0128356e-13,8.415361e-13,235.0,176.0,1.4753628e-12,1.4669801e-12,0
1.0,432.0,432.0,3.894327e-06,5.924161e-10,2.4339599e-05,-1.3571745,0.17697516,2.0,2.0,2.0,1.0,2.0,2.7408455e-12,5.4728353e-12,594.0,432.0,1.3713336e-12,1.3713336e-12,0
5.0,375.0,76.0,0.690458,0.09748924,0.31223267,-1.4996179,0.08339814,1.0,1.0,1.0,12.0,24.0,0.0007197884,0.000105432286,1875.0,380.0,0.0002599713,0.0012827531,0
1.0,312.0,313.0,5.127768e-06,4.8498305e-10,2.2022332e-05,-1.3553815,-0.08642884,1.0,1.0,1.0,98.0,105.0,4.4595154e-13,8.0145385e-13,408.0,313.0,1.5544329e-12,1.5494666e-12,0
1.0,628.0,629.0,8.501573e-06,4.8135596e-10,2.1939826e-05,-0.94756037,-0.22961225,2.0,2.0,2.0,1.0,2.0,4.8595936e-12,9.834353e-12,656.0,629.0,7.664904e-13,7.652718e-13,1
5.0,320.0,65.0,0.21067448,0.108118095,0.32881317,-0.075482674,1.2448437,1.0,1.0,1.0,2.0,4.0,0.002769774,0.00086578465,1600.0,325.0,0.00033786905,0.0016633553,1
1.0,400.0,401.0,0.2778586,0.086072564,0.29338124,-0.15015529,1.0704676,3.0,2.0,2.0,55.0,81.0,0.00011478614,0.00013528057,402.0,401.0,0.0002151814,0.0002146448,0
1.0,228.0,229.0,0.36614525,0.18345371,0.42831495,-1.0366374,0.7621332,2.0,1.0,1.0,19.0,21.0,0.00029843493,0.00023177455,228.0,229.0,0.0008046215,0.0008011079,0
1.0,331.0,314.0,0.22988439,0.03811519,0.19523112,-1.5892655,0.10453385,3.0,1.0,1.0,46.0,51.0,0.00016873676,0.00041369707,445.0,314.0,0.00011515163,0.00012138596,1
1.0,185.0,186.0,6.9671455e-06,2.3819755e-10,1.543365e-05,-1.4296845,-0.102190495,3.0,1.0,1.0,40.0,52.0,2.3558835e-12,4.9350103e-12,185.0,186.0,1.2875544e-12,1.2806321e-12,0
5.0,375.0,76.0,0.64288694,0.09483598,0.30795452,-1.4607304,0.12450067,1.0,1.0,1.0,8.0,25.0,0.00069592515,6.0454164e-05,1875.0,380.0,0.00025289596,0.0012478419,0
1.0,452.0,453.0,0.013716839,0.0009005286,0.03000881,3.6760771,2.2079687,2.0,2.0,2.0,8.0,36.0,1.20512295e-05,9.467052e-06,452.0,453.0,1.99232e-06,1.987922e-06,1
5.0,240.0,49.0,1.0721046e-06,3.229807e-10,1.7971664e-05,-1.434929,-0.050258636,1.0,1.0,1.0,5.0,14.0,5.6679292e-12,1.3491503e-12,1214.0,245.0,1.3457528e-12,6.5914427e-12,0
1.0,798.0,798.0,3.4704194e-06,3.7788278e-10,1.9439207e-05,-0.934178,-0.39882106,4.0,4.0,4.0,4.0,8.0,5.844651e-12,1.1699643e-11,1032.0,798.0,4.7353733e-13,4.7353733e-13,1
5.0,325.0,66.0,0.18431571,0.08560536,0.29258394,0.04581739,1.2887051,1.0,1.0,1.0,2.0,6.0,0.0021492923,0.00049161795,1625.0,330.0,0.0002634011,0.0012970509,0
5.0,105.0,22.0,-1.0804982e-06,5.527309e-10,2.351023e-05,-1.1578003,-0.28229073,1.0,1.0,1.0,1.0,6.0,3.9686938e-11,4.290425e-12,525.0,110.0,5.2641043e-12,2.5124134e-11,0
1.0,208.0,209.0,5.3377053e-06,5.392836e-10,2.3222481e-05,-1.3777008,-0.058894303,1.0,1.0,1.0,69.0,71.0,7.636937e-13,8.103916e-13,274.0,209.0,2.5927097e-12,2.5803042e-12,1
5.0,320.0,65.0,0.3831564,0.13119502,0.36220855,-1.3923687,0.34750763,1.0,1.0,1.0,2.0,13.0,0.0013671992,0.00011181523,1600.0,325.0,0.00040998444,0.0020183849,1
5.0,85.0,18.0,3.8753774e-06,4.7440457e-10,2.178083e-05,-1.3747585,0.04108519,1.0,1.0,2.0,1.0,3.0,6.448607e-11,1.0847652e-11,425.0,90.0,5.5812304e-12,2.635581e-11,0
1.0,180.0,181.0,8.081113e-06,7.247176e-10,2.692058e-05,-1.4511429,-0.051267564,1.0,1.0,1.0,47.0,64.0,1.1404304e-12,7.820272e-13,232.0,181.0,4.026209e-12,4.0039647e-12,0
1.0,188.0,190.0,-3.2103658e-06,7.524935e-10,2.7431615e-05,-1.129821,0.1799463,3.0,3.0,1.0,2.0,5.0,1.7092274e-11,3.3304602e-11,252.0,190.0,4.002625e-12,3.960492e-12,1
5.0,225.0,46.0,0.31894174,0.17616509,0.41972026,-0.722705,0.9381165,1.0,1.0,1.0,2.0,9.0,0.006086301,0.0008998077,1125.0,230.0,0.00078295596,0.003829676,0
5.0,255.0,52.0,0.36104742,0.25339672,0.50338525,-0.34003907,1.0785956,1.0,1.0,1.0,2.0,3.0,0.008077704,0.0017500921,1275.0,260.0,0.0009937127,0.004873014,1
5.0,390.0,79.0,0.24974716,0.10605788,0.3256653,-0.7276872,0.95482963,1.0,1.0,1.0,1.0,13.0,0.0013748268,0.00020219415,1950.0,395.0,0.00027194328,0.0013425049,1
5.0,70.0,15.0,-3.1935374e-06,9.002472e-11,9.488136e-06,-1.273991,-0.122518145,1.0,1.0,2.0,1.0,2.0,1.5217121e-11,3.4235882e-12,350.0,75.0,1.2860674e-12,6.001648e-12,1
1.0,174.0,175.0,-2.2114723e-07,3.5337663e-10,1.8798315e-05,-1.3480222,-0.060018808,1.0,1.0,1.0,45.0,55.0,7.2036935e-13,7.6431217e-13,230.0,175.0,2.0309002e-12,2.019295e-12,0
5.0,255.0,52.0,0.23102632,0.11176401,0.33431125,-0.39951342,1.1015568,1.0,1.0,1.0,2.0,5.0,0.0035737683,0.0005209007,1275.0,260.0,0.00043829024,0.0021493079,1
5.0,85.0,18.0,-9.195139e-08,4.86799e-10,2.2063521e-05,-0.838224,-0.56902605,1.0,1.0,1.0,1.0,6.0,4.279249e-11,6.4033522e-12,425.0,90.0,5.727047e-12,2.7044388e-11,1
1.0,169.0,170.0,0.26001993,0.054316655,0.23305933,-1.4603089,0.2710293,1.0,1.0,1.0,23.0,26.0,0.0001846835,0.0002765269,169.0,170.0,0.00032140032,0.00031950974,0
1.0,165.0,166.0,-2.970854e-06,1.0248916e-10,1.0123693e-05,-0.46699113,-0.62322253,4.0,3.0,1.0,5.0,12.0,9.96307e-12,2.0328551e-11,165.0,166.0,6.211464e-13,6.1740456e-13,1
5.0,365.0,74.0,0.68359756,0.06256125,0.2501225,-1.5065552,0.10079191,1.0,1.0,1.0,11.0,25.0,0.00049704674,8.6315944e-05,1825.0,370.0,0.0001714007,0.0008454223,1
1.0,188.0,188.0,3.7492991e-06,5.22638e-10,2.2861277e-05,-1.3504397,-0.07240987,1.0,1.0,1.0,50.0,59.0,9.301161e-13,1.011943e-12,194.0,188.0,2.7799891e-12,2.7799891e-12,1
5.0,420.0,85.0,0.62360495,0.09284978,0.30471262,-1.4309791,0.1722526,1.0,1.0,1.0,17.0,25.0,0.0005632126,8.099334e-05,2100.0,425.0,0.00022107092,0.0010923505,0
5.0,215.0,44.0,0.10635015,0.020833792,0.14433916,-0.6350326,1.0204536,1.0,1.0,1.0,3.0,6.0,0.0010644245,0.00058236066,1075.0,220.0,9.690136e-05,0.00047349528,1
5.0,510.0,103.0,-1.733589e-07,2.7814856e-10,1.6677786e-05,-1.5021384,-0.048840642,1.0,1.0,1.0,26.0,34.0,1.3496871e-12,8.276035e-13,2550.0,515.0,5.4538936e-13,2.7004716e-12,1
5.0,75.0,16.0,-6.5351935e-07,2.7058472e-10,1.644946e-05,-1.481785,-0.048943743,1.0,1.0,2.0,1.0,1.0,4.441703e-11,6.116683e-12,375.0,80.0,3.6077964e-12,1.6911545e-11,0
5.0,95.0,20.0,-2.3948292e-06,2.1021541e-10,1.4498807e-05,-1.4395752,-0.097278796,1.0,1.0,2.0,2.0,5.0,2.1837034e-11,2.9231448e-12,475.0,100.0,2.212794e-12,1.0510771e-11,0
5.0,241.0,49.0,0.3455333,0.19865413,0.44570634,-0.8888899,0.8604743,1.0,1.0,1.0,3.0,11.0,0.0058405087,0.0010357188,1211.0,245.0,0.000824291,0.004054166,0
5.0,190.0,39.0,-6.0897055e-06,1.8974222e-10,1.3774695e-05,-1.4851907,0.027775932,1.0,1.0,1.0,8.0,14.0,5.3866976e-12,1.1450618e-12,950.0,195.0,9.986432e-13,4.865185e-12,0
5.0,65.0,14.0,-4.14206e-06,3.7237845e-11,6.102282e-06,-1.5684108,-0.043793403,1.0,1.0,2.0,1.0,2.0,8.794721e-12,2.769165e-12,325.0,70.0,5.728899e-13,2.659846e-12,0
1.0,263.0,264.0,7.8351627e-07,7.643686e-10,2.7647218e-05,-1.4367713,-0.03236039,1.0,1.0,1.0,68.0,86.0,7.3101665e-13,8.0177705e-13,263.0,264.0,2.9063447e-12,2.8953357e-12,0
5.0,305.0,62.0,0.19823356,0.03578979,0.1891819,-0.989254,0.52903855,1.0,1.0,1.0,3.0,5.0,0.0008657586,0.00033858433,1525.0,310.0,0.000117343574,0.0005772547,1
5.0,235.0,48.0,-1.1474057e-06,3.884051e-10,1.9707997e-05,-1.49238,0.0015560614,1.0,1.0,1.0,6.0,17.0,7.210485e-12,1.4288744e-12,1175.0,240.0,1.6527877e-12,8.091773e-12,0
5.0,425.0,84.0,0.6519151,0.16681045,0.40842435,-1.400415,0.21366036,1.0,1.0,1.0,11.0,24.0,0.0010307633,0.00013494544,2275.0,420.0,0.0003924952,0.0019858386,0
1.0,179.0,180.0,-2.1904584e-06,5.1358134e-10,2.2662334e-05,-1.3938525,-0.08250666,2.0,1.0,1.0,2.0,3.0,2.256706e-11,5.1707194e-11,245.0,180.0,2.8691697e-12,2.8532298e-12,1
5.0,225.0,46.0,2.8724783e-08,3.9815848e-10,1.995391e-05,-1.4400924,-0.032816198,1.0,1.0,1.0,8.0,16.0,8.052227e-12,1.3634577e-12,1125.0,230.0,1.7695933e-12,8.65562e-12,0
1.0,316.0,304.0,0.38148934,0.12023389,0.3467476,-1.1829965,0.65235573,2.0,1.0,1.0,16.0,22.0,0.00013209706,0.00015185798,438.0,304.0,0.000380487,0.00039550624,1
5.0,660.0,133.0,-4.715117e-06,1.9355445e-10,1.3912385e-05,-1.4274639,0.21273097,1.0,1.0,1.0,36.0,40.0,7.091682e-13,6.967696e-13,3300.0,665.0,2.9326433e-13,1.4552966e-12,0
5.0,206.0,42.0,-8.683737e-06,8.319143e-11,9.120934e-06,-1.0646825,-0.30413628,1.0,1.0,1.0,11.0,14.0,2.081002e-12,8.844124e-13,1040.0,210.0,4.038419e-13,1.9807485e-12,0
1.0,458.0,431.0,0.2216656,0.07057329,0.26565635,-1.1569011,0.71543324,3.0,1.0,1.0,54.0,72.0,4.4905595e-05,5.0451574e-05,634.0,431.0,0.00015409016,0.00016374314,0
5.0,95.0,20.0,-8.283981e-07,3.5278916e-10,1.8782683e-05,-1.4421873,-0.116993055,1.0,1.0,2.0,2.0,3.0,3.8035478e-11,8.179804e-12,475.0,100.0,3.7135702e-12,1.763946e-11,0
1.0,177.0,178.0,2.2087656e-07,5.141056e-10,2.2673896e-05,-1.4957788,0.015209389,1.0,1.0,1.0,54.0,62.0,9.687955e-13,1.0171187e-12,247.0,178.0,2.9045514e-12,2.8882335e-12,0
5.0,1245.0,250.0,8.075227e-06,2.5097283e-10,1.5842123e-05,-1.4220942,-0.1147781,1.0,1.0,1.0,77.0,84.0,3.168563e-13,5.172084e-13,6225.0,1250.0,2.015846e-13,1.0038913e-12,0
1.0,267.0,269.0,-3.0244435e-06,9.917611e-11,9.9587205e-06,-1.3692225,-0.09043367,1.0,1.0,1.0,76.0,86.0,2.7435993e-13,6.617344e-13,337.0,269.0,3.714461e-13,3.686844e-13,1
5.0,230.0,47.0,0.36756945,0.19782622,0.4447766,-1.089943,0.7363923,1.0,1.0,1.0,1.0,6.0,0.005520967,0.00042227498,1150.0,235.0,0.000860114,0.0042090686,0
1.0,382.0,383.0,0.2863912,0.052172776,0.22841361,-1.2730397,0.2105741,3.0,2.0,2.0,33.0,58.0,0.0001038956,0.00012711794,382.0,383.0,0.00013657795,0.00013622135,1
1.0,153.0,155.0,0.16641597,0.02039119,0.14279772,-1.4311831,0.17708373,3.0,1.0,1.0,18.0,20.0,0.00016850482,0.00040990836,157.0,155.0,0.00013327575,0.00013155607,0
5.0,91.0,19.0,-1.7333336e-06,3.2172046e-10,1.7936567e-05,-1.3880805,-0.20712093,1.0,1.0,2.0,1.0,3.0,3.7603542e-11,3.3186086e-12,461.0,95.0,3.5353899e-12,1.6932657e-11,0
5.0,470.0,95.0,0.2371996,0.08483733,0.2912685,-0.36892337,1.1203173,1.0,1.0,1.0,1.0,12.0,0.00094414945,0.00020350238,2350.0,475.0,0.00018050497,0.00089302455,0
5.0,95.0,20.0,0.09802123,0.0100566605,0.1002829,-1.3417164,0.53565866,1.0,1.0,1.0,1.0,5.0,0.0014172915,0.000574574,475.0,100.0,0.00010585959,0.00050283305,1
5.0,255.0,52.0,-6.57392e-06,3.327608e-10,1.8241732e-05,-1.3852386,-0.018145848,1.0,1.0,1.0,7.0,17.0,5.271445e-12,1.0217921e-12,1275.0,260.0,1.3049443e-12,6.399246e-12,1
1.0,410.0,411.0,0.05012416,0.004610737,0.06790241,-0.11347554,1.244671,1.0,1.0,1.0,18.0,54.0,1.7337594e-05,2.0901538e-05,410.0,411.0,1.1245699e-05,1.1218338e-05,0
1.0,182.0,183.0,5.374017e-06,2.6896113e-10,1.6400034e-05,-1.4493525,-0.030678706,1.0,1.0,1.0,52.0,62.0,5.895075e-13,7.2352703e-13,182.0,183.0,1.4778084e-12,1.469733e-12,1
5.0,180.0,37.0,0.28117684,0.06763376,0.26006493,-1.4081031,0.34452504,1.0,1.0,1.0,1.0,4.0,0.0023429452,0.00025917168,900.0,185.0,0.0003757431,0.0018279395,0
5.0,930.0,187.0,5.0718327e-06,5.08203e-10,2.2543358e-05,-1.46071,-0.15786362,3.0,1.0,1.0,2.0,4.0,1.3273278e-11,3.0467837e-11,4650.0,935.0,5.464548e-13,2.717663e-12,0
1.0,325.0,326.0,-5.2544056e-06,5.5613447e-10,2.3582503e-05,-1.4988253,0.012133435,1.0,1.0,1.0,94.0,113.0,4.5116938e-13,6.723539e-13,325.0,326.0,1.711183e-12,1.705934e-12,0
5.0,620.0,125.0,9.023337e-06,3.9322695e-10,1.9829951e-05,-1.1553222,-0.39651096,1.0,1.0,1.0,28.0,41.0,9.764132e-13,7.371951e-13,3100.0,625.0,6.34237e-13,3.1458156e-12,0
1.0,492.0,493.0,8.410617e-06,2.829033e-10,1.681973e-05,-1.4575347,0.008462101,3.0,3.0,2.0,2.0,6.0,2.5322776e-12,5.249568e-12,614.0,493.0,5.7500673e-13,5.738404e-13,0
1.0,568.0,569.0,-5.9588483e-06,3.1618722e-10,1.7781655e-05,-1.2621448,-0.2464441,2.0,2.0,2.0,2.0,5.0,2.1625286e-12,4.451473e-12,568.0,569.0,5.566676e-13,5.5568934e-13,1
5.0,235.0,48.0,0.17388052,0.0661971,0.25728795,-0.44847998,1.1078817,1.0,1.0,1.0,1.0,5.0,0.002612911,0.0003187825,1175.0,240.0,0.00028168978,0.0013791062,1
5.0,355.0,72.0,0.25164288,0.059940334,0.24482715,-0.46402037,0.8426599,2.0,2.0,1.0,3.0,4.0,0.001398262,0.0003118989,1775.0,360.0,0.000168846,0.0008325046,0
1.0,190.0,191.0,1.4988066e-06,2.1147992e-10,1.4542349e-05,-0.8426149,-0.3033768,1.0,1.0,1.0,1.0,1.0,1.2673489e-11,3.591918e-11,190.0,191.0,1.1130523e-12,1.1072247e-12,0
1.0,477.0,478.0,3.0731647e-07,2.8066358e-10,1.6753016e-05,-1.4569255,-0.034748774,1.0,1.0,1.0,146.0,165.0,2.8399519e-13,7.2722357e-13,653.0,478.0,5.883932e-13,5.8716226e-13,1
5.0,375.0,76.0,0.3026513,0.12161335,0.34873107,-1.2396888,0.6339658,1.0,1.0,1.0,3.0,11.0,0.0012665526,0.00020852046,1875.0,380.0,0.00032430227,0.0016001756,0
5.0,220.0,45.0,4.757373e-06,3.3497058e-10,1.8302202e-05,-1.4934895,0.04359965,1.0,1.0,1.0,10.0,15.0,7.0739478e-12,1.4781533e-12,1100.0,225.0,1.5225935e-12,7.44379e-12,0
5.0,255.0,52.0,0.23575673,0.026626442,0.1631761,-1.4254465,-0.42991972,2.0,1.0,1.0,4.0,6.0,0.0012481133,0.0016214001,1275.0,260.0,0.00010441742,0.000512047,1
1.0,515.0,517.0,-8.423836e-06,1.1554575e-10,1.0749221e-05,-1.2364318,-0.20106457,6.0,1.0,1.0,92.0,123.0,1.8184629e-12,5.209262e-12,645.0,517.0,2.2436068e-13,2.2349273e-13,0
1.0,475.0,476.0,-1.1807423e-05,1.8878289e-10,1.3739828e-05,-1.412193,0.05166695,6.0,1.0,1.0,90.0,115.0,1.908814e-12,5.676327e-12,629.0,476.0,3.9743767e-13,3.966027e-13,1
5.0,75.0,16.0,-4.111336e-06,2.4658214e-10,1.5702935e-05,-1.5141323,0.07620045,1.0,1.0,2.0,1.0,4.0,4.184188e-11,1.0231094e-11,375.0,80.0,3.287762e-12,1.5411384e-11,0
1.0,316.0,317.0,-1.0564048e-05,9.2963456e-11,9.641756e-06,-1.3570052,-0.0625157,1.0,1.0,1.0,85.0,100.0,2.8194978e-13,6.866185e-13,316.0,317.0,2.9418815e-13,2.932601e-13,0
5.0,470.0,95.0,-4.7964163e-06,2.7031444e-10,1.6441241e-05,-1.0172802,-0.27517366,2.0,2.0,1.0,10.0,16.0,9.24679e-12,1.9842109e-11,2350.0,475.0,5.7513705e-13,2.845415e-12,1
5.0,205.0,42.0,0.13732488,0.0264823,0.16273384,-0.8382641,0.86280185,2.0,1.0,1.0,2.0,2.0,0.0025581904,0.0048150695,1025.0,210.0,0.00012918195,0.000630531,0
1.0,229.0,230.0,2.1019735e-06,3.6454764e-10,1.909313e-05,-1.4942385,0.019844297,1.0,1.0,1.0,64.0,64.0,2.3320675e-12,6.430784e-12,289.0,230.0,1.5919111e-12,1.5849897e-12,0
5.0,145.0,30.0,0.024610985,0.0008162966,0.028570905,-0.1354473,1.0728233,2.0,1.0,1.0,3.0,4.0,0.00021489625,0.00036876948,725.0,150.0,5.629632e-06,2.7209888e-05,1
1.0,441.0,441.0,2.3156192e-06,2.929822e-10,1.7116723e-05,-1.3067147,-0.049491245,2.0,2.0,2.0,1.0,4.0,1.2326507e-12,2.5435504e-12,461.0,441.0,6.643587e-13,6.643587e-13,1
5.0,395.0,80.0,0.6014731,0.10941017,0.33077207,-1.44239,0.13449518,1.0,1.0,1.0,8.0,28.0,0.00072289817,7.118796e-05,1975.0,400.0,0.00027698776,0.0013676271,0
5.0,220.0,45.0,0.21626705,0.052975085,0.23016317,-1.3849573,0.4985929,1.0,1.0,1.0,2.0,8.0,0.0013881063,0.00016521776,1100.0,225.0,0.00024079584,0.0011772241,0
5.0,175.0,36.0,0.32846737,0.098468244,0.3137965,-1.4358861,0.39871502,1.0,1.0,1.0,2.0,7.0,0.0037544402,0.0005667468,875.0,180.0,0.0005626757,0.002735229,0
5.0,200.0,41.0,1.4689246e-06,1.6621782e-10,1.28925485e-05,-1.498222,0.09897617,1.0,1.0,1.0,5.0,11.0,4.2382317e-12,4.9274197e-13,1000.0,205.0,8.310891e-13,4.054093e-12,1
1.0,203.0,197.0,0.37630895,0.1840937,0.4290614,-1.2011443,0.64475554,1.0,1.0,1.0,11.0,21.0,0.00031011758,0.00011238694,251.0,197.0,0.0009068655,0.00093448575,0
5.0,235.0,48.0,1.7362873e-06,7.6258017e-10,2.7614853e-05,-1.4580165,-0.04602307,1.0,1.0,1.0,4.0,15.0,1.3502212e-11,1.5174087e-12,1175.0,240.0,3.2450219e-12,1.5887087e-11,0
1.0,216.0,217.0,-3.8975904e-06,7.7930995e-10,2.7916123e-05,-1.4952048,0.018298669,1.0,1.0,1.0,66.0,73.0,1.0935445e-12,1.2156781e-12,216.0,217.0,3.6079165e-12,3.59129e-12,0
5.0,100.0,21.0,3.2733192e-07,2.0825255e-10,1.4430958e-05,-1.4909018,-0.13128228,1.0,1.0,2.0,1.0,6.0,2.0285808e-11,2.4572928e-12,500.0,105.0,2.0825256e-12,9.916788e-12,0
1.0,194.0,195.0,0.029085131,0.0015668623,0.039583612,-0.6896447,0.94130266,2.0,1.0,1.0,18.0,24.0,2.2759823e-05,4.5966142e-05,194.0,195.0,8.076609e-06,8.035191e-06,0
1.0,224.0,225.0,6.1566095e-07,5.5140575e-10,2.348203e-05,-0.8025095,-0.583327,2.0,1.0,1.0,2.0,7.0,2.8720934e-12,5.3908384e-12,226.0,225.0,2.4616327e-12,2.4506922e-12,1
5.0,215.0,44.0,5.917578e-06,7.065266e-10,2.6580568e-05,-1.1529033,-0.23532692,1.0,1.0,1.0,3.0,11.0,1.355858e-11,9.516724e-13,1075.0,220.0,3.2861702e-12,1.6057423e-11,0
5.0,145.0,30.0,2.6805057e-05,6.26972e-11,7.918156e-06,-0.9710844,-0.5340711,1.0,1.0,1.0,5.0,9.0,2.4557396e-12,8.306169e-13,725.0,150.0,4.323945e-13,2.0899068e-12,1
5.0,220.0,45.0,3.742511e-06,4.5445686e-10,2.1317994e-05,-1.4750777,-0.12854914,1.0,1.0,1.0,3.0,16.0,9.5706585e-12,1.2826819e-12,1100.0,225.0,2.065713e-12,1.0099041e-11,0
5.0,100.0,21.0,2.3389853e-06,2.6445915e-10,1.62622e-05,-1.4031744,0.13532154,1.0,1.0,2.0,2.0,5.0,2.7199047e-11,6.811187e-12,500.0,105.0,2.6445916e-12,1.2593293e-11,0
5.0,190.0,39.0,0.2949771,0.11088458,0.33299336,-1.2169546,0.63603073,1.0,1.0,1.0,1.0,6.0,0.0041713966,0.0004824579,950.0,195.0,0.00058360305,0.0028431942,0
5.0,686.0,137.0,-1.7760821e-06,8.027541e-11,8.959654e-06,-1.2883818,-0.18998735,1.0,1.0,1.0,42.0,46.0,4.6285794e-13,9.047138e-13,3468.0,685.0,1.1701955e-13,5.859519e-13,1
5.0,245.0,50.0,-2.322388e-06,4.934675e-10,2.2214128e-05,-1.4899303,0.020130647,1.0,1.0,1.0,5.0,15.0,8.276671e-12,1.3067493e-12,1225.0,250.0,2.0141532e-12,9.86935e-12,0
5.0,80.0,17.0,1.7072462e-06,4.3889176e-10,2.0949743e-05,-1.5048143,-0.06874979,1.0,1.0,2.0,1.0,4.0,6.332708e-11,6.7135577e-12,400.0,85.0,5.4861467e-12,2.5817161e-11,1
1.0,243.0,244.0,2.3466112e-06,8.9088675e-10,2.9847726e-05,-1.487809,0.002250175,1.0,1.0,1.0,47.0,53.0,3.0884835e-12,6.299153e-12,243.0,244.0,3.6662006e-12,3.6511753e-12,0
5.0,220.0,21.0,0.028545704,0.0027802307,0.052727893,6.3686047,2.8087237,1.0,1.0,1.0,1.0,2.0,0.0033779691,0.0076860026,16100.0,105.0,1.2637412e-05,0.00013239193,1
1.0,182.0,184.0,-7.178252e-07,5.542762e-10,2.354307e-05,-1.4902805,0.03250557,1.0,1.0,1.0,26.0,42.0,6.835458e-12,1.8515191e-11,254.0,184.0,3.0454736e-12,3.0123705e-12,0
5.0,75.0,16.0,1.3498119e-06,5.687658e-10,2.3848812e-05,-1.4688107,-0.059551653,1.0,1.0,2.0,1.0,2.0,9.259099e-11,1.1926415e-11,375.0,80.0,7.583544e-12,3.5547863e-11,0
1.0,348.0,317.0,0.40016675,0.18546522,0.43065673,-1.2862377,0.5517797,1.0,1.0,1.0,17.0,25.0,0.00015358148,0.00015288651,468.0,317.0,0.000532946,0.00058506377,0
1.0,428.0,429.0,-2.1578244e-06,4.5379617e-10,2.1302492e-05,-1.3905408,0.043877974,3.0,1.0,1.0,58.0,79.0,2.1630536e-12,5.340143e-12,428.0,429.0,1.0602713e-12,1.0577999e-12,1
5.0,150.0,31.0,0.07964973,0.004252598,0.065211944,-0.8421893,0.70501715,1.0,1.0,1.0,2.0,4.0,0.00044232263,0.00032500678,750.0,155.0,2.8350654e-05,0.00013718058,0
1.0,283.0,284.0,0.22171172,0.11297282,0.3361143,-0.24345432,1.1811898,1.0,1.0,1.0,18.0,24.0,0.00020895114,0.00021762478,283.0,284.0,0.00039919725,0.00039779162,0
5.0,195.0,40.0,0.12577267,0.015644187,0.12507673,-1.28009,0.5039637,1.0,1.0,1.0,1.0,6.0,0.00055288913,9.0799775e-05,975.0,200.0,8.02266e-05,0.00039110467,0
5.0,85.0,18.0,3.2134167e-06,7.7060974e-10,2.7759857e-05,-1.4967905,-0.012056706,1.0,1.0,2.0,1.0,2.0,9.861509e-11,1.03447554e-11,425.0,90.0,9.065997e-12,4.281165e-11,0
1.0,173.0,174.0,-6.7356887e-06,6.870703e-10,2.6212025e-05,-1.488023,-0.004380623,1.0,1.0,1.0,48.0,58.0,1.2911074e-12,1.1288405e-12,207.0,174.0,3.9715045e-12,3.94868e-12,0
5.0,60.0,13.0,0.80810076,0.014646785,0.1210239,-1.3173393,0.17133953,1.0,1.0,1.0,1.0,0.0,0.0037434122,0.0010811491,300.0,65.0,0.00024411308,0.0011266758,1
5.0,610.0,123.0,-1.7516193e-05,1.4661455e-10,1.21084495e-05,-1.2729611,-0.13917275,1.0,1.0,1.0,38.0,41.0,5.412229e-13,7.8072466e-13,3050.0,615.0,2.4035174e-13,1.1919882e-12,0
5.0,520.0,105.0,-3.2459536e-06,7.056316e-11,8.400188e-06,-1.4014857,-0.0017150388,1.0,1.0,1.0,29.0,35.0,4.9610267e-13,6.469953e-13,2600.0,525.0,1.3569838e-13,6.720301e-13,0
5.0,210.0,43.0,-1.107602e-05,1.9328734e-10,1.39027825e-05,-1.2388698,-0.3028629,2.0,1.0,1.0,3.0,3.0,2.2819316e-11,3.9362846e-11,1050.0,215.0,9.20416e-13,4.4950545e-12,1
5.0,100.0,21.0,-4.3853147e-06,2.9239186e-10,1.709947e-05,-1.1070601,-0.23102202,1.0,1.0,2.0,2.0,6.0,2.5547304e-11,4.3281524e-12,500.0,105.0,2.9239187e-12,1.3923422e-11,1
1.0,341.0,342.0,0.0008884301,6.905907e-06,0.0026279092,8.145685,2.9975586,10.0,2.0,2.0,13.0,15.0,1.5558734e-06,3.4083557e-06,341.0,342.0,2.0251926e-08,2.019271e-08,0
5.0,220.0,45.0,0.2717619,0.07314949,0.27046162,-1.4872696,0.37821501,1.0,1.0,1.0,3.0,4.0,0.0020079704,0.0008690995,1100.0,225.0,0.00033249767,0.0016255442,0
5.0,220.0,45.0,4.7051476e-06,1.3989396e-10,1.1827678e-05,-1.497042,0.009389462,1.0,1.0,1.0,8.0,15.0,3.0999153e-12,1.140186e-12,1100.0,225.0,6.3588165e-13,3.1087548e-12,0
5.0,85.0,18.0,2.2532638e-06,8.1641904e-10,2.8573048e-05,-1.4668593,-0.058772545,1.0,1.0,2.0,1.0,0.0,1.0379959e-10,9.268072e-12,425.0,90.0,9.60493e-12,4.535661e-11,0
1.0,182.0,183.0,5.0716003e-06,8.729236e-10,2.9545281e-05,-1.467908,0.0066184592,1.0,1.0,1.0,50.0,64.0,1.2769147e-12,7.517429e-13,254.0,183.0,4.7962836e-12,4.7700745e-12,0
1.0,167.0,169.0,-8.293589e-08,4.713895e-10,2.1711507e-05,-1.187916,-0.23287216,1.0,1.0,1.0,37.0,43.0,2.1790588e-12,4.849974e-12,233.0,169.0,2.8226915e-12,2.789287e-12,0
5.0,715.0,144.0,0.35102817,0.17463824,0.4178974,-1.095434,0.7471798,1.0,1.0,1.0,13.0,24.0,0.0005709533,0.0001348944,3575.0,720.0,0.0002442493,0.0012127656,0
5.0,100.0,21.0,-7.7999977e-07,3.2984945e-10,1.8161758e-05,-0.864931,-0.5296906,1.0,1.0,1.0,1.0,5.0,2.2089733e-11,2.9386179e-12,500.0,105.0,3.2984945e-12,1.5707116e-11,1
1.0,440.0,442.0,1.2137943e-06,6.507067e-10,2.5508953e-05,-1.1175482,-0.36555916,1.0,1.0,1.0,137.0,152.0,3.1728954e-13,6.566295e-13,616.0,442.0,1.4788789e-12,1.4721871e-12,0
5.0,270.0,55.0,1.0273316e-05,4.718557e-10,2.172224e-05,0.2405576,-0.6819903,2.0,1.0,1.0,1.0,2.0,3.885845e-10,1.3086576e-09,1350.0,275.0,1.7476138e-12,8.579195e-12,1
1.0,210.0,211.0,-8.219218e-06,6.5932854e-10,2.5677393e-05,-1.495352,-0.017829182,1.0,1.0,1.0,24.0,50.0,1.9252644e-12,3.2501517e-12,210.0,211.0,3.1396598e-12,3.1247797e-12,1
1.0,247.0,230.0,0.17447282,0.040053453,0.20013359,-0.90668166,0.845949,1.0,1.0,1.0,23.0,36.0,0.00011640463,0.00016827989,345.0,230.0,0.00016215973,0.00017414545,0
1.0,181.0,182.0,3.452827e-06,2.3927402e-10,1.5468484e-05,-1.13987,-0.27852213,1.0,1.0,1.0,41.0,42.0,7.74272e-13,1.5719688e-12,181.0,182.0,1.3219559e-12,1.3146925e-12,0
5.0,45.0,10.0,0.8363494,0.015212877,0.12334049,-1.4265556,0.115055464,1.0,1.0,1.0,1.0,0.0,0.0063975467,0.0028620684,225.0,50.0,0.00033806392,0.0015212876,0
5.0,240.0,49.0,0.306127,0.099233694,0.3150138,-1.2412332,0.60360396,1.0,1.0,1.0,2.0,6.0,0.0023895602,0.0004003943,1200.0,245.0,0.00041347372,0.0020251775,0
5.0,400.0,81.0,0.67350733,0.043924898,0.20958267,-1.4956733,0.117442586,1.0,1.0,1.0,12.0,22.0,0.00029823458,7.6129894e-05,2000.0,405.0,0.00010981224,0.00054228265,1
5.0,206.0,42.0,3.6755314e-06,3.9680725e-10,1.9920022e-05,-1.407026,-0.014703058,1.0,1.0,1.0,6.0,15.0,9.433651e-12,1.5435041e-12,1036.0,210.0,1.9262489e-12,9.4477915e-12,1
5.0,95.0,20.0,0.11089468,0.008193422,0.09051753,-1.38443,0.26972288,1.0,1.0,1.0,2.0,3.0,0.00095987576,0.00033685556,475.0,100.0,8.624655e-05,0.00040967113,0
1.0,281.0,265.0,0.23025522,0.053971037,0.23231667,-1.1241603,0.5990943,1.0,1.0,1.0,20.0,45.0,8.357969e-05,8.064394e-05,387.0,265.0,0.00019206775,0.0002036643,0
5.0,375.0,76.0,4.5656847e-07,1.2113921e-10,1.1006326e-05,-1.4798629,0.009076796,1.0,1.0,1.0,22.0,25.0,1.0867715e-12,7.508182e-13,1875.0,380.0,3.230379e-13,1.593937e-12,0
5.0,250.0,27.0,-2.2939994e-05,3.226998e-10,1.7963848e-05,-0.72631323,0.6217756,1.0,1.0,0.0,1.0,1.0,6.548432e-11,1.2321674e-10,16250.0,135.0,1.2907993e-12,1.1951845e-11,1
1.0,197.0,198.0,-5.8286787e-06,4.8678206e-10,2.206314e-05,-1.2429407,-0.18919623,2.0,1.0,1.0,13.0,18.0,2.1462784e-12,5.156769e-12,275.0,198.0,2.470975e-12,2.4584954e-12,1
5.0,235.0,48.0,2.7462245e-06,4.1866338e-10,2.0461264e-05,-1.3183601,-0.15462907,1.0,1.0,1.0,5.0,17.0,7.359769e-12,1.1450506e-12,1175.0,240.0,1.7815463e-12,8.722153e-12,0
1.0,772.0,774.0,6.853397e-06,2.4171223e-10,1.5547097e-05,-0.8865928,-0.562243,1.0,1.0,1.0,240.0,256.0,2.576016e-13,7.495051e-13,1008.0,774.0,3.1309872e-13,3.122897e-13,1
5.0,234.0,48.0,-1.8193135e-06,6.825939e-10,2.6126498e-05,-1.5157511,0.06607659,1.0,1.0,1.0,5.0,16.0,1.247457e-11,1.4885342e-12,1186.0,240.0,2.917068e-12,1.4220706e-11,0
5.0,270.0,55.0,-3.1416627e-07,8.1431006e-10,2.8536118e-05,-1.48276,0.052948035,1.0,1.0,1.0,3.0,20.0,1.1304732e-11,1.3667788e-12,1350.0,275.0,3.0159631e-12,1.4805638e-11,0
5.0,95.0,20.0,5.530715e-07,1.2972591e-10,1.1389729e-05,-1.3769183,-0.22989826,1.0,1.0,2.0,4.0,6.0,1.6168395e-11,7.685805e-12,475.0,100.0,1.3655359e-12,6.4862954e-12,1
5.0,55.0,12.0,0.87668514,0.02016761,0.14201272,-1.0556589,-0.22788188,1.0,1.0,1.0,1.0,1.0,0.0049553607,0.001095129,275.0,60.0,0.00036668382,0.0016806341,0
5.0,235.0,48.0,-3.344794e-07,4.2148407e-10,2.0530077e-05,-1.4798524,0.03385385,1.0,1.0,1.0,7.0,16.0,7.671063e-12,1.1272664e-12,1175.0,240.0,1.7935493e-12,8.780918e-12,0
1.0,210.0,211.0,1.7187409e-06,2.3427724e-10,1.5306117e-05,-1.3237752,-0.13158982,1.0,1.0,1.0,64.0,73.0,3.9372764e-13,5.616809e-13,264.0,211.0,1.1156059e-12,1.1103187e-12,0
1.0,452.0,442.0,8.025414e-06,4.7862253e-10,2.1877444e-05,-1.4069672,0.05643033,2.0,2.0,2.0,1.0,4.0,7.602004e-12,1.5472394e-11,564.0,442.0,1.0588995e-12,1.0828565e-12,1
5.0,250.0,51.0,0.23559515,0.11310276,0.33630753,-0.48083937,1.070685,1.0,1.0,1.0,3.0,5.0,0.0038159348,0.0010279308,1250.0,255.0,0.00045241104,0.0022177012,0
5.0,270.0,55.0,0.34373826,0.17370549,0.4167799,-0.70979446,0.9337915,1.0,1.0,1.0,2.0,11.0,0.004183371,0.0006630251,1378.0,275.0,0.0006433537,0.0031582818,0
5.0,242.0,49.0,-6.415038e-07,1.4206517e-10,1.1919109e-05,-0.92184204,-0.50162315,1.0,1.0,1.0,11.0,16.0,1.947993e-12,6.08731e-13,1232.0,245.0,5.8704615e-13,2.899289e-12,0
5.0,80.0,17.0,-8.900941e-07,1.9870754e-10,1.4096366e-05,-1.2363275,-0.2622067,1.0,1.0,2.0,1.0,4.0,2.5754485e-11,4.0820177e-12,400.0,85.0,2.4838443e-12,1.1688679e-11,0
1.0,158.0,149.0,0.15836975,0.026036842,0.16135935,-1.2704685,0.53584415,1.0,1.0,1.0,21.0,27.0,0.0001671482,0.000316615,204.0,149.0,0.00016479014,0.00017474391,0
5.0,275.0,56.0,0.21137804,0.053722806,0.23178181,-1.2404563,0.6441366,1.0,1.0,1.0,2.0,6.0,0.0010907295,0.00024308119,1375.0,280.0,0.00019535565,0.00095933577,0
5.0,270.0,55.0,5.101506e-06,8.3660695e-10,2.892416e-05,-1.2801638,-0.11927965,1.0,1.0,1.0,5.0,18.0,1.019132e-11,9.0159184e-13,1350.0,275.0,3.0985444e-12,1.5211036e-11,0
1.0,558.0,559.0,-2.812744e-06,1.0547891e-10,1.02702925e-05,-1.3951975,-0.06119925,3.0,3.0,2.0,4.0,23.0,1.1744673e-12,2.551118e-12,654.0,559.0,1.8903031e-13,1.8869215e-13,1
1.0,126.0,127.0,0.11801639,0.00719534,0.08482535,-1.3823515,0.37613842,1.0,1.0,1.0,19.0,23.0,8.150757e-05,0.00015435708,126.0,127.0,5.7105874e-05,5.6656223e-05,1
5.0,240.0,49.0,-3.7823654e-07,6.0985955e-10,2.4695335e-05,-1.5090151,0.02888661,1.0,1.0,1.0,5.0,17.0,1.0574171e-11,1.1147733e-12,1200.0,245.0,2.5410815e-12,1.2446113e-11,0
5.0,95.0,20.0,0.08765615,0.010110826,0.1005526,-1.2110015,0.6495635,1.0,1.0,1.0,1.0,2.0,0.0014568744,0.00038400682,475.0,100.0,0.000106429754,0.00050554133,1
1.0,424.0,355.0,0.015136826,0.0011064634,0.03326354,2.2618752,1.9953368,2.0,1.0,1.0,4.0,21.0,1.4896892e-05,1.1098383e-05,588.0,355.0,2.6095834e-06,3.116798e-06,1
1.0,443.0,445.0,1.3516306e-05,1.3626428e-10,1.1673229e-05,-1.72356,-0.1159156,3.0,3.0,3.0,3.0,12.0,3.1607713e-12,6.669686e-12,575.0,445.0,3.075943e-13,3.0621187e-13,0
5.0,195.0,40.0,3.9080583e-06,2.6083188e-10,1.615029e-05,-1.3361769,-0.035034172,1.0,1.0,1.0,3.0,11.0,6.6113963e-12,7.962808e-13,975.0,200.0,1.3375993e-12,6.520797e-12,0
5.0,190.0,39.0,-1.7967155e-05,2.5134894e-10,1.5853988e-05,-1.021684,-0.5793226,1.0,1.0,0.0,7.0,12.0,3.8794133e-12,1.4700667e-12,950.0,195.0,1.3228892e-12,6.4448447e-12,1
5.0,560.0,113.0,1.1806977e-05,3.4458292e-10,1.8562945e-05,-1.2455119,-0.13114002,1.0,1.0,1.0,31.0,43.0,1.6111347e-12,1.1531174e-12,2800.0,565.0,6.1532664e-13,3.0494062e-12,0
5.0,75.0,16.0,2.7621932e-06,1.430863e-10,1.1961869e-05,-1.4915128,0.016991029,1.0,1.0,2.0,2.0,5.0,2.717397e-11,1.34990335e-11,375.0,80.0,1.9078174e-12,8.942894e-12,1
1.0,263.0,265.0,1.5422092e-06,7.702718e-10,2.7753771e-05,-1.4830692,0.026237262,1.0,1.0,1.0,80.0,90.0,6.7441316e-13,7.451653e-13,367.0,265.0,2.92879e-12,2.906686e-12,0
1.0,267.0,268.0,3.9924603e-06,5.3826715e-10,2.3200584e-05,-1.0296607,-0.31204674,1.0,1.0,1.0,18.0,19.0,5.0838006e-12,1.0296995e-11,267.0,268.0,2.0159818e-12,2.0084594e-12,0
5.0,265.0,54.0,0.2204436,0.059350938,0.24362049,-1.3692201,0.53728837,1.0,1.0,1.0,1.0,4.0,0.0013244662,0.00054032804,1325.0,270.0,0.0002239658,0.0010990915,0
1.0,567.0,518.0,0.16544887,0.04448336,0.21091078,-0.6214646,1.0073599,1.0,1.0,1.0,20.0,64.0,2.9635668e-05,1.9832423e-05,793.0,518.0,7.84539e-05,8.587521e-05,0
1.0,350.0,351.0,-6.3540206e-06,2.4591698e-10,1.568174e-05,-1.3300056,-0.03415074,2.0,2.0,2.0,1.0,4.0,2.204159e-12,4.5991743e-12,482.0,351.0,7.0261993e-13,7.0061817e-13,1
5.0,195.0,40.0,0.14595653,0.025656298,0.16017583,-1.4090565,0.5616183,1.0,1.0,1.0,1.0,3.0,0.0016276281,0.0016520665,975.0,200.0,0.00013157076,0.00064140745,0
5.0,215.0,44.0,6.18724e-07,1.4021229e-10,1.1841127e-05,-0.98364764,-0.31801602,1.0,1.0,1.0,7.0,12.0,2.7403414e-12,1.0911612e-12,1075.0,220.0,6.5215015e-13,3.186643e-12,0
5.0,100.0,21.0,1.3459553e-05,6.101172e-10,2.470055e-05,-1.1789216,-0.3538439,1.0,1.0,1.0,2.0,5.0,5.601139e-11,5.3145435e-12,500.0,105.0,6.101172e-12,2.9053199e-11,0
5.0,300.0,61.0,0.18996724,0.026592683,0.16307263,-1.6860096,-0.057608,2.0,1.0,1.0,2.0,3.0,0.0013962851,0.0027164575,1500.0,305.0,8.864228e-05,0.00043594564,1
5.0,85.0,18.0,9.518508e-06,5.0280774e-10,2.2423375e-05,-1.1316221,-0.27767068,1.0,1.0,1.0,2.0,5.0,5.7984097e-11,1.42255105e-11,425.0,90.0,5.915385e-12,2.7933763e-11,1
5.0,105.0,22.0,2.965715e-06,3.2196942e-10,1.7943506e-05,-1.3963782,-0.12402889,1.0,1.0,1.0,2.0,4.0,2.7250074e-11,3.4905416e-12,525.0,110.0,3.0663753e-12,1.4634974e-11,0
5.0,115.0,24.0,0.08781563,0.004595372,0.067789175,-1.549509,-0.27158597,1.0,1.0,1.0,1.0,2.0,0.0002705554,0.00019800484,575.0,120.0,3.9959756e-05,0.00019147384,1
5.0,145.0,30.0,0.15000935,0.017857088,0.13363041,-1.4052308,0.31115884,1.0,1.0,1.0,2.0,4.0,0.001101019,0.00072990154,725.0,150.0,0.00012315233,0.00059523626,1
5.0,360.0,73.0,3.733494e-06,6.8876266e-10,2.6244288e-05,-1.1653972,-0.2888647,1.0,1.0,1.0,14.0,27.0,4.988705e-12,1.1185319e-12,1830.0,365.0,1.9132296e-12,9.4351055e-12,0
5.0,195.0,15.0,0.1484684,0.010337266,0.10167235,-1.5366964,-0.117786,1.0,1.0,1.0,1.0,2.0,0.0032325992,0.006941416,17225.0,75.0,5.3011623e-05,0.0006891511,1
1.0,213.0,195.0,0.36487573,0.17586504,0.41936266,-1.1991458,0.65235454,1.0,1.0,1.0,15.0,22.0,0.00034934838,0.00024633558,291.0,195.0,0.00082565745,0.000901872,0
5.0,195.0,40.0,0.12794356,0.042764004,0.2067946,1.3284876,1.6056938,3.0,2.0,1.0,2.0,4.0,0.040657766,0.10764915,975.0,200.0,0.00021930259,0.0010691001,1
1.0,513.0,515.0,8.138894e-06,6.942084e-10,2.6347834e-05,-0.7816366,-0.51993066,2.0,2.0,2.0,2.0,2.0,1.778687e-11,5.0519405e-11,699.0,515.0,1.3532327e-12,1.3479775e-12,0
5.0,65.0,14.0,-2.3193124e-06,5.661982e-11,7.5246144e-06,-0.6819025,-0.6276947,1.0,1.0,2.0,1.0,3.0,1.1026449e-11,4.8282454e-12,325.0,70.0,8.7107415e-13,4.0442727e-12,1
5.0,1030.0,207.0,-1.2213848e-05,3.3492212e-10,1.8300878e-05,-1.4903302,0.09325928,1.0,1.0,1.0,57.0,64.0,6.206479e-13,9.0683515e-13,5150.0,1035.0,3.251671e-13,1.6179812e-12,0
1.0,206.0,201.0,0.34500524,0.16727842,0.40899685,-1.1305119,0.7077059,1.0,1.0,1.0,20.0,27.0,0.0002987983,0.0001402347,218.0,201.0,0.0008120312,0.00083223096,0
1.0,247.0,238.0,0.39719447,0.14849915,0.38535586,-1.3678564,0.46588752,1.0,1.0,1.0,23.0,37.0,0.00017845976,0.00014638703,343.0,238.0,0.0006012111,0.00062394596,0
5.0,100.0,21.0,1.3879924e-06,5.192433e-10,2.2786911e-05,-1.4416133,-0.07820839,1.0,1.0,2.0,1.0,3.0,4.823626e-11,4.2356643e-12,500.0,105.0,5.1924333e-12,2.4725872e-11,0
5.0,595.0,120.0,0.4113571,0.19363858,0.44004384,-1.2281085,0.59227675,1.0,1.0,1.0,10.0,19.0,0.00078357424,0.00017296721,2975.0,600.0,0.000325443,0.0016136548,0
5.0,330.0,67.0,0.18894476,0.028195802,0.16791606,-1.4820622,0.10957145,2.0,1.0,1.0,3.0,5.0,0.0008865718,0.0010077619,1650.0,335.0,8.5441825e-05,0.00042083286,1
5.0,790.0,159.0,0.288015,0.13929476,0.37322214,-0.87108016,0.87747735,1.0,1.0,1.0,9.0,20.0,0.00042027805,0.00011266938,3950.0,795.0,0.00017632247,0.0008760677,0
5.0,85.0,18.0,-2.104187e-06,8.936025e-11,9.453055e-06,-1.3351325,-0.1493873,1.0,1.0,1.0,2.0,7.0,1.3683964e-11,3.8227186e-12,425.0,90.0,1.0512971e-12,4.9644585e-12,0
1.0,292.0,256.0,0.25280476,0.13606033,0.36886355,-0.45140773,1.090648,1.0,1.0,1.0,13.0,20.0,0.0002607452,0.00022552017,408.0,256.0,0.00046596,0.00053148565,0
5.0,190.0,39.0,1.0382941e-05,5.983808e-10,2.4461822e-05,-1.3487215,-0.12002607,1.0,1.0,1.0,1.0,11.0,1.5536546e-11,8.189939e-13,950.0,195.0,3.1493725e-12,1.5343097e-11,1
5.0,226.0,46.0,-9.273952e-08,1.5718657e-10,1.2537407e-05,-1.4169445,-0.022722334,1.0,1.0,1.0,3.0,15.0,3.0555356e-12,4.9783615e-13,1140.0,230.0,6.955158e-13,3.4170995e-12,0
1.0,303.0,275.0,0.120534286,0.025907166,0.16095704,-0.79562044,0.9245173,1.0,1.0,1.0,32.0,36.0,6.629255e-05,0.00012050632,415.0,275.0,8.55022e-05,9.420788e-05,1
1.0,693.0,616.0,0.18662697,0.060611434,0.2461939,-0.90316904,0.87278134,2.0,1.0,1.0,96.0,105.0,1.4737846e-05,9.6717595e-06,967.0,616.0,8.746239e-05,9.839518e-05,1
5.0,210.0,43.0,-5.316042e-06,1.3477376e-10,1.160921e-05,-0.9927428,-0.45415577,1.0,1.0,1.0,9.0,10.0,2.1884447e-12,6.676419e-13,1050.0,215.0,6.417798e-13,3.1342734e-12,0
5.0,240.0,49.0,0.2540245,0.035641808,0.18879038,-1.0413157,0.24044308,2.0,1.0,1.0,4.0,6.0,0.001355281,0.0006714058,1200.0,245.0,0.00014850753,0.0007273839,1
5.0,286.0,58.0,0.35689944,0.16190785,0.40237775,-1.1485057,0.67608273,1.0,1.0,1.0,2.0,13.0,0.0028549847,0.00040848623,1436.0,290.0,0.00056611135,0.0027915146,0
1.0,285.0,286.0,-1.0323487e-06,4.4691334e-10,2.1140324e-05,-1.4412016,0.02973785,1.0,1.0,1.0,91.0,100.0,5.0813916e-13,9.0834724e-13,391.0,286.0,1.568117e-12,1.562634e-12,0
5.0,475.0,96.0,0.47436705,0.19098894,0.43702284,-1.4133037,0.3967348,1.0,1.0,1.0,10.0,19.0,0.0010333018,0.00020533435,2375.0,480.0,0.000402082,0.0019894682,0
5.0,90.0,19.0,9.018717e-06,4.6319149e-10,2.1521884e-05,-0.785075,-0.44673654,1.0,1.0,1.0,1.0,4.0,5.2088032e-11,7.891109e-12,450.0,95.0,5.146572e-12,2.43785e-11,0
5.0,345.0,70.0,0.23720135,0.10228745,0.3198241,-0.79307836,0.9266705,1.0,1.0,1.0,3.0,11.0,0.0016068803,0.00023116509,1725.0,350.0,0.00029648538,0.0014612493,0
5.0,210.0,43.0,-2.7886002e-05,7.503176e-11,8.662088e-06,-1.1370335,-0.19162397,1.0,1.0,1.0,8.0,13.0,1.9025924e-12,7.6250264e-13,1050.0,215.0,3.572941e-13,1.7449246e-12,0
1.0,315.0,317.0,4.4116873e-06,6.311006e-10,2.5121715e-05,-1.2167116,-0.12817593,1.0,1.0,1.0,97.0,104.0,5.293624e-13,8.4284625e-13,441.0,317.0,2.003494e-12,1.9908537e-12,0
1.0,443.0,445.0,1.6091926e-05,6.127864e-10,2.4754523e-05,-0.40794927,-0.7743516,1.0,1.0,1.0,136.0,147.0,3.756456e-13,8.1497856e-13,615.0,445.0,1.383265e-12,1.3770481e-12,0
5.0,385.0,78.0,1.7402851e-06,4.519355e-10,2.1258775e-05,-1.3692173,-0.11215051,1.0,1.0,1.0,20.0,28.0,3.0453728e-12,8.7543005e-13,1925.0,390.0,1.1738584e-12,5.7940445e-12,0
5.0,195.0,40.0,0.27783373,0.105079636,0.3241599,-1.107373,0.7372257,1.0,1.0,1.0,1.0,2.0,0.0044082594,0.00072226144,975.0,200.0,0.00053886994,0.002626991,1
5.0,220.0,45.0,-5.373102e-07,6.0830546e-10,2.4663848e-05,-1.149009,-0.29047596,1.0,1.0,1.0,3.0,3.0,2.6035068e-11,3.334006e-11,1100.0,225.0,2.7650248e-12,1.3517899e-11,1
1.0,689.0,658.0,0.17201729,0.043728083,0.20911261,-1.1706705,0.7073004,2.0,1.0,2.0,58.0,116.0,1.1130279e-05,1.1415795e-05,791.0,658.0,6.346602e-05,6.645606e-05,0
5.0,95.0,20.0,2.0559446e-05,5.215213e-10,2.283684e-05,-1.3821354,-0.25977442,1.0,1.0,1.0,2.0,4.0,5.917393e-11,1.0272535e-11,475.0,100.0,5.489698e-12,2.6076067e-11,0
5.0,190.0,39.0,1.3214766e-05,2.9007657e-10,1.7031634e-05,-1.3404951,-0.10430397,1.0,1.0,1.0,7.0,13.0,7.534322e-12,1.7134724e-12,950.0,195.0,1.5267189e-12,7.437861e-12,0
1.0,193.0,195.0,7.0993456e-06,5.15832e-10,2.2711934e-05,-1.2966216,-0.07004832,2.0,1.0,1.0,1.0,2.0,5.5801964e-11,1.6470648e-10,257.0,195.0,2.6727045e-12,2.6452922e-12,1
5.0,210.0,43.0,-3.106115e-06,3.504091e-10,1.8719216e-05,-1.2969285,-0.10771014,1.0,1.0,1.0,5.0,15.0,7.662371e-12,1.4357642e-12,1050.0,215.0,1.6686147e-12,8.149048e-12,0
5.0,235.0,48.0,-4.5064353e-06,3.4676165e-10,1.8621537e-05,-1.4980215,-0.021593485,1.0,1.0,1.0,5.0,15.0,6.319354e-12,8.0870336e-13,1175.0,240.0,1.4755815e-12,7.224201e-12,0
1.0,445.0,446.0,0.30505013,0.13508408,0.36753786,-1.1447191,0.71607953,2.0,1.0,1.0,38.0,55.0,6.738306e-05,6.216614e-05,445.0,446.0,0.0003035597,0.00030287908,0
1.0,191.0,192.0,-2.8827178e-06,1.0048277e-10,1.00241095e-05,-1.2498167,-0.1570675,1.0,1.0,1.0,56.0,63.0,3.6283286e-13,7.520203e-13,227.0,192.0,5.260878e-13,5.2334775e-13,1
5.0,90.0,19.0,0.18472037,0.024285683,0.15583864,-1.4386725,0.2974889,1.0,1.0,1.0,1.0,3.0,0.0030107964,0.00055632,450.0,95.0,0.00026984094,0.0012781939,1
5.0,95.0,20.0,7.509935e-07,3.2268183e-10,1.7963346e-05,-1.5192403,0.13850448,1.0,1.0,2.0,1.0,6.0,3.5250025e-11,7.82919e-12,475.0,100.0,3.3966508e-12,1.613409e-11,0
1.0,378.0,380.0,2.990795e-06,3.8437253e-10,1.960542e-05,-0.73637855,-0.07829425,1.0,1.0,1.0,111.0,127.0,3.793821e-13,6.807879e-13,528.0,380.0,1.0168586e-12,1.0115066e-12,0
1.0,564.0,565.0,1.1224711e-05,3.9114084e-10,1.977728e-05,-1.1745076,-0.08487441,3.0,3.0,3.0,2.0,5.0,9.776753e-12,1.9892593e-11,656.0,565.0,6.9351214e-13,6.922847e-13,0
1.0,238.0,217.0,0.31180954,0.16356839,0.40443587,-0.8826397,0.86635274,1.0,1.0,1.0,19.0,26.0,0.00030723316,0.00019942188,322.0,217.0,0.0006872621,0.00075377134,0
1.0,482.0,483.0,-1.1451239e-05,2.0297086e-10,1.4246784e-05,-1.2390921,-0.21687351,12.0,2.0,1.0,48.0,81.0,4.2015584e-12,1.0501982e-11,482.0,483.0,4.2110139e-13,4.2022953e-13,1
5.0,240.0,49.0,3.4143775e-06,6.573441e-10,2.5638723e-05,-1.3574125,-0.13498092,1.0,1.0,1.0,4.0,14.0,1.1251748e-11,1.7290722e-12,1200.0,245.0,2.7389339e-12,1.34151865e-11,1
1.0,243.0,223.0,0.32886526,0.14855857,0.38543296,-1.1634572,0.68014604,1.0,1.0,1.0,14.0,25.0,0.00029975057,0.00033497988,321.0,223.0,0.00061135215,0.0006661819,0
1.0,166.0,167.0,-2.401918e-06,2.7764288e-10,1.666262e-05,-1.0196644,-0.39284626,1.0,1.0,1.0,50.0,53.0,1.2077819e-12,2.6516658e-12,166.0,167.0,1.6725475e-12,1.6625323e-12,0
5.0,456.0,92.0,-2.4368417e-06,3.2484745e-10,1.8023526e-05,-0.7937499,0.014837131,1.0,1.0,1.0,4.0,12.0,4.817814e-12,3.5959111e-12,2286.0,460.0,7.1238474e-13,3.5309505e-12,1
5.0,330.0,67.0,1.9434926e-06,1.5917027e-10,1.261627e-05,-1.243708,-0.1646269,1.0,1.0,1.0,19.0,23.0,1.6144668e-12,7.504763e-13,1650.0,335.0,4.8233417e-13,2.3756758e-12,0
5.0,225.0,46.0,2.5696517e-07,5.7459415e-10,2.3970693e-05,-1.441248,0.0015786263,1.0,1.0,1.0,6.0,13.0,1.1051868e-11,2.0028389e-12,1125.0,230.0,2.5537517e-12,1.2491177e-11,0
5.0,145.0,30.0,-2.7331373e-05,1.3068269e-10,1.1431653e-05,-1.1993984,-0.21788886,1.0,1.0,1.0,5.0,9.0,5.6653146e-12,1.6450863e-12,725.0,150.0,9.0125986e-13,4.3560893e-12,0
1.0,233.0,234.0,3.806906e-06,8.7639085e-10,2.96039e-05,-1.4340996,-0.07159582,1.0,1.0,1.0,63.0,74.0,1.0726206e-12,1.1425007e-12,233.0,234.0,3.761334e-12,3.74526e-12,0
5.0,255.0,52.0,2.045418e-06,8.1713664e-10,2.8585602e-05,-1.4555854,-0.013965124,1.0,1.0,1.0,1.0,17.0,1.26795085e-11,9.734572e-13,1275.0,260.0,3.2044573e-12,1.5714166e-11,0
5.0,200.0,41.0,0.11054116,0.0197311,0.14046744,-1.2218488,0.71234757,1.0,1.0,1.0,2.0,4.0,0.0012314933,0.001370084,1000.0,205.0,9.86555e-05,0.00048124636,0
5.0,105.0,22.0,-1.0579032e-06,2.0163188e-10,1.4199714e-05,-1.5098681,-0.06719376,1.0,1.0,2.0,1.0,5.0,1.733468e-11,2.9324603e-12,525.0,110.0,1.9203035e-12,9.165085e-12,0
5.0,275.0,56.0,0.22665939,0.120737925,0.34747362,-0.14387038,1.2117207,1.0,1.0,1.0,1.0,5.0,0.003737093,0.0004590229,1375.0,280.0,0.000439047,0.0021560343,0
5.0,265.0,54.0,0.35559687,0.08494859,0.2914594,-1.4471414,0.17040022,1.0,1.0,1.0,2.0,9.0,0.0012208004,0.00022352568,1325.0,270.0,0.00032056074,0.0015731221,0
1.0,182.0,184.0,2.2454212e-06,2.3496904e-10,1.53287e-05,-1.0406986,0.27754664,3.0,2.0,1.0,3.0,6.0,6.513046e-12,1.28269765e-11,228.0,184.0,1.2910387e-12,1.2770056e-12,1
5.0,95.0,20.0,0.15028387,0.019707575,0.14038368,-1.3484253,0.4300912,1.0,1.0,1.0,1.0,3.0,0.0023505779,0.0005141938,475.0,100.0,0.00020744817,0.0009853789,1
1.0,276.0,278.0,1.3274056e-06,2.216433e-10,1.488769e-05,-0.7221424,-0.6255699,1.0,1.0,1.0,73.0,88.0,3.431009e-13,7.311975e-13,356.0,278.0,8.0305543e-13,7.9727804e-13,0
5.0,825.0,166.0,0.2730763,0.10281747,0.32065162,-1.2632164,0.6439808,1.0,1.0,1.0,10.0,26.0,0.00024948546,6.7679684e-05,4125.0,830.0,0.00012462723,0.00061938236,0
1.0,186.0,169.0,0.12563752,0.022803355,0.1510078,-1.0891759,0.7387586,1.0,1.0,1.0,16.0,24.0,0.000100274294,0.00013521402,254.0,169.0,0.00012259868,0.00013493109,0
5.0,95.0,20.0,9.31477e-06,4.353614e-10,2.0865316e-05,-0.84560627,-0.24026302,1.0,1.0,1.0,3.0,5.0,5.0103727e-11,1.6501618e-11,475.0,100.0,4.5827517e-12,2.176807e-11,1
5.0,223.0,45.0,-2.144015e-06,1.362789e-10,1.1673856e-05,-1.4950305,-0.031214487,1.0,1.0,1.0,8.0,16.0,2.924136e-12,6.70406e-13,1133.0,225.0,6.111162e-13,3.0284202e-12,0
1.0,460.0,462.0,2.0530559e-05,3.5527442e-10,1.8848725e-05,-0.8800815,-0.6115668,1.0,1.0,1.0,133.0,143.0,2.599811e-13,6.545412e-13,616.0,462.0,7.723357e-13,7.6899224e-13,1
5.0,275.0,56.0,-5.0522644e-06,3.2117667e-10,1.7921402e-05,-1.4822295,0.008297224,1.0,1.0,1.0,8.0,17.0,4.421627e-12,7.9568324e-13,1375.0,280.0,1.1679152e-12,5.735298e-12,0
5.0,80.0,17.0,-8.524359e-07,6.795791e-10,2.6068737e-05,-1.5336547,0.04409671,1.0,1.0,2.0,1.0,0.0,9.81592e-11,1.4695394e-11,400.0,85.0,8.494739e-12,3.9975242e-11,0
5.0,175.0,36.0,0.13015117,0.02233599,0.1494523,-1.4555528,0.4939636,1.0,1.0,1.0,2.0,5.0,0.0014892034,0.0012645571,875.0,180.0,0.00012763422,0.0006204442,0
5.0,165.0,34.0,-1.193523e-06,3.201544e-10,1.7892859e-05,-0.88441515,-0.5514074,1.0,1.0,1.0,3.0,11.0,8.9027796e-12,1.3257864e-12,825.0,170.0,1.9403298e-12,9.416306e-12,0
1.0,349.0,350.0,0.2748677,0.10300552,0.32094473,-1.2361231,0.6500293,1.0,1.0,1.0,19.0,30.0,7.824725e-05,7.8320154e-05,349.0,350.0,0.00029514477,0.00029430148,0
5.0,225.0,46.0,-1.5209629e-06,7.8320145e-10,2.7985736e-05,-1.4934127,0.00798315,1.0,1.0,1.0,5.0,14.0,1.54131e-11,1.488271e-12,1125.0,230.0,3.4808955e-12,1.7026118e-11,0
1.0,297.0,274.0,0.059463076,0.0055273017,0.07434583,-0.5026294,1.0065624,3.0,1.0,1.0,33.0,37.0,5.8984242e-05,0.00012437496,377.0,274.0,1.8610443e-05,2.0172634e-05,1
1.0,187.0,188.0,9.2692534e-07,1.5902266e-10,1.2610419e-05,-1.5064808,0.019081937,1.0,1.0,1.0,51.0,56.0,3.9932012e-13,5.9420996e-13,187.0,188.0,8.5038855e-13,8.458652e-13,0
1.0,187.0,188.0,1.5482295e-06,2.3533914e-10,1.5340767e-05,-1.4463689,-0.012974506,1.0,1.0,1.0,61.0,65.0,5.5485244e-13,8.476325e-13,197.0,188.0,1.2584981e-12,1.2518039e-12,0
1.0,370.0,350.0,0.22707662,0.036620975,0.19136608,-1.2162229,0.260888,3.0,2.0,2.0,36.0,50.0,8.219951e-05,9.160388e-05,492.0,350.0,9.897561e-05,0.00010463136,1
5.0,280.0,57.0,0.2089521,0.07948849,0.28193703,-0.6773476,0.96830666,1.0,1.0,1.0,2.0,3.0,0.0019463655,0.00037618005,1400.0,285.0,0.00028388746,0.001394535,0
1.0,185.0,186.0,-1.266181e-06,2.0670185e-10,1.4377129e-05,-1.4452324,-0.031721316,1.0,1.0,1.0,55.0,64.0,6.150401e-13,1.115398e-12,185.0,186.0,1.1173073e-12,1.1113003e-12,0
5.0,80.0,17.0,-1.1704483e-06,6.650128e-10,2.5787842e-05,-1.5189943,0.03284505,1.0,1.0,2.0,1.0,2.0,9.5823495e-11,1.2210715e-11,400.0,85.0,8.3126605e-12,3.91184e-11,0
5.0,210.0,43.0,4.5854117e-06,5.160514e-10,2.2716766e-05,-0.7985145,-0.649764,1.0,1.0,1.0,3.0,12.0,6.899289e-12,5.385199e-13,1050.0,215.0,2.4573878e-12,1.2001196e-11,1
5.0,250.0,51.0,0.35855433,0.13255346,0.3640789,-0.7563068,0.91914105,1.0,1.0,1.0,3.0,10.0,0.0038555488,0.0005135511,1250.0,255.0,0.0005302138,0.0025990873,0
5.0,235.0,48.0,0.32907602,0.14745694,0.38400123,-1.1606146,0.67688566,1.0,1.0,1.0,1.0,4.0,0.0038775725,0.0006396025,1175.0,240.0,0.0006274764,0.0030720197,0
5.0,420.0,85.0,0.7221493,0.0358803,0.18942097,-1.4619997,0.23291884,2.0,1.0,1.0,19.0,30.0,0.00024678983,0.000103078746,2100.0,425.0,8.542929e-05,0.0004221212,0
5.0,230.0,47.0,1.6009652e-06,1.0931817e-09,3.3063297e-05,-1.4747807,-0.0126670515,1.0,1.0,1.0,4.0,15.0,2.0369994e-11,1.7619078e-12,1150.0,235.0,4.7529636e-12,2.3259185e-11,0
5.0,315.0,64.0,0.16890061,0.05499179,0.23450328,-0.6947131,0.99471307,1.0,1.0,1.0,1.0,4.0,0.0012798014,0.00041833438,1575.0,320.0,0.0001745771,0.0008592467,0
5.0,315.0,64.0,4.088208e-06,6.5767525e-10,2.564518e-05,-1.3040683,-0.05469843,1.0,1.0,1.0,6.0,20.0,7.084963e-12,7.5787635e-13,1575.0,320.0,2.0878579e-12,1.0276176e-11,0
1.0,180.0,181.0,3.0945816e-06,2.7782296e-10,1.6668022e-05,-1.5086654,-0.0133803785,1.0,1.0,1.0,58.0,63.0,7.235222e-13,1.1707569e-12,240.0,181.0,1.543461e-12,1.5349335e-12,0
5.0,55.0,12.0,0.89175266,0.0186988,0.13674356,-0.9418857,-0.42702305,1.0,1.0,1.0,2.0,1.0,0.0040131733,0.00093609764,275.0,60.0,0.00033997817,0.0015582334,0
1.0,298.0,284.0,0.33813357,0.14289492,0.37801445,-1.2646996,0.61325914,1.0,1.0,1.0,30.0,34.0,0.00020663379,0.00030506178,400.0,284.0,0.0004795132,0.00050315115,0
5.0,186.0,38.0,1.5215757e-06,2.0256564e-10,1.4232556e-05,-1.3515493,-0.067635804,1.0,1.0,1.0,7.0,11.0,5.694977e-12,1.2681687e-12,936.0,190.0,1.0890627e-12,5.330675e-12,1
1.0,147.0,147.0,0.038199756,0.0011264423,0.033562515,-1.668169,0.12402813,10.0,1.0,1.0,27.0,36.0,4.1249357e-05,0.00010805777,149.0,147.0,7.662873e-06,7.662873e-06,0
1.0,521.0,522.0,-8.3508685e-06,3.7574951e-10,1.9384259e-05,-1.3818017,0.07309748,2.0,2.0,1.0,2.0,4.0,6.492535e-12,1.3127918e-11,521.0,522.0,7.212083e-13,7.1982665e-13,1
1.0,193.0,195.0,-1.2753613e-06,8.774069e-11,9.367e-06,-0.85867375,-0.4961005,2.0,2.0,1.0,3.0,7.0,1.6598144e-12,3.4895873e-12,223.0,195.0,4.5461497e-13,4.4995225e-13,1
5.0,140.0,29.0,0.2783831,0.03362653,0.18337537,-1.4773409,-0.18277793,2.0,1.0,1.0,3.0,4.0,0.0013501818,0.0005873802,700.0,145.0,0.00024018949,0.0011595355,1
5.0,475.0,96.0,1.066272e-05,3.4216677e-10,1.849775e-05,-0.2682116,-0.71126395,2.0,2.0,1.0,2.0,3.0,1.8004329e-11,3.5166002e-11,2375.0,480.0,7.2035113e-13,3.5642372e-12,1
1.0,265.0,236.0,0.25006965,0.1005174,0.3170448,-1.0149618,0.8045974,1.0,1.0,1.0,19.0,25.0,0.0001836079,0.00017231148,371.0,236.0,0.00037931095,0.0004259212,0
5.0,230.0,47.0,-9.381666e-07,9.229869e-10,3.03807e-05,-1.4817783,0.020864466,1.0,1.0,1.0,3.0,14.0,1.709168e-11,1.1576223e-12,1150.0,235.0,4.0129866e-12,1.963802e-11,0
1.0,215.0,204.0,0.24613616,0.073170416,0.2705003,-1.2099,0.6568068,1.0,1.0,1.0,10.0,13.0,0.00019623044,0.0002612827,301.0,204.0,0.0003403275,0.0003586785,0
5.0,80.0,17.0,1.3874629e-07,1.7641563e-10,1.3282155e-05,-1.5046871,-0.118556015,1.0,1.0,2.0,1.0,3.0,2.567839e-11,3.4199288e-12,400.0,85.0,2.2051954e-12,1.0377391e-11,0
5.0,375.0,76.0,0.35014653,0.15392528,0.39233315,-1.2463875,0.6059281,1.0,1.0,1.0,2.0,14.0,0.0014959198,9.580661e-05,1875.0,380.0,0.00041046744,0.0020253328,0
1.0,774.0,711.0,0.23715556,0.08658309,0.29425004,-1.1471627,0.7355793,1.0,1.0,1.0,33.0,102.0,2.3695362e-05,1.8111232e-05,1012.0,711.0,0.00011186446,0.000121776495,1
1.0,242.0,243.0,-1.3392658e-05,3.5341976e-11,5.9449117e-06,-0.8220674,-0.6806354,1.0,1.0,1.0,76.0,84.0,2.2578871e-13,6.003187e-13,338.0,243.0,1.4604122e-13,1.4544022e-13,0
1.0,459.0,460.0,3.7945936e-06,5.1272697e-10,2.2643475e-05,-1.4636344,-0.05179193,1.0,1.0,1.0,135.0,153.0,3.327044e-13,6.993793e-13,643.0,460.0,1.1170522e-12,1.1146238e-12,0
1.0,221.0,204.0,0.2653647,0.09264488,0.3043762,-1.2622235,0.631935,1.0,1.0,1.0,20.0,25.0,0.00017447468,0.00013788985,295.0,204.0,0.0004192076,0.00045414155,0
5.0,205.0,42.0,-9.0898275e-06,1.0639995e-10,1.0315035e-05,-1.4943246,-0.02995869,1.0,1.0,1.0,8.0,11.0,2.7063208e-12,8.435184e-13,1025.0,210.0,5.1902417e-13,2.5333323e-12,1
1.0,425.0,426.0,-6.057919e-06,2.621347e-10,1.6190574e-05,-1.3785315,0.038365763,1.0,1.0,1.0,139.0,149.0,3.3268375e-13,8.404468e-13,589.0,426.0,6.167875e-13,6.1533965e-13,0
5.0,110.0,23.0,2.23805e-06,8.4667645e-10,2.9097704e-05,-1.48938,0.07773111,1.0,1.0,2.0,1.0,5.0,6.5931836e-11,5.858054e-12,550.0,115.0,7.697058e-12,3.681202e-11,0
5.0,75.0,16.0,-3.2497728e-06,2.9322847e-10,1.7123915e-05,-1.3423768,0.05606946,1.0,1.0,2.0,2.0,4.0,5.199611e-11,2.3796234e-11,375.0,80.0,3.9097133e-12,1.832678e-11,0
1.0,359.0,360.0,-1.3641331e-06,2.1907182e-10,1.4801075e-05,-1.4266205,-0.030396862,2.0,1.0,1.0,32.0,55.0,5.9072945e-13,1.2991242e-12,477.0,360.0,6.102279e-13,6.085328e-13,1
5.0,270.0,55.0,0.36806053,0.16613318,0.40759438,-1.2100216,0.62126714,1.0,1.0,1.0,5.0,11.0,0.0032472434,0.00092187116,1350.0,275.0,0.00061530806,0.0030206032,1
1.0,176.0,178.0,-1.3631993e-06,2.9429498e-10,1.7155027e-05,-1.3881633,-0.099300444,1.0,1.0,1.0,16.0,20.0,1.1737409e-12,1.7667768e-12,238.0,178.0,1.6721305e-12,1.6533426e-12,1
5.0,105.0,22.0,3.4949546e-06,9.686302e-10,3.1122825e-05,-1.4965557,0.02593973,1.0,1.0,2.0,1.0,3.0,8.282114e-11,6.282431e-12,525.0,110.0,9.2250495e-12,4.4028645e-11,1
1.0,184.0,185.0,-3.1995926e-06,5.704155e-10,2.3883373e-05,-0.9197936,-0.004480809,2.0,2.0,2.0,1.0,2.0,1.659451e-11,3.260229e-11,246.0,185.0,3.100084e-12,3.0833268e-12,1
5.0,275.0,56.0,0.21344376,0.074786566,0.27347133,-0.80758727,0.89468825,1.0,1.0,1.0,2.0,7.0,0.0017398257,0.0002212424,1375.0,280.0,0.00027195117,0.0013354744,0
1.0,124.0,109.0,0.011812207,0.0003569068,0.018891977,-0.525036,1.1163073,4.0,1.0,1.0,9.0,14.0,1.5524543e-05,2.6075284e-05,168.0,109.0,2.8782806e-06,3.2743744e-06,1
5.0,635.0,128.0,8.538306e-06,4.69849e-10,2.1676002e-05,-1.3344287,0.2199465,1.0,1.0,1.0,34.0,42.0,1.489901e-12,6.739837e-13,3175.0,640.0,7.3991974e-13,3.6706953e-12,0
5.0,215.0,44.0,7.294468e-07,1.6014151e-10,1.2654703e-05,-1.2786487,-0.1562727,1.0,1.0,1.0,10.0,14.0,3.3346405e-12,1.1957926e-12,1075.0,220.0,7.4484424e-13,3.6395795e-12,0
5.0,80.0,17.0,0.10545019,0.008495533,0.092171215,-1.4239544,0.3282834,1.0,1.0,1.0,1.0,1.0,0.0013120904,0.00024427427,400.0,85.0,0.000106194166,0.0004997372,0
5.0,295.0,60.0,0.22404692,0.10520055,0.32434633,0.2214637,1.3417939,1.0,1.0,1.0,1.0,6.0,0.0031869004,0.00032943458,1475.0,300.0,0.00035661203,0.0017533426,0
5.0,85.0,18.0,-9.895114e-06,6.89135e-11,8.301416e-06,-1.2236903,-0.25014204,1.0,1.0,0.0,1.0,5.0,8.306915e-12,1.5400347e-12,425.0,90.0,8.1074703e-13,3.8285278e-12,0
5.0,355.0,72.0,-1.3422571e-06,4.953305e-10,2.2256021e-05,-1.3569324,-0.04418691,1.0,1.0,1.0,13.0,25.0,4.1520207e-12,8.0503963e-13,1775.0,360.0,1.3952972e-12,6.87959e-12,0
1.0,442.0,444.0,5.3287254e-06,4.0168605e-10,2.0042107e-05,-1.4412835,0.033653103,1.0,1.0,1.0,115.0,127.0,8.703464e-13,2.4090938e-12,618.0,444.0,9.087919e-13,9.0469825e-13,0
5.0,605.0,122.0,-7.4411428e-06,1.6138949e-10,1.2703916e-05,-1.4041933,-0.18317172,1.0,1.0,1.0,34.0,41.0,6.510213e-13,6.1012556e-13,3025.0,610.0,2.6675946e-13,1.3228646e-12,0
1.0,495.0,496.0,-1.8269768e-06,5.1278176e-10,2.2644686e-05,-1.3963102,0.17397235,3.0,3.0,2.0,2.0,5.0,4.9423e-12,1.0088229e-11,675.0,496.0,1.0359228e-12,1.0338343e-12,1
5.0,505.0,102.0,0.42788687,0.15423752,0.39273086,-1.2470185,0.5484233,1.0,1.0,1.0,10.0,28.0,0.00081015844,9.97174e-05,2525.0,510.0,0.00030542084,0.0015121326,1
5.0,60.0,13.0,0.89767295,0.022387322,0.14962393,-1.1098361,-0.20273332,1.0,1.0,1.0,1.0,0.0,0.0046548937,0.0011078188,300.0,65.0,0.00037312202,0.0017221017,1
1.0,714.0,715.0,1.1632235e-05,3.9965542e-10,1.9991383e-05,-1.3301979,-0.49461597,1.0,1.0,1.0,33.0,69.0,3.4598068e-13,8.0150323e-13,714.0,715.0,5.597415e-13,5.5895864e-13,1
1.0,184.0,185.0,-3.4006216e-06,2.0932255e-10,1.4467983e-05,-0.97711116,-0.37654862,1.0,1.0,1.0,44.0,53.0,9.644726e-13,1.8561686e-12,184.0,185.0,1.1376225e-12,1.1314732e-12,0
1.0,180.0,181.0,3.4953664e-06,2.5872418e-10,1.6084905e-05,-1.4225883,-0.07730366,1.0,1.0,1.0,31.0,34.0,3.1433003e-12,8.166129e-12,180.0,181.0,1.4373565e-12,1.4294153e-12,0
1.0,233.0,234.0,-1.4488029e-06,6.0328903e-10,2.4561943e-05,-1.4895453,0.015771579,1.0,1.0,1.0,55.0,63.0,1.6012962e-12,3.1328e-12,233.0,234.0,2.589223e-12,2.5781582e-12,0
5.0,205.0,42.0,2.5484574e-06,8.3351415e-10,2.8870645e-05,-1.4134997,0.08764505,1.0,1.0,1.0,1.0,11.0,1.9374603e-11,1.1070384e-12,1025.0,210.0,4.0659225e-12,1.9845575e-11,0
5.0,235.0,48.0,0.41051024,0.14910854,0.38614577,-1.0027422,0.67617357,1.0,1.0,1.0,6.0,10.0,0.004694071,0.0023113496,1175.0,240.0,0.0006345045,0.003106428,0
1.0,290.0,266.0,0.3813107,0.16733564,0.4090668,-1.2758828,0.56496793,1.0,1.0,1.0,26.0,38.0,0.00016992916,0.00013088058,404.0,266.0,0.00057701947,0.0006290814,0
5.0,321.0,65.0,-2.8476477e-06,3.9019404e-10,1.975333e-05,-1.4264841,0.122044176,2.0,1.0,1.0,9.0,10.0,1.7636712e-11,4.247802e-11,1617.0,325.0,1.2155577e-12,6.002985e-12,1
5.0,70.0,15.0,-1.0497487e-06,1.7549716e-10,1.3247534e-05,-1.4627744,-0.09282916,1.0,1.0,2.0,1.0,2.0,3.1999438e-11,5.961891e-12,350.0,75.0,2.5071024e-12,1.169981e-11,0
5.0,265.0,54.0,0.30893594,0.13676901,0.36982295,-1.1203046,0.71649796,1.0,1.0,1.0,1.0,7.0,0.0029308074,0.00025606388,1325.0,270.0,0.00051610946,0.0025327594,0
5.0,990.0,199.0,6.7300994e-06,1.3924807e-10,1.1800342e-05,-1.5086298,-0.0003859098,1.0,1.0,1.0,55.0,65.0,3.2238383e-13,5.227824e-13,4950.0,995.0,1.4065462e-13,6.9973904e-13,1
1.0,178.0,179.0,3.1837644e-06,2.471168e-10,1.571995e-05,-1.4623294,0.007918811,1.0,1.0,1.0,50.0,60.0,5.635079e-13,7.581956e-13,244.0,179.0,1.3882967e-12,1.3805409e-12,0
5.0,75.0,16.0,1.3835689e-06,6.345502e-10,2.519028e-05,-1.4280764,-0.09663167,1.0,1.0,2.0,1.0,0.0,9.761968e-11,1.311435e-11,375.0,80.0,8.46067e-12,3.9659387e-11,0
5.0,190.0,39.0,0.18177246,0.05311808,0.2304736,-1.0232455,0.80747557,1.0,1.0,1.0,1.0,8.0,0.0024318302,0.0003896353,950.0,195.0,0.00027956883,0.001362002,0
5.0,232.0,47.0,0.33018163,0.1756119,0.41906074,-0.86883956,0.8571443,1.0,1.0,1.0,2.0,7.0,0.0055830134,0.001257791,1172.0,235.0,0.00075694785,0.0037364233,1
5.0,215.0,44.0,-2.1558467e-06,3.6245118e-10,1.903815e-05,-1.3972912,0.017414505,1.0,1.0,1.0,4.0,13.0,7.535915e-12,6.8781656e-13,1075.0,220.0,1.6858195e-12,8.237527e-12,0
1.0,271.0,272.0,-5.7431084e-06,5.4161575e-10,2.327264e-05,-1.1543207,0.18812306,2.0,2.0,2.0,1.0,3.0,2.1535022e-11,5.6956346e-11,363.0,272.0,1.9985823e-12,1.9912344e-12,1
5.0,100.0,21.0,5.470257e-06,5.390564e-10,2.3217588e-05,-1.5056534,-0.11550865,1.0,1.0,2.0,1.0,4.0,5.1556346e-11,4.1751025e-12,500.0,105.0,5.390564e-12,2.5669352e-11,0
5.0,240.0,49.0,0.2984775,0.12692142,0.3562603,-0.96388805,0.8185823,1.0,1.0,1.0,1.0,3.0,0.0037458036,0.00078981835,1200.0,245.0,0.00052883924,0.002590233,0
5.0,90.0,19.0,0.11481186,0.011568315,0.107556105,-1.3740196,0.40935823,1.0,1.0,1.0,1.0,1.0,0.001490025,0.0002552498,450.0,95.0,0.00012853683,0.0006088587,0
5.0,95.0,20.0,1.519642e-06,3.8850706e-10,1.9710582e-05,-1.4185596,-0.07376958,1.0,1.0,2.0,2.0,3.0,4.233675e-11,7.807839e-12,475.0,100.0,4.089548e-12,1.9425352e-11,0
5.0,285.0,58.0,0.24650206,0.07011519,0.26479274,-1.3012241,0.56456655,1.0,1.0,1.0,3.0,2.0,0.0014392469,0.0008487032,1425.0,290.0,0.00024601823,0.0012088827,1
1.0,173.0,175.0,-8.395947e-06,3.3995334e-10,1.8437824e-05,-1.2855223,-0.13134918,1.0,1.0,1.0,51.0,58.0,6.5877496e-13,7.331873e-13,241.0,175.0,1.9650481e-12,1.9425906e-12,0
5.0,250.0,52.0,0.3112936,0.19121407,0.4372803,-0.4778971,1.0581194,1.0,1.0,1.0,5.0,11.0,0.005947523,0.0012736127,1262.0,260.0,0.0007648563,0.0036771935,0
5.0,250.0,51.0,3.0010222e-06,7.287379e-10,2.6995145e-05,-1.1976303,-0.22201139,1.0,1.0,1.0,7.0,18.0,1.0352068e-11,1.8236398e-12,1250.0,255.0,2.9149515e-12,1.4288978e-11,0
5.0,615.0,124.0,7.808766e-06,2.4385857e-10,1.5615971e-05,-1.4291123,0.25372735,1.0,1.0,1.0,35.0,42.0,8.8784297e-13,7.415288e-13,3075.0,620.0,3.9651802e-13,1.9666014e-12,0
1.0,182.0,183.0,-2.948055e-06,6.954671e-10,2.637171e-05,-1.4970651,0.031121565,1.0,1.0,1.0,30.0,36.0,2.7686766e-12,5.819877e-12,254.0,183.0,3.8212476e-12,3.8003663e-12,0
5.0,231.0,47.0,2.6599757e-06,6.933844e-10,2.6332193e-05,-1.3433434,-0.12543927,1.0,1.0,1.0,4.0,12.0,1.2919473e-11,1.1564136e-12,1161.0,235.0,3.001664e-12,1.475286e-11,1
5.0,165.0,34.0,-2.3186183e-05,1.9885223e-10,1.4101498e-05,-1.4909785,-0.038515672,1.0,1.0,1.0,4.0,9.0,7.349826e-12,1.1628881e-12,825.0,170.0,1.2051651e-12,5.848595e-12,0
5.0,95.0,20.0,0.09797158,0.0130205685,0.114107706,-1.142016,0.69256586,1.0,1.0,1.0,1.0,3.0,0.0019238949,0.0005491648,475.0,100.0,0.00013705861,0.0006510284,0
5.0,95.0,20.0,-2.6364469e-06,2.5329608e-10,1.5915279e-05,-1.4406344,0.13719583,1.0,1.0,2.0,3.0,5.0,2.9948845e-11,9.099007e-12,475.0,100.0,2.6662745e-12,1.2664804e-11,1
1.0,425.0,362.0,0.009284429,9.9798126e-05,0.009989901,-1.4518869,0.4571888,17.0,1.0,1.0,58.0,71.0,3.0948077e-06,8.961081e-06,589.0,362.0,2.3481911e-07,2.756854e-07,0
1.0,187.0,188.0,4.7972917e-06,2.40083e-10,1.5494612e-05,-1.4961002,0.032216467,1.0,1.0,1.0,48.0,57.0,1.4059267e-12,3.3489606e-12,187.0,188.0,1.2838664e-12,1.2770373e-12,0
5.0,225.0,46.0,-7.94698e-07,3.879696e-10,1.9696943e-05,-1.4051626,-0.124753565,1.0,1.0,1.0,2.0,14.0,7.403823e-12,7.0038604e-13,1125.0,230.0,1.7243093e-12,8.4341215e-12,0
1.0,206.0,207.0,3.2513049e-06,8.375966e-10,2.8941262e-05,-1.3118048,-0.098822154,1.0,1.0,1.0,18.0,26.0,5.002594e-12,1.0248305e-11,206.0,207.0,4.066003e-12,4.0463605e-12,1
5.0,215.0,44.0,0.23998359,0.058781497,0.24244896,-1.5094093,0.4161022,1.0,1.0,1.0,1.0,9.0,0.0016021747,0.00021981646,1075.0,220.0,0.00027340231,0.0013359431,1
5.0,225.0,46.0,1.5333113e-06,7.412578e-10,2.722605e-05,-1.478526,-0.04739019,1.0,1.0,1.0,5.0,17.0,1.4628864e-11,1.9136995e-12,1125.0,230.0,3.2944788e-12,1.6114299e-11,0
5.0,240.0,49.0,7.910163e-06,3.384849e-10,1.839796e-05,-1.4018811,-0.09203113,1.0,1.0,1.0,6.0,15.0,6.017125e-12,8.864508e-13,1200.0,245.0,1.4103537e-12,6.907855e-12,0
5.0,900.0,156.0,2.3139875e-05,8.966621e-10,2.9944316e-05,0.14491445,-1.1793362,2.0,1.0,1.0,2.0,3.0,3.1437408e-11,6.136024e-11,20750.0,780.0,9.962912e-13,5.7478336e-12,1
5.0,290.0,59.0,0.20546304,0.089712285,0.2995201,-0.37483403,1.1075243,2.0,1.0,1.0,3.0,3.0,0.0039393427,0.005595899,1450.0,295.0,0.0003093527,0.0015205472,1
5.0,210.0,43.0,-1.7991911e-06,6.182186e-11,7.862688e-06,-1.1725708,-0.3615566,1.0,1.0,1.0,10.0,14.0,1.1527139e-12,3.9778288e-13,1050.0,215.0,2.943898e-13,1.4377177e-12,0
1.0,175.0,176.0,-1.7772928e-06,2.0936522e-10,1.4469458e-05,-1.0580306,-0.35158396,1.0,1.0,1.0,48.0,53.0,1.3759641e-12,3.170781e-12,175.0,176.0,1.1963726e-12,1.1895751e-12,0
5.0,40.0,9.0,1.0731996,0.014591524,0.120795384,-1.1962582,-0.24160019,1.0,1.0,1.0,1.0,0.0,0.0061260844,0.0016426707,200.0,45.0,0.0003647881,0.0016212804,0
1.0,233.0,234.0,5.915301e-06,6.376249e-10,2.5251235e-05,-1.4017854,-0.04289874,1.0,1.0,1.0,65.0,74.0,8.7122155e-13,1.171193e-12,233.0,234.0,2.7365874e-12,2.7248926e-12,0
1.0,191.0,192.0,0.08239822,0.0040947576,0.063990295,-1.4090644,-0.0621603,4.0,1.0,1.0,37.0,42.0,9.096234e-05,0.00022623628,191.0,192.0,2.1438522e-05,2.1326863e-05,1
5.0,160.0,33.0,0.12346611,0.017737247,0.13318126,-1.2787423,0.56819975,1.0,1.0,1.0,2.0,5.0,0.0010150451,0.0004177076,800.0,165.0,0.0001108578,0.00053749233,0
5.0,400.0,81.0,0.2511228,0.114112735,0.33780578,-0.6069544,1.0158658,1.0,1.0,1.0,2.0,7.0,0.0014474246,0.00019901764,2000.0,405.0,0.00028528183,0.0014087992,0
1.0,184.0,185.0,1.7363352e-06,4.9068893e-10,2.2151498e-05,-1.4573954,-0.046866603,1.0,1.0,1.0,52.0,64.0,8.7729325e-13,9.471598e-13,254.0,185.0,2.6667876e-12,2.6523725e-12,0
5.0,385.0,78.0,0.17937428,0.09994296,0.31613755,0.7042264,1.5153387,1.0,1.0,1.0,1.0,4.0,0.0022050182,0.00019830362,1925.0,390.0,0.0002595921,0.00128132,0
5.0,435.0,88.0,-2.1472292e-06,2.3937748e-11,4.8926217e-06,-1.1115764,-0.16365957,1.0,1.0,1.0,29.0,29.0,3.1587252e-13,5.6959076e-13,2175.0,440.0,5.5029305e-14,2.7201985e-13,1
5.0,361.0,73.0,0.474098,0.1801965,0.42449558,-1.4338303,0.25292134,2.0,1.0,1.0,2.0,5.0,0.0075728577,0.011929144,1839.0,365.0,0.0004991593,0.002468445,1
1.0,348.0,324.0,0.42139745,0.17880076,0.4228484,-1.261008,0.5568938,1.0,1.0,1.0,24.0,31.0,0.00018132998,0.0002594594,484.0,324.0,0.0005137953,0.0005518542,0
5.0,80.0,17.0,2.3432358e-06,6.8763295e-10,2.6222757e-05,-1.3792619,-0.12810679,1.0,1.0,2.0,1.0,0.0,9.824706e-11,1.0187624e-11,400.0,85.0,8.595412e-12,4.0449e-11,0
5.0,90.0,19.0,9.90277e-06,5.0680526e-10,2.2512335e-05,-1.0183892,-0.23174453,1.0,1.0,1.0,1.0,5.0,5.6098695e-11,1.5236683e-11,450.0,95.0,5.6311696e-12,2.6673962e-11,1
1.0,199.0,199.0,4.4061775e-07,7.1943546e-10,2.6822294e-05,-1.4440643,-0.046061635,1.0,1.0,1.0,52.0,74.0,1.0829903e-12,1.1130447e-12,239.0,199.0,3.6152535e-12,3.6152535e-12,0
1.0,180.0,182.0,-4.1619305e-06,3.769195e-10,1.9414414e-05,-1.5042561,0.06666168,1.0,1.0,1.0,56.0,66.0,6.9287333e-13,7.0971495e-13,248.0,182.0,2.093997e-12,2.0709862e-12,0
5.0,255.0,52.0,5.475112e-06,7.4667317e-10,2.732532e-05,-1.3322304,-0.07838857,1.0,1.0,1.0,4.0,20.0,1.0835528e-11,8.0911715e-13,1275.0,260.0,2.92813e-12,1.4359099e-11,0
5.0,80.0,17.0,0.14821886,0.017565431,0.13253464,-1.421902,0.34126094,1.0,1.0,1.0,1.0,3.0,0.0028026754,0.000703213,400.0,85.0,0.0002195679,0.0010332607,0
1.0,267.0,244.0,0.26541364,0.116131835,0.3407812,-0.8688086,0.88010836,1.0,1.0,1.0,24.0,32.0,0.00018762148,0.00013942532,367.0,244.0,0.0004349507,0.00047595016,0
5.0,75.0,16.0,-5.9897307e-06,3.832151e-10,1.957588e-05,-1.4811821,-0.06347433,1.0,1.0,2.0,1.0,1.0,6.284459e-11,1.0754157e-11,375.0,80.0,5.1095343e-12,2.3950944e-11,0
1.0,602.0,566.0,0.029629992,0.0040061227,0.06329394,2.3706973,1.979185,3.0,1.0,1.0,42.0,46.0,4.3412388e-06,3.4241714e-06,704.0,566.0,6.6546886e-06,7.077955e-06,0
1.0,353.0,354.0,-7.9532265e-06,9.3582274e-11,9.673793e-06,-1.1454006,-0.23952553,1.0,1.0,1.0,115.0,116.0,2.8855778e-13,7.8143183e-13,471.0,354.0,2.651056e-13,2.643567e-13,0
1.0,161.0,162.0,-3.4334591e-06,2.1741009e-10,1.4744833e-05,-1.3995811,-0.0951258,1.0,1.0,1.0,41.0,51.0,6.19437e-13,8.185024e-13,221.0,162.0,1.3503733e-12,1.3420376e-12,0
5.0,265.0,54.0,-1.0560449e-06,3.4841666e-10,1.8665922e-05,-1.4713469,-0.036641583,1.0,1.0,1.0,11.0,16.0,5.0673437e-12,9.499121e-13,1343.0,270.0,1.3147798e-12,6.4521604e-12,0
1.0,236.0,237.0,7.597928e-06,6.1222744e-10,2.4743229e-05,-0.89972675,-0.4660023,1.0,1.0,1.0,74.0,81.0,6.455087e-13,8.6920054e-13,236.0,237.0,2.594184e-12,2.583238e-12,0
5.0,230.0,47.0,7.631785e-07,4.1360673e-10,2.0337324e-05,-1.4893515,-0.01604471,1.0,1.0,1.0,2.0,14.0,7.66205e-12,6.812928e-13,1150.0,235.0,1.7982901e-12,8.800144e-12,0
1.0,419.0,420.0,0.26634344,0.14443846,0.3800506,-0.45866823,1.0730509,1.0,1.0,1.0,27.0,35.0,0.000112609545,0.00011102039,419.0,420.0,0.00034472186,0.0003439011,0
5.0,185.0,38.0,0.19979215,0.06831504,0.26137146,-0.84513396,0.8944296,1.0,1.0,1.0,1.0,7.0,0.003431438,0.0005044912,925.0,190.0,0.00036927048,0.0017977642,0
5.0,45.0,10.0,0.9567311,0.013392905,0.11572772,-1.2616981,-0.12742172,1.0,1.0,1.0,1.0,0.0,0.0050500957,0.0020544291,225.0,50.0,0.0002976201,0.0013392905,0
1.0,360.0,362.0,-2.1317303e-06,1.7953251e-10,1.3398974e-05,-1.2788944,0.08437391,2.0,2.0,2.0,3.0,6.0,2.7586499e-12,5.7916224e-12,466.0,362.0,4.9870145e-13,4.9594617e-13,1
1.0,353.0,354.0,-8.328566e-07,2.0849154e-10,1.4439236e-05,-1.4848766,0.027653053,1.0,1.0,1.0,101.0,118.0,2.781907e-13,6.058906e-13,475.0,354.0,5.906276e-13,5.8895917e-13,0
1.0,215.0,216.0,0.11744367,0.025911191,0.16096954,-0.7219166,0.96688986,1.0,1.0,1.0,20.0,30.0,6.240671e-05,4.5347635e-05,215.0,216.0,0.000120517165,0.000119959215,0
1.0,179.0,180.0,-2.0140203e-06,1.577036e-10,1.255801e-05,0.35102138,-0.5798384,2.0,2.0,1.0,2.0,3.0,2.156005e-11,4.2847944e-11,179.0,180.0,8.810257e-13,8.7613114e-13,1
1.0,358.0,332.0,0.1300254,0.033523366,0.18309388,-0.6151142,1.0196656,2.0,1.0,1.0,21.0,34.0,4.925789e-05,6.266548e-05,454.0,332.0,9.364069e-05,0.00010097399,0
1.0,202.0,204.0,-1.3290168e-07,4.036149e-10,2.0090169e-05,-0.89583457,-0.47263256,1.0,1.0,1.0,62.0,69.0,5.465609e-13,7.850517e-13,242.0,204.0,1.9980935e-12,1.9785044e-12,0
5.0,275.0,56.0,0.19584171,0.057073556,0.23890072,-1.1038921,0.7467319,1.0,1.0,1.0,2.0,8.0,0.0012249149,0.00027493143,1375.0,280.0,0.0002075402,0.0010191706,0
1.0,399.0,400.0,1.5204373e-06,1.6522989e-10,1.2854178e-05,-0.111481495,0.59875506,3.0,3.0,2.0,1.0,2.0,1.9897221e-11,5.946672e-11,535.0,400.0,4.1411e-13,4.130747e-13,1
5.0,524.0,106.0,-1.7822536e-05,2.947973e-10,1.7169663e-05,-1.4660616,0.118965805,1.0,1.0,1.0,27.0,35.0,1.3092369e-12,7.181583e-13,2664.0,530.0,5.625903e-13,2.7811065e-12,0
5.0,75.0,16.0,1.413745e-06,3.448505e-10,1.857015e-05,-1.4463887,-0.08736062,1.0,1.0,2.0,2.0,2.0,5.7337204e-11,7.059225e-12,375.0,80.0,4.5980064e-12,2.1553157e-11,1
1.0,200.0,202.0,-5.529147e-06,2.9808875e-10,1.7265247e-05,-1.4784951,-0.028275743,1.0,1.0,1.0,56.0,67.0,4.70925e-13,5.090006e-13,278.0,202.0,1.4904437e-12,1.4756869e-12,0
1.0,180.0,182.0,-6.1752185e-06,7.616885e-10,2.7598704e-05,-1.4938087,-0.03047956,1.0,1.0,1.0,43.0,58.0,1.1509761e-12,7.32908e-13,252.0,182.0,4.231603e-12,4.1851015e-12,0
1.0,387.0,388.0,-1.7437637e-06,1.920766e-10,1.385917e-05,-1.2551677,-0.20063317,1.0,1.0,1.0,31.0,36.0,5.622953e-13,1.2374813e-12,387.0,388.0,4.96322e-13,4.950428e-13,1
1.0,175.0,176.0,2.2546556e-06,1.3221829e-10,1.14986215e-05,-1.4683467,-0.046962183,1.0,1.0,1.0,55.0,56.0,4.691559e-13,8.3244273e-13,175.0,176.0,7.555331e-13,7.5124027e-13,0
5.0,255.0,52.0,3.4870045e-06,8.0540774e-10,2.8379707e-05,-1.5027936,0.0029388159,1.0,1.0,1.0,5.0,16.0,1.2487093e-11,1.5088574e-12,1275.0,260.0,3.1584618e-12,1.548861e-11,0
5.0,215.0,44.0,-7.7286063e-07,1.3943355e-10,1.1808198e-05,-1.3387417,-0.041746445,1.0,1.0,1.0,8.0,13.0,3.0074066e-12,9.0256996e-13,1075.0,220.0,6.485281e-13,3.1689443e-12,1
5.0,310.0,63.0,-6.074902e-06,5.460768e-10,2.3368286e-05,-1.3335079,0.009675799,2.0,1.0,1.0,1.0,3.0,2.2078579e-11,3.4627433e-11,1550.0,315.0,1.761538e-12,8.667885e-12,1
5.0,380.0,77.0,0.24224345,0.09956253,0.3155353,-0.95388365,0.84369934,1.0,1.0,1.0,3.0,7.0,0.0012647479,0.00027784763,1900.0,385.0,0.00026200665,0.0012930199,0
1.0,328.0,329.0,-2.5333688e-05,1.289216e-10,1.1354365e-05,4.857953,-1.2294571,2.0,2.0,3.0,2.0,2.0,5.1442912e-11,1.5055203e-10,458.0,329.0,3.9305365e-13,3.9185896e-13,1
5.0,55.0,12.0,0.9664915,0.019470772,0.1395377,-1.1112638,-0.16765738,1.0,1.0,1.0,1.0,1.0,0.0050936243,0.0010791101,275.0,60.0,0.00035401402,0.0016225643,0
1.0,464.0,440.0,0.27582115,0.086525396,0.294152,-1.3321419,0.5718801,1.0,1.0,1.0,28.0,76.0,4.506578e-05,3.2312324e-05,576.0,440.0,0.00018647715,0.00019664863,0
5.0,410.0,83.0,0.21076626,0.1102699,0.33206913,0.6974801,1.5050701,1.0,1.0,1.0,1.0,16.0,0.0020925181,0.00019256657,2050.0,415.0,0.00026895097,0.0013285531,0
1.0,319.0,320.0,1.9516851e-06,4.7811305e-10,2.1865797e-05,-1.4290707,-0.055050265,1.0,1.0,1.0,89.0,100.0,3.9293056e-13,6.3901326e-13,425.0,320.0,1.4987871e-12,1.4941033e-12,0
5.0,85.0,18.0,-2.5810627e-06,4.6483606e-10,2.1560058e-05,-1.3610668,0.059700612,1.0,1.0,2.0,1.0,5.0,6.149298e-11,1.3257744e-11,425.0,90.0,5.4686594e-12,2.5824225e-11,1
1.0,512.0,512.0,-1.6318384e-06,4.4750464e-10,2.1154305e-05,-1.4757991,0.038129605,1.0,1.0,1.0,149.0,166.0,2.9962637e-13,7.0314024e-13,620.0,512.0,8.740325e-13,8.740325e-13,1
1.0,397.0,398.0,-2.289783e-06,2.9616815e-10,1.7209537e-05,-0.91851413,-0.7313333,3.0,2.0,2.0,4.0,8.0,5.676024e-12,1.15477055e-11,541.0,398.0,7.4601545e-13,7.441411e-13,0
1.0,336.0,337.0,2.39114e-06,3.719922e-10,1.92871e-05,-1.271878,-0.1562558,2.0,2.0,2.0,1.0,4.0,3.0151014e-12,6.079413e-12,336.0,337.0,1.1071196e-12,1.1038344e-12,0
5.0,395.0,80.0,0.60118747,0.15500577,0.39370772,-1.333552,0.28297085,1.0,1.0,1.0,7.0,21.0,0.0011028091,0.00011005005,1975.0,400.0,0.0003924197,0.0019375721,0
5.0,220.0,45.0,-1.5860454e-06,1.0646002e-09,3.262821e-05,-1.4819756,-0.002016131,1.0,1.0,1.0,6.0,15.0,2.1622029e-11,2.2333099e-12,1100.0,225.0,4.839092e-12,2.3657782e-11,1
5.0,75.0,16.0,-1.425505e-06,6.200762e-10,2.490133e-05,-1.4911447,-0.036962487,1.0,1.0,2.0,1.0,0.0,1.0090951e-10,1.18034246e-11,375.0,80.0,8.267683e-12,3.8754763e-11,1
5.0,80.0,17.0,1.1787463e-05,3.6834014e-10,1.919219e-05,-1.4662278,0.033671837,1.0,1.0,2.0,1.0,3.0,5.6053124e-11,1.3182441e-11,400.0,85.0,4.6042514e-12,2.1667067e-11,0
5.0,105.0,22.0,1.5340518e-06,6.000051e-10,2.4495e-05,-1.4737517,-0.05418244,1.0,1.0,2.0,1.0,4.0,5.2327916e-11,6.4839206e-12,525.0,110.0,5.7143344e-12,2.7272958e-11,0
5.0,230.0,47.0,-4.951931e-06,4.6262558e-10,2.1508733e-05,-1.4813325,-0.019414555,1.0,1.0,1.0,5.0,15.0,8.7934104e-12,9.0053415e-13,1150.0,235.0,2.0114156e-12,9.843098e-12,1
5.0,110.0,23.0,9.3036607e-07,9.026233e-10,3.004369e-05,-1.4312091,-0.028717339,1.0,1.0,1.0,1.0,4.0,6.7307486e-11,5.6156273e-12,550.0,115.0,8.205666e-12,3.9244493e-11,0
1.0,308.0,309.0,1.2264493e-05,4.0019332e-10,2.0004833e-05,-0.9893204,-0.36392218,1.0,1.0,1.0,89.0,105.0,4.2311697e-13,7.711883e-13,308.0,309.0,1.2993289e-12,1.295124e-12,0
1.0,220.0,196.0,0.12006555,0.023041539,0.1517944,-0.9720753,0.81686425,1.0,1.0,1.0,18.0,23.0,9.731953e-05,0.00016745696,308.0,196.0,0.000104734274,0.00011755888,1
1.0,642.0,643.0,-1.7364628e-05,1.2467229e-10,1.1165675e-05,-0.94604665,-0.4723293,12.0,1.0,1.0,72.0,100.0,2.4062796e-12,6.062558e-12,642.0,643.0,1.941936e-13,1.9389159e-13,1
1.0,587.0,527.0,0.29561284,0.1414799,0.37613815,-0.93926567,0.8307755,1.0,1.0,1.0,85.0,109.0,4.2715987e-05,2.7970915e-05,793.0,527.0,0.00024102197,0.0002684628,0
5.0,385.0,78.0,0.70139253,0.045809563,0.21403168,-1.4175266,0.15217833,1.0,1.0,1.0,14.0,24.0,0.00033590506,6.445676e-05,1925.0,390.0,0.000118985874,0.0005873021,0
5.0,425.0,86.0,0.65027475,0.14730942,0.3838091,-1.4524084,0.04044863,2.0,1.0,1.0,13.0,29.0,0.00086757983,0.00015493514,2125.0,430.0,0.00034661038,0.0017129002,0
1.0,227.0,228.0,5.7465368e-06,7.876351e-10,2.8064838e-05,-1.1423035,-0.22424014,1.0,1.0,1.0,6.0,6.0,3.4888167e-12,6.7773296e-12,227.0,228.0,3.4697583e-12,3.45454e-12,1
5.0,210.0,43.0,0.3079937,0.10536909,0.32460606,-0.81209654,0.8630135,1.0,1.0,1.0,1.0,5.0,0.004258039,0.00046616915,1050.0,215.0,0.0005017576,0.002450444,1
5.0,190.0,39.0,0.113157734,0.019379552,0.13921046,-0.98106974,0.86341375,1.0,1.0,1.0,3.0,4.0,0.0019378366,0.0029262835,950.0,195.0,0.00010199765,0.0004969116,0
5.0,75.0,16.0,7.9768125e-07,4.38e-10,2.092845e-05,-1.3824211,-0.10366268,1.0,1.0,2.0,1.0,1.0,6.936494e-11,9.580049e-12,375.0,80.0,5.84e-12,2.7375e-11,0
1.0,425.0,426.0,7.195646e-06,2.7406005e-10,1.6554759e-05,-1.5082767,0.108030215,1.0,1.0,1.0,132.0,142.0,3.0953365e-13,7.5827934e-13,589.0,426.0,6.448472e-13,6.433335e-13,1
1.0,372.0,349.0,0.21437922,0.066049136,0.25700027,-0.19056328,1.1170645,1.0,1.0,1.0,49.0,75.0,8.532918e-05,7.144712e-05,480.0,349.0,0.00017755145,0.00018925255,1
5.0,95.0,20.0,-5.8613546e-07,1.6723416e-10,1.2931905e-05,-1.5194457,0.048523404,1.0,1.0,2.0,3.0,6.0,1.8895026e-11,6.2323705e-12,475.0,100.0,1.7603597e-12,8.361708e-12,0
1.0,200.0,201.0,0.2607739,0.08780444,0.29631814,-1.2725995,0.6178282,1.0,1.0,1.0,14.0,23.0,0.00020821491,0.00023827275,200.0,201.0,0.00043902217,0.000436838,0
5.0,100.0,21.0,8.8806206e-07,1.4819665e-10,1.2173605e-05,-1.3816503,-0.11469541,1.0,1.0,2.0,1.0,6.0,1.4507836e-11,1.5682454e-12,500.0,105.0,1.4819666e-12,7.0569835e-12,0
1.0,229.0,230.0,-4.519542e-06,4.3323062e-10,2.0814192e-05,-1.2642493,-0.23209085,1.0,1.0,1.0,71.0,84.0,5.90942e-13,8.931565e-13,289.0,230.0,1.8918367e-12,1.8836113e-12,0
5.0,100.0,21.0,-4.819041e-06,2.679038e-10,1.6367767e-05,-1.3959448,-0.0853766,1.0,1.0,2.0,2.0,7.0,2.8364863e-11,9.022227e-12,500.0,105.0,2.6790382e-12,1.2757325e-11,0
5.0,220.0,45.0,5.636127e-07,6.3216166e-10,2.5142825e-05,-1.4651699,-0.017759938,1.0,1.0,1.0,6.0,14.0,1.3146332e-11,1.9522949e-12,1100.0,225.0,2.873462e-12,1.4048037e-11,0
5.0,100.0,21.0,2.3322272e-07,4.5580353e-10,2.1349555e-05,-1.4745749,0.0074322433,1.0,1.0,2.0,1.0,5.0,4.1410875e-11,5.686076e-12,500.0,105.0,4.5580354e-12,2.170493e-11,1
1.0,554.0,555.0,1.3264467e-05,2.469261e-10,1.5713882e-05,-1.4931486,0.008490038,4.0,1.0,1.0,88.0,108.0,1.8051298e-12,5.232795e-12,742.0,555.0,4.4571494e-13,4.4491185e-13,0
5.0,220.0,45.0,0.25471812,0.06514867,0.25524238,-1.4649374,0.37577865,1.0,1.0,1.0,1.0,3.0,0.0017851569,0.00061299925,1100.0,225.0,0.0002961303,0.0014477482,0
1.0,348.0,349.0,-3.353569e-06,1.2656146e-10,1.1249954e-05,-0.56782055,-0.69688046,2.0,2.0,2.0,1.0,3.0,4.56047e-12,9.322625e-12,348.0,349.0,3.6368234e-13,3.6264028e-13,1
5.0,95.0,20.0,-4.1014565e-07,2.0988243e-10,1.4487319e-05,-1.5656047,0.08147492,1.0,1.0,2.0,3.0,6.0,2.4833174e-11,1.2475266e-11,475.0,100.0,2.2092887e-12,1.0494121e-11,0
5.0,600.0,121.0,4.668614e-06,1.0254125e-09,3.2022064e-05,-1.4064953,-0.068382226,1.0,1.0,1.0,28.0,38.0,2.9486455e-12,8.327823e-13,3000.0,605.0,1.7090209e-12,8.474484e-12,1
1.0,232.0,215.0,0.2787487,0.060334362,0.24563053,-1.4468725,0.28346726,2.0,1.0,1.0,19.0,23.0,0.00014858473,0.00025630437,318.0,215.0,0.0002600619,0.00028062492,0
5.0,100.0,21.0,-3.6100414e-06,3.7898365e-10,1.9467503e-05,-1.4985254,-0.00883723,1.0,1.0,2.0,1.0,4.0,3.564607e-11,3.9480376e-12,500.0,105.0,3.7898365e-12,1.804684e-11,0
5.0,80.0,17.0,-6.113348e-06,2.4389377e-10,1.5617099e-05,-1.4473608,0.009922915,1.0,1.0,2.0,3.0,4.0,3.9060966e-11,1.2166966e-11,400.0,85.0,3.0486722e-12,1.4346693e-11,0
1.0,178.0,180.0,7.461377e-06,5.0008514e-10,2.2362583e-05,-1.4255999,-0.0035920173,1.0,1.0,1.0,44.0,54.0,1.8564401e-12,3.7912954e-12,248.0,180.0,2.809467e-12,2.7782507e-12,0
5.0,245.0,50.0,-1.5136647e-05,2.0261513e-10,1.4234294e-05,-1.4862043,0.060729574,1.0,1.0,1.0,10.0,18.0,3.6223268e-12,1.0061262e-12,1225.0,250.0,8.270006e-13,4.0523028e-12,0
1.0,198.0,200.0,4.069041e-06,4.4451812e-10,2.1083599e-05,-1.4026989,-0.120031625,1.0,1.0,1.0,34.0,40.0,2.541526e-12,6.3915223e-12,264.0,200.0,2.245041e-12,2.2225906e-12,0
1.0,472.0,473.0,0.013497285,0.0002047669,0.014309678,-1.3513433,0.5009596,20.0,2.0,1.0,74.0,90.0,2.9597568e-06,8.542093e-06,472.0,473.0,4.3382818e-07,4.3291098e-07,0
1.0,415.0,416.0,-1.4477868e-06,3.8431897e-10,1.9604055e-05,-1.2635866,0.19674796,1.0,1.0,1.0,5.0,3.0,1.5498688e-12,3.2293066e-12,539.0,416.0,9.260698e-13,9.238437e-13,1
1.0,300.0,284.0,0.20829844,0.045164537,0.2125195,-0.83576816,0.6925889,2.0,1.0,1.0,19.0,43.0,7.3151394e-05,6.467681e-05,358.0,284.0,0.00015054845,0.00015903005,0
5.0,365.0,74.0,0.2644617,0.12263374,0.350191,-0.8145656,0.9102119,1.0,1.0,1.0,3.0,7.0,0.0016749084,0.00024415378,1825.0,370.0,0.00033598286,0.0016572127,0
1.0,169.0,170.0,2.4936635e-06,1.4784626e-10,1.2159205e-05,-1.2895263,-0.10736315,1.0,1.0,1.0,54.0,58.0,4.977309e-13,9.294166e-13,191.0,170.0,8.7483e-13,8.6968394e-13,0
1.0,173.0,174.0,7.936907e-06,5.965982e-10,2.442536e-05,-1.4700929,-0.03258443,1.0,1.0,1.0,45.0,56.0,1.0256167e-12,7.324357e-13,241.0,174.0,3.4485446e-12,3.4287254e-12,0
5.0,235.0,48.0,-9.0702713e-07,1.5316122e-10,1.2375832e-05,-1.1484399,-0.18367055,1.0,1.0,1.0,10.0,16.0,2.9155664e-12,1.1741158e-12,1175.0,240.0,6.5174987e-13,3.1908588e-12,0
5.0,235.0,48.0,0.21884957,0.051300786,0.22649677,-1.3170351,0.5534952,1.0,1.0,1.0,2.0,5.0,0.0014483597,0.0007611797,1175.0,240.0,0.00021830123,0.0010687663,0
5.0,175.0,36.0,-4.1301505e-06,2.7368993e-10,1.6543576e-05,-1.1347568,-0.2844537,1.0,1.0,1.0,4.0,11.0,8.077078e-12,1.3068509e-12,875.0,180.0,1.5639424e-12,7.602498e-12,0
1.0,369.0,370.0,-6.12089e-06,1.5006044e-10,1.2249916e-05,-1.3908195,-0.14110701,1.0,1.0,1.0,96.0,114.0,2.6793016e-13,6.200484e-13,383.0,370.0,4.0666784e-13,4.0556873e-13,0
5.0,222.0,45.0,-2.8309648e-07,1.9093176e-10,1.3817806e-05,-1.5245633,0.053988732,1.0,1.0,1.0,11.0,16.0,4.276053e-12,1.3596802e-12,1122.0,225.0,8.6005297e-13,4.242928e-12,0
1.0,324.0,313.0,0.24218269,0.13311465,0.36484882,-0.28836447,1.1623857,1.0,1.0,1.0,23.0,35.0,0.00016167165,0.000101044956,374.0,313.0,0.0004108477,0.00042528645,0
1.0,210.0,211.0,-5.609155e-07,1.3883185e-10,1.1782692e-05,-1.5008606,-0.014079459,1.0,1.0,1.0,65.0,71.0,3.5472615e-13,6.874273e-13,240.0,211.0,6.6110404e-13,6.579708e-13,1
5.0,360.0,73.0,0.2554175,0.11923506,0.3453043,-0.75487584,0.9436494,1.0,1.0,1.0,2.0,12.0,0.0016984631,0.0001664292,1800.0,365.0,0.00033120852,0.001633357,0
1.0,184.0,185.0,-5.107884e-06,8.089411e-10,2.844189e-05,-1.5032176,-0.011608313,1.0,1.0,1.0,53.0,64.0,1.4717642e-12,1.5555458e-12,184.0,185.0,4.396419e-12,4.3726546e-12,0
1.0,191.0,192.0,2.4630415e-06,3.1787692e-10,1.7829103e-05,-0.9962427,-0.25216332,2.0,2.0,1.0,5.0,15.0,5.040071e-12,1.0762797e-11,191.0,192.0,1.6642771e-12,1.6556089e-12,1
1.0,187.0,188.0,5.918952e-06,5.2787374e-10,2.2975504e-05,-0.71924084,-0.31222102,1.0,1.0,1.0,15.0,23.0,1.33381e-12,1.6164981e-12,237.0,188.0,2.8228544e-12,2.8078392e-12,1
5.0,220.0,45.0,3.7679075e-07,9.1920094e-10,3.0318326e-05,-1.4999832,0.024776448,1.0,1.0,1.0,4.0,17.0,1.8890408e-11,2.2097506e-12,1100.0,225.0,4.178186e-12,2.0426688e-11,0
1.0,1039.0,1040.0,1.66429e-05,3.3746453e-10,1.8370207e-05,-0.47201696,-0.30993804,3.0,3.0,3.0,3.0,5.0,1.6893681e-11,4.8192433e-11,1431.0,1040.0,3.2479743e-13,3.2448512e-13,1
5.0,600.0,121.0,8.515751e-06,2.6089522e-10,1.6152251e-05,-1.097763,-0.24218366,1.0,1.0,1.0,32.0,40.0,7.857617e-13,6.779105e-13,3000.0,605.0,4.3482538e-13,2.156159e-12,0
5.0,210.0,43.0,-5.8163946e-06,5.0665466e-10,2.250899e-05,-1.1459501,-0.27496287,1.0,1.0,1.0,8.0,15.0,9.779661e-12,2.0521419e-12,1050.0,215.0,2.4126413e-12,1.1782666e-11,0
5.0,245.0,50.0,2.647312e-06,6.0435323e-10,2.4583598e-05,-1.4539604,0.05135004,1.0,1.0,1.0,6.0,17.0,1.0013817e-11,1.2714675e-12,1225.0,250.0,2.466748e-12,1.2087065e-11,0
1.0,445.0,384.0,0.0136530185,0.0002263734,0.015045711,-1.2446811,0.5803995,15.0,1.0,1.0,64.0,66.0,3.3195859e-06,9.802047e-06,715.0,384.0,5.087043e-07,5.895141e-07,1
5.0,240.0,49.0,-1.8820476e-06,1.8094698e-10,1.3451654e-05,-1.1854182,-0.26541945,1.0,1.0,1.0,11.0,15.0,2.7939471e-12,5.418879e-13,1200.0,245.0,7.539458e-13,3.6927956e-12,0
5.0,95.0,20.0,-9.923102e-06,1.9909191e-10,1.4109994e-05,-1.4642882,0.15469186,1.0,1.0,1.0,4.0,7.0,2.7053948e-11,2.0619968e-11,475.0,100.0,2.0957043e-12,9.954595e-12,0
5.0,226.0,46.0,3.780933e-06,1.4917592e-10,1.221376e-05,-1.4774042,-0.03776595,1.0,1.0,1.0,7.0,15.0,3.0908936e-12,7.7961097e-13,1136.0,230.0,6.6007047e-13,3.242955e-12,0
1.0,549.0,550.0,-1.4161443e-05,1.2530199e-10,1.1193837e-05,-0.6812759,-0.5770659,7.0,2.0,1.0,89.0,128.0,1.6467551e-12,4.3504918e-12,649.0,550.0,2.2823675e-13,2.278218e-13,1
5.0,155.0,32.0,0.22421525,0.03503416,0.18717414,-1.4184102,0.17462274,2.0,1.0,1.0,2.0,1.0,0.00393135,0.008075905,775.0,160.0,0.00022602684,0.0010948175,1
5.0,215.0,44.0,0.2418589,0.0628675,0.25073394,-1.4531692,0.43511242,1.0,1.0,1.0,3.0,6.0,0.0017972622,0.00055017875,1075.0,220.0,0.000292407,0.0014288069,1
5.0,205.0,42.0,-8.361353e-06,2.3058337e-10,1.5184972e-05,-1.0754887,-0.3210048,1.0,1.0,1.0,6.0,13.0,4.502471e-12,8.7064465e-13,1025.0,210.0,1.124797e-12,5.49008e-12,0
1.0,506.0,453.0,0.120988294,0.030180259,0.17372467,-0.6122792,1.0295856,3.0,1.0,1.0,25.0,49.0,2.2383721e-05,1.4830098e-05,674.0,453.0,5.9644783e-05,6.662309e-05,0
1.0,236.0,237.0,-2.9906394e-06,3.1476655e-10,1.774166e-05,-1.4580653,0.0040479945,1.0,1.0,1.0,67.0,76.0,5.392907e-13,8.4239554e-13,236.0,237.0,1.3337566e-12,1.3281288e-12,0
5.0,205.0,42.0,-1.2233786e-05,1.1913105e-10,1.0914718e-05,-1.2561395,-0.17650284,1.0,1.0,1.0,7.0,14.0,2.768374e-12,6.008923e-13,1025.0,210.0,5.811271e-13,2.8364537e-12,1
5.0,360.0,73.0,-1.9752176e-06,3.7751138e-10,1.9429652e-05,-1.3750055,-0.17713241,1.0,1.0,1.0,19.0,27.0,3.3268436e-12,1.3243764e-12,1800.0,365.0,1.0486427e-12,5.1713885e-12,0
5.0,90.0,19.0,1.2739658e-06,5.749123e-10,2.3977327e-05,-1.269518,-0.055189,1.0,1.0,2.0,3.0,5.0,7.148464e-11,2.201813e-11,450.0,95.0,6.387914e-12,3.025854e-11,1
5.0,90.0,19.0,0.20964175,0.0803091,0.2833886,-1.059669,0.84778255,2.0,1.0,1.0,2.0,3.0,0.07514131,0.24565583,450.0,95.0,0.0008923233,0.0042267945,1
5.0,95.0,20.0,-7.16004e-07,5.1993565e-10,2.2802096e-05,-0.96633035,-0.57972336,1.0,1.0,0.0,1.0,3.0,3.144515e-11,3.6118526e-12,475.0,100.0,5.4730066e-12,2.5996781e-11,0
5.0,310.0,53.0,-7.918431e-06,7.6053513e-10,2.7577802e-05,-0.8727121,0.3781798,2.0,1.0,1.0,2.0,3.0,2.8026154e-10,7.792734e-10,4300.0,265.0,2.4533392e-12,1.4349719e-11,1
5.0,390.0,79.0,0.64093995,0.0627552,0.2505099,-1.4757951,0.11074006,1.0,1.0,1.0,15.0,27.0,0.00043929007,9.892592e-05,1950.0,395.0,0.00016091077,0.0007943696,1
5.0,45.0,10.0,1.013468,0.015893202,0.12606825,-1.1186436,-0.02030615,1.0,1.0,1.0,1.0,0.0,0.006599492,0.0026358154,225.0,50.0,0.00035318226,0.0015893203,1
5.0,500.0,101.0,1.353925e-05,1.9618387e-10,1.4006566e-05,-1.3967329,0.004710746,1.0,1.0,1.0,28.0,33.0,9.174531e-13,6.5810107e-13,2500.0,505.0,3.9236775e-13,1.9424145e-12,0
5.0,215.0,44.0,-1.8054773e-06,5.7341876e-10,2.3946164e-05,-1.349423,-0.06825959,1.0,1.0,1.0,4.0,16.0,1.11656075e-11,1.008719e-12,1075.0,220.0,2.667064e-12,1.30322446e-11,1
5.0,40.0,9.0,0.974631,0.014552496,0.12063373,-1.2073703,-0.22665682,1.0,1.0,1.0,1.0,0.0,0.0064071063,0.002218512,200.0,45.0,0.00036381243,0.0016169441,1
5.0,860.0,173.0,0.28270224,0.08658586,0.29425475,-1.2411028,0.66163516,1.0,1.0,1.0,31.0,47.0,0.00020936098,5.9214486e-05,4300.0,865.0,0.00010068123,0.0005004963,0
5.0,100.0,21.0,6.0963025e-06,6.1559147e-10,2.4811116e-05,-1.1394066,-0.32608646,1.0,1.0,1.0,1.0,3.0,4.831037e-11,3.9516238e-12,500.0,105.0,6.1559148e-12,2.931388e-11,0
5.0,240.0,49.0,-5.447441e-08,1.1116701e-09,3.3341716e-05,-1.5012269,0.041997436,1.0,1.0,1.0,1.0,16.0,1.8832661e-11,7.5999553e-13,1200.0,245.0,4.6319584e-12,2.2687144e-11,0
5.0,221.0,45.0,0.32037526,0.16512959,0.4063614,-0.9329654,0.83340466,1.0,1.0,1.0,4.0,9.0,0.0056421612,0.0012418835,1111.0,225.0,0.00074719265,0.0036695462,0
5.0,415.0,84.0,-3.4561206e-06,3.4304207e-10,1.8521396e-05,-1.2606101,0.014987011,1.0,1.0,1.0,19.0,28.0,2.1525125e-12,8.2134354e-13,2075.0,420.0,8.266074e-13,4.0838344e-12,1
1.0,172.0,173.0,3.4147893e-06,2.659444e-10,1.6307802e-05,-1.4819399,-0.017964764,1.0,1.0,1.0,53.0,60.0,5.6398554e-13,6.2263785e-13,224.0,173.0,1.5461884e-12,1.5372509e-12,0
5.0,100.0,21.0,9.816633e-07,4.942558e-10,2.2231865e-05,-1.4448628,-0.0468476,1.0,1.0,2.0,1.0,5.0,4.6858524e-11,4.4955775e-12,500.0,105.0,4.942558e-12,2.353599e-11,1
1.0,183.0,185.0,-5.100299e-06,5.1887344e-10,2.2778793e-05,-1.4160961,-0.06422846,1.0,1.0,1.0,53.0,59.0,8.803084e-13,8.9009046e-13,255.0,185.0,2.835374e-12,2.8047213e-12,0
1.0,196.0,197.0,1.9226842e-07,1.8928625e-10,1.3758134e-05,-0.6539801,-0.4800757,2.0,2.0,1.0,1.0,5.0,5.7697935e-12,1.1371263e-11,232.0,197.0,9.657461e-13,9.608439e-13,1
5.0,75.0,16.0,1.0629096e-05,6.333195e-10,2.516584e-05,-1.3976356,-0.10095543,1.0,1.0,2.0,1.0,3.0,9.971645e-11,1.3990604e-11,375.0,80.0,8.44426e-12,3.958247e-11,1
5.0,370.0,75.0,0.72886324,0.03244106,0.18011403,-1.3990694,0.068101674,1.0,1.0,1.0,11.0,26.0,0.00025223207,4.505256e-05,1850.0,375.0,8.767854e-05,0.0004325475,0
5.0,80.0,17.0,5.9727818e-06,7.4063733e-10,2.7214652e-05,-1.4334759,-0.0067025525,1.0,1.0,2.0,1.0,1.0,1.0650507e-10,2.03724e-11,400.0,85.0,9.257966e-12,4.35669e-11,1
5.0,202.0,41.0,0.44467562,0.27248013,0.52199626,-0.9183338,0.7681383,1.0,1.0,1.0,4.0,8.0,0.010738961,0.0035295985,1034.0,205.0,0.0013489114,0.0066458564,0
5.0,230.0,47.0,-3.0708006e-06,2.2823793e-10,1.5107546e-05,-1.4452971,-0.036658853,1.0,1.0,1.0,10.0,16.0,4.455033e-12,1.0699547e-12,1150.0,235.0,9.923388e-13,4.856126e-12,0
5.0,90.0,19.0,-2.935997e-06,4.945101e-10,2.2237582e-05,-1.4530742,-0.08404709,1.0,1.0,2.0,1.0,2.0,5.6743707e-11,3.887211e-12,450.0,95.0,5.4945566e-12,2.6026847e-11,1
5.0,270.0,55.0,0.21340713,0.056642614,0.2379971,-1.1961129,0.6856998,1.0,1.0,1.0,2.0,6.0,0.0012658222,0.00044816796,1350.0,275.0,0.00020978747,0.0010298657,0
5.0,85.0,18.0,1.3383388e-06,6.388707e-10,2.5275891e-05,-1.1427486,-0.29986107,1.0,1.0,2.0,1.0,0.0,6.7611944e-11,7.963509e-12,425.0,90.0,7.516126e-12,3.5492817e-11,0
1.0,181.0,182.0,-1.7633065e-06,2.1547278e-10,1.4678991e-05,-0.77324307,-0.682437,1.0,1.0,1.0,46.0,49.0,6.345371e-13,1.441672e-12,239.0,182.0,1.1904573e-12,1.1839164e-12,0
1.0,181.0,182.0,-5.1326565e-06,3.0171893e-10,1.737006e-05,-1.0719675,-0.27043834,2.0,1.0,1.0,41.0,48.0,4.688929e-12,1.2691292e-11,247.0,182.0,1.6669554e-12,1.6577963e-12,0
5.0,60.0,13.0,0.9410658,0.01864354,0.13654135,-1.0614285,-0.1599029,1.0,1.0,1.0,1.0,0.0,0.0042451993,0.0011607083,300.0,65.0,0.00031072565,0.0014341184,0
1.0,177.0,178.0,-4.015726e-06,2.641428e-10,1.625247e-05,-0.92851985,-0.3624669,2.0,1.0,1.0,1.0,6.0,2.233309e-12,4.0815884e-12,235.0,178.0,1.4923321e-12,1.4839483e-12,0
1.0,163.0,164.0,0.024344917,0.0013955744,0.03735739,-0.104697995,1.1862676,3.0,1.0,1.0,11.0,13.0,3.2887394e-05,7.8106765e-05,163.0,164.0,8.561807e-06,8.509601e-06,0
5.0,410.0,83.0,0.5558408,0.1616983,0.40211725,-1.5200454,0.1451157,1.0,1.0,1.0,5.0,28.0,0.0009903949,7.36566e-05,2050.0,415.0,0.0003943861,0.0019481722,0
5.0,291.0,59.0,0.4051102,0.18766469,0.43320283,-1.2683839,0.55690837,1.0,1.0,1.0,2.0,14.0,0.0028785416,0.00023473563,1487.0,295.0,0.00064489583,0.0031807574,0
5.0,230.0,47.0,0.46394852,0.23960751,0.4894972,-0.99587643,0.7228087,1.0,1.0,1.0,2.0,10.0,0.0067940922,0.0013362584,1150.0,235.0,0.0010417718,0.0050980323,0
5.0,245.0,50.0,0.2716994,0.12866062,0.35869294,-0.68880683,0.97480446,1.0,1.0,1.0,1.0,11.0,0.0039618355,0.0003781122,1225.0,250.0,0.00052514544,0.0025732126,0
5.0,245.0,50.0,5.45562e-07,6.236147e-10,2.497228e-05,-1.4483017,-0.00889793,1.0,1.0,1.0,5.0,13.0,1.0155792e-11,1.0053766e-12,1225.0,250.0,2.5453663e-12,1.2472294e-11,1
5.0,95.0,20.0,4.347613e-06,4.6113596e-10,2.1474078e-05,-1.3116351,-0.19999449,1.0,1.0,2.0,1.0,2.0,4.6205307e-11,3.4420466e-12,475.0,100.0,4.854063e-12,2.30568e-11,1
1.0,178.0,179.0,-3.9347293e-07,2.4309432e-10,1.5591482e-05,-1.1746428,0.16578287,2.0,2.0,2.0,1.0,2.0,7.680489e-12,1.4968804e-11,178.0,179.0,1.3656985e-12,1.3580689e-12,1
1.0,610.0,611.0,-2.4689045e-06,5.3585647e-10,2.3148574e-05,-1.5192525,0.06294818,1.0,1.0,1.0,174.0,196.0,2.8101114e-13,6.036511e-13,610.0,611.0,8.7845323e-13,8.7701553e-13,0
1.0,177.0,178.0,5.568302e-06,1.9252418e-10,1.38753085e-05,-1.1821395,-0.07661518,1.0,1.0,1.0,13.0,16.0,9.552801e-13,1.5646167e-12,225.0,178.0,1.0877073e-12,1.0815965e-12,1
5.0,215.0,44.0,-2.9141838e-06,2.959422e-10,1.720297e-05,-1.2835209,-0.09548499,1.0,1.0,1.0,5.0,14.0,5.8902497e-12,8.410412e-13,1075.0,220.0,1.3764753e-12,6.7259588e-12,0
5.0,90.0,19.0,0.18723843,0.02650985,0.16281846,-1.3607478,0.3648288,1.0,1.0,1.0,1.0,4.0,0.003562587,0.00094515976,450.0,95.0,0.00029455387,0.0013952552,1
5.0,90.0,19.0,-1.4501469e-06,1.1930001e-10,1.0922455e-05,-1.423855,-0.08031114,1.0,1.0,2.0,2.0,5.0,1.6102052e-11,6.2828627e-12,450.0,95.0,1.3255558e-12,6.2789483e-12,0
1.0,179.0,180.0,1.7732934e-06,3.7026837e-10,1.9242358e-05,-0.6502015,-0.36594388,1.0,1.0,1.0,2.0,2.0,1.2121689e-11,2.3086684e-11,223.0,180.0,2.0685383e-12,2.0570464e-12,0
5.0,230.0,47.0,1.393393e-06,5.505536e-10,2.346388e-05,-1.4354459,-0.03726152,1.0,1.0,1.0,4.0,15.0,9.964037e-12,8.518336e-13,1150.0,235.0,2.3937113e-12,1.1713907e-11,0
1.0,572.0,573.0,2.4462508e-06,7.835469e-10,2.7991908e-05,-1.2436134,0.072310045,2.0,2.0,2.0,2.0,2.0,2.003712e-11,5.5844225e-11,782.0,573.0,1.3698372e-12,1.3674465e-12,1
1.0,185.0,186.0,-6.5236377e-06,2.500855e-10,1.5814092e-05,-0.6905052,-0.7442022,2.0,1.0,1.0,27.0,35.0,1.8235066e-12,4.373566e-12,185.0,186.0,1.3518135e-12,1.3445457e-12,0
1.0,222.0,223.0,-1.5544785e-05,1.3646007e-10,1.1681613e-05,-1.550006,-0.09905141,2.0,2.0,1.0,2.0,5.0,3.479538e-12,6.6254684e-12,268.0,223.0,6.14685e-13,6.1192853e-13,1
5.0,432.0,87.0,-1.7754537e-05,5.5939506e-11,7.479272e-06,-0.33414814,-0.7107634,1.0,1.0,1.0,25.0,29.0,5.4865894e-13,8.0113227e-13,2200.0,435.0,1.294896e-13,6.4298285e-13,0
5.0,255.0,52.0,3.322208e-06,2.6146307e-10,1.616982e-05,-1.4929787,-0.018837282,1.0,1.0,1.0,10.0,17.0,4.232229e-12,8.57425e-13,1275.0,260.0,1.0253454e-12,5.0281363e-12,1
5.0,430.0,87.0,0.28452474,0.1371068,0.37027934,-0.53556913,1.0228919,1.0,1.0,1.0,3.0,12.0,0.0014775689,0.00018293914,2150.0,435.0,0.00031885304,0.0015759403,1
1.0,124.0,105.0,0.0074997256,0.00018831706,0.013722867,-0.046463754,1.3536859,5.0,1.0,1.0,6.0,9.0,1.3336161e-05,2.2022405e-05,170.0,105.0,1.518686e-06,1.7934958e-06,1
1.0,415.0,416.0,1.3214e-06,5.2264293e-10,2.2861384e-05,-1.45541,0.038187455,1.0,1.0,1.0,129.0,137.0,4.05951e-13,8.470844e-13,507.0,416.0,1.2593805e-12,1.2563532e-12,0
5.0,225.0,46.0,4.275595e-06,9.458448e-10,3.075459e-05,-1.4013903,-0.03547926,1.0,1.0,1.0,1.0,14.0,1.819214e-11,9.179824e-13,1125.0,230.0,4.2037545e-12,2.0561844e-11,1
5.0,205.0,42.0,0.23229934,0.10097911,0.3177721,-0.8117922,0.9270579,1.0,1.0,1.0,1.0,4.0,0.0044990126,0.0007217096,1025.0,210.0,0.00049258105,0.0024042644,0
1.0,195.0,196.0,-1.3124625e-07,2.4384858e-10,1.5615651e-05,-1.4229914,-0.06202995,2.0,1.0,1.0,41.0,36.0,2.3971463e-12,6.25371e-12,227.0,196.0,1.2505055e-12,1.2441254e-12,1
1.0,161.0,162.0,0.055367373,0.0036848888,0.060703285,-0.6478761,0.9406828,1.0,1.0,1.0,19.0,15.0,4.7686648e-05,7.90207e-05,161.0,162.0,2.2887509e-05,2.2746228e-05,1
5.0,100.0,21.0,-5.867353e-06,4.629621e-10,2.1516555e-05,-1.4846648,-0.017123304,1.0,1.0,2.0,1.0,4.0,4.3945608e-11,4.830943e-12,500.0,105.0,4.629621e-12,2.2045815e-11,0
1.0,327.0,310.0,0.23714474,0.11100856,0.33317947,-0.19806981,1.1931947,1.0,1.0,1.0,32.0,59.0,0.00016221553,0.00014368288,451.0,310.0,0.00033947572,0.00035809213,0
5.0,80.0,17.0,1.7794649e-06,2.1842826e-10,1.4779319e-05,-1.5351189,0.042249467,1.0,1.0,2.0,1.0,2.0,3.234911e-11,8.054044e-12,400.0,85.0,2.7303533e-12,1.2848721e-11,0
5.0,90.0,19.0,-5.3736126e-06,6.237072e-11,7.897514e-06,-1.4909656,-0.06426624,1.0,1.0,2.0,2.0,5.0,7.629613e-12,2.2196975e-12,450.0,95.0,6.93008e-13,3.2826695e-12,1
5.0,211.0,43.0,-1.1140368e-06,4.2729148e-10,2.067103e-05,-1.3823833,-0.11406128,1.0,1.0,1.0,5.0,13.0,9.313549e-12,1.1587106e-12,1061.0,215.0,2.0250782e-12,9.937011e-12,0
5.0,225.0,46.0,0.21421234,0.054079726,0.23255049,-1.3405352,0.5311303,1.0,1.0,1.0,2.0,6.0,0.0014106745,0.00021619131,1125.0,230.0,0.00024035433,0.0011756462,0
1.0,188.0,190.0,1.7198988e-06,3.7523565e-10,1.9371e-05,-1.4959902,-0.030805057,1.0,1.0,1.0,57.0,67.0,6.6229596e-13,7.522869e-13,262.0,190.0,1.9959345e-12,1.9749246e-12,0
5.0,185.0,38.0,0.27927932,0.08458056,0.2908274,-1.3237126,0.52837926,1.0,1.0,1.0,2.0,6.0,0.003175653,0.0005689187,925.0,190.0,0.00045719225,0.0022258044,0
5.0,95.0,20.0,7.5054794e-07,1.1041468e-10,1.0507839e-05,-1.3809028,-0.30756325,1.0,1.0,2.0,2.0,4.0,1.2942283e-11,2.0188753e-12,475.0,100.0,1.1622597e-12,5.5207336e-12,0
5.0,205.0,42.0,1.5397443e-06,3.7993794e-10,1.9491996e-05,-1.4926628,-0.018997531,1.0,1.0,1.0,3.0,14.0,9.21689e-12,1.3940772e-12,1025.0,210.0,1.8533558e-12,9.0461414e-12,0
5.0,105.0,22.0,8.065359e-06,4.8049226e-10,2.1920134e-05,-1.2380399,-0.05715652,1.0,1.0,1.0,1.0,4.0,4.2735492e-11,7.363627e-12,525.0,110.0,4.5761164e-12,2.1840557e-11,0
1.0,856.0,858.0,-4.922142e-06,1.5231381e-10,1.2341548e-05,-0.60777086,-0.5236244,3.0,3.0,3.0,2.0,6.0,2.810419e-12,5.8632886e-12,1116.0,858.0,1.779367e-13,1.7752192e-13,1
1.0,237.0,238.0,1.5111075e-06,3.0902284e-10,1.7579045e-05,-0.07952569,-0.81622225,2.0,2.0,2.0,2.0,3.0,5.1021888e-11,1.4571896e-10,237.0,238.0,1.3038938e-12,1.2984153e-12,0
5.0,200.0,41.0,-5.376693e-06,7.755461e-10,2.7848628e-05,-1.4700414,-0.0028276686,1.0,1.0,1.0,2.0,12.0,1.8371837e-11,1.1238739e-12,1000.0,205.0,3.8777306e-12,1.8915758e-11,0
5.0,110.0,23.0,0.08537568,0.01181073,0.108677186,-0.97341895,0.8231196,1.0,1.0,1.0,1.0,2.0,0.001501137,0.0003686038,550.0,115.0,0.00010737028,0.00051351,0
1.0,473.0,474.0,3.9801516e-06,2.0375046e-10,1.4274118e-05,-1.1224664,-0.12154935,1.0,1.0,1.0,144.0,155.0,2.5974088e-13,6.702876e-13,655.0,474.0,4.307621e-13,4.298533e-13,0
5.0,235.0,48.0,2.7761462e-06,6.2227323e-10,2.4945406e-05,-1.2213776,-0.17866458,1.0,1.0,1.0,5.0,16.0,1.0210156e-11,1.2291817e-12,1175.0,240.0,2.6479713e-12,1.2964026e-11,0
5.0,235.0,48.0,1.443858e-06,5.902559e-10,2.4295183e-05,-0.9583494,-0.5068626,1.0,1.0,1.0,8.0,15.0,7.0297513e-12,1.1131368e-12,1175.0,240.0,2.5117272e-12,1.2296998e-11,0
1.0,255.0,256.0,5.003626e-07,5.6991734e-10,2.3872943e-05,-1.5020056,-0.004382721,1.0,1.0,1.0,55.0,66.0,1.2025695e-12,2.5494988e-12,255.0,256.0,2.23497e-12,2.2262396e-12,0
1.0,281.0,282.0,0.24064912,0.14790937,0.38458988,0.062622875,1.2943724,1.0,1.0,1.0,19.0,27.0,0.00022792855,8.7732034e-05,281.0,282.0,0.00052636786,0.0005245013,0
1.0,198.0,200.0,3.7875566e-06,8.3403023e-10,2.8879582e-05,-1.3895944,-0.036059927,1.0,1.0,1.0,45.0,59.0,1.0699547e-12,7.0793035e-13,276.0,200.0,4.2122738e-12,4.170151e-12,0
5.0,75.0,16.0,9.243531e-07,6.177764e-10,2.4855108e-05,-1.4991053,-0.056278586,1.0,1.0,2.0,1.0,2.0,1.010708e-10,1.1967406e-11,375.0,80.0,8.237019e-12,3.8611024e-11,0
5.0,205.0,42.0,0.17186597,0.04167666,0.20414862,-0.9751469,0.7895014,1.0,1.0,1.0,1.0,9.0,0.001483661,0.00013498787,1025.0,210.0,0.00020330078,0.0009923014,1
1.0,321.0,322.0,0.20765214,0.11071624,0.3327405,0.0054049087,1.2832302,1.0,1.0,1.0,12.0,18.0,0.00016143903,0.00012798786,321.0,322.0,0.0003449104,0.00034383926,0
1.0,188.0,189.0,2.9166292e-06,1.4835878e-10,1.2180262e-05,-1.5048908,-0.015425485,1.0,1.0,1.0,40.0,47.0,4.714496e-13,7.31126e-13,188.0,189.0,7.8914246e-13,7.849671e-13,1
1.0,179.0,180.0,6.0265324e-07,2.454558e-10,1.5667028e-05,-1.4247893,-0.019998737,1.0,1.0,1.0,51.0,57.0,5.123414e-13,6.301461e-13,239.0,180.0,1.3712614e-12,1.3636432e-12,0
5.0,175.0,36.0,2.138926e-05,2.0574935e-10,1.4343966e-05,-1.3499944,-0.011812037,2.0,1.0,1.0,1.0,2.0,6.791515e-11,1.3705846e-10,875.0,180.0,1.1757106e-12,5.7152594e-12,0
5.0,45.0,10.0,0.9122729,0.014548592,0.120617546,-1.3894117,0.12488475,1.0,1.0,1.0,1.0,0.0,0.0059572235,0.0025731623,225.0,50.0,0.00032330205,0.0014548593,0
5.0,490.0,99.0,0.46693516,0.183817,0.42873886,-1.4489821,0.30756167,1.0,1.0,1.0,5.0,24.0,0.0008662809,6.760213e-05,2450.0,495.0,0.00037513673,0.0018567374,0
5.0,100.0,21.0,0.30977625,0.16865158,0.41067213,-1.1378673,0.79380816,2.0,1.0,1.0,2.0,2.0,0.08506011,0.23701715,500.0,105.0,0.0016865159,0.008031028,1
1.0,411.0,377.0,0.020140255,0.00039777448,0.019944284,-1.5194316,0.3459256,15.0,2.0,1.0,80.0,82.0,4.6466453e-06,1.3977372e-05,553.0,377.0,9.678212e-07,1.0551048e-06,0
1.0,183.0,183.0,8.497665e-06,7.2971557e-10,2.7013248e-05,-1.4730382,-0.053177867,1.0,1.0,1.0,47.0,59.0,1.1153179e-12,7.4652697e-13,257.0,183.0,3.987517e-12,3.987517e-12,1
1.0,208.0,209.0,1.8081764e-06,2.723322e-10,1.650249e-05,-1.2845209,-0.15987048,2.0,1.0,1.0,11.0,17.0,1.4417804e-12,3.5969103e-12,268.0,209.0,1.3092895e-12,1.303025e-12,0
5.0,515.0,104.0,-2.4275191e-06,3.8226664e-10,1.955164e-05,-1.4500109,0.183856,1.0,1.0,1.0,27.0,32.0,1.7207156e-12,7.681035e-13,2575.0,520.0,7.4226535e-13,3.675641e-12,1
1.0,176.0,177.0,-8.241447e-06,3.4144076e-10,1.8478117e-05,-1.1652293,-0.20929399,1.0,1.0,1.0,38.0,46.0,1.844633e-12,4.2057547e-12,176.0,177.0,1.9400044e-12,1.929044e-12,0
5.0,611.0,123.0,5.1971756e-06,1.9179372e-10,1.3848961e-05,-1.279064,0.010173639,1.0,1.0,1.0,38.0,44.0,7.48097e-13,7.8842656e-13,3061.0,615.0,3.1390133e-13,1.5592985e-12,0
5.0,335.0,68.0,0.2961732,0.11525764,0.33949617,-1.0646063,0.7256884,2.0,1.0,1.0,1.0,1.0,0.0112672,0.03004528,1675.0,340.0,0.00034405265,0.0016949653,1
1.0,194.0,195.0,2.8929196e-06,2.1281915e-10,1.4588322e-05,-1.3743776,-0.069716945,2.0,2.0,1.0,4.0,15.0,3.1113725e-12,6.1669654e-12,194.0,195.0,1.097006e-12,1.0913802e-12,1
1.0,390.0,391.0,2.970241e-06,5.908005e-10,2.4306388e-05,-1.36231,-0.06698204,1.0,1.0,1.0,115.0,128.0,3.6237205e-13,6.822689e-13,484.0,391.0,1.5148732e-12,1.5109988e-12,1
5.0,220.0,45.0,-3.7862271e-06,6.07858e-10,2.4654775e-05,-1.3048457,-0.15002787,1.0,1.0,1.0,5.0,14.0,1.1864459e-11,1.886145e-12,1100.0,225.0,2.7629908e-12,1.3507955e-11,1
5.0,100.0,21.0,8.92269e-06,4.1740622e-10,2.0430522e-05,-1.3907932,0.001121283,1.0,1.0,2.0,3.0,6.0,4.4146915e-11,1.1840725e-11,500.0,105.0,4.174062e-12,1.9876488e-11,0
5.0,95.0,20.0,3.5885344e-06,2.426574e-10,1.5577465e-05,-1.3239766,-0.18469134,1.0,1.0,2.0,3.0,6.0,3.06466e-11,1.3013818e-11,475.0,100.0,2.5542884e-12,1.213287e-11,1
5.0,235.0,48.0,1.3940156e-06,8.401097e-10,2.8984647e-05,-1.4787866,0.022772744,1.0,1.0,1.0,5.0,16.0,1.5133481e-11,1.6263351e-12,1175.0,240.0,3.574935e-12,1.7502286e-11,0
5.0,215.0,44.0,0.099458,0.017759787,0.13326585,-0.7883475,0.91584766,1.0,1.0,1.0,2.0,5.0,0.0007108457,0.00012218184,1075.0,220.0,8.260366e-05,0.0004036315,0
1.0,219.0,220.0,-1.7818991e-07,3.230651e-10,1.7974013e-05,-1.4724233,0.037260186,1.0,1.0,1.0,64.0,72.0,5.752136e-13,8.971636e-13,269.0,220.0,1.4751831e-12,1.4684778e-12,1
1.0,185.0,186.0,1.8359533e-06,1.9612419e-10,1.4004434e-05,-1.235692,-0.10841362,1.0,1.0,1.0,57.0,60.0,4.722387e-13,6.9959153e-13,185.0,186.0,1.0601307e-12,1.0544311e-12,1
5.0,415.0,84.0,0.52915394,0.16393608,0.4048902,-1.5118304,0.17504674,1.0,1.0,1.0,8.0,16.0,0.0010278196,0.00018549764,2075.0,420.0,0.0003950267,0.00195162,1
1.0,434.0,435.0,-4.042041e-06,4.763282e-10,2.1824944e-05,-1.4215261,0.117209144,1.0,1.0,1.0,133.0,149.0,3.4034911e-13,7.1447687e-13,598.0,435.0,1.0975305e-12,1.0950073e-12,0
5.0,205.0,42.0,1.0390673e-05,3.2256028e-10,1.7959963e-05,-1.3554982,-0.10136911,1.0,1.0,1.0,4.0,12.0,7.197669e-12,7.206364e-13,1025.0,210.0,1.5734648e-12,7.680007e-12,1
1.0,341.0,309.0,0.2778907,0.088025436,0.29669082,-1.3764241,0.5179886,1.0,1.0,1.0,25.0,31.0,8.752066e-05,0.00010399314,469.0,309.0,0.0002581391,0.00028487196,0
1.0,365.0,366.0,1.1993602e-05,2.97657e-10,1.725274e-05,-0.7919962,-0.7471345,1.0,1.0,1.0,105.0,123.0,2.7613038e-13,6.4827305e-13,365.0,366.0,8.1549866e-13,8.132705e-13,1
5.0,240.0,49.0,0.24990034,0.1277844,0.35746944,-0.5048962,1.061963,1.0,1.0,1.0,1.0,4.0,0.0044284128,0.00044801203,1200.0,245.0,0.00053243496,0.0026078448,0
1.0,443.0,430.0,0.026448261,0.0009459003,0.030755492,0.5420641,1.1929384,3.0,2.0,2.0,12.0,45.0,1.591199e-05,1.8707024e-05,471.0,430.0,2.135215e-06,2.199768e-06,0
5.0,240.0,49.0,1.0441422e-06,9.343766e-10,3.0567575e-05,-1.487377,-0.028954485,1.0,1.0,1.0,1.0,14.0,1.5760431e-11,7.7679665e-13,1200.0,245.0,3.893236e-12,1.9068911e-11,0
5.0,186.0,38.0,2.7345076e-08,2.445547e-10,1.5638245e-05,-1.0291234,-0.2831647,2.0,1.0,1.0,2.0,2.0,3.240601e-11,5.5885265e-11,936.0,190.0,1.3148103e-12,6.4356506e-12,1
5.0,420.0,85.0,0.5533835,0.15417181,0.39264718,-1.3732507,0.29772493,1.0,1.0,1.0,9.0,17.0,0.0010782667,0.0004665989,2100.0,425.0,0.00036707573,0.001813786,0
5.0,180.0,37.0,0.16869667,0.023499269,0.15329471,2.0616739,1.7745061,3.0,1.0,1.0,3.0,5.0,0.0123628285,0.027727056,900.0,185.0,0.0001305515,0.00063511543,1
5.0,250.0,51.0,-8.087627e-06,1.22101e-10,1.1049931e-05,-1.4314854,0.02716523,1.0,1.0,1.0,7.0,17.0,2.0150106e-12,4.6082745e-13,1250.0,255.0,4.8840397e-13,2.394137e-12,0
1.0,362.0,363.0,0.333471,0.16787021,0.40971968,-0.9876508,0.7914386,1.0,1.0,1.0,24.0,27.0,0.00014411203,0.00017303247,362.0,363.0,0.00046372987,0.0004624524,0
5.0,80.0,17.0,7.2732014e-06,4.636824e-10,2.1533286e-05,-1.1640319,-0.12005494,1.0,1.0,2.0,2.0,3.0,7.013883e-11,8.9168395e-12,400.0,85.0,5.79603e-12,2.7275435e-11,0
1.0,168.0,170.0,-7.725837e-06,6.265967e-10,2.5031914e-05,-1.3946257,0.041211262,2.0,2.0,2.0,2.0,2.0,5.926275e-11,1.6650113e-10,230.0,170.0,3.729742e-12,3.6858632e-12,0
1.0,461.0,462.0,1.2159841e-05,3.4849515e-10,1.8668024e-05,-0.60037804,0.27331224,2.0,2.0,1.0,1.0,2.0,4.4830743e-11,1.33851e-10,465.0,462.0,7.5595476e-13,7.543185e-13,1
5.0,250.0,51.0,0.2518327,0.058913287,0.2427206,-1.5512038,0.3902188,1.0,1.0,1.0,3.0,4.0,0.0016312104,0.0013545825,1250.0,255.0,0.00023565315,0.0011551625,0
1.0,181.0,182.0,-1.2099235e-07,7.5575496e-10,2.7490998e-05,-1.4981934,0.0122627495,1.0,1.0,1.0,42.0,58.0,1.1185402e-12,5.745037e-13,243.0,182.0,4.1754417e-12,4.1524995e-12,0
5.0,641.0,129.0,2.2480506e-06,3.1901465e-10,1.786098e-05,-1.3533615,-0.04462752,1.0,1.0,1.0,34.0,46.0,8.4867974e-13,7.0039715e-13,3211.0,645.0,4.976828e-13,2.4729819e-12,0
5.0,240.0,49.0,-1.220256e-06,1.402239e-10,1.1841617e-05,-1.4217907,-0.13760805,1.0,1.0,1.0,11.0,16.0,2.556893e-12,6.658902e-13,1200.0,245.0,5.8426625e-13,2.8617122e-12,0
5.0,80.0,17.0,-7.3324355e-07,4.804873e-10,2.1920021e-05,-1.1324894,-0.3586575,1.0,1.0,2.0,1.0,2.0,5.504066e-11,7.779607e-12,400.0,85.0,6.0060915e-12,2.8263959e-11,1
1.0,609.0,610.0,6.9070034e-06,3.2757985e-10,1.8099168e-05,-1.2157198,-0.082689,7.0,2.0,2.0,9.0,14.0,1.6583674e-11,4.676651e-11,609.0,610.0,5.3789796e-13,5.370162e-13,1
5.0,360.0,73.0,0.69941676,0.051348004,0.22660097,-1.4478598,0.1349213,1.0,1.0,1.0,13.0,22.0,0.00042522277,8.022503e-05,1800.0,365.0,0.00014263335,0.0007033973,0
1.0,290.0,279.0,0.3441605,0.15967485,0.39959335,-1.1403216,0.6927356,1.0,1.0,1.0,23.0,24.0,0.00016255573,0.00012665252,336.0,279.0,0.0005506029,0.0005723113,0
5.0,100.0,21.0,3.3979e-06,3.903982e-10,1.9758498e-05,-1.2216994,-0.2371545,1.0,1.0,2.0,1.0,5.0,3.4395695e-11,3.4408312e-12,500.0,105.0,3.903982e-12,1.8590391e-11,0
5.0,85.0,18.0,-7.5533586e-07,2.1850877e-10,1.4782042e-05,-1.5166293,0.039738443,1.0,1.0,2.0,1.0,4.0,2.8460964e-11,4.840775e-12,425.0,90.0,2.5706915e-12,1.2139376e-11,0
5.0,125.0,26.0,0.01642352,0.00068068976,0.026090031,-0.3969071,1.1568154,2.0,1.0,1.0,2.0,4.0,0.00040716975,0.0008906578,625.0,130.0,5.445518e-06,2.6180376e-05,1
5.0,95.0,20.0,-5.73913e-07,1.7622187e-10,1.3274858e-05,-1.3682216,0.11591708,1.0,1.0,2.0,4.0,6.0,2.3642924e-11,1.3314442e-11,475.0,100.0,1.854967e-12,8.811093e-12,0
5.0,285.0,58.0,0.31019056,0.10979754,0.33135712,-1.1360235,0.6872047,1.0,1.0,1.0,2.0,8.0,0.0019961111,0.0002313068,1425.0,290.0,0.0003852545,0.001893061,0
1.0,452.0,453.0,3.76856e-06,4.997093e-10,2.2354177e-05,-1.2924951,0.0637167,2.0,2.0,2.0,2.0,4.0,1.5386754e-11,3.8639213e-11,620.0,453.0,1.1055515e-12,1.103111e-12,1
5.0,71.0,15.0,4.976226e-07,8.473544e-11,9.205186e-06,-1.1806704,-0.19646326,1.0,1.0,2.0,1.0,2.0,1.3625509e-11,2.9005281e-12,361.0,75.0,1.1934569e-12,5.6490294e-12,0
1.0,438.0,406.0,0.2165752,0.082053214,0.2864493,-0.7950716,0.9316898,1.0,1.0,1.0,53.0,60.0,6.836692e-05,8.301355e-05,612.0,406.0,0.0001873361,0.00020210151,1
1.0,163.0,154.0,0.22737476,0.03459769,0.18600455,-1.4293156,0.15864356,1.0,1.0,1.0,17.0,21.0,0.00016638893,0.00029369703,187.0,154.0,0.00021225578,0.00022466034,0
5.0,215.0,44.0,-2.067044e-06,2.525544e-10,1.589196e-05,-0.8816526,-0.63035774,1.0,1.0,1.0,9.0,15.0,3.5622644e-12,2.0179097e-12,1091.0,220.0,1.1746716e-12,5.7398726e-12,0
5.0,215.0,44.0,-1.6904925e-06,8.392015e-10,2.8968974e-05,-1.4715425,0.021741211,1.0,1.0,1.0,4.0,13.0,1.7716205e-11,1.5042359e-12,1075.0,220.0,3.9032627e-12,1.907276e-11,0
1.0,226.0,227.0,6.1242067e-06,6.4580785e-10,2.541275e-05,-1.1283898,-0.2607258,1.0,1.0,1.0,57.0,73.0,1.8920364e-12,4.3950555e-12,306.0,227.0,2.8575569e-12,2.8449686e-12,1
1.0,336.0,337.0,-1.34394595e-05,1.5447235e-10,1.2428691e-05,-1.012396,-0.5672863,2.0,2.0,2.0,1.0,3.0,5.0255737e-12,1.0158765e-11,466.0,337.0,4.597391e-13,4.5837493e-13,1
5.0,230.0,47.0,9.411001e-07,6.371366e-10,2.5241565e-05,-1.4916269,0.027586756,1.0,1.0,1.0,5.0,14.0,1.2002057e-11,1.5597707e-12,1150.0,235.0,2.770159e-12,1.3556098e-11,0
5.0,100.0,21.0,1.02439e-05,4.776447e-10,2.1855083e-05,-1.3954486,-0.2667908,1.0,1.0,1.0,1.0,4.0,4.6563142e-11,6.4918526e-12,500.0,105.0,4.776447e-12,2.2744985e-11,0
1.0,913.0,915.0,1.2491965e-05,1.3408859e-10,1.1579663e-05,-1.2541567,-0.26107964,5.0,5.0,4.0,4.0,11.0,3.101651e-12,6.3751396e-12,1249.0,915.0,1.4686593e-13,1.4654491e-13,1
5.0,85.0,18.0,2.3334705e-06,2.2900622e-10,1.5132951e-05,-0.86795306,-0.5139862,1.0,1.0,1.0,1.0,3.0,2.3047488e-11,2.608824e-12,425.0,90.0,2.6941908e-12,1.2722568e-11,0
5.0,320.0,65.0,0.45416847,0.188148,0.43376032,-1.8588135,0.12544131,1.0,1.0,1.0,2.0,3.0,0.00422764,0.0008685888,1600.0,325.0,0.00058796257,0.0028945848,0
1.0,364.0,329.0,0.014006456,0.0006258388,0.02501677,1.0583545,1.6238958,1.0,1.0,1.0,38.0,43.0,2.516064e-06,4.3636765e-06,464.0,329.0,1.7193374e-06,1.9022457e-06,0
5.0,575.0,116.0,0.3268521,0.13428423,0.36644813,-0.9678173,0.79562265,2.0,1.0,1.0,4.0,11.0,0.000744552,0.00033974764,2875.0,580.0,0.0002335378,0.0011576227,0
5.0,240.0,49.0,-3.8861067e-06,2.4436833e-10,1.5632286e-05,-1.0992237,-0.26574352,1.0,1.0,1.0,7.0,18.0,3.892857e-12,7.7936166e-13,1200.0,245.0,1.0182014e-12,4.987109e-12,0
1.0,310.0,288.0,0.2707336,0.08284621,0.28783017,-1.3983176,0.50416636,2.0,1.0,1.0,37.0,53.0,7.2933435e-05,5.464715e-05,422.0,288.0,0.00026724584,0.00028766046,0
1.0,180.0,181.0,2.0111365e-07,7.727337e-10,2.7798087e-05,-1.454653,-0.070370845,1.0,1.0,1.0,39.0,42.0,2.5048518e-12,4.1362747e-12,180.0,181.0,4.292965e-12,4.269247e-12,0
5.0,980.0,197.0,2.0309415e-06,3.0098323e-11,5.486194e-06,-0.19576906,-0.86762637,1.0,1.0,1.0,67.0,68.0,2.4334186e-13,6.176364e-13,4900.0,985.0,3.0712574e-14,1.5278336e-13,1
1.0,179.0,180.0,-2.811631e-06,2.3809557e-10,1.5430345e-05,-1.390956,-0.04204403,1.0,1.0,1.0,43.0,48.0,1.2479151e-12,3.0569074e-12,213.0,180.0,1.3301429e-12,1.3227532e-12,0
1.0,423.0,373.0,0.16243531,0.046234723,0.21502261,-0.8531652,0.8974672,1.0,1.0,1.0,26.0,32.0,5.2715506e-05,7.854455e-05,577.0,373.0,0.000109301945,0.00012395368,0
1.0,229.0,230.0,0.32534605,0.16002531,0.40003163,-0.8833339,0.859715,1.0,1.0,1.0,14.0,26.0,0.00028000074,0.0001998509,229.0,230.0,0.0006988005,0.0006957622,0
1.0,421.0,417.0,0.019869173,0.00041772975,0.020438438,-1.3946601,0.44727674,9.0,1.0,2.0,71.0,80.0,2.6880123e-06,7.4104078e-06,431.0,417.0,9.922321e-07,1.00175e-06,0
1.0,230.0,231.0,5.9461563e-06,3.7123313e-10,1.926741e-05,-0.6808751,-0.43701664,2.0,2.0,1.0,1.0,3.0,1.2631868e-11,2.5174791e-11,230.0,231.0,1.6140571e-12,1.6070698e-12,0
1.0,494.0,495.0,0.030596623,0.003857302,0.062107183,1.5216641,1.7981337,2.0,2.0,1.0,16.0,44.0,1.06409e-05,6.119726e-06,494.0,495.0,7.808304e-06,7.79253e-06,0
5.0,270.0,55.0,0.20872448,0.100478336,0.3169832,-0.20241721,1.1920886,1.0,1.0,1.0,1.0,6.0,0.0031572739,0.00040370596,1350.0,275.0,0.00037214198,0.0018268789,0
5.0,320.0,65.0,0.27205905,0.13025665,0.36091086,-0.76577735,0.92586726,1.0,1.0,1.0,2.0,8.0,0.0022681658,0.00020927771,1600.0,325.0,0.00040705205,0.0020039487,0
5.0,180.0,37.0,1.1049431e-05,1.7746632e-10,1.3321648e-05,-1.1593645,-0.27966923,1.0,1.0,1.0,5.0,10.0,5.163499e-12,1.0486916e-12,900.0,185.0,9.85924e-13,4.796387e-12,0
5.0,225.0,46.0,-5.154303e-06,1.3793855e-10,1.1744724e-05,-1.5002363,0.06896024,1.0,1.0,1.0,9.0,14.0,2.8352334e-12,6.257253e-13,1125.0,230.0,6.130602e-13,2.9986643e-12,0
5.0,200.0,41.0,0.28719953,0.09787049,0.3128426,-0.9961783,0.77956927,1.0,1.0,1.0,1.0,5.0,0.0039645047,0.00046526015,1000.0,205.0,0.00048935245,0.0023870852,0
5.0,95.0,20.0,1.296451e-06,1.9941598e-10,1.4121472e-05,-1.4664588,-0.00012592098,1.0,1.0,2.0,3.0,6.0,2.504913e-11,1.7717834e-11,475.0,100.0,2.0991156e-12,9.970799e-12,1
5.0,45.0,10.0,0.8680878,0.018402942,0.13565744,-1.3600619,0.03366184,1.0,1.0,1.0,1.0,0.0,0.0069513284,0.002709636,225.0,50.0,0.00040895425,0.0018402941,0
5.0,50.0,11.0,1.0887557,0.01702929,0.13049632,-1.0071905,0.02641866,1.0,1.0,1.0,1.0,0.0,0.0056357966,0.0033047742,250.0,55.0,0.0003405858,0.0015481173,0
5.0,95.0,20.0,0.18093772,0.029798858,0.17262346,-1.3328679,0.49486384,1.0,1.0,1.0,1.0,2.0,0.0037428252,0.00070034235,475.0,100.0,0.00031367218,0.0014899429,0
5.0,290.0,59.0,0.20611185,0.049739238,0.22302295,-0.7619285,0.8045166,2.0,1.0,1.0,2.0,2.0,0.0033597283,0.0069968463,1450.0,295.0,0.00017151462,0.00084303797,1
5.0,230.0,47.0,4.906082e-07,3.1433675e-10,1.7729544e-05,-1.2177278,-0.15284914,1.0,1.0,1.0,4.0,13.0,5.672314e-12,8.538832e-13,1150.0,235.0,1.3666815e-12,6.688016e-12,0
1.0,226.0,227.0,-1.2951803e-05,3.6210027e-10,1.9028932e-05,-1.4832858,-0.029904323,1.0,1.0,1.0,68.0,73.0,5.3317935e-13,7.4771965e-13,260.0,227.0,1.6022136e-12,1.5951553e-12,1
5.0,725.0,146.0,-1.0065026e-07,4.7147164e-10,2.1713398e-05,-1.1615266,-0.23118944,1.0,1.0,1.0,35.0,48.0,7.5994213e-13,4.3471197e-13,3625.0,730.0,6.503057e-13,3.2292578e-12,0
5.0,380.0,77.0,-1.3408545e-05,4.8927e-10,2.211945e-05,-1.4766105,-0.08856178,1.0,1.0,1.0,19.0,25.0,3.6692225e-12,9.844937e-13,1932.0,385.0,1.2875527e-12,6.3541564e-12,0
1.0,524.0,525.0,5.8375144e-06,8.0893076e-10,2.8441707e-05,-1.510926,-0.009184066,1.0,1.0,1.0,160.0,178.0,3.796499e-13,7.821353e-13,724.0,525.0,1.543761e-12,1.5408205e-12,0
5.0,295.0,45.0,-1.07814785e-05,3.16444e-10,1.7788872e-05,-0.9404732,-0.76097673,1.0,0.0,0.0,2.0,9.0,3.563346e-12,4.267483e-12,7475.0,225.0,1.0726915e-12,7.032089e-12,1
1.0,567.0,569.0,4.0001105e-06,1.8307383e-10,1.3530478e-05,-1.0353506,-0.2682481,2.0,1.0,1.0,1.0,1.0,5.7879196e-12,1.7139849e-11,779.0,569.0,3.2288153e-13,3.2174664e-13,1
5.0,240.0,49.0,3.7536427e-06,2.5442679e-10,1.5950762e-05,-1.0746855,-0.41373408,1.0,1.0,1.0,5.0,16.0,3.238873e-12,4.676647e-13,1200.0,245.0,1.0601116e-12,5.1923834e-12,0
5.0,290.0,59.0,0.30982217,0.13642345,0.36935547,-1.0647476,0.73861766,1.0,1.0,1.0,2.0,11.0,0.002411843,0.00021661204,1450.0,295.0,0.00047042573,0.002312262,0
5.0,65.0,14.0,-2.0660439e-06,7.785601e-11,8.823606e-06,-0.6505746,-0.58526367,1.0,1.0,2.0,2.0,3.0,1.6342332e-11,6.357629e-12,325.0,70.0,1.1977848e-12,5.5611436e-12,0
1.0,190.0,191.0,5.3084267e-07,2.1922668e-10,1.4806305e-05,-1.2258996,0.103414804,1.0,1.0,1.0,13.0,16.0,2.330148e-12,3.7735856e-12,190.0,191.0,1.1538246e-12,1.1477837e-12,1
1.0,408.0,354.0,0.0042542876,2.8401178e-05,0.0053292755,-0.9422393,0.7956673,34.0,1.0,1.0,49.0,60.0,2.2545405e-06,6.425841e-06,546.0,354.0,6.9610735e-08,8.022932e-08,0
1.0,263.0,264.0,-7.4497584e-06,4.1881648e-10,2.0465006e-05,-0.8731876,-0.31424823,2.0,2.0,2.0,2.0,4.0,4.2430986e-11,1.175073e-10,347.0,264.0,1.592458e-12,1.586426e-12,1
1.0,416.0,417.0,-4.015357e-06,1.06677986e-10,1.0328504e-05,-1.3603097,0.08535034,2.0,2.0,1.0,34.0,66.0,5.601049e-13,1.2550641e-12,480.0,417.0,2.5643748e-13,2.5582252e-13,1
5.0,240.0,49.0,-1.4941876e-05,1.496266e-10,1.2232195e-05,-1.4425646,-0.1935646,3.0,1.0,1.0,3.0,6.0,3.9987173e-11,8.324394e-11,1200.0,245.0,6.2344417e-13,3.0536042e-12,1
5.0,70.0,15.0,-5.7288e-08,3.9437537e-10,1.9858886e-05,-1.4517211,-0.14188218,1.0,1.0,2.0,1.0,1.0,7.5054976e-11,9.017534e-12,350.0,75.0,5.633934e-12,2.6291691e-11,0
5.0,165.0,34.0,0.0653323,0.0085683465,0.092565365,-0.6884293,0.99378294,2.0,1.0,1.0,2.0,4.0,0.0013929545,0.0023208123,825.0,170.0,5.1929375e-05,0.00025201018,1
1.0,177.0,178.0,-5.1424837e-07,2.2768186e-10,1.5089131e-05,-1.4939471,-0.013183226,1.0,1.0,1.0,56.0,60.0,5.679105e-13,8.188402e-13,203.0,178.0,1.2863382e-12,1.2791116e-12,0
5.0,250.0,51.0,0.28942928,0.14130358,0.3759037,-0.7160978,0.9498285,1.0,1.0,1.0,2.0,8.0,0.004167758,0.00086591387,1272.0,255.0,0.0005652143,0.0027706586,0
1.0,330.0,331.0,-2.5224795e-06,1.1317326e-10,1.0638292e-05,-0.9351172,-0.4471627,1.0,1.0,1.0,2.0,2.0,2.122323e-12,4.470099e-12,438.0,331.0,3.4294927e-13,3.4191318e-13,0
1.0,217.0,218.0,-2.5691426e-07,2.8608843e-10,1.691415e-05,-1.4331014,-0.040089183,1.0,1.0,1.0,67.0,78.0,4.9830984e-13,8.396633e-13,279.0,218.0,1.3183799e-12,1.3123323e-12,0
5.0,110.0,23.0,-2.3280758e-07,1.8220951e-10,1.34985e-05,-1.5245485,0.016069027,1.0,1.0,2.0,1.0,7.0,1.4863144e-11,2.1408717e-12,550.0,115.0,1.65645e-12,7.9221525e-12,0
1.0,212.0,213.0,8.529724e-06,7.1443484e-10,2.6728914e-05,-1.2197754,-0.18334734,1.0,1.0,1.0,53.0,57.0,1.6717937e-12,2.9519347e-12,212.0,213.0,3.3699757e-12,3.3541542e-12,0
1.0,180.0,181.0,-1.4765689e-06,3.028456e-10,1.7402459e-05,-1.496996,-0.02901664,1.0,1.0,1.0,49.0,58.0,6.5346274e-13,8.204235e-13,242.0,181.0,1.6824756e-12,1.6731801e-12,0
5.0,605.0,122.0,9.331468e-06,2.3260294e-10,1.5251326e-05,-1.2540268,-0.09235504,1.0,1.0,1.0,31.0,41.0,7.974498e-13,7.4908244e-13,3025.0,610.0,3.8446766e-13,1.9065814e-12,0
5.0,370.0,75.0,0.24222054,0.10532843,0.32454342,-0.77665335,0.9304898,1.0,1.0,1.0,2.0,6.0,0.0014299352,0.0001825592,1850.0,375.0,0.00028467143,0.001404379,1
5.0,480.0,97.0,5.594185e-06,2.714402e-10,1.6475442e-05,-1.3550271,-0.0147327995,3.0,1.0,1.0,2.0,3.0,3.361503e-11,8.070917e-11,2400.0,485.0,5.6550045e-13,2.7983527e-12,1
1.0,543.0,510.0,0.12786798,0.022395385,0.14965089,-0.8925752,0.86022335,1.0,2.0,1.0,115.0,122.0,1.0463467e-05,1.2399136e-05,731.0,510.0,4.1243806e-05,4.391252e-05,0
1.0,215.0,216.0,2.7304748e-07,7.3272427e-10,2.706888e-05,-1.4856226,-0.007826674,1.0,1.0,1.0,62.0,73.0,8.627548e-13,7.143197e-13,297.0,216.0,3.4080197e-12,3.3922418e-12,0
5.0,70.0,15.0,-6.8350982e-06,3.794355e-11,6.1598334e-06,-1.5404894,-0.18528953,1.0,1.0,0.0,1.0,4.0,7.467457e-12,2.2797894e-12,350.0,75.0,5.420507e-13,2.52957e-12,0
1.0,667.0,668.0,8.031183e-07,3.6429607e-10,1.9086541e-05,-0.8732233,-0.014043568,3.0,2.0,2.0,3.0,6.0,1.0611866e-11,2.7525057e-11,845.0,668.0,5.46171e-13,5.453534e-13,1
5.0,315.0,64.0,0.19487838,0.060776256,0.2465284,-0.5445897,0.98173964,2.0,1.0,1.0,1.0,1.0,0.007847053,0.020776242,1575.0,320.0,0.0001929405,0.000949629,1
5.0,180.0,37.0,0.15256047,0.03342835,0.18283421,-1.0015079,0.80013275,1.0,1.0,1.0,2.0,6.0,0.0016065694,0.00026761103,900.0,185.0,0.00018571304,0.00090346887,0
1.0,177.0,178.0,-6.0805237e-06,2.984678e-10,1.7276221e-05,-0.3642966,0.0054435665,1.0,1.0,1.0,1.0,1.0,6.7607478e-12,1.307169e-11,221.0,178.0,1.6862588e-12,1.6767854e-12,1
5.0,80.0,17.0,9.1566466e-07,5.800059e-10,2.408331e-05,-1.4874427,-0.02291286,1.0,1.0,2.0,1.0,3.0,8.3305224e-11,9.314586e-12,400.0,85.0,7.2500734e-12,3.4117993e-11,0
5.0,250.0,51.0,1.1799474e-06,8.307731e-10,2.8823135e-05,-1.2386376,-0.12815458,1.0,1.0,1.0,8.0,17.0,1.27498056e-11,1.7157195e-12,1250.0,255.0,3.3230925e-12,1.628967e-11,0
5.0,232.0,47.0,3.9145192e-07,1.6536329e-10,1.28593665e-05,-1.5073384,-0.02684696,1.0,1.0,1.0,7.0,15.0,3.2223842e-12,5.434416e-13,1172.0,235.0,7.1277283e-13,3.518368e-12,0
1.0,445.0,446.0,-5.945083e-06,2.7388908e-10,1.6549595e-05,-1.3965311,-0.018921765,1.0,1.0,1.0,137.0,145.0,3.39836e-13,8.707303e-13,617.0,446.0,6.1548103e-13,6.1410106e-13,0
5.0,225.0,44.0,0.32827857,0.14801359,0.38472533,-0.7776885,0.9092746,1.0,1.0,1.0,1.0,3.0,0.00603902,0.0017576888,1275.0,220.0,0.0006578382,0.0033639453,1
1.0,192.0,182.0,2.7613646e-06,8.387918e-10,2.8961902e-05,-1.4544127,-0.13217863,1.0,1.0,1.0,30.0,43.0,3.2987976e-12,6.5195787e-12,304.0,182.0,4.3687072e-12,4.608746e-12,1
5.0,210.0,43.0,0.098146826,0.019313717,0.1389738,-0.62739,1.0311573,1.0,1.0,1.0,2.0,5.0,0.0010349606,0.0005206101,1050.0,215.0,9.1970076e-05,0.0004491562,0
5.0,308.0,62.0,6.028604e-06,9.50626e-11,9.750005e-06,-1.3291458,-0.10284167,1.0,1.0,1.0,18.0,21.0,1.1803291e-12,9.960501e-13,1558.0,310.0,3.086448e-13,1.5332677e-12,0
1.0,398.0,400.0,-1.3118092e-06,5.8737226e-10,2.4235764e-05,-1.3220763,-0.05213935,2.0,2.0,2.0,2.0,3.0,2.9412184e-11,8.5712694e-11,544.0,400.0,1.4758097e-12,1.4684306e-12,1
5.0,75.0,16.0,1.3990722e-05,5.581644e-10,2.3625504e-05,-1.339514,-0.11313376,1.0,1.0,2.0,1.0,4.0,9.1456155e-11,1.4052562e-11,375.0,80.0,7.442192e-12,3.4885275e-11,0
5.0,230.0,47.0,0.29316074,0.12869638,0.35874277,-1.092481,0.7449484,1.0,1.0,1.0,1.0,5.0,0.0037531264,0.0005624013,1150.0,235.0,0.0005595495,0.0027382209,1
5.0,287.0,58.0,-3.2573083e-05,1.179478e-10,1.0860378e-05,1.746963,1.1146954,4.0,4.0,1.0,3.0,5.0,2.1335073e-10,6.5164907e-10,1447.0,290.0,4.1096797e-13,2.033583e-12,1
5.0,191.0,39.0,0.32430372,0.15140766,0.38911137,-1.1750406,0.69623727,1.0,1.0,1.0,1.0,4.0,0.006155141,0.0006831612,965.0,195.0,0.0007927102,0.0038822477,0
5.0,525.0,106.0,1.1027805e-05,1.987836e-10,1.4099064e-05,-1.1815836,-0.009460071,2.0,2.0,1.0,1.0,3.0,1.0458552e-11,1.9796668e-11,2625.0,530.0,3.7863544e-13,1.875317e-12,1
1.0,351.0,332.0,0.32796568,0.11111282,0.33333588,-1.366779,0.52539253,2.0,1.0,1.0,28.0,39.0,9.749058e-05,0.0001047861,475.0,332.0,0.00031656073,0.00033467717,0
5.0,90.0,19.0,0.17905423,0.02157188,0.1468737,-1.451806,0.22834976,1.0,1.0,1.0,1.0,3.0,0.002626148,0.00048437307,450.0,95.0,0.00023968756,0.0011353622,0
5.0,165.0,34.0,0.31239673,0.14341974,0.378708,-1.1201545,0.7804585,2.0,1.0,1.0,2.0,3.0,0.03281259,0.06549331,825.0,170.0,0.0008692106,0.0042182277,1
1.0,252.0,253.0,-1.10663495e-05,2.9451538e-10,1.716145e-05,-1.1501945,-0.28811586,1.0,1.0,1.0,76.0,85.0,4.112384e-13,7.431804e-13,346.0,253.0,1.1687118e-12,1.1640924e-12,1
5.0,640.0,129.0,-2.8074742e-06,3.5142936e-10,1.8746448e-05,-0.94420695,-0.37987387,2.0,1.0,1.0,2.0,2.0,1.9081823e-11,5.1396255e-11,3200.0,645.0,5.491084e-13,2.7242585e-12,1
1.0,184.0,185.0,1.437771e-06,9.426989e-10,3.0703402e-05,-1.4942722,-0.022970885,1.0,1.0,1.0,46.0,63.0,1.3173679e-12,6.087375e-13,258.0,185.0,5.1233635e-12,5.0956695e-12,0
5.0,410.0,83.0,0.6842631,0.046928927,0.21663086,-1.3536794,0.08292429,1.0,1.0,1.0,9.0,25.0,0.00029662004,4.1237476e-05,2050.0,415.0,0.0001144608,0.0005654088,1
1.0,301.0,282.0,0.24472447,0.112735085,0.33576044,-0.6723173,0.98501116,1.0,1.0,1.0,12.0,17.0,0.00018219568,0.00020918006,369.0,282.0,0.00037453516,0.0003997698,0
5.0,315.0,64.0,4.9410796e-06,4.348742e-10,2.0853637e-05,-1.4825894,-0.038558,1.0,1.0,1.0,11.0,24.0,4.535175e-12,8.456743e-13,1575.0,320.0,1.380553e-12,6.7949093e-12,0
5.0,75.0,16.0,-6.3197376e-07,4.8679644e-10,2.2063463e-05,-1.4934052,-0.04470693,1.0,1.0,2.0,1.0,1.0,7.974958e-11,1.0161608e-11,375.0,80.0,6.490619e-12,3.0424777e-11,0
5.0,210.0,43.0,-1.3854915e-06,3.4950742e-10,1.8695118e-05,-1.4673859,-0.07957221,1.0,1.0,1.0,4.0,12.0,7.8981665e-12,8.748465e-13,1050.0,215.0,1.6643211e-12,8.12808e-12,1
5.0,75.0,16.0,-4.5076204e-06,3.3203082e-10,1.8221712e-05,-1.0921595,-0.3452066,1.0,1.0,2.0,1.0,0.0,4.5311758e-11,7.3731715e-12,375.0,80.0,4.4270776e-12,2.0751926e-11,0
5.0,205.0,42.0,0.19168167,0.04389874,0.20952027,-1.3493385,0.56370676,1.0,1.0,1.0,2.0,3.0,0.0016617477,0.0009749424,1025.0,210.0,0.0002141402,0.0010452081,0
1.0,177.0,179.0,7.275469e-09,4.5548706e-10,2.1342143e-05,-1.3084588,-0.11843588,2.0,1.0,1.0,2.0,1.0,2.7533874e-11,8.03656e-11,241.0,179.0,2.5733734e-12,2.5446205e-12,1
5.0,335.0,68.0,0.32112265,0.14483204,0.38056806,-1.0756266,0.7256934,1.0,1.0,1.0,2.0,5.0,0.0020519637,0.00057522627,1675.0,340.0,0.0004323345,0.002129883,0
5.0,225.0,46.0,0.12425702,0.027574094,0.16605449,-0.7958644,0.9318636,1.0,1.0,1.0,3.0,7.0,0.0010759517,0.00040518597,1125.0,230.0,0.00012255153,0.0005994368,0
1.0,291.0,292.0,-4.4472167e-06,4.089422e-10,2.022232e-05,-1.0053744,0.1460355,2.0,2.0,2.0,2.0,8.0,7.849179e-12,1.6104292e-11,291.0,292.0,1.4052997e-12,1.400487e-12,1
5.0,165.0,34.0,-3.9243983e-07,2.0961659e-10,1.4478142e-05,-1.3743819,3.7721136e-05,1.0,1.0,1.0,2.0,10.0,7.465062e-12,9.713785e-13,825.0,170.0,1.2704035e-12,6.165194e-12,1
1.0,256.0,246.0,0.26440817,0.079826176,0.28253525,-0.9670393,0.79674035,2.0,1.0,1.0,22.0,36.0,0.00014825795,0.0001629206,346.0,246.0,0.000311821,0.00032449665,1
5.0,70.0,15.0,-6.625204e-07,3.670046e-10,1.9157364e-05,-1.4797004,-0.100143276,1.0,1.0,2.0,1.0,0.0,6.8928974e-11,9.328755e-12,350.0,75.0,5.2429224e-12,2.4466972e-11,0
5.0,110.0,23.0,2.4323097e-06,5.7034183e-10,2.388183e-05,-1.0576735,-0.32110265,1.0,1.0,1.0,1.0,7.0,3.9787545e-11,5.859299e-12,550.0,115.0,5.1849254e-12,2.479747e-11,0
5.0,95.0,20.0,-3.565375e-07,3.5169825e-10,1.875362e-05,-1.3537965,-0.30065992,1.0,1.0,2.0,2.0,6.0,4.137993e-11,1.0378912e-11,475.0,100.0,3.702087e-12,1.7584913e-11,0
5.0,250.0,51.0,0.24380003,0.1320248,0.36335218,-0.24798496,1.1644268,1.0,1.0,1.0,1.0,3.0,0.004611544,0.0005032296,1250.0,255.0,0.0005280992,0.0025887215,0
1.0,325.0,293.0,0.24054167,0.0758613,0.2754293,-1.2570968,0.6278778,1.0,1.0,1.0,13.0,22.0,8.448286e-05,7.746101e-05,453.0,293.0,0.00023341939,0.0002589123,0
1.0,232.0,212.0,0.40250263,0.19042088,0.4363724,-1.2852451,0.5658443,2.0,1.0,1.0,20.0,32.0,0.00028087525,0.00014002324,326.0,212.0,0.00082077965,0.0008982117,1
5.0,260.0,53.0,0.146798,0.037605464,0.19392128,-0.930215,0.86042905,1.0,1.0,1.0,2.0,4.0,0.0010168562,0.00022694784,1300.0,265.0,0.0001446364,0.00070953707,0
5.0,205.0,42.0,-3.2602427e-06,1.436129e-10,1.198386e-05,-1.3104365,-0.028123474,1.0,1.0,1.0,7.0,13.0,3.5043717e-12,8.1191624e-13,1025.0,210.0,7.0055073e-13,3.4193549e-12,0
1.0,201.0,203.0,8.9976334e-07,4.8358495e-10,2.1990565e-05,-1.5038102,0.006758003,1.0,1.0,1.0,42.0,47.0,1.3511838e-12,2.5661053e-12,259.0,203.0,2.4058954e-12,2.3821919e-12,0
5.0,70.0,15.0,-7.5438334e-07,2.9627747e-10,1.7212713e-05,-1.2984176,-0.26152316,1.0,1.0,2.0,1.0,1.0,5.1553584e-11,6.150724e-12,350.0,75.0,4.2325353e-12,1.9751832e-11,0
5.0,195.0,40.0,0.06638054,0.00713566,0.084472835,-0.72708935,0.89282554,2.0,1.0,1.0,2.0,3.0,0.0013234768,0.0024586173,975.0,200.0,3.6593126e-05,0.00017839149,1
1.0,183.0,176.0,0.24794139,0.073924,0.2718897,-1.276533,0.5989647,1.0,1.0,1.0,16.0,25.0,0.00016111047,7.260149e-05,233.0,176.0,0.00040395625,0.0004200227,0
1.0,160.0,161.0,-2.7352637e-06,1.1163083e-10,1.0565549e-05,-1.3630196,-0.1391029,1.0,1.0,1.0,49.0,56.0,4.630526e-13,8.9681816e-13,186.0,161.0,6.9769266e-13,6.9335916e-13,0
1.0,177.0,178.0,4.3415488e-07,2.5864152e-10,1.6082337e-05,-1.3704141,-0.098264664,1.0,1.0,1.0,51.0,57.0,5.635761e-13,6.99827e-13,243.0,178.0,1.4612515e-12,1.4530422e-12,0
5.0,190.0,39.0,0.14327385,0.029295621,0.17115964,-1.1175587,0.7593122,1.0,1.0,1.0,1.0,4.0,0.0014656825,0.0004736416,950.0,195.0,0.00015418748,0.0007511698,0
1.0,475.0,476.0,1.5714774e-06,2.2642356e-10,1.5047377e-05,-1.4850667,0.09511066,1.0,1.0,1.0,140.0,159.0,2.983708e-13,7.7616646e-13,655.0,476.0,4.7668114e-13,4.756797e-13,0
5.0,215.0,44.0,0.17653425,0.040525872,0.2013104,-1.3523028,0.57558674,1.0,1.0,1.0,1.0,6.0,0.001367717,0.0003955916,1075.0,220.0,0.00018849243,0.0009210426,0
5.0,100.0,21.0,0.11455336,0.018895654,0.13746147,-1.0553209,0.74729687,1.0,1.0,1.0,1.0,5.0,0.002633464,0.0007222145,500.0,105.0,0.00018895653,0.00089979306,0
1.0,205.0,189.0,0.06502502,0.0017343648,0.041645706,-1.1453538,-0.7440927,6.0,2.0,2.0,26.0,33.0,4.591552e-05,0.000107313754,281.0,189.0,8.460316e-06,9.176533e-06,1
5.0,420.0,85.0,0.32655135,0.13128242,0.36232916,-1.3275533,0.55358547,1.0,1.0,1.0,1.0,11.0,0.0010620364,0.0001286476,2100.0,425.0,0.00031257718,0.001544499,0
1.0,183.0,185.0,3.0613708e-06,3.7793868e-10,1.9440646e-05,-1.31503,0.07874311,3.0,2.0,2.0,2.0,15.0,1.6100465e-11,3.2975456e-11,249.0,185.0,2.0652386e-12,2.0429118e-12,1
5.0,240.0,49.0,-2.1687474e-06,3.16649e-10,1.7794635e-05,-1.4684489,0.013894558,1.0,1.0,1.0,9.0,15.0,5.5313284e-12,9.124911e-13,1200.0,245.0,1.3193709e-12,6.462225e-12,1
5.0,292.0,59.0,0.34140366,0.21777453,0.46666318,-0.1655151,1.1706983,1.0,1.0,1.0,1.0,10.0,0.005913931,0.0011156297,1474.0,295.0,0.0007458032,0.0036910935,0
1.0,183.0,185.0,2.6719467e-06,4.927734e-10,2.21985e-05,-1.4689596,-0.056183677,1.0,1.0,1.0,58.0,67.0,8.9813833e-13,1.0637561e-12,253.0,185.0,2.6927505e-12,2.6636397e-12,0
5.0,80.0,17.0,0.084021166,0.006161467,0.07849501,-1.0419196,0.5640935,1.0,1.0,1.0,1.0,1.0,0.0011227869,0.0004320153,400.0,85.0,7.701834e-05,0.00036243923,0
1.0,172.0,174.0,-2.9337343e-06,7.5721174e-10,2.751748e-05,-1.3765037,-0.052563153,2.0,1.0,1.0,1.0,1.0,3.640618e-11,1.0536611e-10,238.0,174.0,4.402394e-12,4.351792e-12,0
5.0,255.0,52.0,0.22537014,0.112922065,0.33603877,-0.29076317,1.1531547,1.0,1.0,1.0,1.0,4.0,0.0037743882,0.0003383793,1275.0,260.0,0.0004428316,0.0021715781,0
1.0,320.0,294.0,0.21836546,0.030815838,0.1755444,-1.5014639,-0.01799408,2.0,2.0,2.0,20.0,35.0,9.4108225e-05,0.00012064776,446.0,294.0,9.629949e-05,0.00010481577,1
1.0,321.0,322.0,-4.9947175e-07,4.6152765e-10,2.1483194e-05,-1.3998137,0.048630614,1.0,1.0,1.0,97.0,113.0,4.0911133e-13,6.2098254e-13,321.0,322.0,1.4377808e-12,1.4333157e-12,0
1.0,181.0,183.0,-5.823236e-06,6.968868e-10,2.6398615e-05,-1.2832912,-0.29061082,1.0,1.0,1.0,1.0,1.0,7.4723465e-12,1.3552977e-11,241.0,183.0,3.8502036e-12,3.808125e-12,1
1.0,625.0,626.0,-5.433854e-06,1.6341069e-10,1.2783219e-05,-1.0867172,-0.3743686,4.0,4.0,3.0,4.0,8.0,6.185094e-12,1.5943576e-11,841.0,626.0,2.6145712e-13,2.6103945e-13,1
1.0,172.0,173.0,0.064033344,0.00278202,0.052744858,-1.4087379,-0.007519164,5.0,2.0,1.0,24.0,27.0,3.9038623e-05,8.809884e-05,172.0,173.0,1.6174534e-05,1.608104e-05,1
1.0,163.0,164.0,-3.3772071e-06,1.2333576e-10,1.1105663e-05,-1.4473567,-0.0146940285,1.0,1.0,1.0,45.0,55.0,4.3075144e-13,7.3411465e-13,189.0,164.0,7.566611e-13,7.5204735e-13,1
5.0,215.0,44.0,0.103125796,0.022835137,0.15111299,-0.48339346,1.1141461,2.0,1.0,1.0,2.0,4.0,0.0018871529,0.0019669603,1075.0,220.0,0.00010620994,0.0005189804,1
5.0,240.0,49.0,-2.6515363e-06,5.7259397e-10,2.3928935e-05,-1.4406949,0.12055086,1.0,1.0,1.0,3.0,16.0,9.745931e-12,9.062373e-13,1200.0,245.0,2.3858081e-12,1.1685591e-11,0
5.0,285.0,58.0,-1.9436177e-06,4.167693e-10,2.041493e-05,-1.4636676,-0.050581194,1.0,1.0,1.0,5.0,16.0,5.195671e-12,5.003933e-13,1425.0,290.0,1.4623485e-12,7.1856783e-12,0
5.0,80.0,17.0,-1.3772794e-06,5.3634225e-10,2.3159064e-05,-1.5350606,0.036780458,1.0,1.0,2.0,1.0,1.0,7.780636e-11,1.2393199e-11,400.0,85.0,6.704278e-12,3.1549544e-11,0
1.0,447.0,448.0,-1.2203454e-06,9.7087546e-11,9.853301e-06,-1.507725,-0.1049345,2.0,2.0,2.0,4.0,29.0,8.944096e-13,1.8905678e-12,447.0,448.0,2.171981e-13,2.1671328e-13,1
5.0,430.0,63.0,-1.2289275e-05,3.164941e-10,1.779028e-05,-0.8347043,0.56455076,1.0,1.0,1.0,1.0,1.0,8.045181e-12,9.378546e-12,17150.0,315.0,7.3603276e-13,5.023716e-12,1
5.0,100.0,21.0,1.8485764e-06,6.929008e-10,2.6323009e-05,-1.4691455,-0.049821112,1.0,1.0,2.0,1.0,3.0,6.45964e-11,5.4224776e-12,500.0,105.0,6.929008e-12,3.2995277e-11,0
5.0,100.0,21.0,1.1313047e-05,5.070828e-10,2.25185e-05,-1.3804593,-0.040049836,1.0,1.0,2.0,2.0,4.0,5.38293e-11,1.1648619e-11,500.0,105.0,5.0708283e-12,2.4146803e-11,0
5.0,230.0,47.0,-1.4747701e-06,6.853217e-10,2.617865e-05,-1.2749077,-0.1312894,1.0,1.0,1.0,2.0,15.0,1.1679595e-11,8.2650103e-13,1150.0,235.0,2.9796595e-12,1.4581312e-11,0
5.0,80.0,17.0,1.3336441e-06,4.284466e-10,2.0698952e-05,-0.9799546,-0.43330598,1.0,1.0,2.0,1.0,3.0,4.9306642e-11,6.4575515e-12,400.0,85.0,5.3555827e-12,2.5202741e-11,0
1.0,175.0,176.0,6.039061e-06,5.075166e-10,2.252813e-05,-1.3201792,-0.147241,1.0,1.0,1.0,52.0,59.0,9.041118e-13,8.668689e-13,243.0,176.0,2.9000947e-12,2.883617e-12,0
5.0,400.0,81.0,-7.543322e-06,6.9345696e-10,2.6333571e-05,-1.4654708,0.08264589,1.0,1.0,1.0,15.0,26.0,4.367555e-12,8.348995e-13,2000.0,405.0,1.7336423e-12,8.561197e-12,0
1.0,483.0,484.0,-4.7911817e-06,1.1780577e-10,1.0853836e-05,-1.5389125,-0.05504042,2.0,1.0,1.0,17.0,21.0,6.153991e-13,1.6034922e-12,483.0,484.0,2.439043e-13,2.4340035e-13,1
5.0,390.0,79.0,0.66177124,0.05546116,0.23550193,-1.5132279,0.064370506,1.0,1.0,1.0,10.0,26.0,0.00038942785,7.7872755e-05,1950.0,395.0,0.0001422081,0.00070204,0
5.0,105.0,22.0,-3.1818586e-06,1.7626144e-10,1.3276349e-05,-1.5204124,-0.056548785,1.0,1.0,2.0,1.0,5.0,1.576848e-11,3.264863e-12,525.0,110.0,1.6786804e-12,8.011884e-12,0
1.0,207.0,208.0,0.307212,0.11343872,0.33680665,-1.3061396,0.58613014,1.0,1.0,1.0,17.0,35.0,0.00019943895,0.00012445415,207.0,208.0,0.00054801314,0.0005453785,0
1.0,224.0,225.0,-1.7732233e-06,2.350804e-10,1.533233e-05,-0.96206367,-0.4297221,1.0,1.0,1.0,52.0,63.0,9.0396744e-13,2.0160295e-12,224.0,225.0,1.0494661e-12,1.0448017e-12,0
5.0,230.0,47.0,-4.5837783e-06,5.1517796e-10,2.2697532e-05,-1.2924397,-0.026453007,2.0,1.0,1.0,1.0,1.0,4.3461595e-11,7.310032e-11,1150.0,235.0,2.2399042e-12,1.0961234e-11,0
5.0,245.0,50.0,6.641711e-06,7.1626965e-10,2.6763215e-05,-0.7804901,-0.5870696,1.0,1.0,1.0,6.0,18.0,9.2404305e-12,1.6181949e-12,1225.0,250.0,2.9235496e-12,1.4325393e-11,0
1.0,165.0,166.0,-7.583312e-06,4.3068743e-10,2.075301e-05,-1.4463012,0.020199036,2.0,1.0,1.0,9.0,26.0,4.2100507e-12,9.279822e-12,165.0,166.0,2.6102267e-12,2.5945025e-12,1
5.0,525.0,106.0,-5.220211e-06,5.5309146e-10,2.3517896e-05,-1.3949687,0.1828493,1.0,1.0,1.0,19.0,33.0,2.1971858e-12,7.4044026e-13,2625.0,530.0,1.0535075e-12,5.217844e-12,1
5.0,85.0,18.0,1.6517027e-06,5.541116e-10,2.3539575e-05,-1.4810976,-0.11267912,1.0,1.0,2.0,1.0,2.0,7.0869845e-11,7.92911e-12,425.0,90.0,6.51896e-12,3.0783976e-11,0
1.0,253.0,255.0,-3.4845311e-06,1.7525813e-10,1.3238509e-05,-0.5598356,-0.98464507,1.0,1.0,1.0,80.0,86.0,2.999841e-13,7.7264665e-13,351.0,255.0,6.9271986e-13,6.8728676e-13,0
5.0,480.0,97.0,0.47334325,0.18091634,0.42534262,-1.2408826,0.49483827,1.0,1.0,1.0,10.0,26.0,0.0010061541,0.00012249465,2400.0,485.0,0.00037690904,0.0018651169,0
5.0,216.0,44.0,-7.125041e-07,3.7573755e-10,1.9383951e-05,-1.3113773,-0.12793131,1.0,1.0,1.0,5.0,15.0,7.869666e-12,1.4582487e-12,1086.0,220.0,1.7395257e-12,8.53949e-12,0
5.0,470.0,95.0,0.38879004,0.1593978,0.39924654,-1.3639258,0.4726851,1.0,1.0,1.0,9.0,13.0,0.0009592072,0.00021203865,2350.0,475.0,0.00033914426,0.0016778716,1
1.0,292.0,284.0,0.22808489,0.06702466,0.25889122,-1.2222868,0.65453756,1.0,1.0,1.0,31.0,37.0,7.854966e-05,7.771801e-05,352.0,284.0,0.00022953653,0.00023600234,1
1.0,217.0,203.0,0.08961465,0.010877278,0.10429419,-1.0866592,0.71884966,4.0,1.0,1.0,22.0,32.0,8.252791e-05,0.00018462985,287.0,203.0,5.01257e-05,5.3582648e-05,1
5.0,590.0,119.0,-7.106141e-06,2.8767377e-10,1.6960948e-05,-1.2570561,-0.10578205,1.0,1.0,1.0,34.0,42.0,9.900081e-13,7.0141836e-13,2950.0,595.0,4.875827e-13,2.4174267e-12,1
5.0,205.0,42.0,-1.17969e-05,5.7180927e-10,2.3912533e-05,2.4103196,0.80511785,2.0,2.0,1.0,2.0,4.0,4.3098225e-10,1.2865259e-09,1025.0,210.0,2.7893135e-12,1.3614506e-11,1
1.0,241.0,242.0,0.28515735,0.16515967,0.40639842,-0.48160222,1.0681485,1.0,1.0,1.0,18.0,25.0,0.00031182828,0.00020430112,241.0,242.0,0.0006853099,0.000682478,0
1.0,190.0,191.0,3.632033e-06,3.9690257e-10,1.9922414e-05,-1.2363886,-0.21326219,2.0,1.0,1.0,16.0,29.0,4.2649994e-12,8.612306e-12,190.0,191.0,2.0889607e-12,2.078024e-12,1
1.0,227.0,228.0,4.378147e-07,4.4245044e-10,2.1034506e-05,-1.2004588,-0.087847374,2.0,2.0,2.0,1.0,2.0,9.609514e-12,1.8622248e-11,227.0,228.0,1.949121e-12,1.940572e-12,0
1.0,230.0,217.0,0.4191514,0.19487956,0.44145167,-1.3090545,0.5374987,2.0,1.0,1.0,19.0,29.0,0.0002863978,0.00019943422,306.0,217.0,0.0008473025,0.00089806254,1
1.0,170.0,172.0,3.1825768e-06,2.672651e-10,1.6348244e-05,-1.025805,-0.42356977,1.0,1.0,1.0,52.0,60.0,5.422248e-13,7.7842333e-13,234.0,172.0,1.5721476e-12,1.5538668e-12,0
1.0,193.0,194.0,-2.1673943e-06,4.338586e-10,2.0829273e-05,-1.0043175,0.22718313,2.0,2.0,2.0,1.0,3.0,2.9246394e-11,7.82051e-11,257.0,194.0,2.247972e-12,2.2363845e-12,0
1.0,201.0,202.0,-3.5120797e-06,9.605579e-10,3.099287e-05,-1.4924345,0.002623189,1.0,1.0,1.0,56.0,69.0,1.1835697e-12,7.259779e-13,281.0,202.0,4.778895e-12,4.755237e-12,0
5.0,465.0,94.0,0.19043,0.110728666,0.33275917,0.7641674,1.5326076,1.0,1.0,1.0,2.0,8.0,0.0017250158,0.0002156387,2325.0,470.0,0.00023812616,0.0011779645,0
5.0,195.0,40.0,1.2996888e-05,8.9481866e-11,9.459486e-06,-0.64978445,-0.594836,1.0,1.0,1.0,9.0,15.0,1.9722414e-12,7.1713235e-13,975.0,200.0,4.5888136e-13,2.2370467e-12,1
5.0,420.0,85.0,0.5966632,0.10696037,0.32704797,-1.4554809,0.08692967,1.0,1.0,1.0,9.0,27.0,0.00062917935,8.7852124e-05,2100.0,425.0,0.00025466754,0.0012583573,0
1.0,310.0,311.0,-1.2947457e-05,1.04214984e-10,1.0208574e-05,-1.1753027,-0.29101852,1.0,1.0,1.0,88.0,100.0,2.1518449e-13,4.9396256e-13,310.0,311.0,3.3617738e-13,3.3509643e-13,0
1.0,497.0,498.0,6.8773925e-06,2.4211308e-10,1.5559983e-05,-1.4722646,0.09883757,2.0,2.0,2.0,1.0,3.0,2.1505454e-12,3.9455986e-12,597.0,498.0,4.8714906e-13,4.8617084e-13,1
5.0,80.0,17.0,2.2745583e-06,6.071326e-10,2.4640061e-05,-1.4366844,-0.08398574,1.0,1.0,2.0,1.0,3.0,8.7362985e-11,9.5170755e-12,400.0,85.0,7.589158e-12,3.5713682e-11,0
1.0,362.0,363.0,8.817695e-06,1.2769774e-10,1.13003425e-05,-1.3594811,-0.087935306,1.0,1.0,1.0,109.0,118.0,2.141494e-13,5.36114e-13,456.0,363.0,3.5275618e-13,3.517844e-13,1
5.0,266.0,54.0,1.2352353e-06,2.2306566e-10,1.4935383e-05,-1.3529593,-0.059405446,1.0,1.0,1.0,10.0,18.0,3.2278713e-12,7.2727295e-13,1336.0,270.0,8.3859276e-13,4.130846e-12,0
5.0,401.0,81.0,-1.8879913e-05,2.901333e-10,1.70333e-05,-1.2821003,-0.20980056,3.0,1.0,1.0,19.0,20.0,7.961136e-12,1.961395e-11,2011.0,405.0,7.235245e-13,3.5818928e-12,1
5.0,80.0,17.0,2.6858725e-06,3.7401668e-10,1.933951e-05,-1.4521921,-0.21071126,2.0,1.0,3.0,1.0,1.0,2.905624e-10,6.256942e-10,400.0,85.0,4.675208e-12,2.2000981e-11,0
5.0,241.0,49.0,-8.209797e-07,1.7644679e-10,1.32833275e-05,-1.4248098,-0.07182235,1.0,1.0,1.0,7.0,16.0,3.2159848e-12,1.0387607e-12,1211.0,245.0,7.321443e-13,3.6009548e-12,1
1.0,211.0,196.0,0.36320293,0.15089798,0.3884559,-1.3508242,0.52740276,1.0,1.0,1.0,13.0,29.0,0.00022626262,5.8492835e-05,291.0,196.0,0.0007151563,0.0007698877,0
5.0,40.0,9.0,0.92677265,0.018407188,0.13567309,-1.0715811,-0.16026106,1.0,1.0,1.0,1.0,0.0,0.008886064,0.0030534335,200.0,45.0,0.00046017973,0.0020452433,1
5.0,235.0,48.0,0.27979586,0.10694219,0.32702017,-1.2066493,0.6607168,1.0,1.0,1.0,3.0,6.0,0.0028222592,0.0004896165,1175.0,240.0,0.00045507314,0.0022279622,0
5.0,95.0,12.0,-6.1861824e-06,3.408997e-10,1.8463468e-05,-1.2547785,0.447003,1.0,1.0,1.0,1.0,1.0,1.8566244e-10,3.1322434e-10,2275.0,60.0,3.5884178e-12,2.8408307e-11,1
5.0,237.0,48.0,2.5431277e-06,1.7941683e-10,1.3394657e-05,-1.444577,-0.0030486588,1.0,1.0,1.0,4.0,15.0,3.3758278e-12,4.5360148e-13,1199.0,240.0,7.5703305e-13,3.7378507e-12,0
5.0,310.0,63.0,3.6311094e-06,5.816883e-10,2.4118215e-05,-1.4067721,0.034169804,1.0,1.0,1.0,10.0,20.0,6.4116702e-12,1.2199769e-12,1550.0,315.0,1.876414e-12,9.233147e-12,0
5.0,110.0,23.0,-1.03879955e-07,4.203744e-10,2.0503034e-05,-1.5397767,0.079767145,1.0,1.0,2.0,1.0,3.0,3.3112586e-11,3.268572e-12,550.0,115.0,3.8215854e-12,1.8277149e-11,0
1.0,309.0,310.0,7.711808e-06,5.8524713e-10,2.419188e-05,-1.4881939,-0.07321296,1.0,1.0,1.0,86.0,103.0,5.208497e-13,7.327327e-13,309.0,310.0,1.8940036e-12,1.887894e-12,0
1.0,295.0,297.0,4.560616e-06,1.6048894e-10,1.2668423e-05,-0.7536699,-0.8443159,2.0,1.0,1.0,1.0,4.0,3.4215493e-12,7.0418506e-12,407.0,297.0,5.440303e-13,5.403668e-13,1
5.0,345.0,70.0,1.1100248e-05,8.4628665e-10,2.9091007e-05,-0.65539616,-0.7469892,3.0,1.0,1.0,3.0,3.0,9.1273974e-11,2.3229013e-10,1725.0,350.0,2.4530048e-12,1.2089809e-11,0
1.0,238.0,239.0,8.207476e-06,6.720665e-10,2.5924246e-05,-1.4771013,-0.044237614,1.0,1.0,1.0,66.0,76.0,8.3375716e-13,1.0014874e-12,238.0,239.0,2.823809e-12,2.8119937e-12,1
5.0,230.0,47.0,-2.6013006e-06,7.526838e-10,2.7435084e-05,-1.4943382,0.06777134,1.0,1.0,1.0,4.0,14.0,1.4232175e-11,1.6471164e-12,1150.0,235.0,3.2725383e-12,1.6014549e-11,0
1.0,371.0,343.0,0.16646156,0.046335667,0.21525721,-0.8874647,0.8823878,2.0,1.0,1.0,28.0,52.0,7.15377e-05,8.928072e-05,487.0,343.0,0.00012489398,0.0001350894,0
1.0,516.0,503.0,0.015177823,0.00026747293,0.0163546,-1.4206048,0.4814792,16.0,1.0,1.0,79.0,97.0,2.8673235e-06,8.4799e-06,544.0,503.0,5.183584e-07,5.3175535e-07,0
1.0,173.0,174.0,4.111676e-06,5.427776e-10,2.3297589e-05,-1.4703083,-0.033893097,1.0,1.0,1.0,48.0,58.0,9.972381e-13,8.619118e-13,239.0,174.0,3.137443e-12,3.1194116e-12,0
1.0,183.0,185.0,-1.7774205e-06,2.801069e-10,1.6736396e-05,-1.4983243,0.013380408,1.0,1.0,1.0,56.0,60.0,5.54674e-13,6.3372777e-13,245.0,185.0,1.5306389e-12,1.5140915e-12,0
5.0,220.0,45.0,0.039299283,0.0033216053,0.05763337,-0.6080814,1.0383388,1.0,1.0,1.0,2.0,5.0,0.0002066737,0.00018107373,1100.0,225.0,1.5098205e-05,7.381345e-05,0
5.0,75.0,16.0,-1.4423518e-06,3.6400025e-10,1.907879e-05,-0.9781915,-0.41594827,1.0,1.0,2.0,1.0,3.0,4.834571e-11,8.602294e-12,375.0,80.0,4.853337e-12,2.2750015e-11,0
5.0,100.0,21.0,1.2031912e-05,5.971625e-10,2.4436908e-05,-1.3359567,-0.045835327,1.0,1.0,2.0,2.0,5.0,6.2277336e-11,1.2470882e-11,500.0,105.0,5.9716247e-12,2.8436309e-11,0
1.0,201.0,202.0,-8.968957e-06,4.0564901e-10,2.0140731e-05,-1.3019902,-0.18113609,1.0,1.0,1.0,12.0,13.0,6.703093e-12,1.3079135e-11,201.0,202.0,2.0181543e-12,2.0081634e-12,1
5.0,190.0,39.0,0.24044678,0.05990484,0.24475464,-1.3219945,0.5127751,1.0,1.0,1.0,1.0,5.0,0.00209241,0.00021040987,950.0,195.0,0.00031528863,0.0015360215,1
5.0,240.0,49.0,4.1228177e-06,4.3323664e-10,2.0814337e-05,-1.5037047,0.11471078,1.0,1.0,1.0,9.0,15.0,7.683047e-12,1.2916266e-12,1200.0,245.0,1.8051526e-12,8.841564e-12,0
5.0,205.0,42.0,0.29398552,0.07792157,0.27914435,-1.4115794,0.36554003,2.0,1.0,1.0,2.0,2.0,0.0040253736,0.0058731134,1025.0,210.0,0.00038010522,0.0018552755,0
5.0,190.0,39.0,4.4834871e-07,2.6284916e-10,1.6212623e-05,-1.4387249,0.08519187,1.0,1.0,1.0,4.0,12.0,7.3348185e-12,1.3521104e-12,950.0,195.0,1.3834166e-12,6.739722e-12,0
5.0,100.0,21.0,0.07622999,0.0075357547,0.086808726,-1.0824928,0.7013831,1.0,1.0,1.0,2.0,4.0,0.0010471811,0.00042444313,500.0,105.0,7.5357544e-05,0.00035884546,0
5.0,176.0,36.0,-2.9639382e-06,1.6090757e-10,1.26849345e-05,-1.4076809,0.019495338,1.0,1.0,1.0,5.0,10.0,5.3233507e-12,1.0839347e-12,886.0,180.0,9.142475e-13,4.4696547e-12,0
5.0,240.0,49.0,-6.47921e-07,3.0235894e-10,1.7388471e-05,-1.4562763,0.0739224,1.0,1.0,1.0,7.0,18.0,5.269027e-12,8.139696e-13,1200.0,245.0,1.2598289e-12,6.170591e-12,0
5.0,220.0,45.0,-2.2616643e-06,5.559838e-10,2.3579309e-05,-1.4810538,0.01336646,1.0,1.0,1.0,5.0,15.0,1.15478105e-11,1.563578e-12,1100.0,225.0,2.5271992e-12,1.2355196e-11,0
5.0,235.0,48.0,5.0352986e-07,5.435566e-10,2.33143e-05,-1.364504,-0.06106038,1.0,1.0,1.0,7.0,16.0,9.215019e-12,1.4923375e-12,1175.0,240.0,2.3130068e-12,1.1324095e-11,0
1.0,478.0,479.0,2.3663755e-07,1.5065428e-10,1.227413e-05,-1.2284864,-0.2247974,2.0,2.0,2.0,1.0,10.0,1.9894269e-12,4.212032e-12,626.0,479.0,3.1517632e-13,3.1451832e-13,1
1.0,407.0,379.0,0.22680742,0.07584211,0.27539447,-1.0329597,0.79276943,2.0,1.0,1.0,15.0,40.0,7.063589e-05,8.7745e-05,563.0,379.0,0.00018634426,0.00020011113,0
1.0,203.0,204.0,-1.3457357e-06,8.166643e-10,2.8577339e-05,-1.4935575,-0.0157327,1.0,1.0,1.0,44.0,57.0,2.2871841e-12,3.997935e-12,203.0,204.0,4.022977e-12,4.0032565e-12,0
1.0,161.0,162.0,6.5106185e-08,6.6593515e-11,8.160485e-06,-0.88482714,-0.34538114,1.0,1.0,1.0,3.0,1.0,2.4695263e-12,4.9910328e-12,161.0,162.0,4.1362432e-13,4.110711e-13,1
5.0,185.0,38.0,0.17794314,0.043092504,0.20758733,-1.157769,0.667024,2.0,1.0,1.0,2.0,2.0,0.004852527,0.010029391,925.0,190.0,0.00023293245,0.0011340132,1
1.0,260.0,261.0,4.1862645e-06,7.2431583e-10,2.6913116e-05,-1.3527523,-0.071581155,1.0,1.0,1.0,78.0,92.0,7.094151e-13,9.19187e-13,260.0,261.0,2.7858302e-12,2.7751564e-12,0
5.0,80.0,17.0,-5.3245913e-06,4.5461004e-10,2.1321586e-05,-1.5043203,0.021489399,1.0,1.0,2.0,1.0,1.0,6.530945e-11,1.1224845e-11,400.0,85.0,5.6826254e-12,2.6741767e-11,0
5.0,195.0,40.0,0.35279053,0.08487772,0.29133782,-1.4926624,0.13905606,1.0,1.0,1.0,3.0,7.0,0.0024438414,0.0004854056,975.0,200.0,0.00043527034,0.002121943,0
5.0,215.0,44.0,0.31391266,0.14029309,0.3745572,-1.1106198,0.7208742,1.0,1.0,1.0,1.0,6.0,0.004447283,0.00046749087,1075.0,220.0,0.00065252604,0.0031884795,0
1.0,180.0,181.0,-1.6592828e-06,7.816377e-10,2.7957783e-05,-1.4667386,-0.018953322,1.0,1.0,1.0,42.0,57.0,1.2555945e-12,8.5901306e-13,252.0,181.0,4.342432e-12,4.31844e-12,1
5.0,290.0,59.0,-7.9055775e-07,2.470849e-10,1.5718935e-05,-1.359449,-0.03910687,1.0,1.0,1.0,15.0,18.0,2.8530817e-12,8.716533e-13,1450.0,295.0,8.520169e-13,4.1878796e-12,0
5.0,75.0,16.0,-3.348e-07,4.5372386e-10,2.1300795e-05,-1.5346216,-0.008074666,1.0,1.0,2.0,1.0,0.0,7.3708796e-11,1.0019145e-11,375.0,80.0,6.0496517e-12,2.8357742e-11,0
1.0,270.0,271.0,-9.803892e-06,5.3089852e-11,7.2862786e-06,-1.3624122,-0.276596,1.0,1.0,1.0,2.0,2.0,2.3136259e-12,4.788166e-12,362.0,271.0,1.9662908e-13,1.9590351e-13,1
5.0,160.0,33.0,-2.9094921e-05,1.0984816e-10,1.0480847e-05,-1.5217253,0.013472223,1.0,1.0,1.0,2.0,12.0,4.2880933e-12,7.174992e-13,800.0,165.0,6.8655097e-13,3.328732e-12,0
5.0,380.0,77.0,0.21064408,0.11489829,0.3389665,0.58089894,1.4689211,1.0,1.0,1.0,2.0,12.0,0.0024051575,0.00023413207,1900.0,385.0,0.00030236391,0.0014921856,0
5.0,570.0,115.0,5.00118e-06,1.8388656e-10,1.3560478e-05,-0.905036,-0.17367756,1.0,1.0,1.0,32.0,39.0,8.3741873e-13,6.0378894e-13,2850.0,575.0,3.2260802e-13,1.5990136e-12,0
5.0,195.0,40.0,0.12184727,0.051138956,0.22613925,1.8130938,1.811626,3.0,2.0,1.0,2.0,4.0,0.041305933,0.10729092,975.0,200.0,0.00026225107,0.0012784739,1
1.0,425.0,389.0,0.014486814,0.00040841525,0.020209286,5.278898,2.093369,3.0,3.0,1.0,21.0,69.0,1.3493682e-05,1.8217183e-05,535.0,389.0,9.609771e-07,1.0499107e-06,1
5.0,300.0,61.0,0.19473213,0.08803447,0.29670602,-0.20010722,1.1916442,1.0,1.0,1.0,2.0,5.0,0.0022956918,0.00031155566,1500.0,305.0,0.00029344825,0.001443188,0
5.0,385.0,78.0,0.23364869,0.0925133,0.30416,-0.9124432,0.8593098,1.0,1.0,1.0,5.0,7.0,0.001229917,0.00056046323,1925.0,390.0,0.00024029429,0.0011860679,1
1.0,255.0,257.0,1.0584846e-05,5.279023e-10,2.2976124e-05,-1.4843934,-0.060154878,1.0,1.0,1.0,78.0,87.0,5.5471014e-13,7.035422e-13,357.0,257.0,2.0702051e-12,2.0540945e-12,0
5.0,160.0,33.0,-3.3309778e-05,6.361827e-11,7.976107e-06,-1.5395433,0.07971361,1.0,1.0,1.0,4.0,10.0,2.6672416e-12,8.075928e-13,800.0,165.0,3.976142e-13,1.9278264e-12,0
5.0,95.0,20.0,-6.598839e-07,4.9960386e-10,2.235182e-05,-1.3541421,0.12327336,1.0,1.0,2.0,1.0,5.0,5.850018e-11,9.195575e-12,475.0,100.0,5.258988e-12,2.4980193e-11,0
5.0,345.0,70.0,0.2275161,0.115046345,0.33918482,-0.18325251,1.188413,1.0,1.0,1.0,2.0,7.0,0.0022473608,0.0003376024,1725.0,350.0,0.00033346767,0.0016435193,0
5.0,215.0,44.0,7.702658e-07,4.3224294e-10,2.0790452e-05,-1.4690274,-0.016840458,1.0,1.0,1.0,7.0,14.0,9.338902e-12,1.8927672e-12,1075.0,220.0,2.0104322e-12,9.823703e-12,0
1.0,172.0,173.0,-3.6691795e-06,2.9120725e-10,1.7064796e-05,-1.3312602,-0.12796995,1.0,1.0,1.0,50.0,60.0,6.5414465e-13,8.4936566e-13,236.0,173.0,1.6930655e-12,1.683279e-12,0
1.0,435.0,437.0,3.4538543e-06,4.5463963e-10,2.1322281e-05,-1.5160925,-0.008043042,1.0,1.0,1.0,139.0,150.0,3.5624127e-13,7.9247817e-13,597.0,437.0,1.0451486e-12,1.0403653e-12,0
5.0,205.0,42.0,0.19196837,0.07062657,0.2657566,-0.80520946,0.9385078,1.0,1.0,1.0,1.0,3.0,0.0033493575,0.00087658264,1025.0,210.0,0.00034451988,0.0016815851,0
1.0,171.0,172.0,1.9884585e-06,1.995112e-10,1.4124843e-05,-1.4261824,-0.03162897,1.0,1.0,1.0,55.0,58.0,5.052833e-13,6.923282e-13,213.0,172.0,1.1667321e-12,1.1599488e-12,0
5.0,120.0,25.0,3.1137224e-06,6.558304e-10,2.5609186e-05,-1.4349033,0.03762922,1.0,1.0,1.0,1.0,6.0,4.441709e-11,6.079482e-12,600.0,125.0,5.4652532e-12,2.6233215e-11,0
5.0,525.0,106.0,-1.9524161e-06,7.5800327e-10,2.753186e-05,-1.260682,0.06326601,3.0,1.0,1.0,3.0,12.0,5.0345884e-11,7.743267e-11,2625.0,530.0,1.4438158e-12,7.1509743e-12,1
5.0,90.0,19.0,9.5491705e-06,4.786453e-10,2.1877964e-05,-0.84815425,-0.38888636,1.0,1.0,1.0,2.0,4.0,5.1992195e-11,9.54293e-12,450.0,95.0,5.318281e-12,2.5191859e-11,0
1.0,206.0,208.0,7.7580074e-07,6.3118516e-10,2.5123398e-05,-1.4288887,-0.035206646,1.0,1.0,1.0,58.0,71.0,8.404118e-13,8.2621014e-13,288.0,208.0,3.0640056e-12,3.034544e-12,0
1.0,439.0,440.0,4.777621e-06,2.367836e-10,1.5387774e-05,-1.3090297,-0.020288346,2.0,1.0,1.0,2.0,6.0,1.5779018e-12,3.3336966e-12,589.0,440.0,5.3937036e-13,5.381445e-13,0
1.0,131.0,132.0,0.0224478,0.00082458544,0.028715596,-0.90545285,0.8159362,1.0,1.0,1.0,9.0,20.0,2.9523777e-05,4.774115e-05,131.0,132.0,6.294545e-06,6.2468594e-06,1
5.0,80.0,17.0,-3.6436184e-06,7.2241835e-10,2.6877842e-05,-1.4961705,-0.00022492418,1.0,1.0,2.0,1.0,1.0,1.0423403e-10,1.5524871e-11,400.0,85.0,9.03023e-12,4.24952e-11,0
5.0,160.0,33.0,0.16728227,0.04210349,0.20519136,-1.0664892,0.7704376,1.0,1.0,1.0,1.0,7.0,0.0024957513,0.00048060858,800.0,165.0,0.00026314682,0.0012758634,0
5.0,770.0,155.0,0.35679224,0.15451658,0.39308596,-1.1685023,0.6448346,1.0,1.0,1.0,7.0,12.0,0.00044526183,0.00021210674,3850.0,775.0,0.00020067088,0.0009968812,0
5.0,60.0,13.0,0.92267746,0.0157109,0.12534313,-1.1123204,-0.26029783,1.0,1.0,1.0,1.0,2.0,0.0032171158,0.0006861656,300.0,65.0,0.00026184833,0.0012085307,0
5.0,85.0,18.0,1.6700834e-07,8.901369e-10,2.9835162e-05,-1.477238,0.0018355565,1.0,1.0,2.0,1.0,1.0,1.11382785e-10,1.4562022e-11,425.0,90.0,1.0472199e-11,4.945205e-11,0
1.0,168.0,169.0,-1.4602723e-06,6.3956135e-10,2.528955e-05,-1.4776102,-0.034505986,1.0,1.0,1.0,48.0,51.0,1.1989863e-12,1.0070894e-12,232.0,169.0,3.8069127e-12,3.784387e-12,0
5.0,205.0,42.0,0.31970304,0.105439894,0.3247151,-1.310141,0.53853136,1.0,1.0,1.0,2.0,7.0,0.0032233817,0.00040720316,1025.0,210.0,0.00051434094,0.0025104738,0
5.0,245.0,50.0,0.31141612,0.1514476,0.3891627,-0.7774551,0.93258995,1.0,1.0,1.0,1.0,10.0,0.004738259,0.00094376353,1225.0,250.0,0.0006181534,0.0030289518,0
5.0,410.0,83.0,0.62007684,0.105286576,0.32447892,-1.434496,-0.001954985,1.0,1.0,1.0,9.0,27.0,0.0006303136,7.152998e-05,2050.0,415.0,0.0002567965,0.0012685129,0
1.0,206.0,207.0,-1.5406381e-06,6.8504435e-10,2.6173353e-05,-1.4961114,0.010214111,1.0,1.0,1.0,58.0,69.0,9.286078e-13,9.107832e-13,288.0,207.0,3.3254582e-12,3.3093931e-12,0
1.0,330.0,312.0,0.18788865,0.040236574,0.20059057,-0.42038044,0.9072173,2.0,1.0,1.0,39.0,49.0,9.436123e-05,0.00013289333,438.0,312.0,0.00012192901,0.00012896338,0
5.0,115.0,24.0,4.1993558e-06,4.3212237e-10,2.0787553e-05,-1.2352277,-0.171366,1.0,1.0,1.0,1.0,6.0,2.9980837e-11,3.2209246e-12,575.0,120.0,3.757586e-12,1.80051e-11,0
1.0,204.0,206.0,7.183812e-07,3.1104888e-10,1.7636577e-05,-1.4721427,-0.015080378,2.0,1.0,1.0,34.0,41.0,2.777037e-12,7.8530914e-12,268.0,206.0,1.5247494e-12,1.509946e-12,0
5.0,75.0,16.0,-2.5555887e-06,1.8558594e-10,1.3622993e-05,-1.3035433,-0.19220614,1.0,1.0,2.0,1.0,2.0,2.961279e-11,3.689293e-12,375.0,80.0,2.4744792e-12,1.1599121e-11,0
1.0,261.0,262.0,5.8580645e-06,8.687656e-11,9.32076e-06,-1.4744493,-0.011976711,1.0,1.0,1.0,90.0,92.0,3.0903795e-13,7.5564923e-13,333.0,262.0,3.328604e-13,3.3158993e-13,0
5.0,195.0,40.0,-1.0996667e-05,1.5475375e-10,1.2440007e-05,-0.7622212,-0.6816058,1.0,1.0,1.0,10.0,15.0,2.6481883e-12,1.0330259e-12,975.0,200.0,7.93609e-13,3.868844e-12,0
1.0,456.0,457.0,2.8024056e-06,2.4158064e-10,1.5542864e-05,-1.3319764,-0.18744479,1.0,1.0,1.0,134.0,149.0,2.926866e-13,7.1689996e-13,602.0,457.0,5.2978216e-13,5.286229e-13,1
1.0,437.0,439.0,-3.9661622e-06,1.5083158e-10,1.2281351e-05,-1.3686546,-0.16675825,2.0,2.0,1.0,7.0,24.0,8.938817e-13,1.7296869e-12,591.0,439.0,3.4515237e-13,3.4357993e-13,0
5.0,140.0,29.0,-3.13751e-05,1.1465331e-10,1.07076285e-05,-1.5041766,0.013923416,1.0,1.0,1.0,3.0,7.0,5.763149e-12,9.522562e-13,700.0,145.0,8.189522e-13,3.9535623e-12,1
1.0,417.0,418.0,-4.078525e-06,1.4942342e-10,1.2223887e-05,-1.2930518,-0.13263652,1.0,1.0,1.0,135.0,139.0,2.6178224e-13,6.7822543e-13,531.0,418.0,3.5832955e-13,3.574723e-13,0
5.0,220.0,45.0,2.216764e-06,3.2673997e-10,1.8075949e-05,-1.3779579,-0.11801932,1.0,1.0,1.0,4.0,12.0,6.6861876e-12,6.6921837e-13,1100.0,225.0,1.4851817e-12,7.260888e-12,1
5.0,465.0,94.0,0.4956319,0.20535772,0.4531641,-1.234378,0.52327937,1.0,1.0,1.0,6.0,11.0,0.0013584996,0.00062852143,2325.0,470.0,0.0004416295,0.0021846564,0
1.0,618.0,619.0,6.546989e-06,3.5330655e-10,1.879645e-05,-1.1406425,-0.44125262,4.0,2.0,2.0,19.0,40.0,5.4973352e-12,1.22058535e-11,618.0,619.0,5.7169346e-13,5.707699e-13,0
1.0,185.0,186.0,2.2981444e-06,4.828665e-10,2.1974225e-05,-1.0283408,-0.3693812,1.0,1.0,1.0,54.0,64.0,7.4613303e-13,8.0414034e-13,259.0,186.0,2.6100894e-12,2.5960566e-12,0
5.0,60.0,13.0,0.9524663,0.037321117,0.19318673,0.83563584,-1.0134174,1.0,1.0,1.0,0.0,0.0,0.035049923,0.0810646,300.0,65.0,0.0006220186,0.002870855,1
1.0,306.0,307.0,7.211529e-06,4.2813963e-10,2.0691536e-05,-1.1094117,-0.212477,1.0,1.0,1.0,2.0,1.0,1.8698049e-12,3.6885135e-12,306.0,307.0,1.3991491e-12,1.3945917e-12,1
5.0,55.0,12.0,0.97146165,0.01361897,0.116700344,-1.3628536,0.024291586,1.0,1.0,1.0,1.0,1.0,0.0040214565,0.0008816313,275.0,60.0,0.00024761763,0.0011349142,0
1.0,434.0,435.0,0.055802617,0.0028689064,0.05356217,-0.23879127,0.8549693,5.0,2.0,2.0,35.0,89.0,6.182602e-06,8.7880535e-06,434.0,435.0,6.610383e-06,6.5951867e-06,1
5.0,100.0,21.0,-1.3678529e-06,2.2503016e-10,1.50010055e-05,-1.4628087,-0.057719994,1.0,1.0,2.0,1.0,7.0,2.1363711e-11,1.9051633e-12,500.0,105.0,2.2503017e-12,1.0715722e-11,0
1.0,374.0,355.0,0.21046185,0.07040616,0.2653416,-1.012992,0.80130243,1.0,1.0,1.0,24.0,41.0,6.719189e-05,7.733597e-05,458.0,355.0,0.00018825177,0.00019832722,0
1.0,175.0,176.0,0.3146202,0.08240946,0.28707048,-1.4452835,0.33952314,2.0,1.0,1.0,28.0,33.0,0.0002691842,0.00042440282,175.0,176.0,0.00047091118,0.00046823555,0
1.0,213.0,215.0,-2.539793e-06,3.7216807e-10,1.9291658e-05,-1.4953657,-0.0035560222,1.0,1.0,1.0,59.0,70.0,5.196733e-13,5.81382e-13,249.0,215.0,1.747268e-12,1.7310143e-12,1
1.0,226.0,205.0,0.33348885,0.16545786,0.4067651,-1.0915875,0.74076545,1.0,1.0,1.0,11.0,15.0,0.00028543227,0.0001114926,314.0,205.0,0.0007321144,0.0008071115,0
5.0,205.0,42.0,0.21071245,0.047600895,0.21817629,-1.514349,0.419709,1.0,1.0,1.0,1.0,7.0,0.0014599031,0.00018411974,1025.0,210.0,0.00023219948,0.0011333546,0
5.0,285.0,58.0,0.29387015,0.08989345,0.29982236,-1.4944292,0.42037135,1.0,1.0,1.0,2.0,16.0,0.0013968602,0.00015966367,1425.0,290.0,0.00031541561,0.0015498871,0
1.0,178.0,179.0,5.8926275e-06,6.3987493e-10,2.5295749e-05,-1.2093258,-0.20935465,1.0,1.0,1.0,40.0,50.0,1.6445756e-12,2.373824e-12,178.0,179.0,3.5948028e-12,3.5747202e-12,0
5.0,430.0,87.0,0.49355876,0.15913513,0.39891747,-1.4086626,0.27648008,1.0,1.0,1.0,8.0,29.0,0.00094223255,0.00013493457,2150.0,435.0,0.00037008172,0.0018291395,0
1.0,175.0,177.0,-1.0146517e-05,1.2819468e-10,1.1322309e-05,-0.89840186,-0.5545338,3.0,1.0,1.0,33.0,28.0,1.1011815e-12,2.9544047e-12,241.0,177.0,7.32541e-13,7.242637e-13,0
1.0,264.0,254.0,0.38865814,0.18186828,0.42646018,-1.2498521,0.59515834,1.0,1.0,1.0,14.0,34.0,0.00018904453,9.999819e-05,334.0,254.0,0.00068889506,0.00071601686,1
1.0,190.0,191.0,-5.031083e-06,8.014369e-10,2.8309662e-05,-1.4877414,0.043612912,1.0,1.0,1.0,31.0,38.0,2.824126e-12,4.4958373e-12,190.0,191.0,4.218089e-12,4.1960047e-12,0
1.0,176.0,177.0,3.2842001e-06,5.2571136e-10,2.2928396e-05,-1.4530863,-0.042511865,1.0,1.0,1.0,51.0,64.0,1.0281426e-12,1.0634296e-12,244.0,177.0,2.9869963e-12,2.9701207e-12,1
1.0,347.0,348.0,-3.6857818e-06,2.8574018e-10,1.6903852e-05,0.20926344,-0.32986125,2.0,2.0,2.0,1.0,2.0,2.0540132e-11,4.1487747e-11,347.0,348.0,8.2345876e-13,8.210925e-13,1
5.0,75.0,16.0,1.3809991e-05,6.359663e-10,2.521837e-05,-1.4152869,-0.10355444,1.0,1.0,2.0,1.0,4.0,1.06186115e-10,2.269088e-11,375.0,80.0,8.47955e-12,3.9747892e-11,0
1.0,329.0,311.0,0.19428965,0.028498784,0.16881582,-1.3146719,0.16789123,2.0,2.0,1.0,38.0,44.0,5.6658333e-05,7.2194045e-05,423.0,311.0,8.662244e-05,9.1635964e-05,1
5.0,100.0,21.0,0.11689278,0.009241069,0.096130475,-1.3230432,0.31444246,1.0,1.0,1.0,2.0,2.0,0.00095499266,0.00018059502,500.0,105.0,9.2410686e-05,0.00044005088,0
1.0,352.0,353.0,0.005951654,0.00017416768,0.013197261,3.1367047,2.1360548,5.0,2.0,1.0,7.0,20.0,1.03183675e-05,1.4445655e-05,352.0,353.0,4.9479456e-07,4.9339286e-07,0
5.0,95.0,20.0,-2.423467e-06,1.5826811e-10,1.2580465e-05,-1.517281,-0.049091376,1.0,1.0,2.0,1.0,6.0,1.8024268e-11,4.4888537e-12,475.0,100.0,1.6659801e-12,7.913405e-12,0
1.0,213.0,214.0,-1.1042378e-06,2.4354826e-10,1.5606032e-05,-1.0863347,-0.32154068,1.0,1.0,1.0,47.0,51.0,1.5541308e-12,3.651738e-12,213.0,214.0,1.143419e-12,1.138076e-12,0
1.0,489.0,490.0,5.887717e-06,2.1192793e-10,1.4557745e-05,-1.3518491,-0.047893785,1.0,1.0,1.0,104.0,135.0,7.9013657e-13,2.23237e-12,489.0,490.0,4.3339047e-13,4.32506e-13,1
5.0,215.0,44.0,0.2748398,0.11611521,0.34075683,-0.98016375,0.8037359,1.0,1.0,1.0,2.0,6.0,0.0040055676,0.00073555263,1075.0,220.0,0.00054007076,0.0026389821,0
1.0,173.0,163.0,-1.4131884e-06,5.2249977e-10,2.2858254e-05,-1.0647935,0.08792249,3.0,2.0,1.0,2.0,5.0,1.5544536e-11,3.014141e-11,333.0,163.0,3.0202297e-12,3.2055198e-12,1
5.0,200.0,41.0,0.27763397,0.07639197,0.27639097,-1.2152042,0.63858014,1.0,1.0,1.0,1.0,7.0,0.002683952,0.0003796597,1000.0,205.0,0.00038195986,0.0018632188,0
1.0,208.0,209.0,9.865552e-07,6.941012e-10,2.63458e-05,-1.475589,-0.031255115,1.0,1.0,1.0,50.0,61.0,2.0925473e-12,3.5713368e-12,208.0,209.0,3.337025e-12,3.3210585e-12,0
5.0,175.0,36.0,0.20487903,0.014302532,0.119593196,-1.0388213,-0.45812315,3.0,1.0,1.0,4.0,5.0,0.0011978456,0.00036054433,875.0,180.0,8.172876e-05,0.00039729255,1
5.0,425.0,86.0,0.48346528,0.17545913,0.4188784,-1.5278428,0.19374019,1.0,1.0,1.0,5.0,21.0,0.0010575166,0.00010667961,2125.0,430.0,0.00041284502,0.0020402225,0
5.0,325.0,66.0,2.217263e-06,2.2933934e-10,1.51439535e-05,-1.4937155,0.06921272,1.0,1.0,1.0,15.0,24.0,2.3722946e-12,7.453228e-13,1625.0,330.0,7.056595e-13,3.4748385e-12,0
5.0,235.0,48.0,0.3329047,0.16846676,0.41044703,-1.0493543,0.76274323,1.0,1.0,1.0,2.0,9.0,0.004835123,0.00079890894,1175.0,240.0,0.00071687985,0.0035097243,1
1.0,130.0,131.0,0.009274299,0.0002921222,0.017091582,0.3083194,1.4375843,6.0,1.0,1.0,7.0,11.0,1.41202545e-05,2.017269e-05,130.0,131.0,2.2470938e-06,2.2299405e-06,1
5.0,255.0,52.0,6.627606e-06,5.421717e-10,2.3284581e-05,-1.049081,-0.50571245,1.0,1.0,1.0,5.0,18.0,9.023744e-12,9.504459e-13,1275.0,260.0,2.1261634e-12,1.04263785e-11,0
5.0,301.0,61.0,0.39039084,0.18617599,0.43148115,-0.8875882,0.8263757,1.0,1.0,1.0,4.0,12.0,0.003379783,0.00066529907,1511.0,305.0,0.00061852485,0.0030520654,0
5.0,230.0,47.0,-6.699168e-06,2.5948896e-10,1.6108661e-05,-0.7142111,-0.6446981,1.0,1.0,1.0,9.0,17.0,3.868321e-12,1.2672433e-12,1150.0,235.0,1.1282128e-12,5.5210415e-12,0
5.0,235.0,48.0,0.3646001,0.21024008,0.45851943,-0.9331137,0.82284963,1.0,1.0,1.0,1.0,5.0,0.006005439,0.0004198898,1175.0,240.0,0.00089463865,0.0043800017,0
5.0,775.0,156.0,-1.4977944e-05,2.7684094e-10,1.6638538e-05,-1.4515913,0.17050193,1.0,1.0,1.0,40.0,48.0,6.8548016e-13,6.6284695e-13,3875.0,780.0,3.572141e-13,1.7746214e-12,0
5.0,105.0,22.0,0.1430844,0.025772147,0.16053705,-1.2213038,0.6408159,1.0,1.0,1.0,1.0,3.0,0.003005103,0.0006838521,525.0,110.0,0.00024544902,0.0011714612,0
5.0,120.0,25.0,0.017488755,0.00048646927,0.022056049,-0.3486101,1.0919404,1.0,1.0,2.0,1.0,3.0,0.00024524637,0.0004572965,600.0,125.0,4.0539107e-06,1.945877e-05,1
5.0,265.0,54.0,1.351809e-06,8.0235235e-10,2.8325825e-05,-1.4147948,0.0049969736,1.0,1.0,1.0,6.0,17.0,1.1744466e-11,1.569358e-12,1325.0,270.0,3.0277447e-12,1.4858377e-11,0
1.0,498.0,500.0,2.1439373e-06,1.02297254e-10,1.011421e-05,-1.2492261,0.25909254,2.0,2.0,2.0,1.0,12.0,1.307683e-12,2.79762e-12,588.0,500.0,2.0541617e-13,2.045945e-13,1
1.0,157.0,158.0,8.033583e-06,3.6264247e-10,1.9043173e-05,-1.0655296,-0.10049384,2.0,2.0,2.0,1.0,4.0,1.8779967e-11,3.6826025e-11,199.0,158.0,2.3098246e-12,2.2952055e-12,1
5.0,75.0,16.0,2.4095548e-06,4.80281e-10,2.1915313e-05,-1.4662933,-0.057305235,1.0,1.0,2.0,1.0,2.0,8.02952e-11,9.215175e-12,375.0,80.0,6.403746e-12,3.001756e-11,0
5.0,150.0,31.0,0.057027273,0.006531766,0.080819346,-0.7106209,0.9836163,2.0,1.0,2.0,2.0,4.0,0.0017496294,0.004053504,750.0,155.0,4.3545107e-05,0.00021070214,1
5.0,237.0,48.0,0.1572771,0.058127414,0.24109627,1.3686949,1.6609366,2.0,2.0,1.0,1.0,2.0,0.016662154,0.03287706,1199.0,240.0,0.00024526336,0.0012109878,0
5.0,105.0,22.0,-4.775112e-07,6.5190847e-10,2.5532498e-05,-1.5281006,0.03502898,1.0,1.0,2.0,1.0,3.0,5.576248e-11,5.441335e-12,525.0,110.0,6.208652e-12,2.9632203e-11,0
5.0,616.0,124.0,-9.254691e-06,2.4955274e-10,1.5797237e-05,-0.73002094,-0.69704413,2.0,2.0,1.0,1.0,1.0,4.4912143e-11,1.3518871e-10,3086.0,620.0,4.0511808e-13,2.012522e-12,1
5.0,80.0,17.0,-3.019264e-06,4.201049e-10,2.049646e-05,-1.4498748,-0.01052781,1.0,1.0,2.0,1.0,3.0,5.924283e-11,7.08678e-12,400.0,85.0,5.251311e-12,2.4712054e-11,0
1.0,306.0,289.0,0.41225204,0.18196829,0.4265774,-1.3629467,0.48464775,1.0,1.0,1.0,19.0,22.0,0.00024009141,0.00039055024,394.0,289.0,0.00059466757,0.00062964804,0
5.0,555.0,112.0,0.3101512,0.13321759,0.36498985,-1.054005,0.7232356,1.0,1.0,1.0,6.0,10.0,0.00072047126,0.0003075007,2775.0,560.0,0.00024003167,0.0011894427,0
5.0,250.0,51.0,9.016337e-06,3.828828e-10,1.9567391e-05,-1.046049,-0.3423723,1.0,1.0,1.0,5.0,7.0,9.681369e-12,9.061556e-12,1250.0,255.0,1.5315312e-12,7.507506e-12,1
1.0,219.0,216.0,0.37199378,0.16585693,0.40725535,-1.0613317,0.73398024,2.0,1.0,1.0,26.0,41.0,0.00030969115,0.000269931,239.0,216.0,0.00075733755,0.00076785614,0
1.0,601.0,601.0,9.5812e-06,6.7997696e-10,2.6076368e-05,-1.4828281,-0.0999385,2.0,1.0,1.0,6.0,35.0,6.908813e-13,1.4799819e-12,787.0,601.0,1.1314093e-12,1.1314093e-12,1
5.0,350.0,71.0,0.38701767,0.15663457,0.39577085,-1.356729,0.48058757,1.0,1.0,1.0,4.0,7.0,0.0017711298,0.0007045231,1750.0,355.0,0.00044752733,0.0022061206,0
1.0,204.0,205.0,-3.0157512e-06,2.7084854e-10,1.6457476e-05,-0.8441441,-0.6091176,1.0,1.0,1.0,44.0,53.0,1.0625273e-12,2.299555e-12,204.0,205.0,1.3276889e-12,1.3212123e-12,0
1.0,484.0,486.0,1.8665751e-06,2.6367844e-10,1.6238178e-05,-0.8110009,-0.57888305,1.0,1.0,1.0,143.0,154.0,3.0470025e-13,7.9651915e-13,658.0,486.0,5.447902e-13,5.4254827e-13,0
1.0,253.0,255.0,-2.194139e-05,1.5060515e-10,1.2272129e-05,-1.1314487,-0.6139296,1.0,1.0,1.0,81.0,84.0,2.2520794e-13,6.0144576e-13,351.0,255.0,5.952773e-13,5.9060845e-13,0
5.0,80.0,17.0,-3.4038765e-06,6.796671e-10,2.6070426e-05,-1.4921228,-0.0061855596,1.0,1.0,2.0,1.0,1.0,9.79047e-11,1.16576245e-11,400.0,85.0,8.4958394e-12,3.998042e-11,0
1.0,671.0,672.0,-1.4751074e-06,4.1548226e-10,2.0383382e-05,-1.2950516,-0.0033923457,2.0,2.0,2.0,1.0,9.0,9.651751e-13,2.0124206e-12,671.0,672.0,6.191986e-13,6.182772e-13,0
5.0,235.0,48.0,2.4644126e-07,1.1904726e-10,1.0910878e-05,-1.0621485,-0.33058447,1.0,1.0,1.0,11.0,15.0,1.9634726e-12,7.6428057e-13,1175.0,240.0,5.065841e-13,2.480151e-12,0
5.0,175.0,36.0,0.026314326,0.0015628962,0.03953348,-0.42822868,1.0806705,2.0,1.0,1.0,3.0,4.0,0.00062168704,0.0014320875,875.0,180.0,8.930835e-06,4.3413784e-05,0
5.0,75.0,16.0,1.167344e-05,5.2224336e-10,2.2852644e-05,-1.5283387,0.0047203014,1.0,1.0,2.0,1.0,4.0,8.801347e-11,2.3717393e-11,375.0,80.0,6.9632447e-12,3.264021e-11,0
5.0,385.0,78.0,0.6229471,0.0926629,0.3044058,-1.4159483,0.18690906,1.0,1.0,1.0,9.0,26.0,0.000651899,6.0800376e-05,1925.0,390.0,0.00024068286,0.0011879859,0
1.0,301.0,283.0,0.23044658,0.0853871,0.29221073,-0.79327714,0.9053025,1.0,1.0,1.0,21.0,25.0,0.000118441334,0.00010194167,405.0,283.0,0.00028367806,0.00030172121,0
5.0,125.0,26.0,2.0860878e-06,5.3465044e-10,2.312251e-05,-1.3946857,0.035674836,1.0,1.0,1.0,1.0,7.0,3.1607467e-11,3.05688e-12,625.0,130.0,4.2772036e-12,2.0563478e-11,0
5.0,100.0,21.0,1.2778189e-05,4.6700654e-10,2.1610334e-05,-0.9192507,-0.41019952,1.0,1.0,1.0,1.0,6.0,4.2689505e-11,5.663162e-12,500.0,105.0,4.670065e-12,2.2238406e-11,1
5.0,295.0,60.0,0.20002359,0.09722339,0.31180665,-0.029816853,1.2582945,1.0,1.0,1.0,1.0,5.0,0.0027140835,0.00027125864,1475.0,300.0,0.00032957082,0.0016203899,1
5.0,85.0,18.0,0.106311016,0.008074624,0.08985891,-1.4521294,0.24575923,1.0,1.0,1.0,1.0,2.0,0.0010855955,0.0001794627,425.0,90.0,9.499558e-05,0.00044859023,0
5.0,155.0,32.0,0.27236608,0.037297707,0.19312614,-1.4174887,-0.32608682,1.0,1.0,1.0,2.0,5.0,0.0010702927,0.00016313321,775.0,160.0,0.00024063035,0.0011655533,0
5.0,150.0,31.0,0.052465513,0.0051236455,0.07157964,-0.5691958,1.0055338,2.0,1.0,1.0,2.0,1.0,0.0028130172,0.007924018,750.0,155.0,3.4157634e-05,0.00016527888,1
5.0,345.0,70.0,0.22245966,0.04704615,0.21690124,-0.44156322,0.8621781,2.0,1.0,1.0,2.0,9.0,0.0011112611,0.00029944678,1725.0,350.0,0.00013636565,0.0006720879,1
1.0,194.0,195.0,-2.1828607e-06,1.2341851e-10,1.1109388e-05,-0.88808155,-0.38563251,3.0,1.0,1.0,45.0,48.0,2.4016605e-12,6.9755534e-12,246.0,195.0,6.3617785e-13,6.3291543e-13,1
5.0,225.0,46.0,1.4281717e-06,4.773415e-10,2.1848145e-05,-1.4879088,0.037786692,1.0,1.0,1.0,5.0,15.0,9.3332555e-12,7.8770665e-13,1125.0,230.0,2.1215178e-12,1.0376989e-11,1
1.0,215.0,216.0,5.072233e-06,2.4191915e-10,1.5553751e-05,-1.3008245,-0.09219638,2.0,1.0,1.0,27.0,31.0,1.1606133e-12,2.826234e-12,215.0,216.0,1.1252054e-12,1.1199961e-12,0
5.0,216.0,44.0,-6.5323543e-06,4.0458853e-10,2.0114387e-05,-1.4938313,0.03064772,1.0,1.0,1.0,3.0,12.0,8.787324e-12,1.017203e-12,1086.0,220.0,1.873095e-12,9.195194e-12,0
1.0,274.0,276.0,3.0582612e-06,1.2270444e-10,1.1077203e-05,-1.1484232,-0.23132001,2.0,2.0,1.0,4.0,19.0,1.167915e-12,2.394959e-12,354.0,276.0,4.4782643e-13,4.445813e-13,1
1.0,371.0,366.0,0.30091247,0.13356599,0.3654668,-1.0995221,0.7368106,1.0,1.0,1.0,33.0,42.0,9.828556e-05,9.391801e-05,383.0,366.0,0.00036001613,0.00036493439,0
5.0,350.0,71.0,0.32859552,0.1144101,0.33824563,-0.9517133,0.80352,1.0,1.0,1.0,2.0,15.0,0.001436579,0.000112454974,1750.0,355.0,0.00032688602,0.0016114098,0
1.0,440.0,382.0,0.012548163,0.00019215852,0.013862126,-1.3845974,0.52521807,20.0,1.0,2.0,68.0,80.0,3.5930614e-06,1.0954673e-05,598.0,382.0,4.367239e-07,5.0303277e-07,0
5.0,385.0,78.0,0.70147157,0.09679871,0.31112492,-1.3531743,0.20143642,1.0,1.0,1.0,10.0,20.0,0.0007071996,9.923275e-05,1925.0,390.0,0.00025142523,0.0012410091,0
5.0,220.0,45.0,1.7800078e-06,8.007318e-11,8.948362e-06,-1.323381,-0.07853671,1.0,1.0,1.0,7.0,13.0,1.7662397e-12,8.1421897e-13,1100.0,225.0,3.63969e-13,1.779404e-12,0
5.0,390.0,79.0,0.6067537,0.1373868,0.37065724,-1.4265771,0.22613372,2.0,1.0,1.0,9.0,12.0,0.0009971955,0.00022291791,1950.0,395.0,0.00035227384,0.0017390734,0
1.0,198.0,199.0,-1.0495237e-06,5.339948e-10,2.3108327e-05,-1.387461,-0.104188964,1.0,1.0,1.0,41.0,55.0,3.9133367e-12,9.945436e-12,202.0,199.0,2.6969434e-12,2.6833908e-12,0
1.0,308.0,283.0,0.3888291,0.16061348,0.4007661,-1.3887894,0.4700914,2.0,1.0,1.0,18.0,25.0,0.00016395187,0.00017568014,426.0,283.0,0.0005214723,0.0005675388,0
1.0,285.0,286.0,-2.2052782e-05,9.70497e-11,9.851381e-06,31.201843,4.3745604,1.0,1.0,1.0,2.0,3.0,3.5855156e-11,7.1338255e-11,285.0,286.0,3.4052527e-13,3.3933463e-13,1
1.0,453.0,454.0,0.0069024162,7.86711e-05,0.008869673,-0.77575225,0.8916004,26.0,1.0,1.0,63.0,84.0,2.2195195e-06,6.549792e-06,453.0,454.0,1.7366689e-07,1.7328436e-07,0
1.0,187.0,188.0,2.0999678e-06,1.4460616e-10,1.2025231e-05,-1.5021906,0.061947677,1.0,1.0,1.0,51.0,60.0,3.951544e-13,6.1105174e-13,187.0,188.0,7.73295e-13,7.691817e-13,0
5.0,215.0,44.0,-2.1816459e-06,6.157671e-10,2.4814655e-05,-1.4850743,-0.0072738375,1.0,1.0,1.0,5.0,14.0,1.33082425e-11,1.5375486e-12,1075.0,220.0,2.864033e-12,1.39947064e-11,0
1.0,191.0,192.0,1.7455068e-06,2.0592437e-10,1.4350065e-05,-0.67526734,-0.69108725,1.0,1.0,1.0,38.0,36.0,1.1489371e-12,2.781899e-12,239.0,192.0,1.078138e-12,1.0725227e-12,0
1.0,329.0,330.0,-9.111175e-06,3.0513037e-10,1.746798e-05,-1.4708406,-0.019527065,1.0,1.0,1.0,96.0,108.0,3.6011813e-13,7.082899e-13,329.0,330.0,9.274479e-13,9.246374e-13,0
5.0,215.0,44.0,0.25490645,0.11440387,0.33823642,-1.0007255,0.8309298,1.0,1.0,1.0,1.0,3.0,0.0048000333,0.0015800153,1075.0,220.0,0.00053211104,0.002600088,1
5.0,375.0,76.0,0.71311736,0.083722845,0.289349,-1.4191021,0.136441,1.0,1.0,1.0,12.0,26.0,0.0006382608,0.000117522985,1875.0,380.0,0.00022326093,0.0011016164,0
5.0,70.0,15.0,-2.871992e-06,2.4747485e-10,1.5731333e-05,-1.4843658,-0.09768977,1.0,1.0,2.0,1.0,2.0,4.6123032e-11,8.2130925e-12,350.0,75.0,3.535355e-12,1.6498322e-11,1
1.0,394.0,369.0,0.2036829,0.12288518,0.35054982,0.47583687,1.4473675,1.0,1.0,1.0,14.0,24.0,0.00014732382,9.354969e-05,472.0,369.0,0.00031189132,0.00033302218,0
5.0,490.0,99.0,0.44715708,0.17477204,0.41805744,-1.4468933,0.32674077,1.0,1.0,1.0,8.0,23.0,0.0008263695,6.136695e-05,2450.0,495.0,0.00035667763,0.0017653741,0
5.0,290.0,59.0,0.2326079,0.07945776,0.28188252,-0.22162403,1.1594152,1.0,1.0,1.0,3.0,9.0,0.002103632,0.00034629361,1450.0,295.0,0.00027399228,0.0013467417,0
5.0,75.0,16.0,-1.0048102e-06,5.104559e-10,2.259327e-05,-1.4991848,-0.055433214,1.0,1.0,2.0,1.0,2.0,8.4045285e-11,1.1566458e-11,375.0,80.0,6.8060787e-12,3.1903494e-11,0
5.0,430.0,87.0,0.66694784,0.10131513,0.31830037,-1.3765014,0.16785863,1.0,1.0,1.0,18.0,31.0,0.00060381525,0.0001427084,2150.0,435.0,0.0002356166,0.0011645417,0
1.0,650.0,651.0,-8.782e-06,2.3558022e-10,1.5348623e-05,-0.9700193,-0.3413721,2.0,2.0,2.0,1.0,4.0,1.5959187e-12,3.3822437e-12,870.0,651.0,3.6243111e-13,3.6187438e-13,1
1.0,180.0,181.0,6.0703733e-06,7.8557005e-10,2.8028022e-05,-1.5064694,-0.03111833,1.0,1.0,1.0,43.0,56.0,1.1905764e-12,7.105955e-13,252.0,181.0,4.364278e-12,4.340166e-12,1
1.0,191.0,193.0,-4.559284e-06,8.9318386e-11,9.4508405e-06,-1.0864755,-0.08021382,1.0,1.0,1.0,20.0,23.0,8.505806e-13,1.7097044e-12,229.0,193.0,4.6763553e-13,4.627896e-13,1
1.0,231.0,232.0,6.452191e-06,5.6873745e-10,2.3848217e-05,-1.4683521,-0.036289275,1.0,1.0,1.0,5.0,12.0,1.7728344e-12,3.0315993e-12,231.0,232.0,2.462067e-12,2.4514546e-12,0
5.0,80.0,17.0,4.975159e-07,3.6888614e-10,1.9206409e-05,-1.513295,0.0070940442,1.0,1.0,2.0,1.0,2.0,5.3613097e-11,7.0282447e-12,400.0,85.0,4.6110767e-12,2.1699184e-11,0
5.0,245.0,50.0,7.0641986e-06,5.1633203e-10,2.2722941e-05,-1.4669162,-0.04070357,1.0,1.0,1.0,8.0,19.0,8.771318e-12,1.4182804e-12,1225.0,250.0,2.1074776e-12,1.0326641e-11,1
5.0,290.0,49.0,0.2065822,0.060057383,0.24506608,0.8904942,1.3900337,2.0,1.0,1.0,1.0,2.0,0.019529292,0.062029947,4200.0,245.0,0.00020709443,0.0012256609,1
5.0,165.0,34.0,0.19885688,0.048758913,0.22081421,-1.3265814,0.574202,1.0,1.0,1.0,1.0,6.0,0.0024254415,0.00034149803,825.0,170.0,0.00029550857,0.0014340857,0
5.0,620.0,125.0,2.5255279e-06,3.155703e-10,1.7764298e-05,-1.1119505,-0.33725446,1.0,1.0,1.0,32.0,39.0,9.524894e-13,9.0573886e-13,3100.0,625.0,5.0898435e-13,2.5245624e-12,0
5.0,220.0,45.0,3.8071682e-06,9.405849e-10,3.0668958e-05,-1.4757024,-0.03261509,1.0,1.0,1.0,6.0,14.0,1.913195e-11,2.0119193e-12,1100.0,225.0,4.275386e-12,2.0901888e-11,0
5.0,591.0,119.0,4.045803e-06,1.4561931e-10,1.2067282e-05,-1.4239187,-0.10422248,2.0,1.0,1.0,5.0,19.0,2.0437072e-12,3.4186332e-12,2961.0,595.0,2.4639476e-13,1.2236916e-12,1
1.0,268.0,269.0,-1.8914122e-06,1.7406221e-10,1.3193264e-05,-1.3812053,0.12499758,2.0,2.0,2.0,1.0,4.0,2.7917013e-12,5.903582e-12,360.0,269.0,6.4948584e-13,6.470714e-13,1
5.0,240.0,49.0,0.1598501,0.040101796,0.20025434,-1.1244708,0.74605244,1.0,1.0,1.0,2.0,5.0,0.00128516,0.0006730174,1200.0,245.0,0.00016709082,0.000818404,0
5.0,185.0,38.0,2.1753783e-06,3.8116907e-10,1.9523552e-05,-0.9660563,-0.35013983,1.0,1.0,1.0,4.0,12.0,1.0124947e-11,1.3404853e-12,925.0,190.0,2.0603734e-12,1.0030765e-11,0
5.0,80.0,17.0,-4.4195017e-06,6.414088e-10,2.532605e-05,-1.5010867,-0.0018838214,1.0,1.0,2.0,1.0,1.0,9.184036e-11,1.1812667e-11,400.0,85.0,8.01761e-12,3.772993e-11,0
1.0,162.0,163.0,-4.1057247e-06,9.30549e-11,9.646496e-06,-1.4643085,-0.025162626,1.0,1.0,1.0,48.0,55.0,3.9829595e-13,6.973088e-13,162.0,163.0,5.744129e-13,5.7088893e-13,0
5.0,95.0,20.0,0.06924499,0.00691672,0.08316682,-1.0885509,0.7337334,1.0,1.0,1.0,1.0,3.0,0.001073827,0.00032497957,475.0,100.0,7.280758e-05,0.00034583602,0
1.0,385.0,386.0,8.873187e-06,2.5711402e-10,1.6034775e-05,-1.358049,-0.043619774,1.0,1.0,1.0,106.0,120.0,2.65286e-13,5.4566383e-13,385.0,386.0,6.6782864e-13,6.660985e-13,1
5.0,75.0,16.0,4.0059217e-06,2.7516375e-10,1.6588061e-05,-1.4095105,-0.07150836,1.0,1.0,2.0,2.0,5.0,4.3726817e-11,8.049643e-12,375.0,80.0,3.66885e-12,1.7197735e-11,0
5.0,75.0,16.0,-1.5877667e-06,2.8401573e-10,1.6852766e-05,-1.5055028,0.07759534,1.0,1.0,2.0,1.0,3.0,4.689562e-11,7.853702e-12,375.0,80.0,3.7868766e-12,1.7750983e-11,0
5.0,265.0,54.0,0.24965324,0.03796657,0.19485013,-1.5182865,0.06343362,2.0,1.0,1.0,3.0,4.0,0.0012687311,0.0012011981,1325.0,270.0,0.00014327008,0.0007030847,1
1.0,301.0,302.0,0.22259192,0.13465852,0.36695847,0.23237084,1.3596596,2.0,1.0,1.0,17.0,29.0,0.00024037427,0.00021535507,301.0,302.0,0.00044737046,0.0004458891,0
1.0,263.0,245.0,0.29510865,0.11870717,0.34453908,-1.1108257,0.7266089,1.0,1.0,1.0,14.0,35.0,0.00019492889,0.00016891074,367.0,245.0,0.00045135806,0.00048451909,0
1.0,168.0,169.0,0.34602755,0.11064873,0.33263904,-1.4418169,0.40001363,1.0,1.0,1.0,20.0,23.0,0.00027980318,0.00028562362,168.0,169.0,0.0006586234,0.00065472623,0
5.0,645.0,130.0,-6.0890197e-06,1.0875767e-10,1.0428695e-05,-1.3927754,-0.10406174,1.0,1.0,1.0,35.0,40.0,5.092456e-13,6.329687e-13,3225.0,650.0,1.6861653e-13,8.3659745e-13,0
1.0,188.0,189.0,-5.285984e-06,7.147918e-10,2.673559e-05,-1.2108318,0.00679944,3.0,3.0,1.0,2.0,5.0,2.3485163e-11,4.59914e-11,252.0,189.0,3.802084e-12,3.781967e-12,0
5.0,265.0,54.0,0.039593376,0.003722115,0.06100914,-0.40983248,1.1218358,1.0,1.0,1.0,3.0,4.0,0.00018914204,0.00019488405,1325.0,270.0,1.4045717e-05,6.892806e-05,0
5.0,400.0,81.0,0.58891684,0.14397529,0.37944075,-1.3637131,0.23801556,1.0,1.0,1.0,10.0,27.0,0.0009593549,8.969151e-05,2000.0,405.0,0.00035993822,0.0017774727,0
1.0,418.0,419.0,0.21527556,0.08564381,0.29264963,-0.8280336,0.92544746,1.0,1.0,1.0,40.0,52.0,6.0903458e-05,6.2634266e-05,418.0,419.0,0.0002048895,0.00020440051,0
1.0,173.0,174.0,-2.702156e-06,1.2020045e-10,1.0963597e-05,-0.58989954,-0.66517127,2.0,1.0,1.0,47.0,58.0,2.5786907e-12,7.280366e-12,215.0,174.0,6.948003e-13,6.9080717e-13,0
5.0,80.0,17.0,1.5621015e-06,8.1015195e-10,2.8463168e-05,-1.4749161,-0.008987009,1.0,1.0,2.0,1.0,2.0,1.1517457e-10,1.4654139e-11,400.0,85.0,1.0126899e-11,4.7655997e-11,0
5.0,255.0,52.0,2.0789676e-06,8.995031e-10,2.9991717e-05,-1.4928797,0.07927465,1.0,1.0,1.0,5.0,17.0,1.3647947e-11,1.036309e-12,1275.0,260.0,3.527463e-12,1.7298135e-11,1
5.0,705.0,134.0,-4.673767e-06,4.2527554e-10,2.062221e-05,-0.96534866,-0.4739561,2.0,2.0,1.0,5.0,6.0,7.019435e-11,2.0357666e-10,5325.0,670.0,6.032277e-13,3.173698e-12,1
5.0,235.0,48.0,0.04882283,0.0035327347,0.059436813,-0.7790948,0.92062825,1.0,1.0,1.0,3.0,6.0,0.0002082439,0.00021738182,1175.0,240.0,1.5032914e-05,7.359864e-05,0
1.0,191.0,191.0,3.9081688e-06,6.1512223e-10,2.4801657e-05,-1.4829706,-0.03919693,1.0,1.0,1.0,54.0,67.0,1.0289689e-12,1.0668468e-12,217.0,191.0,3.2205352e-12,3.2205352e-12,0
5.0,110.0,15.0,5.780095e-06,5.817016e-10,2.411849e-05,-0.6501473,-0.6478003,1.0,1.0,1.0,1.0,1.0,7.586736e-11,2.1356117e-11,2350.0,75.0,5.288196e-12,3.8780104e-11,1
5.0,70.0,15.0,1.8569324e-06,2.3763697e-10,1.5415479e-05,-1.2298106,-0.27651262,1.0,1.0,2.0,2.0,1.0,4.95985e-11,2.6000471e-11,350.0,75.0,3.3948137e-12,1.5842464e-11,1
1.0,191.0,193.0,3.8796297e-06,8.70818e-10,2.9509625e-05,-1.4228221,-0.019326774,1.0,1.0,1.0,50.0,68.0,1.2061807e-12,9.187912e-13,267.0,193.0,4.559256e-12,4.51201e-12,0
5.0,385.0,78.0,0.21888736,0.12427405,0.35252526,0.17099819,1.3302617,1.0,1.0,1.0,2.0,7.0,0.0022328547,0.00018821655,1925.0,390.0,0.00032278977,0.0015932572,0
5.0,190.0,39.0,-5.1862065e-07,7.1988776e-11,8.48462e-06,-1.4484162,-0.12482253,1.0,1.0,1.0,7.0,14.0,2.3429288e-12,1.1208849e-12,950.0,195.0,3.7888827e-13,1.845866e-12,0
1.0,535.0,536.0,3.355088e-06,3.4188838e-10,1.8490224e-05,-0.6667262,-0.45839992,6.0,5.0,3.0,8.0,13.0,3.2027932e-11,7.243442e-11,615.0,536.0,6.390437e-13,6.378515e-13,0
5.0,80.0,17.0,6.8488253e-06,5.590718e-10,2.36447e-05,-1.0778638,-0.26565638,1.0,1.0,1.0,2.0,3.0,7.022379e-11,1.8790032e-11,400.0,85.0,6.9883973e-12,3.2886575e-11,1
5.0,225.0,46.0,7.0375036e-06,1.6455146e-10,1.2827761e-05,-1.4350848,-0.1503978,1.0,1.0,1.0,10.0,14.0,3.4485327e-12,6.794138e-13,1125.0,230.0,7.313398e-13,3.5772054e-12,0
1.0,192.0,193.0,2.5781328e-06,2.5457916e-10,1.5955537e-05,-1.5101904,-0.02823237,1.0,1.0,1.0,27.0,26.0,1.3298934e-12,2.4942698e-12,192.0,193.0,1.3259332e-12,1.319063e-12,1
5.0,260.0,53.0,0.3411487,0.21785949,0.46675423,-0.60731333,0.9924924,1.0,1.0,1.0,1.0,5.0,0.0059437603,0.000426855,1300.0,265.0,0.00083792116,0.0041105566,0
1.0,513.0,514.0,-6.1266387e-06,1.9427539e-10,1.393827e-05,-1.1471208,-0.20452237,1.0,1.0,1.0,154.0,166.0,2.7729612e-13,7.4402214e-13,645.0,514.0,3.7870445e-13,3.7796768e-13,1
5.0,217.0,44.0,1.3877711e-06,3.039135e-10,1.7433114e-05,-1.2766864,-0.12587968,1.0,1.0,1.0,5.0,11.0,6.4347746e-12,9.176553e-13,1097.0,220.0,1.400523e-12,6.907125e-12,0
5.0,75.0,16.0,-1.6520812e-07,5.8522215e-10,2.4191364e-05,-1.5062096,-0.039653834,1.0,1.0,2.0,1.0,2.0,9.5658856e-11,1.2025952e-11,375.0,80.0,7.802961e-12,3.6576384e-11,1
5.0,415.0,84.0,0.23379822,0.08428091,0.29031175,-1.0105093,0.7851636,2.0,1.0,1.0,1.0,2.0,0.0036368617,0.008808679,2075.0,420.0,0.00020308651,0.0010033441,1
5.0,210.0,43.0,-3.6402705e-06,9.747941e-11,9.873166e-06,-1.0762783,0.006976369,2.0,1.0,1.0,1.0,3.0,1.11739585e-11,1.8342073e-11,1050.0,215.0,4.641877e-13,2.266963e-12,1
1.0,232.0,233.0,0.36966842,0.17539471,0.41880152,-0.8475842,0.8658037,1.0,1.0,1.0,16.0,21.0,0.00029677083,0.00020828334,232.0,233.0,0.0007560117,0.000752767,1
1.0,210.0,211.0,2.9755845e-06,8.370861e-10,2.893244e-05,-1.4931357,-0.00934634,1.0,1.0,1.0,42.0,53.0,2.4948724e-12,4.621312e-12,210.0,211.0,3.9861244e-12,3.967233e-12,1
5.0,1070.0,215.0,8.069335e-06,4.0060424e-11,6.3293305e-06,-1.4584783,-0.021265797,1.0,1.0,1.0,65.0,72.0,2.8620487e-13,7.630056e-13,5350.0,1075.0,3.743965e-14,1.8632756e-13,0
5.0,215.0,44.0,0.32197422,0.0795105,0.28197607,-1.5477785,0.1950612,1.0,1.0,1.0,2.0,7.0,0.001981988,0.00043865747,1075.0,220.0,0.0003698163,0.0018070568,0
1.0,219.0,220.0,-6.086075e-07,6.24582e-10,2.499164e-05,-1.2190706,-0.22706348,1.0,1.0,1.0,55.0,67.0,8.0622276e-13,8.6782626e-13,219.0,220.0,2.8519726e-12,2.839009e-12,0
1.0,302.0,284.0,0.24425165,0.116340406,0.3410871,-0.14684354,1.2089429,1.0,1.0,1.0,14.0,17.0,0.00033300146,0.00055601215,422.0,284.0,0.0003852331,0.0004096493,1
5.0,275.0,56.0,3.6441684e-06,3.7005107e-10,1.9236712e-05,-1.0717089,-0.32865202,1.0,1.0,1.0,9.0,17.0,4.7201483e-12,6.7743906e-13,1375.0,280.0,1.3456403e-12,6.6080552e-12,0
1.0,675.0,676.0,1.8137951e-05,1.1296772e-10,1.0628627e-05,1.799849,-1.091506,2.0,2.0,2.0,2.0,2.0,1.1859177e-11,2.3782134e-11,675.0,676.0,1.6735959e-13,1.6711201e-13,1
5.0,605.0,122.0,-3.3664687e-06,3.294798e-10,1.8151579e-05,-1.429715,0.08629268,2.0,1.0,1.0,1.0,4.0,8.1006885e-12,1.511116e-11,3025.0,610.0,5.445947e-13,2.7006542e-12,1
1.0,214.0,215.0,4.753304e-06,5.2282206e-10,2.2865303e-05,-0.8951683,-0.4598388,1.0,1.0,1.0,29.0,40.0,1.165496e-12,1.993714e-12,214.0,215.0,2.4430937e-12,2.4317304e-12,1
1.0,327.0,302.0,0.26343173,0.1369112,0.3700151,-0.5402604,1.0422485,1.0,1.0,1.0,18.0,30.0,0.00018257275,0.00017126168,441.0,302.0,0.00041868867,0.00045334833,0
1.0,202.0,203.0,6.426003e-07,2.2883341e-10,1.5127241e-05,-1.2901576,-0.153584,1.0,1.0,1.0,55.0,61.0,1.8863572e-12,5.2961485e-12,264.0,203.0,1.1328386e-12,1.1272581e-12,0
5.0,260.0,53.0,-5.113134e-07,8.891179e-10,2.981808e-05,-1.2660688,-0.09807718,1.0,1.0,1.0,5.0,17.0,1.1666475e-11,1.0214177e-12,1300.0,265.0,3.4196842e-12,1.677581e-11,0
5.0,340.0,69.0,0.18331388,0.09333578,0.30550903,0.35556772,1.3969647,1.0,1.0,1.0,1.0,6.0,0.002280916,0.00018177189,1700.0,345.0,0.000274517,0.0013526924,0
1.0,208.0,209.0,3.701089e-06,3.5582595e-10,1.886335e-05,-0.9450611,-0.45540312,1.0,1.0,1.0,46.0,52.0,1.5466609e-12,3.4636007e-12,220.0,209.0,1.7107017e-12,1.7025165e-12,0
5.0,275.0,56.0,1.2552324e-06,4.2077253e-10,2.0512742e-05,-1.4668701,-0.052964766,1.0,1.0,1.0,11.0,18.0,5.8338096e-12,1.6983813e-12,1375.0,280.0,1.5300819e-12,7.513795e-12,0
5.0,375.0,76.0,-1.6375096e-06,9.488276e-10,3.0803043e-05,-1.424344,0.09793677,1.0,1.0,1.0,13.0,26.0,6.8321217e-12,1.1608783e-12,1875.0,380.0,2.5302067e-12,1.2484573e-11,0
5.0,615.0,124.0,2.5178539e-05,2.342575e-10,1.5305473e-05,-1.4059718,-0.18573184,1.0,1.0,1.0,33.0,40.0,8.415952e-13,7.2390856e-13,3075.0,620.0,3.8090652e-13,1.8891735e-12,0
5.0,271.0,55.0,-2.9126306e-06,4.4563267e-10,2.1110014e-05,-1.3939949,-0.07995523,1.0,1.0,1.0,5.0,18.0,5.959266e-12,6.652705e-13,1361.0,275.0,1.644401e-12,8.102412e-12,0
5.0,95.0,20.0,5.6908275e-06,6.193378e-10,2.4886498e-05,-0.9768611,-0.21183215,1.0,1.0,2.0,2.0,4.0,6.775226e-11,1.8691522e-11,475.0,100.0,6.5193454e-12,3.096689e-11,0
5.0,205.0,42.0,0.12648037,0.020633202,0.14364262,-0.8543494,0.855789,1.0,1.0,1.0,2.0,11.0,0.0008460128,0.00019162302,1025.0,210.0,0.00010064976,0.0004912667,0
1.0,279.0,280.0,8.5331436e-07,3.4942832e-10,1.8693001e-05,0.63111734,0.55205226,4.0,3.0,2.0,4.0,6.0,1.2711755e-10,2.9606662e-10,309.0,280.0,1.2524312e-12,1.2479582e-12,1
5.0,630.0,127.0,0.405087,0.17955856,0.42374352,-1.382292,0.4799607,2.0,1.0,1.0,12.0,26.0,0.00060461456,0.000103344326,3150.0,635.0,0.0002850136,0.001413847,1
5.0,346.0,70.0,-1.0565161e-05,2.6745137e-10,1.635394e-05,-1.0005963,-0.32542172,3.0,1.0,1.0,3.0,3.0,4.1912036e-11,8.0227845e-11,1736.0,350.0,7.7298085e-13,3.820734e-12,1
5.0,186.0,38.0,0.3892985,0.20578635,0.4536368,-1.1375443,0.69008285,1.0,1.0,1.0,2.0,10.0,0.008598431,0.0015755016,936.0,190.0,0.0011063782,0.0054154303,0
5.0,435.0,88.0,0.4762031,0.17982367,0.4240562,-1.4307295,0.31566086,1.0,1.0,1.0,7.0,19.0,0.00107302,0.00018629734,2175.0,440.0,0.00041338772,0.0020434507,0
5.0,100.0,21.0,1.2469965e-05,5.0605653e-10,2.24957e-05,-1.1075575,-0.3784665,1.0,1.0,1.0,2.0,5.0,4.8450754e-11,8.726981e-12,500.0,105.0,5.0605652e-12,2.409793e-11,0
1.0,455.0,405.0,0.042203102,0.0031337293,0.05597972,0.41420558,1.3880934,2.0,1.0,1.0,38.0,77.0,1.0676776e-05,1.01529195e-05,629.0,405.0,6.8873173e-06,7.7376035e-06,1
1.0,187.0,189.0,-1.7873969e-06,9.552887e-10,3.0907744e-05,-1.498484,0.0116839865,1.0,1.0,1.0,54.0,63.0,1.3363104e-12,8.3011717e-13,261.0,189.0,5.108496e-12,5.0544378e-12,0
5.0,215.0,44.0,-7.767225e-06,2.0605238e-10,1.4354525e-05,-1.4967066,-0.012081324,1.0,1.0,1.0,9.0,14.0,4.789886e-12,1.412717e-12,1075.0,220.0,9.583832e-13,4.6830088e-12,0
5.0,265.0,54.0,1.2761623e-06,7.094847e-10,2.6636153e-05,-1.4737407,0.06417802,1.0,1.0,1.0,7.0,16.0,1.0171076e-11,1.5113273e-12,1325.0,270.0,2.6773007e-12,1.3138605e-11,0
5.0,230.0,47.0,6.1859287e-06,1.3687627e-10,1.1699413e-05,-1.3888053,-0.13318042,1.0,1.0,1.0,11.0,14.0,2.7288972e-12,1.392509e-12,1150.0,235.0,5.9511424e-13,2.9122611e-12,0
5.0,250.0,51.0,6.863399e-07,3.5525521e-10,1.8848215e-05,-1.4547702,-0.04016033,1.0,1.0,1.0,7.0,15.0,5.8725967e-12,1.5117331e-12,1250.0,255.0,1.4210209e-12,6.9657886e-12,0
5.0,700.0,141.0,9.445328e-07,1.9176201e-10,1.3847816e-05,-1.3808427,-0.1811462,1.0,1.0,1.0,39.0,48.0,5.915052e-13,7.072624e-13,3500.0,705.0,2.7394572e-13,1.3600142e-12,0
5.0,190.0,39.0,0.26793352,0.113010235,0.33616996,-1.0139279,0.7942816,1.0,1.0,1.0,1.0,2.0,0.0048948415,0.0005223712,950.0,195.0,0.0005947907,0.0028976982,0
5.0,245.0,50.0,0.22183825,0.05746035,0.23970889,-0.623246,0.92178875,2.0,1.0,1.0,3.0,2.0,0.005724094,0.012452898,1225.0,250.0,0.00023453202,0.001149207,1
5.0,145.0,30.0,8.573447e-06,2.502306e-10,1.5818678e-05,-0.788751,-0.6514514,1.0,1.0,1.0,2.0,9.0,6.6903314e-12,1.045652e-12,725.0,150.0,1.7257282e-12,8.34102e-12,0
5.0,505.0,102.0,-1.8906312e-05,2.592045e-10,1.609983e-05,-1.1970623,-0.28059238,1.0,1.0,1.0,26.0,34.0,1.0617379e-12,7.1020723e-13,2525.0,510.0,5.132762e-13,2.5412207e-12,0
5.0,245.0,50.0,3.454613e-06,3.242471e-10,1.8006862e-05,-1.1539485,-0.27975318,1.0,1.0,1.0,8.0,17.0,5.3443933e-12,1.4395606e-12,1225.0,250.0,1.3234576e-12,6.484942e-12,1
5.0,265.0,54.0,0.2380299,0.05922075,0.24335313,-1.1275933,0.6269289,1.0,1.0,1.0,2.0,9.0,0.0013236733,0.0002012717,1325.0,270.0,0.00022347452,0.0010966805,1
5.0,220.0,45.0,-2.5885925e-06,4.829758e-10,2.1976712e-05,-0.87884116,-0.6117401,1.0,1.0,1.0,8.0,14.0,6.118876e-12,1.0098047e-12,1100.0,225.0,2.1953446e-12,1.0732796e-11,0
5.0,600.0,121.0,8.8912367e-07,3.6714548e-10,1.9161042e-05,-1.4362106,0.12703395,1.0,1.0,1.0,36.0,40.0,1.257607e-12,7.1626223e-13,3000.0,605.0,6.119091e-13,3.0342601e-12,0
1.0,504.0,505.0,0.060937535,0.008352625,0.0913927,0.06832747,1.3100832,1.0,1.0,1.0,47.0,91.0,8.06942e-06,9.846431e-06,504.0,505.0,1.657267e-05,1.6539852e-05,0
5.0,225.0,46.0,0.32505774,0.16736652,0.40910453,-0.942599,0.81988794,1.0,1.0,1.0,2.0,9.0,0.005328046,0.000812918,1125.0,230.0,0.0007438512,0.0036384026,0
5.0,80.0,17.0,1.1264297e-05,5.7360355e-10,2.3950022e-05,-1.0037714,-0.29212818,1.0,1.0,1.0,1.0,3.0,7.754965e-11,2.1237593e-11,400.0,85.0,7.1700445e-12,3.3741388e-11,1
1.0,636.0,638.0,-1.4712704e-05,2.2924992e-10,1.5141001e-05,-1.3350745,0.17360589,1.0,1.0,1.0,181.0,194.0,2.476704e-13,6.344947e-13,888.0,638.0,3.6045586e-13,3.593259e-13,1
5.0,620.0,125.0,-1.32723635e-05,3.7285255e-10,1.9309391e-05,-1.3785802,0.24497549,1.0,1.0,1.0,29.0,40.0,1.181969e-12,6.2483336e-13,3100.0,625.0,6.013751e-13,2.9828206e-12,1
1.0,525.0,526.0,-7.011938e-07,2.347243e-10,1.5320715e-05,-0.7189909,-0.8049939,1.0,1.0,1.0,160.0,178.0,2.53152e-13,5.989031e-13,733.0,526.0,4.470939e-13,4.4624393e-13,1
5.0,255.0,52.0,-6.0244366e-07,1.0555071e-09,3.248857e-05,-1.5000572,0.0132834455,1.0,1.0,1.0,4.0,16.0,1.6198298e-11,1.8012949e-12,1275.0,260.0,4.1392436e-12,2.0298214e-11,0
5.0,229.0,46.0,-9.333507e-08,1.6492921e-10,1.2842476e-05,-1.5034513,-0.0128781395,1.0,1.0,1.0,5.0,14.0,3.2905122e-12,5.6271903e-13,1169.0,230.0,7.2021485e-13,3.5854176e-12,0
5.0,80.0,17.0,4.3325676e-07,2.8933997e-10,1.7009996e-05,-1.2254424,-0.24401218,1.0,1.0,2.0,1.0,3.0,3.8185125e-11,5.575073e-12,400.0,85.0,3.6167495e-12,1.7019998e-11,0
5.0,245.0,50.0,-1.2955501e-05,1.14148475e-10,1.0684029e-05,-1.3357698,-0.1694696,2.0,2.0,1.0,1.0,2.0,4.404785e-11,9.0650945e-11,1225.0,250.0,4.6591214e-13,2.2829694e-12,1
5.0,180.0,37.0,1.3822939e-05,1.08004744e-10,1.0392533e-05,-1.4777834,-0.02740523,1.0,1.0,1.0,6.0,10.0,3.4952438e-12,8.290412e-13,900.0,185.0,6.000264e-13,2.9190472e-12,0
5.0,250.0,51.0,5.17153e-07,2.750658e-10,1.6585107e-05,-1.4572109,-0.069543265,1.0,1.0,1.0,10.0,18.0,4.577025e-12,1.2013685e-12,1250.0,255.0,1.1002632e-12,5.393447e-12,0
5.0,280.0,57.0,0.23698306,0.11550319,0.3398576,-0.046821486,1.2465519,1.0,1.0,1.0,1.0,5.0,0.003533849,0.0004283535,1400.0,285.0,0.0004125114,0.002026372,0
5.0,280.0,57.0,0.19351788,0.07635064,0.2763162,-0.42768914,1.0864693,1.0,1.0,1.0,2.0,7.0,0.0020181914,0.00023620883,1400.0,285.0,0.00027268083,0.0013394848,0
5.0,85.0,18.0,1.922645e-06,4.7585863e-10,2.1814185e-05,-1.2231413,-0.24434604,1.0,1.0,2.0,1.0,2.0,5.855924e-11,6.313036e-12,425.0,90.0,5.598337e-12,2.643659e-11,0
1.0,488.0,489.0,0.08534144,0.017441485,0.1320662,-0.25698638,1.1903255,2.0,1.0,1.0,11.0,33.0,1.9777799e-05,1.7922004e-05,488.0,489.0,3.5740748e-05,3.5667657e-05,0
5.0,85.0,18.0,0.06323588,0.0056696297,0.075296946,-1.1331494,0.69886184,1.0,1.0,1.0,1.0,4.0,0.0010797676,0.00045182797,425.0,90.0,6.670153e-05,0.00031497944,0
5.0,90.0,19.0,9.71122e-06,4.9350685e-10,2.2215014e-05,-0.99324614,-0.22798079,1.0,1.0,1.0,1.0,4.0,5.290494e-11,8.763904e-12,450.0,95.0,5.4834097e-12,2.5974046e-11,0
1.0,229.0,230.0,-1.5955612e-06,6.086603e-10,2.4671042e-05,-0.81262267,0.38974607,1.0,1.0,1.0,1.0,1.0,9.853793e-12,1.9199652e-11,229.0,230.0,2.6579054e-12,2.646349e-12,0
1.0,594.0,595.0,1.170788e-05,5.592877e-10,2.3649265e-05,-0.28459257,-0.8261875,3.0,2.0,2.0,2.0,3.0,4.1122804e-12,1.029918e-11,772.0,595.0,9.415618e-13,9.399793e-13,1
5.0,620.0,125.0,0.39035547,0.18955679,0.4353812,-1.2078226,0.6189021,1.0,1.0,1.0,9.0,24.0,0.00069730345,9.977842e-05,3100.0,625.0,0.00030573676,0.0015164543,0
1.0,402.0,393.0,0.006783675,6.4706044e-05,0.008044007,-1.2601895,0.6264849,33.0,1.0,1.0,43.0,58.0,1.8879748e-06,5.0356084e-06,514.0,393.0,1.6096031e-07,1.6464642e-07,0
1.0,176.0,178.0,5.5313e-06,4.2015405e-10,2.0497659e-05,-1.4436734,-0.032504447,1.0,1.0,1.0,52.0,57.0,7.5662014e-13,6.8787744e-13,230.0,178.0,2.3872388e-12,2.360416e-12,0
5.0,205.0,42.0,0.208664,0.04433825,0.21056649,-1.370611,0.5188543,1.0,1.0,1.0,3.0,7.0,0.0014510187,0.0003615618,1025.0,210.0,0.00021628414,0.0010556725,1
1.0,253.0,254.0,0.34096503,0.16948108,0.41168082,-1.0694627,0.7477951,1.0,1.0,1.0,22.0,38.0,0.0002307521,0.00017565105,253.0,254.0,0.0006698857,0.0006672484,0
1.0,289.0,290.0,6.4501082e-06,1.4446053e-10,1.20191735e-05,-0.64824444,-0.69143903,1.0,1.0,1.0,86.0,92.0,3.5335892e-13,8.7018744e-13,389.0,290.0,4.9986344e-13,4.981398e-13,0
5.0,211.0,43.0,-4.4984167e-06,3.5387396e-10,1.8811537e-05,-1.4822913,0.026661703,1.0,1.0,1.0,3.0,15.0,7.984403e-12,7.5525084e-13,1061.0,215.0,1.6771278e-12,8.229627e-12,0
1.0,224.0,225.0,7.611515e-06,6.5771194e-10,2.5645895e-05,-1.4093672,-0.019772219,1.0,1.0,1.0,66.0,78.0,8.3374e-13,9.467215e-13,224.0,225.0,2.936214e-12,2.923164e-12,1
5.0,100.0,21.0,-3.8443773e-06,3.5633027e-10,1.8876714e-05,-1.1383351,-0.34580705,1.0,1.0,1.0,1.0,4.0,2.5139809e-11,2.6462313e-12,500.0,105.0,3.5633029e-12,1.696811e-11,0
1.0,329.0,323.0,0.2523417,0.14351659,0.37883583,0.067557864,1.2904482,1.0,1.0,1.0,24.0,32.0,0.00021480616,0.00021543242,379.0,323.0,0.00043622064,0.0004443238,1
5.0,105.0,22.0,0.12293349,0.016860742,0.12984891,-1.1945496,0.61583006,1.0,1.0,1.0,1.0,3.0,0.0018936191,0.00046377195,525.0,110.0,0.0001605785,0.00076639734,0
5.0,100.0,21.0,1.6956592e-06,2.3477134e-10,1.532225e-05,-1.4643263,-0.088791154,1.0,1.0,2.0,1.0,5.0,2.2777502e-11,2.6128153e-12,500.0,105.0,2.3477134e-12,1.1179588e-11,0
1.0,186.0,186.0,2.950818e-06,2.2553193e-10,1.501772e-05,-1.3697705,-0.091147795,1.0,1.0,1.0,53.0,62.0,4.7205924e-13,6.3471244e-13,244.0,186.0,1.2125372e-12,1.2125372e-12,0
1.0,210.0,211.0,2.2333243e-06,1.1855512e-10,1.0888302e-05,-1.3407377,-0.032497883,2.0,1.0,1.0,25.0,34.0,6.808675e-13,1.40008e-12,252.0,211.0,5.645482e-13,5.618726e-13,1
5.0,207.0,42.0,9.328748e-06,7.7445085e-11,8.800289e-06,0.014950647,-0.37968743,9.0,2.0,1.0,9.0,9.0,6.8750575e-11,2.0977277e-10,1047.0,210.0,3.7413085e-13,1.8439306e-12,1
5.0,235.0,48.0,6.8278814e-07,2.2549305e-10,1.5016426e-05,-1.4712234,-0.02492723,1.0,1.0,1.0,8.0,15.0,4.2347306e-12,1.0171498e-12,1175.0,240.0,9.595449e-13,4.697772e-12,0
5.0,235.0,48.0,2.8161487e-06,6.120355e-10,2.4739351e-05,-0.7197767,-0.2727091,2.0,1.0,1.0,3.0,5.0,1.4114483e-10,3.5653874e-10,1175.0,240.0,2.6044063e-12,1.275074e-11,0
1.0,136.0,123.0,0.070852734,0.0050712693,0.07121284,-1.3271804,0.46424538,1.0,1.0,1.0,18.0,21.0,8.515664e-05,0.000181046,190.0,123.0,3.7288744e-05,4.1229832e-05,1
5.0,264.0,54.0,8.327526e-06,3.6409703e-10,1.9081326e-05,-0.98581284,-0.43250647,1.0,1.0,1.0,9.0,18.0,3.8498514e-12,8.8305556e-13,1336.0,270.0,1.3791554e-12,6.7425375e-12,0
5.0,665.0,134.0,0.4207553,0.15016225,0.38750774,-1.385835,0.44846648,2.0,1.0,1.0,20.0,40.0,0.00046109437,8.897742e-05,3325.0,670.0,0.00022580789,0.0011206138,0
