sampling,duration,len,mean,var,std,kurtosis,skew,n_peaks,smooth10_n_peaks,smooth20_n_peaks,diff_peaks,diff2_peaks,diff_var,diff2_var,gaps_squared,len_weighted,var_div_duration,var_div_len,anomaly
1.0,174.0,175.0,-1.6305293e-07,1.5586363e-10,1.2484536e-05,-1.3450474,0.056870203,2.0,2.0,2.0,2.0,5.0,4.691101e-12,9.221133e-12,206.0,175.0,8.95768e-13,8.906493e-13,1
5.0,185.0,38.0,0.2934052,0.09628955,0.31030557,-1.2393315,0.5630725,2.0,1.0,1.0,2.0,1.0,0.0070984103,0.0115185985,925.0,190.0,0.00052048406,0.0025339355,1
5.0,210.0,43.0,8.775807e-06,8.925327e-11,9.447395e-06,-0.8615816,-0.56215465,1.0,1.0,1.0,10.0,13.0,1.6491582e-12,9.300014e-13,1050.0,215.0,4.2501557e-13,2.0756576e-12,0
5.0,885.0,178.0,9.700201e-06,2.4932814e-11,4.993277e-06,-0.20711552,-0.899548,1.0,1.0,1.0,56.0,58.0,2.3146415e-13,6.1774083e-13,4425.0,890.0,2.8172672e-14,1.40072e-13,0
1.0,252.0,253.0,-7.73173e-06,4.7648846e-10,2.1828615e-05,-1.3868802,-0.09966775,1.0,1.0,1.0,74.0,84.0,5.2245903e-13,7.137834e-13,350.0,253.0,1.8908271e-12,1.8833535e-12,0
1.0,386.0,388.0,-9.35789e-06,3.9128023e-10,1.9780804e-05,-1.2246572,-0.18481046,1.0,1.0,1.0,124.0,134.0,3.2789177e-13,7.6929137e-13,540.0,388.0,1.0136794e-12,1.0084542e-12,0
5.0,781.0,157.0,2.0194625e-06,2.5797595e-10,1.606163e-05,-1.0348717,-0.1406973,1.0,1.0,1.0,48.0,52.0,6.9238083e-13,8.076413e-13,3911.0,785.0,3.303149e-13,1.6431589e-12,0
5.0,235.0,48.0,0.24621324,0.101887174,0.31919768,-0.8576983,0.88385105,1.0,1.0,1.0,1.0,5.0,0.0032544117,0.00064863916,1175.0,240.0,0.00043356244,0.0021226495,0
5.0,90.0,19.0,6.916548e-06,4.4228646e-10,2.1030608e-05,-1.3347213,-0.017019803,1.0,1.0,2.0,2.0,3.0,5.38947e-11,1.1904029e-11,450.0,95.0,4.914294e-12,2.3278235e-11,0
1.0,138.0,127.0,0.03177558,0.0015855691,0.039819207,-1.1287459,0.69758964,4.0,1.0,1.0,15.0,19.0,5.6656765e-05,0.0001178727,176.0,127.0,1.1489631e-05,1.2484797e-05,1
5.0,170.0,35.0,0.21147196,0.040470704,0.20117332,-1.3850645,0.39661205,1.0,1.0,1.0,2.0,2.0,0.0016881736,0.00047612205,850.0,175.0,0.00023806297,0.0011563059,0
5.0,80.0,17.0,-4.463564e-06,6.765526e-10,2.6010624e-05,-1.4073781,-0.08912393,1.0,1.0,2.0,1.0,0.0,9.0874065e-11,1.15298925e-11,400.0,85.0,8.456907e-12,3.979721e-11,0
5.0,335.0,58.0,-1.0617437e-06,8.2600754e-10,2.8740347e-05,-1.1000298,0.47473064,2.0,1.0,1.0,2.0,4.0,1.5052434e-10,3.648689e-10,4425.0,290.0,2.4656943e-12,1.424151e-11,1
1.0,748.0,749.0,1.9911638e-05,4.5784354e-10,2.1397278e-05,-1.018917,-0.6770223,2.0,2.0,1.0,1.0,3.0,8.803068e-12,2.4444086e-11,1038.0,749.0,6.120903e-13,6.112731e-13,1
5.0,210.0,43.0,0.12634209,0.01957593,0.139914,-1.0338082,0.78337514,1.0,1.0,1.0,1.0,7.0,0.00076089293,0.00020674015,1050.0,215.0,9.321871e-05,0.00045525416,0
1.0,185.0,186.0,-7.5435382e-06,8.7467235e-11,9.352392e-06,-1.1978992,-0.20818055,3.0,1.0,1.0,41.0,44.0,1.5755302e-12,4.361466e-12,253.0,186.0,4.7279585e-13,4.7025394e-13,0
5.0,95.0,20.0,9.748626e-06,5.007601e-10,2.237767e-05,-1.1139369,-0.25249636,1.0,1.0,1.0,3.0,4.0,5.2228565e-11,1.4624527e-11,475.0,100.0,5.2711594e-12,2.5038006e-11,0
1.0,336.0,290.0,0.0025328347,2.8008824e-05,0.0052923365,2.0480905,1.8873628,15.0,2.0,1.0,22.0,25.0,1.8360056e-06,5.2362607e-06,446.0,290.0,8.3359595e-08,9.658215e-08,0
5.0,80.0,17.0,1.6787135e-06,3.707986e-10,1.9256131e-05,-1.5058857,-0.018123772,1.0,1.0,2.0,1.0,2.0,5.3992463e-11,6.5126585e-12,400.0,85.0,4.6349825e-12,2.1811681e-11,0
5.0,75.0,16.0,1.0219477e-06,5.3033244e-10,2.3028948e-05,-1.4674779,-0.06324612,1.0,1.0,2.0,1.0,2.0,8.461936e-11,1.3539962e-11,375.0,80.0,7.0710993e-12,3.3145778e-11,0
1.0,176.0,160.0,0.2099903,0.04811853,0.21935937,-1.3828738,0.5027771,1.0,1.0,1.0,17.0,27.0,0.00012087109,6.367325e-05,246.0,160.0,0.00027340074,0.00030074082,0
5.0,530.0,107.0,0.37972182,0.16132234,0.4016495,-1.2272992,0.57404196,1.0,1.0,1.0,11.0,27.0,0.0007461281,9.43116e-05,2650.0,535.0,0.00030438177,0.0015076854,0
1.0,391.0,392.0,-3.2345738e-06,1.977654e-10,1.4062909e-05,-0.79576373,-0.8117326,1.0,2.0,2.0,2.0,3.0,1.0906849e-11,3.1264873e-11,533.0,392.0,5.0579387e-13,5.045036e-13,1
1.0,441.0,442.0,0.017010001,0.0003091108,0.017581547,-1.3663782,0.48099008,13.0,1.0,1.0,71.0,86.0,2.1230228e-06,5.8437085e-06,441.0,442.0,7.009315e-07,6.9934566e-07,0
1.0,301.0,302.0,4.268022e-06,5.629414e-10,2.3726387e-05,-0.9134368,-0.46488413,1.0,1.0,1.0,93.0,103.0,4.457724e-13,7.4294564e-13,413.0,302.0,1.8702373e-12,1.8640443e-12,0
1.0,306.0,307.0,5.0745366e-06,1.7746442e-10,1.3321577e-05,1.2731496,1.471848,1.0,1.0,1.0,2.0,2.0,1.5722031e-11,4.2015398e-11,342.0,307.0,5.7994907e-13,5.7806e-13,1
5.0,60.0,13.0,0.86892706,0.02010427,0.14178953,-1.157973,-0.12429043,1.0,1.0,1.0,1.0,0.0,0.004306259,0.0012775047,300.0,65.0,0.00033507118,0.0015464824,0
5.0,90.0,19.0,-1.944846e-06,5.7402216e-10,2.395876e-05,-1.300951,0.0975984,1.0,1.0,2.0,1.0,3.0,7.036494e-11,1.21184816e-11,450.0,95.0,6.3780244e-12,3.0211694e-11,0
1.0,187.0,188.0,-1.8629236e-06,7.579213e-10,2.753037e-05,-1.4837958,-0.034872826,1.0,1.0,1.0,45.0,51.0,1.7724308e-12,2.676771e-12,187.0,188.0,4.053055e-12,4.031496e-12,0
5.0,182.0,37.0,4.0121975e-07,1.3732766e-10,1.1718688e-05,-1.0915364,-0.04834694,2.0,1.0,1.0,2.0,2.0,2.0069765e-11,3.3568853e-11,926.0,185.0,7.545476e-13,3.7115584e-12,1
5.0,75.0,16.0,3.0161532e-06,1.6260662e-10,1.275173e-05,-1.3979367,0.002480928,1.0,1.0,2.0,2.0,4.0,2.6747776e-11,5.719421e-12,375.0,80.0,2.1680882e-12,1.0162914e-11,0
5.0,235.0,48.0,-2.7431884e-07,4.3280485e-10,2.0803962e-05,-1.4832892,-0.0093221655,1.0,1.0,1.0,5.0,14.0,7.829785e-12,1.057196e-12,1175.0,240.0,1.8417227e-12,9.016767e-12,0
5.0,55.0,12.0,0.8338537,0.015970472,0.12637433,-1.3710861,0.04848688,1.0,1.0,1.0,1.0,0.0,0.004650547,0.0009803239,275.0,60.0,0.0002903722,0.0013308726,0
1.0,292.0,293.0,0.17325172,0.04366275,0.20895633,-1.0969054,0.7477676,2.0,1.0,1.0,32.0,42.0,6.648399e-05,9.4860276e-05,292.0,293.0,0.00014952997,0.00014901962,0
1.0,175.0,176.0,1.494401e-06,2.7181168e-10,1.6486712e-05,-1.4919573,-0.015243301,1.0,1.0,1.0,50.0,57.0,7.1063354e-13,1.1492262e-12,235.0,176.0,1.5532096e-12,1.5443846e-12,0
5.0,80.0,17.0,9.852385e-06,5.843438e-10,2.4173205e-05,-1.0553617,-0.207657,1.0,1.0,1.0,1.0,3.0,8.18111e-11,1.4730302e-11,400.0,85.0,7.304298e-12,3.4373168e-11,0
5.0,80.0,17.0,0.07038959,0.003073458,0.05543878,-1.4963337,0.107041135,1.0,1.0,1.0,1.0,0.0,0.0004504218,7.823977e-05,400.0,85.0,3.8418228e-05,0.00018079166,0
5.0,185.0,38.0,0.0530667,0.005275003,0.07262922,-0.53939974,1.0151969,2.0,1.0,1.0,2.0,3.0,0.0015519396,0.003017406,925.0,190.0,2.851353e-05,0.00013881587,1
1.0,372.0,363.0,0.004709245,2.5035279e-05,0.0050035263,-1.3094623,0.4846274,47.0,1.0,1.0,59.0,69.0,3.1627515e-06,9.475837e-06,482.0,363.0,6.729913e-08,6.896771e-08,0
5.0,325.0,66.0,0.14070454,0.030507008,0.17466256,-0.9707951,0.8335224,1.0,1.0,1.0,3.0,5.0,0.00058252824,0.0002898159,1625.0,330.0,9.386772e-05,0.0004622274,0
5.0,380.0,77.0,0.62494844,0.09494723,0.3081351,-1.4567765,0.082832,1.0,1.0,1.0,4.0,23.0,0.00067718123,6.87538e-05,1900.0,385.0,0.00024986113,0.0012330809,0
1.0,439.0,440.0,-7.3756464e-06,1.10433045e-10,1.0508713e-05,-1.3624942,-0.17528957,2.0,2.0,2.0,1.0,4.0,2.911672e-12,5.926026e-12,511.0,440.0,2.515559e-13,2.5098418e-13,1
1.0,371.0,372.0,-5.3995996e-06,5.5983745e-11,7.4822287e-06,-1.510656,-0.1216109,1.0,1.0,1.0,64.0,81.0,3.9675026e-13,9.719004e-13,507.0,372.0,1.5089958e-13,1.5049393e-13,1
5.0,250.0,51.0,0.22229858,0.094917394,0.30808666,-0.4404618,1.0533805,2.0,1.0,1.0,1.0,1.0,0.017396463,0.04650056,1250.0,255.0,0.0003796696,0.0018611255,1
5.0,225.0,46.0,-6.101513e-06,7.4130764e-11,8.609923e-06,-1.5077952,0.022436345,1.0,1.0,1.0,7.0,15.0,1.6956805e-12,6.788934e-13,1125.0,230.0,3.2947007e-13,1.6115384e-12,0
1.0,369.0,370.0,4.9636433e-06,1.4585835e-10,1.2077183e-05,-1.3512031,-0.08359017,1.0,1.0,1.0,116.0,124.0,2.5613067e-13,6.3858565e-13,459.0,370.0,3.9528008e-13,3.9421176e-13,0
5.0,265.0,54.0,0.22294928,0.121782586,0.34897363,-0.06969317,1.2460643,1.0,1.0,1.0,1.0,5.0,0.004215247,0.00046369087,1325.0,270.0,0.00045955693,0.002255233,0
1.0,170.0,171.0,-7.1963555e-06,6.8046974e-10,2.6085816e-05,-1.3265287,0.10168249,2.0,1.0,1.0,1.0,2.0,5.4709487e-11,1.6092712e-10,236.0,171.0,4.0027634e-12,3.9793555e-12,1
5.0,90.0,19.0,0.08760848,0.0055393656,0.07442691,-1.4286069,0.2350523,1.0,1.0,1.0,1.0,3.0,0.00071138935,0.0001891832,450.0,95.0,6.1548504e-05,0.00029154556,0
5.0,570.0,115.0,5.824768e-06,1.5793129e-10,1.2567072e-05,-0.4981264,-0.42768326,1.0,1.0,1.0,28.0,38.0,8.5377994e-13,5.6009987e-13,2850.0,575.0,2.7707245e-13,1.3733156e-12,0
1.0,267.0,238.0,0.27369988,0.12653033,0.35571104,-0.9067774,0.8637725,1.0,1.0,1.0,17.0,31.0,0.00018578621,7.805171e-05,349.0,238.0,0.0004738964,0.0005316401,0
5.0,250.0,51.0,4.5324282e-07,4.736136e-10,2.1762664e-05,-0.76875764,-0.54310036,1.0,1.0,1.0,10.0,17.0,6.68924e-12,1.446163e-12,1250.0,255.0,1.8944542e-12,9.28654e-12,0
5.0,205.0,42.0,0.22980767,0.05594015,0.2365167,-1.3866767,0.46037063,1.0,1.0,1.0,2.0,4.0,0.0018088637,0.0007268753,1025.0,210.0,0.0002728788,0.0013319084,0
1.0,231.0,232.0,-2.4303652e-06,7.350877e-10,2.71125e-05,-1.4392165,-0.01539101,1.0,1.0,1.0,58.0,76.0,9.188304e-13,1.0601011e-12,231.0,232.0,3.1821978e-12,3.1684815e-12,0
5.0,235.0,48.0,-7.301357e-07,6.7490874e-10,2.5979007e-05,-1.4568152,0.015307775,1.0,1.0,1.0,2.0,17.0,1.1858819e-11,8.973188e-13,1175.0,240.0,2.8719522e-12,1.4060599e-11,0
5.0,560.0,113.0,0.34605658,0.15293092,0.3910638,-1.1989465,0.6445066,1.0,1.0,1.0,6.0,18.0,0.00075989746,0.00016269268,2800.0,565.0,0.0002730909,0.0013533708,0
1.0,294.0,295.0,0.31741443,0.14770824,0.38432828,-1.1112227,0.73331976,1.0,1.0,1.0,21.0,28.0,0.00018498766,0.00021386312,294.0,295.0,0.00050240895,0.00050070585,0
1.0,391.0,351.0,0.18884034,0.05861256,0.24210031,-1.0112581,0.8121546,2.0,1.0,1.0,16.0,19.0,0.00012392092,0.0002509533,535.0,351.0,0.00014990424,0.00016698735,0
5.0,655.0,132.0,2.6004598e-06,7.6978546e-10,2.7745007e-05,-1.3696694,-0.15346812,1.0,1.0,1.0,3.0,7.0,4.6423802e-12,6.2772496e-12,3275.0,660.0,1.1752449e-12,5.831708e-12,1
1.0,486.0,455.0,0.10553482,0.023992352,0.15489465,-0.6064197,1.0436648,2.0,1.0,1.0,39.0,46.0,1.6244056e-05,1.3722361e-05,596.0,455.0,4.936698e-05,5.2730444e-05,0
5.0,315.0,64.0,0.20867094,0.09390931,0.30644625,-0.2958072,1.1456242,1.0,1.0,1.0,1.0,9.0,0.002049297,0.00015737135,1575.0,320.0,0.0002981248,0.001467333,0
5.0,215.0,44.0,-1.4242894e-05,1.5634266e-10,1.2503706e-05,-1.195932,-0.36494493,1.0,1.0,1.0,5.0,15.0,2.9418232e-12,8.6312614e-13,1075.0,220.0,7.2717516e-13,3.5532421e-12,0
5.0,550.0,111.0,0.31047815,0.12721069,0.3566661,-1.3015163,0.60855544,1.0,1.0,1.0,4.0,15.0,0.000634961,0.00010736437,2750.0,555.0,0.00023129217,0.0011460423,0
1.0,158.0,159.0,-4.313484e-06,9.743291e-11,9.8708115e-06,-1.3936797,0.0043021026,2.0,1.0,1.0,28.0,36.0,2.013044e-12,4.2492455e-12,158.0,159.0,6.16664e-13,6.127856e-13,0
5.0,80.0,17.0,1.0818455e-05,4.8796606e-10,2.2089953e-05,-0.9778127,-0.17276993,1.0,1.0,1.0,2.0,3.0,7.3164204e-11,9.881898e-12,400.0,85.0,6.0995757e-12,2.8703886e-11,0
1.0,169.0,170.0,1.5444158e-08,2.365498e-10,1.5380176e-05,-1.5192485,-0.02274044,1.0,1.0,1.0,50.0,56.0,6.5478715e-13,9.636568e-13,211.0,170.0,1.3997029e-12,1.3914694e-12,0
5.0,80.0,17.0,-1.3885006e-06,1.4810872e-10,1.2169992e-05,-1.4625038,-0.09323231,1.0,1.0,2.0,1.0,1.0,2.1635273e-11,2.3458386e-12,400.0,85.0,1.851359e-12,8.712277e-12,0
5.0,265.0,54.0,0.3617423,0.14929648,0.38638902,-1.0814406,0.7230087,1.0,1.0,1.0,1.0,7.0,0.003211019,0.00038739573,1325.0,270.0,0.0005633829,0.0027647496,0
5.0,281.0,57.0,7.1610784e-06,3.759887e-11,6.1317915e-06,-1.5169932,-0.06981229,1.0,1.0,1.0,18.0,19.0,7.156946e-13,7.908176e-13,1435.0,285.0,1.338038e-13,6.5962925e-13,0
1.0,251.0,253.0,-1.024168e-05,2.705021e-10,1.6446947e-05,-1.4580858,-0.0475477,1.0,1.0,1.0,75.0,90.0,4.8247186e-13,9.407023e-13,347.0,253.0,1.0776976e-12,1.0691782e-12,0
5.0,195.0,40.0,-2.6569396e-06,1.1002529e-10,1.0489294e-05,-0.568877,-0.7922105,1.0,1.0,1.0,10.0,15.0,1.9872405e-12,6.5644034e-13,975.0,200.0,5.6423225e-13,2.7506322e-12,0
1.0,216.0,217.0,2.265339e-06,1.3622749e-10,1.1671653e-05,-1.4890604,0.0019479593,2.0,1.0,1.0,26.0,51.0,6.692201e-13,1.3332062e-12,254.0,217.0,6.306828e-13,6.277764e-13,1
5.0,345.0,70.0,0.111151025,0.0255605,0.15987651,-0.6276609,1.0277398,2.0,1.0,1.0,3.0,3.0,0.00204414,0.0048322817,1725.0,350.0,7.4088406e-05,0.00036515,1
1.0,158.0,160.0,-7.133315e-06,4.1586926e-10,2.0392872e-05,-1.4287648,-0.021996964,1.0,1.0,1.0,31.0,40.0,6.507023e-12,1.787873e-11,220.0,160.0,2.632084e-12,2.599183e-12,0
5.0,35.0,8.0,0.9444215,0.014571277,0.12071154,-0.8988222,-0.45896453,1.0,1.0,1.0,1.0,0.0,0.00769583,0.0018274572,175.0,40.0,0.0004163222,0.0018214097,0
1.0,313.0,280.0,0.24722172,0.12489775,0.35340875,-0.5391833,1.0516207,1.0,1.0,1.0,20.0,27.0,0.00017533585,0.000111844914,421.0,280.0,0.00039903432,0.00044606338,0
1.0,175.0,173.0,0.28419033,0.082931384,0.2879781,-1.347834,0.5160152,1.0,1.0,1.0,13.0,14.0,0.00023173606,0.00021718715,207.0,173.0,0.00047389363,0.00047937216,0
1.0,512.0,514.0,2.4247872e-06,1.5627988e-10,1.2501195e-05,-0.42604485,-0.56592184,4.0,2.0,2.0,42.0,60.0,2.4985222e-12,6.6320083e-12,648.0,514.0,3.0523414e-13,3.0404645e-13,1
5.0,290.0,59.0,-1.1974657e-06,7.292157e-10,2.7003993e-05,-1.5020207,0.06289171,1.0,1.0,1.0,6.0,18.0,8.895738e-12,1.0770721e-12,1450.0,295.0,2.5145368e-12,1.2359587e-11,0
1.0,182.0,183.0,1.7816113e-06,4.0341777e-10,2.0085263e-05,-0.83385587,-0.4487887,1.0,1.0,1.0,26.0,37.0,3.6082947e-12,9.70165e-12,182.0,183.0,2.216581e-12,2.2044686e-12,0
5.0,190.0,39.0,0.35032558,0.12808241,0.35788605,-1.2358644,0.61296105,1.0,1.0,1.0,2.0,5.0,0.004743138,0.0006439998,950.0,195.0,0.000674118,0.0032841645,0
1.0,222.0,223.0,2.1581268e-06,2.9226704e-10,1.709582e-05,-0.98897755,-0.28013766,2.0,1.0,1.0,1.0,1.0,2.4086172e-11,7.1766995e-11,222.0,223.0,1.3165182e-12,1.3106146e-12,1
5.0,160.0,33.0,0.111757524,0.009329068,0.0965871,-1.675368,-0.052753255,2.0,1.0,1.0,1.0,1.0,0.002758797,0.0072779907,800.0,165.0,5.830667e-05,0.000282699,1
5.0,765.0,154.0,0.327623,0.14496608,0.3807441,-1.1927364,0.65819246,1.0,1.0,1.0,14.0,21.0,0.00041263908,0.0001333368,3825.0,770.0,0.00018949814,0.0009413382,0
5.0,40.0,9.0,0.97883713,0.012597082,0.11223672,-1.0816306,-0.24767835,1.0,1.0,1.0,1.0,0.0,0.0061711837,0.0016088065,200.0,45.0,0.00031492705,0.0013996758,0
1.0,178.0,179.0,-2.2378415e-06,1.9518356e-10,1.3970811e-05,-1.5101081,0.033368815,1.0,1.0,1.0,38.0,44.0,6.782468e-13,1.1857555e-12,206.0,179.0,1.0965368e-12,1.090411e-12,1
5.0,85.0,18.0,9.550059e-06,5.0463606e-10,2.2464106e-05,-0.97829974,-0.27620798,1.0,1.0,1.0,1.0,4.0,6.290639e-11,1.5326485e-11,425.0,90.0,5.936895e-12,2.8035336e-11,0
1.0,250.0,251.0,3.2757653e-06,8.3576264e-11,9.142005e-06,-1.1002301,-0.27339584,1.0,1.0,1.0,75.0,79.0,2.5203177e-13,6.1575143e-13,328.0,251.0,3.3430507e-13,3.3297318e-13,0
1.0,204.0,205.0,-2.1547942e-06,1.2088117e-10,1.0994598e-05,-1.4369448,-0.11765108,2.0,2.0,1.0,1.0,5.0,2.872689e-12,5.6272417e-12,234.0,205.0,5.9255476e-13,5.896642e-13,1
5.0,271.0,55.0,3.0009762e-06,2.40158e-10,1.5497031e-05,-1.4986225,-0.011943792,1.0,1.0,1.0,7.0,17.0,3.4512991e-12,8.2606724e-13,1361.0,275.0,8.861919e-13,4.366509e-12,0
5.0,70.0,15.0,-9.888173e-07,2.5298275e-10,1.590543e-05,-1.4748536,-0.030155005,1.0,1.0,2.0,1.0,2.0,4.7487042e-11,6.7658444e-12,350.0,75.0,3.6140392e-12,1.6865516e-11,0
5.0,212.0,43.0,-9.0664855e-07,1.319769e-10,1.148812e-05,-1.5164526,-0.063160874,1.0,1.0,1.0,11.0,14.0,3.256675e-12,1.0797216e-12,1084.0,215.0,6.2253257e-13,3.0692302e-12,0
5.0,245.0,50.0,1.3686058e-06,3.2143385e-10,1.7928576e-05,-1.4213374,-0.07594966,1.0,1.0,1.0,11.0,20.0,5.4698646e-12,1.2513542e-12,1225.0,250.0,1.3119748e-12,6.428677e-12,0
5.0,75.0,16.0,1.3312338e-06,2.4088817e-10,1.5520573e-05,-1.3703439,-0.1643776,1.0,1.0,2.0,1.0,3.0,3.5246583e-11,4.784085e-12,375.0,80.0,3.2118423e-12,1.505551e-11,0
5.0,870.0,175.0,1.7082066e-05,9.8217524e-11,9.9104755e-06,-0.5491066,-0.4288631,19.0,5.0,2.0,20.0,21.0,6.582765e-11,1.9545279e-10,4350.0,875.0,1.1289371e-13,5.61243e-13,1
1.0,196.0,197.0,4.515496e-06,1.1657847e-10,1.0797151e-05,-1.2208385,-0.061299276,1.0,1.0,1.0,13.0,10.0,9.36689e-13,1.8417657e-12,244.0,197.0,5.947881e-13,5.9176893e-13,1
5.0,260.0,53.0,-4.217315e-07,7.4366485e-10,2.727022e-05,-1.379161,-0.05775113,1.0,1.0,1.0,5.0,17.0,1.0782885e-11,1.1764645e-12,1300.0,265.0,2.8602496e-12,1.4031412e-11,0
5.0,265.0,54.0,1.8636312e-06,2.7933036e-10,1.6713178e-05,-1.5042143,0.08466333,1.0,1.0,1.0,6.0,17.0,4.0322108e-12,3.875356e-13,1325.0,270.0,1.0540769e-12,5.1727845e-12,0
5.0,235.0,48.0,0.39608905,0.26564687,0.5154094,-0.61434346,0.94524527,1.0,1.0,1.0,1.0,3.0,0.008630697,0.001501856,1175.0,240.0,0.0011304122,0.00553431,0
5.0,105.0,22.0,-1.5119787e-06,5.361959e-10,2.3155904e-05,-1.1528349,-0.23309264,1.0,1.0,1.0,1.0,3.0,3.814549e-11,3.4288494e-12,525.0,110.0,5.106628e-12,2.4372542e-11,0
5.0,410.0,83.0,0.5629033,0.12636803,0.35548282,-1.4120239,0.2040066,1.0,1.0,1.0,7.0,25.0,0.000792397,8.087114e-05,2050.0,415.0,0.00030821472,0.0015225064,0
5.0,640.0,129.0,1.4260508e-05,2.1639275e-10,1.4710294e-05,-1.1781913,-0.12972037,1.0,1.0,1.0,30.0,41.0,7.3332134e-13,7.218577e-13,3200.0,645.0,3.3811368e-13,1.6774632e-12,0
1.0,668.0,620.0,0.1931284,0.06518151,0.2553067,-0.919163,0.8694337,3.0,1.0,1.0,97.0,172.0,1.787751e-05,1.29508435e-05,916.0,620.0,9.757711e-05,0.00010513147,0
1.0,168.0,169.0,-3.6535744e-06,2.2858249e-10,1.5118945e-05,-1.399524,-0.05468522,1.0,1.0,1.0,43.0,51.0,1.5832004e-12,3.8975693e-12,202.0,169.0,1.3606101e-12,1.3525591e-12,0
1.0,496.0,497.0,7.720787e-06,5.4532207e-10,2.3352133e-05,-1.4431665,-0.0031486065,1.0,1.0,1.0,143.0,159.0,3.0216232e-13,6.296257e-13,496.0,497.0,1.0994397e-12,1.0972276e-12,0
5.0,475.0,96.0,0.41486892,0.17104428,0.413575,-1.3538737,0.49208456,1.0,1.0,1.0,9.0,25.0,0.000963595,0.00014022176,2375.0,480.0,0.00036009323,0.0017817112,0
5.0,265.0,54.0,5.6881286e-06,1.0260292e-09,3.203169e-05,-1.4072362,-0.090264186,1.0,1.0,1.0,6.0,19.0,1.4033994e-11,1.6312256e-12,1325.0,270.0,3.871808e-12,1.9000539e-11,0
5.0,220.0,45.0,0.120743886,0.03691488,0.19213246,1.5492519,1.6415533,2.0,2.0,1.0,1.0,2.0,0.014489605,0.029191634,1100.0,225.0,0.00016779492,0.0008203307,1
1.0,194.0,195.0,-1.5552825e-05,3.161141e-10,1.7779597e-05,-1.376282,-0.51341754,1.0,1.0,1.0,1.0,3.0,2.5645159e-12,4.187943e-12,232.0,195.0,1.6294541e-12,1.6210979e-12,1
5.0,235.0,48.0,2.9478083e-06,2.951185e-10,1.7179013e-05,-1.3749995,-0.09239118,1.0,1.0,1.0,6.0,19.0,5.1651452e-12,1.1854925e-12,1175.0,240.0,1.2558234e-12,6.148302e-12,0
5.0,285.0,58.0,0.19787064,0.056045096,0.23673846,-0.23583123,1.1254325,1.0,1.0,1.0,2.0,8.0,0.0017860536,0.0004047555,1425.0,290.0,0.00019664946,0.0009662948,1
1.0,471.0,472.0,0.055446383,0.008187916,0.09048711,-0.13255298,1.2656108,3.0,2.0,1.0,23.0,56.0,1.3252858e-05,7.647054e-06,471.0,472.0,1.738411e-05,1.734728e-05,1
1.0,671.0,673.0,2.6254702e-06,4.6008847e-10,2.1449672e-05,-1.2690655,-0.1880213,3.0,2.0,1.0,2.0,3.0,5.385483e-12,1.4869142e-11,921.0,673.0,6.856758e-13,6.836381e-13,1
5.0,155.0,32.0,0.11786919,0.01843246,0.13576621,-1.2282029,0.6437555,1.0,1.0,1.0,2.0,4.0,0.0012019927,0.00057590374,775.0,160.0,0.0001189191,0.0005760144,0
5.0,655.0,132.0,2.0949667e-05,3.01781e-10,1.7371845e-05,-1.4658363,-0.04987377,1.0,1.0,1.0,38.0,45.0,8.638141e-13,5.0985615e-13,3275.0,660.0,4.6073437e-13,2.2862196e-12,0
5.0,100.0,21.0,4.060673e-06,4.5137402e-10,2.1245565e-05,-1.3276019,-0.14666559,1.0,1.0,2.0,1.0,5.0,4.138254e-11,5.0666255e-12,500.0,105.0,4.51374e-12,2.1494001e-11,0
1.0,551.0,552.0,1.4230007e-05,4.8525506e-10,2.2028506e-05,-1.4081,0.0489697,2.0,2.0,1.0,1.0,3.0,1.5257447e-12,3.092423e-12,553.0,552.0,8.806807e-13,8.7908527e-13,1
1.0,281.0,282.0,0.22649387,0.11690801,0.34191814,-0.22165407,1.1881878,1.0,1.0,1.0,18.0,43.0,0.00019649885,0.00015611218,281.0,282.0,0.00041604272,0.00041456742,0
5.0,220.0,45.0,0.12633206,0.025881324,0.16087674,-1.0263684,0.79896945,1.0,1.0,1.0,1.0,5.0,0.0009422337,0.0002875735,1100.0,225.0,0.000117642376,0.0005751405,0
1.0,264.0,265.0,-3.5782923e-06,9.166052e-10,3.0275487e-05,-1.5047333,0.02748872,1.0,1.0,1.0,79.0,90.0,9.442409e-13,1.2007915e-12,264.0,265.0,3.4719892e-12,3.4588875e-12,0
5.0,100.0,21.0,8.6069906e-07,3.6335446e-10,1.906186e-05,-1.391261,-0.11433017,1.0,1.0,2.0,1.0,1.0,3.341374e-11,2.7596029e-12,500.0,105.0,3.6335446e-12,1.7302593e-11,0
1.0,451.0,432.0,0.20352238,0.06372409,0.2524363,-0.7836839,0.9279334,1.0,1.0,1.0,15.0,27.0,9.259001e-05,0.0001715632,619.0,432.0,0.00014129511,0.00014750948,0
1.0,314.0,297.0,0.30433834,0.11475725,0.3387584,-1.2298193,0.64223766,2.0,1.0,1.0,21.0,28.0,0.00019720427,0.00035817243,414.0,297.0,0.00036546896,0.00038638804,0
1.0,183.0,184.0,-4.545543e-06,3.8296916e-10,1.9569597e-05,-0.7126271,-0.07236603,2.0,2.0,2.0,1.0,2.0,1.2959194e-11,2.5482488e-11,239.0,184.0,2.0927277e-12,2.0813542e-12,1
1.0,177.0,179.0,-1.8439049e-06,5.8195904e-10,2.4123827e-05,-1.4052033,-0.015879191,1.0,1.0,1.0,45.0,60.0,9.382178e-13,6.780398e-13,247.0,179.0,3.287904e-12,3.2511678e-12,0
5.0,150.0,31.0,-2.3720409e-06,9.69241e-11,9.845004e-06,-0.738367,-0.6943789,1.0,1.0,1.0,6.0,9.0,2.736355e-12,7.5367967e-13,750.0,155.0,6.4616064e-13,3.1265838e-12,0
5.0,75.0,16.0,1.301156e-05,4.856763e-10,2.2038064e-05,-1.3793998,-0.14991166,1.0,1.0,2.0,1.0,3.0,7.944313e-11,1.5267664e-11,375.0,80.0,6.4756837e-12,3.0354767e-11,0
1.0,222.0,223.0,0.3346083,0.16125832,0.4015698,-0.9939176,0.79673046,1.0,1.0,1.0,26.0,31.0,0.00034908095,0.00039259263,222.0,223.0,0.0007263889,0.0007231315,0
5.0,480.0,97.0,0.352471,0.1387456,0.37248573,-1.2538382,0.59407663,1.0,1.0,1.0,4.0,15.0,0.00084198045,0.00016602085,2400.0,485.0,0.00028905334,0.0014303671,0
5.0,250.0,51.0,-2.7239446e-06,1.0314913e-09,3.2116837e-05,-1.4639316,0.21788138,1.0,1.0,1.0,1.0,16.0,1.6764277e-11,7.178237e-13,1250.0,255.0,4.125965e-12,2.022532e-11,0
1.0,322.0,323.0,-3.0496729e-05,1.4227633e-11,3.7719535e-06,-1.2340584,-0.23005645,2.0,1.0,1.0,104.0,108.0,1.9623298e-13,5.531091e-13,446.0,323.0,4.4185196e-14,4.40484e-14,0
5.0,555.0,112.0,0.29920053,0.12088775,0.34768915,-1.1392719,0.69636416,1.0,1.0,1.0,2.0,17.0,0.0006317472,0.00011062173,2775.0,560.0,0.00021781577,0.0010793549,0
5.0,264.0,54.0,0.23151715,0.11403779,0.33769482,-0.3226143,1.1386658,1.0,1.0,1.0,1.0,6.0,0.0035025927,0.00034224684,1318.0,270.0,0.00043196132,0.002111811,0
5.0,350.0,71.0,-4.4396006e-06,1.0965751e-10,1.0471748e-05,-1.2581931,-0.10506189,1.0,1.0,1.0,22.0,22.0,1.101283e-12,9.448631e-13,1750.0,355.0,3.133072e-13,1.544472e-12,0
1.0,501.0,502.0,5.773268e-06,4.412677e-10,2.1006372e-05,-0.4508547,-0.39018372,4.0,4.0,4.0,4.0,8.0,2.4974897e-11,5.89164e-11,657.0,502.0,8.807738e-13,8.790193e-13,1
1.0,162.0,146.0,0.026904868,0.0015358165,0.039189495,-0.74569106,0.9674651,2.0,1.0,1.0,12.0,17.0,3.9627746e-05,8.554873e-05,204.0,146.0,9.480348e-06,1.051929e-05,1
5.0,115.0,24.0,4.683057e-06,5.137363e-10,2.2665752e-05,-1.2805935,-0.12234475,1.0,1.0,1.0,1.0,8.0,3.6547963e-11,5.4166563e-12,575.0,120.0,4.467272e-12,2.140568e-11,0
5.0,255.0,52.0,0.048018772,0.0052163713,0.07222445,-0.49583414,1.0803144,1.0,1.0,1.0,2.0,4.0,0.0002464483,0.00021640281,1275.0,260.0,2.0456358e-05,0.000100314835,0
5.0,230.0,47.0,0.2773092,0.11552888,0.3398954,-0.6314663,0.98266506,1.0,1.0,1.0,1.0,9.0,0.0039454116,0.00034371807,1150.0,235.0,0.00050229946,0.0024580613,0
5.0,390.0,79.0,0.5750211,0.15301158,0.39116696,-1.4309486,0.1793735,1.0,1.0,1.0,6.0,22.0,0.001041272,9.875533e-05,1950.0,395.0,0.0003923374,0.0019368554,0
1.0,386.0,387.0,3.8650337e-06,8.0441365e-10,2.8362187e-05,-1.4347894,0.0136373835,1.0,1.0,1.0,123.0,132.0,4.8122e-13,7.857986e-13,536.0,387.0,2.0839732e-12,2.0785884e-12,0
1.0,183.0,184.0,0.083090626,0.008549087,0.09246127,-1.1716589,0.6452906,2.0,1.0,1.0,23.0,36.0,4.989789e-05,8.709443e-05,183.0,184.0,4.6716323e-05,4.6462428e-05,1
5.0,175.0,36.0,0.21304397,0.015858348,0.12592994,-1.0462058,-0.4008217,3.0,1.0,1.0,3.0,4.0,0.0014491724,0.0004210891,875.0,180.0,9.0619134e-05,0.00044050967,1
5.0,285.0,58.0,0.29111204,0.17682992,0.42051148,-0.47057027,1.081009,1.0,1.0,1.0,1.0,5.0,0.0044476273,0.00031654068,1425.0,290.0,0.00062045583,0.0030487918,0
5.0,120.0,25.0,-1.504152e-08,1.8442894e-10,1.3580462e-05,-0.95117867,-0.39111897,1.0,1.0,1.0,1.0,5.0,1.12333415e-11,1.0827042e-12,600.0,125.0,1.5369079e-12,7.377158e-12,0
5.0,175.0,36.0,0.101758815,0.012786346,0.113076724,-1.0402172,0.7227687,2.0,1.0,1.0,3.0,3.0,0.001493116,0.0028846695,875.0,180.0,7.306483e-05,0.00035517628,1
5.0,260.0,53.0,3.4311902e-06,2.4186905e-10,1.555214e-05,-1.3573816,-0.16635251,3.0,1.0,1.0,3.0,3.0,1.9453094e-11,4.195389e-11,1300.0,265.0,9.302656e-13,4.563567e-12,1
5.0,890.0,179.0,-1.0367415e-05,2.8549285e-10,1.6896534e-05,-1.2821648,-0.18023865,1.0,1.0,1.0,52.0,60.0,6.491689e-13,7.1392214e-13,4450.0,895.0,3.2077848e-13,1.5949322e-12,0
1.0,328.0,329.0,6.4328015e-06,1.8101066e-10,1.34540205e-05,-0.6693012,-0.5799301,1.0,1.0,1.0,91.0,105.0,2.7237376e-13,6.0664516e-13,328.0,329.0,5.518618e-13,5.501844e-13,0
5.0,85.0,18.0,2.632456e-06,3.7908737e-10,1.9470166e-05,-1.2615474,-0.2050406,1.0,1.0,2.0,1.0,3.0,4.5458515e-11,4.5935872e-12,425.0,90.0,4.4598518e-12,2.106041e-11,0
1.0,249.0,250.0,2.5603076e-06,5.6133403e-10,2.369249e-05,-1.4583844,-0.039400727,1.0,1.0,1.0,67.0,66.0,2.0902876e-12,4.50763e-12,249.0,250.0,2.2543536e-12,2.2453363e-12,0
5.0,410.0,83.0,0.6512173,0.04968011,0.22289035,-1.4078716,0.15475139,1.0,1.0,1.0,17.0,26.0,0.00032720334,7.319203e-05,2050.0,415.0,0.000121171,0.00059855555,0
5.0,230.0,47.0,1.3501328e-06,4.062223e-10,2.0154957e-05,-1.4785889,0.12509766,1.0,1.0,1.0,1.0,14.0,7.68449e-12,4.8678965e-13,1150.0,235.0,1.766184e-12,8.643028e-12,0
5.0,236.0,48.0,-6.2037743e-06,1.6979611e-10,1.3030583e-05,-0.8855683,-0.411001,2.0,1.0,1.0,2.0,5.0,8.548472e-12,1.25405806e-11,1186.0,240.0,7.1947504e-13,3.5374188e-12,1
5.0,235.0,48.0,3.7476032e-06,6.1153177e-10,2.4729168e-05,-0.8247892,-0.5452023,1.0,1.0,1.0,5.0,15.0,8.415105e-12,1.0984822e-12,1175.0,240.0,2.6022628e-12,1.27402455e-11,0
5.0,830.0,167.0,0.22646037,0.08316899,0.28839034,-0.83796257,0.86994666,2.0,1.0,1.0,12.0,27.0,0.00022162953,5.216978e-05,4150.0,835.0,0.0001002036,0.0004980179,0
5.0,215.0,44.0,0.22843869,0.10695601,0.3270413,-0.5748468,1.0369154,1.0,1.0,1.0,1.0,2.0,0.0046381466,0.000559773,1075.0,220.0,0.00049746985,0.0024308185,0
1.0,288.0,258.0,0.25552168,0.121804535,0.34900507,-0.7007966,0.9703865,1.0,1.0,1.0,13.0,25.0,0.00017128579,8.789671e-05,388.0,258.0,0.0004229324,0.0004721106,0
5.0,75.0,16.0,-3.3281063e-07,6.0873695e-10,2.4672596e-05,-1.4655911,0.003929596,1.0,1.0,2.0,1.0,3.0,9.9261085e-11,1.332893e-11,375.0,80.0,8.116493e-12,3.804606e-11,0
1.0,252.0,236.0,0.2754308,0.1162267,0.3409204,-1.0621322,0.7666921,1.0,1.0,1.0,9.0,23.0,0.00019774945,0.0001618531,332.0,236.0,0.00046121707,0.000492486,0
1.0,188.0,189.0,2.7385836e-06,2.4363128e-10,1.5608692e-05,-1.4228863,-0.07848381,1.0,1.0,1.0,54.0,61.0,6.1574785e-13,9.692337e-13,188.0,189.0,1.2959111e-12,1.2890544e-12,0
5.0,75.0,16.0,2.1535532e-06,5.855113e-10,2.4197341e-05,-1.489803,0.004379442,1.0,1.0,2.0,1.0,2.0,9.5685834e-11,1.3138403e-11,375.0,80.0,7.806817e-12,3.6594457e-11,0
5.0,940.0,188.0,-5.370822e-06,1.011658e-10,1.0058121e-05,-0.9044532,-0.4285124,1.0,1.0,1.0,58.0,62.0,3.849843e-13,7.907341e-13,4792.0,940.0,1.07623186e-13,5.3811594e-13,0
5.0,75.0,16.0,2.3918512e-06,5.9395583e-10,2.437121e-05,-1.4662284,-0.098579615,1.0,1.0,2.0,1.0,0.0,9.6673516e-11,9.73149e-12,375.0,80.0,7.919411e-12,3.712224e-11,0
5.0,245.0,50.0,0.27865025,0.08015623,0.28311875,-1.4173425,0.4406079,1.0,1.0,1.0,3.0,11.0,0.0016830785,0.00031372323,1225.0,250.0,0.0003271683,0.0016031247,0
5.0,255.0,52.0,2.5286434e-05,3.6657824e-10,1.9146233e-05,-0.5913692,-0.7488444,1.0,1.0,1.0,7.0,17.0,4.466803e-12,6.2655957e-13,1275.0,260.0,1.4375618e-12,7.049582e-12,0
1.0,841.0,737.0,0.11336649,0.024541618,0.15665765,-0.68099654,0.98573214,5.0,1.0,1.0,112.0,114.0,6.5170734e-06,8.601532e-06,1151.0,737.0,2.9181472e-05,3.3299348e-05,0
1.0,396.0,397.0,1.213706e-05,4.862786e-10,2.2051725e-05,-0.80495304,-0.72243917,1.0,1.0,1.0,127.0,132.0,2.461912e-13,5.3936575e-13,552.0,397.0,1.2279762e-12,1.224883e-12,0
5.0,210.0,43.0,-5.731292e-06,4.085934e-10,2.0213694e-05,-1.5240909,0.019763317,1.0,1.0,1.0,4.0,11.0,9.272851e-12,1.2100568e-12,1050.0,215.0,1.945683e-12,9.5021725e-12,0
5.0,175.0,36.0,0.3305023,0.14902332,0.38603538,-0.865802,0.8167309,2.0,1.0,1.0,2.0,3.0,0.04597749,0.09615985,875.0,180.0,0.00085156184,0.0041395365,1
1.0,390.0,391.0,-3.4055856e-06,8.0602314e-10,2.8390547e-05,-1.4815557,0.03789691,1.0,1.0,1.0,118.0,134.0,4.2784016e-13,6.693257e-13,542.0,391.0,2.066726e-12,2.0614402e-12,0
5.0,40.0,9.0,1.004588,0.011884346,0.109015346,-1.2604741,-0.1138306,1.0,1.0,1.0,1.0,0.0,0.0057008048,0.001645761,200.0,45.0,0.00029710864,0.0013204828,0
1.0,307.0,273.0,0.23384447,0.1302589,0.360914,-0.1340706,1.2200993,1.0,1.0,1.0,14.0,24.0,0.0002163915,0.000116414565,419.0,273.0,0.0004242961,0.00047713882,0
1.0,191.0,192.0,0.10729471,0.021037867,0.14504436,-0.71037716,0.95975024,2.0,1.0,1.0,18.0,27.0,0.00010143205,0.00016376481,191.0,192.0,0.0001101459,0.000109572225,0
5.0,240.0,49.0,0.17307056,0.025354309,0.15923037,-1.4718033,0.4611446,1.0,1.0,1.0,4.0,6.0,0.00075579016,0.00037737665,1200.0,245.0,0.000105642954,0.0005174349,1
5.0,275.0,56.0,1.3493348e-06,3.0631517e-10,1.7501861e-05,-1.3932574,-0.13689347,1.0,1.0,1.0,9.0,18.0,4.1157524e-12,1.0437326e-12,1375.0,280.0,1.1138733e-12,5.4699136e-12,0
1.0,161.0,163.0,-5.429011e-06,1.824873e-10,1.3508786e-05,-1.427364,-0.060210828,1.0,1.0,1.0,49.0,55.0,5.522557e-13,8.3291685e-13,219.0,163.0,1.1334615e-12,1.119554e-12,0
1.0,198.0,191.0,0.3300602,0.13948196,0.37347284,-1.2480897,0.623999,1.0,1.0,1.0,16.0,25.0,0.00027319143,0.00015619776,254.0,191.0,0.0007044543,0.00073027203,0
5.0,192.0,30.0,-3.0813997e-06,1.3621307e-10,1.1671035e-05,-1.0017712,0.12291538,2.0,1.0,1.0,2.0,4.0,4.0636574e-11,7.725926e-11,3222.0,150.0,7.0944303e-13,4.5404353e-12,1
5.0,340.0,69.0,1.5588073e-06,5.6236166e-10,2.3714165e-05,-1.4732131,-0.106413215,1.0,1.0,1.0,10.0,26.0,5.157478e-12,8.066313e-13,1700.0,345.0,1.6540048e-12,8.150169e-12,0
5.0,80.0,17.0,2.2229176e-06,1.6327874e-10,1.2778057e-05,-1.3327174,-0.08931725,1.0,1.0,2.0,1.0,5.0,2.4016285e-11,5.13534e-12,400.0,85.0,2.0409844e-12,9.604632e-12,0
5.0,240.0,49.0,0.3552066,0.20774077,0.45578587,-0.8541983,0.86318904,1.0,1.0,1.0,1.0,2.0,0.00589199,0.00041134527,1200.0,245.0,0.00086558657,0.0042396076,0
1.0,617.0,618.0,3.6067755e-07,1.4147832e-10,1.1894465e-05,-1.1747755,-0.1911038,2.0,1.0,1.0,51.0,122.0,3.341911e-13,8.4006814e-13,799.0,618.0,2.2930033e-13,2.2892932e-13,1
5.0,475.0,96.0,0.65211564,0.13819163,0.37174135,-1.4756566,0.1907924,1.0,1.0,1.0,15.0,30.0,0.0006716233,0.00013858794,2375.0,480.0,0.00029092975,0.0014394962,0
1.0,171.0,172.0,4.5670618e-06,3.3370298e-10,1.826754e-05,-0.97764796,-0.38304102,2.0,2.0,1.0,16.0,26.0,1.6371326e-11,3.931133e-11,233.0,172.0,1.9514793e-12,1.9401336e-12,1
5.0,605.0,122.0,5.084253e-06,1.8233319e-10,1.35030805e-05,-1.4403343,-0.111545056,1.0,1.0,1.0,32.0,41.0,8.1942005e-13,1.0461124e-12,3025.0,610.0,3.0137717e-13,1.4945343e-12,0
5.0,255.0,52.0,0.23469141,0.113947704,0.3375614,-0.45093566,1.0807317,1.0,1.0,1.0,1.0,5.0,0.0035406263,0.00028843182,1275.0,260.0,0.00044685375,0.0021913021,0
5.0,370.0,75.0,0.7082918,0.035369407,0.18806757,-1.4501455,0.09370457,1.0,1.0,1.0,15.0,25.0,0.00029000183,8.144547e-05,1850.0,375.0,9.559299e-05,0.00047159212,0
5.0,75.0,16.0,2.9166674e-06,4.9141136e-10,2.21678e-05,-1.4349234,-0.059948996,1.0,1.0,2.0,1.0,2.0,7.970614e-11,9.675712e-12,375.0,80.0,6.552151e-12,3.071321e-11,0
5.0,240.0,49.0,0.25910535,0.12270457,0.35029212,-0.7295327,0.9525818,1.0,1.0,1.0,1.0,5.0,0.003806131,0.00034614396,1200.0,245.0,0.000511269,0.002504175,0
5.0,110.0,23.0,2.2204647e-06,7.9396956e-10,2.8177466e-05,-1.4982209,0.04401545,1.0,1.0,2.0,1.0,6.0,6.205412e-11,5.8797602e-12,550.0,115.0,7.217905e-12,3.4520418e-11,0
5.0,230.0,47.0,-5.5798155e-06,6.1721367e-10,2.4843786e-05,-1.3819666,-0.01700063,1.0,1.0,1.0,2.0,15.0,1.1285522e-11,6.8125394e-13,1150.0,235.0,2.6835379e-12,1.3132206e-11,0
1.0,169.0,170.0,-2.5671138e-06,5.210298e-10,2.2826076e-05,-1.1340325,-0.27698016,2.0,2.0,1.0,2.0,4.0,5.803616e-12,1.0835467e-11,169.0,170.0,3.0830163e-12,3.064881e-12,1
5.0,185.0,38.0,4.425111e-06,5.282383e-10,2.2983435e-05,-1.1702154,-0.2864517,1.0,1.0,1.0,2.0,11.0,1.1937492e-11,1.1976489e-12,925.0,190.0,2.855342e-12,1.3901008e-11,0
1.0,183.0,184.0,2.3132875e-06,1.9784652e-10,1.4065792e-05,-1.4839028,0.019116003,1.0,1.0,1.0,49.0,54.0,4.993158e-13,7.098087e-13,207.0,184.0,1.0811286e-12,1.0752528e-12,0
1.0,410.0,392.0,0.39507425,0.17763932,0.4214728,-1.1892247,0.6329496,2.0,1.0,1.0,47.0,46.0,0.00011301782,0.0001389031,568.0,392.0,0.00043326663,0.00045316154,0
5.0,270.0,55.0,-2.6861294e-06,3.045492e-10,1.7451337e-05,-1.4859579,-0.038519077,1.0,1.0,1.0,11.0,18.0,4.48739e-12,1.1182511e-12,1370.0,275.0,1.1279599e-12,5.537258e-12,0
1.0,180.0,181.0,-1.539893e-06,2.2431929e-10,1.4977292e-05,-1.4614961,-0.0003316724,5.0,1.0,1.0,26.0,32.0,1.8944028e-12,5.059638e-12,208.0,181.0,1.2462183e-12,1.2393331e-12,0
1.0,193.0,194.0,5.798177e-06,6.141589e-10,2.4782228e-05,-1.3177555,0.071551815,1.0,1.0,1.0,1.0,1.0,6.2546105e-12,1.1356505e-11,259.0,194.0,3.1821702e-12,3.1657673e-12,1
5.0,785.0,158.0,2.805442e-06,6.344314e-10,2.5187921e-05,-1.3453066,-0.25838435,1.0,1.0,1.0,38.0,56.0,1.5514252e-12,9.533697e-13,3925.0,790.0,8.0819287e-13,4.0153887e-12,0
5.0,375.0,76.0,0.6665724,0.06346751,0.25192758,-1.3992386,0.1825138,1.0,1.0,1.0,15.0,25.0,0.00050038006,0.000109226436,1875.0,380.0,0.00016924669,0.0008350988,0
5.0,240.0,49.0,-3.3475533e-06,3.6427042e-10,1.908587e-05,-1.5005443,0.0041571255,1.0,1.0,1.0,6.0,18.0,6.4297556e-12,1.2711571e-12,1200.0,245.0,1.5177934e-12,7.43409e-12,0
5.0,835.0,160.0,5.5228827e-07,4.1684295e-10,2.0416732e-05,-1.0230885,0.3349471,2.0,2.0,1.0,2.0,3.0,4.926662e-11,1.4312655e-10,5975.0,800.0,4.9921314e-13,2.6052684e-12,1
5.0,95.0,20.0,-7.995916e-06,2.883002e-10,1.6979404e-05,-1.3833579,0.18337356,1.0,1.0,1.0,2.0,6.0,3.4499126e-11,1.1823911e-11,475.0,100.0,3.0347387e-12,1.4415009e-11,0
5.0,100.0,21.0,3.0094304e-06,5.227865e-10,2.2864524e-05,-1.385647,-0.29113603,1.0,1.0,2.0,3.0,5.0,5.68352e-11,2.5759046e-11,500.0,105.0,5.227865e-12,2.4894595e-11,0
1.0,183.0,185.0,-3.519951e-06,5.304922e-10,2.3032417e-05,-1.4857589,-0.037119728,1.0,1.0,1.0,50.0,62.0,8.4772445e-13,6.8420465e-13,255.0,185.0,2.8988645e-12,2.8675254e-12,0
5.0,95.0,20.0,0.131912,0.011402381,0.10678193,-1.4993441,0.0878051,1.0,1.0,1.0,1.0,3.0,0.00128524,0.00038127636,475.0,100.0,0.00012002506,0.000570119,0
1.0,179.0,180.0,9.223773e-07,2.0971153e-10,1.4481419e-05,-1.4559628,-0.00071283913,1.0,1.0,1.0,53.0,58.0,5.8180256e-13,9.245826e-13,205.0,180.0,1.1715727e-12,1.165064e-12,0
5.0,75.0,16.0,-2.897669e-07,6.463081e-10,2.542259e-05,-1.4785506,-0.067116275,1.0,1.0,2.0,1.0,0.0,1.0580437e-10,1.2839584e-11,375.0,80.0,8.617441e-12,4.0394257e-11,0
5.0,465.0,94.0,0.53507066,0.1347357,0.36706364,-1.3688294,0.293715,1.0,1.0,1.0,14.0,26.0,0.00071932294,0.0002194035,2325.0,470.0,0.0002897542,0.0014333586,0
5.0,400.0,81.0,0.23514979,0.114942074,0.33903107,0.2058072,1.3272861,1.0,1.0,1.0,2.0,12.0,0.0019542028,0.00020402536,2000.0,405.0,0.0002873552,0.0014190379,0
1.0,637.0,574.0,0.097848155,0.021252152,0.14578117,-0.37585998,1.1288898,2.0,1.0,1.0,76.0,77.0,9.117539e-06,9.824076e-06,835.0,574.0,3.3362874e-05,3.7024656e-05,0
5.0,200.0,41.0,-7.5273506e-06,1.7507996e-10,1.3231779e-05,-0.8924161,-0.42329493,1.0,1.0,1.0,5.0,12.0,4.148037e-12,8.9703017e-13,1016.0,205.0,8.7539985e-13,4.270243e-12,0
5.0,75.0,16.0,1.7652446e-06,1.21282e-10,1.101281e-05,-1.4431407,0.032292336,1.0,1.0,2.0,1.0,2.0,1.9576507e-11,2.834977e-12,375.0,80.0,1.6170933e-12,7.580125e-12,0
1.0,190.0,191.0,4.6800346e-06,4.4151577e-10,2.1012276e-05,-1.2173432,-0.19064203,1.0,1.0,1.0,29.0,45.0,2.6514476e-12,5.4236975e-12,190.0,191.0,2.3237673e-12,2.311601e-12,0
5.0,105.0,22.0,2.8237198e-06,9.139267e-10,3.023122e-05,-1.5022999,0.060962643,1.0,1.0,2.0,1.0,5.0,7.829891e-11,7.4702345e-12,525.0,110.0,8.7040635e-12,4.1542124e-11,0
1.0,289.0,290.0,-1.0715736e-05,2.721974e-10,1.6498405e-05,-1.4115366,-0.021957787,2.0,2.0,2.0,1.0,8.0,1.5711541e-12,2.860394e-12,347.0,290.0,9.418594e-13,9.386117e-13,1
1.0,256.0,257.0,3.0451588e-06,6.316685e-10,2.5133017e-05,-1.2361361,-0.08656072,1.0,1.0,1.0,1.0,5.0,2.5180053e-12,4.792815e-12,256.0,257.0,2.467455e-12,2.4578542e-12,1
1.0,438.0,439.0,0.024136554,0.00049212214,0.022183826,-1.4533534,0.2924175,12.0,1.0,1.0,82.0,94.0,3.1608217e-06,8.672923e-06,438.0,439.0,1.1235666e-06,1.1210071e-06,0
1.0,200.0,201.0,0.14624871,0.027209174,0.16495204,-0.9371806,0.81695515,2.0,1.0,1.0,17.0,22.0,0.00011277853,0.00020667701,200.0,201.0,0.00013604587,0.00013536902,0
1.0,199.0,200.0,-9.359005e-08,3.158079e-10,1.7770984e-05,-1.4665973,-0.048738115,1.0,1.0,1.0,34.0,31.0,1.1680807e-12,2.7144914e-12,255.0,200.0,1.5869745e-12,1.5790395e-12,0
5.0,245.0,50.0,-3.8330305e-05,3.5266e-11,5.9385184e-06,-1.4112916,0.0027278473,1.0,1.0,1.0,17.0,19.0,8.448888e-13,8.969036e-13,1225.0,250.0,1.4394285e-13,7.0531997e-13,0
5.0,80.0,17.0,1.2237247e-06,1.9809109e-10,1.4074483e-05,-1.4905692,-0.106576316,1.0,1.0,2.0,2.0,4.0,2.9605107e-11,6.8979466e-12,400.0,85.0,2.4761384e-12,1.1652417e-11,0
5.0,95.0,20.0,8.9249505e-07,1.7857725e-10,1.336328e-05,-1.351002,-0.20115079,1.0,1.0,2.0,1.0,7.0,1.977205e-11,3.9610338e-12,475.0,100.0,1.8797605e-12,8.928863e-12,0
5.0,500.0,101.0,0.3927774,0.14481916,0.3805511,-1.3178593,0.5202055,1.0,1.0,1.0,4.0,15.0,0.00079914345,0.00017736256,2500.0,505.0,0.0002896383,0.001433853,0
1.0,182.0,183.0,-3.4398522e-06,3.6499756e-10,1.910491e-05,-0.7475564,-0.69384265,1.0,1.0,1.0,21.0,25.0,1.8350245e-12,4.1972354e-12,182.0,183.0,2.005481e-12,1.9945222e-12,0
5.0,105.0,22.0,-6.560909e-09,6.5108885e-10,2.5516441e-05,-1.4828508,-0.0068459357,1.0,1.0,2.0,2.0,6.0,5.551665e-11,5.47983e-12,525.0,110.0,6.200846e-12,2.9594948e-11,0
5.0,135.0,28.0,0.08927274,0.005984676,0.07736069,-1.4251503,0.13347831,2.0,1.0,1.0,1.0,2.0,0.0026645835,0.0055804444,675.0,140.0,4.4330933e-05,0.00021373843,1
5.0,225.0,46.0,5.0687845e-06,4.2312248e-10,2.0569942e-05,-1.3702939,-0.08056104,1.0,1.0,1.0,5.0,15.0,8.231358e-12,1.1324043e-12,1125.0,230.0,1.8805443e-12,9.198315e-12,0
1.0,437.0,438.0,0.0145889735,0.00090091914,0.030015316,1.7233955,1.8308768,3.0,2.0,1.0,2.0,9.0,1.049215e-05,1.4395686e-05,437.0,438.0,2.0615998e-06,2.056893e-06,1
1.0,598.0,599.0,9.838438e-06,1.3542198e-10,1.1637095e-05,-1.4150791,-0.12380697,1.0,1.0,1.0,182.0,196.0,2.2867003e-13,6.472084e-13,822.0,599.0,2.2645818e-13,2.2608011e-13,0
5.0,355.0,72.0,0.72890353,0.03838416,0.19591875,-1.4976654,0.051032558,1.0,1.0,1.0,15.0,26.0,0.00033543026,9.6841635e-05,1775.0,360.0,0.00010812438,0.0005331133,0
5.0,130.0,27.0,-2.8068888e-07,2.4341673e-10,1.5601818e-05,-1.297874,0.16358581,1.0,1.0,1.0,1.0,7.0,1.603622e-11,1.839886e-12,650.0,135.0,1.8724365e-12,9.015434e-12,0
5.0,210.0,43.0,0.3450316,0.19410074,0.44056866,-0.86041236,0.87040037,1.0,1.0,1.0,2.0,9.0,0.0073574875,0.0013098216,1050.0,215.0,0.0009242892,0.0045139706,0
1.0,205.0,207.0,7.768149e-06,7.219219e-10,2.6868605e-05,-1.411776,-0.112604104,1.0,1.0,1.0,53.0,67.0,9.391333e-13,8.67145e-13,287.0,207.0,3.5215702e-12,3.4875455e-12,0
5.0,475.0,96.0,0.5333817,0.16099453,0.40124124,-1.4295716,0.18629475,1.0,1.0,1.0,9.0,27.0,0.0007575406,7.7693185e-05,2375.0,480.0,0.00033893585,0.0016770263,0
5.0,215.0,44.0,0.2548784,0.058101114,0.24104173,-1.5479482,0.36763012,1.0,1.0,1.0,4.0,12.0,0.0015589723,0.0002437862,1075.0,220.0,0.00027023774,0.0013204799,0
1.0,488.0,453.0,0.1459227,0.032693207,0.18081263,-1.0689473,0.7718679,1.0,1.0,1.0,24.0,87.0,1.9554509e-05,1.37751085e-05,634.0,453.0,6.6994275e-05,7.2170435e-05,0
5.0,205.0,42.0,5.256756e-06,5.342142e-10,2.3113074e-05,-1.4792659,-0.054209147,1.0,1.0,1.0,3.0,11.0,1.2435763e-11,1.6964495e-12,1025.0,210.0,2.6059229e-12,1.27193854e-11,0
5.0,185.0,38.0,0.14644614,0.037642837,0.19401762,-0.7705914,0.93634975,1.0,1.0,1.0,2.0,7.0,0.0019899588,0.0005244969,925.0,190.0,0.00020347479,0.000990601,0
1.0,172.0,173.0,7.562725e-06,4.629795e-10,2.1516958e-05,-1.4248329,-0.0865799,1.0,1.0,1.0,2.0,2.0,6.555814e-12,1.23006145e-11,234.0,173.0,2.6917411e-12,2.676182e-12,1
1.0,184.0,175.0,3.9287543e-06,6.8988565e-10,2.6265674e-05,-1.3314447,0.005884712,1.0,1.0,1.0,37.0,53.0,2.1447124e-12,3.4801756e-12,294.0,175.0,3.7493784e-12,3.9422038e-12,1
1.0,231.0,232.0,2.2651313e-06,4.6113194e-10,2.1473983e-05,-1.3689971,0.009416841,2.0,2.0,1.0,1.0,7.0,3.4149933e-12,6.3157223e-12,231.0,232.0,1.9962421e-12,1.9876377e-12,1
5.0,245.0,50.0,0.31834018,0.13403311,0.36610535,-1.2047337,0.65382,1.0,1.0,1.0,1.0,4.0,0.0031275554,0.00028239805,1225.0,250.0,0.00054707396,0.0026806623,0
1.0,177.0,178.0,2.714598e-06,7.429014e-10,2.7256217e-05,-1.4306011,-0.061023977,1.0,1.0,1.0,43.0,56.0,1.4274218e-12,1.4108921e-12,197.0,178.0,4.197183e-12,4.1736033e-12,0
5.0,580.0,117.0,3.7418888e-06,4.2227594e-10,2.0549354e-05,-1.401847,-0.10443775,1.0,1.0,1.0,26.0,39.0,1.6850316e-12,8.8763496e-13,2900.0,585.0,7.28062e-13,3.609196e-12,0
5.0,195.0,40.0,-2.5710951e-06,2.6941357e-10,1.6413824e-05,-1.5284215,0.06583811,1.0,1.0,1.0,1.0,11.0,7.0951526e-12,8.407188e-13,975.0,200.0,1.3816082e-12,6.7353393e-12,0
5.0,100.0,21.0,4.259463e-06,5.9121796e-10,2.4314975e-05,-1.2509563,0.08874067,1.0,1.0,2.0,1.0,4.0,6.311959e-11,1.0641814e-11,500.0,105.0,5.91218e-12,2.8153237e-11,0
1.0,440.0,441.0,3.1349552e-07,3.0481836e-10,1.7459048e-05,-1.14153,0.133963,2.0,2.0,1.0,2.0,3.0,1.7687948e-11,5.2041586e-11,606.0,441.0,6.9276903e-13,6.9119813e-13,1
5.0,90.0,19.0,0.13694164,0.020118883,0.14184104,-1.313775,0.51807034,1.0,1.0,1.0,1.0,2.0,0.0028539947,0.0006995087,450.0,95.0,0.00022354313,0.0010588885,0
1.0,208.0,196.0,0.16428016,0.024918627,0.15785635,-1.3146014,0.483691,1.0,1.0,1.0,23.0,35.0,8.6685104e-05,0.00014515773,276.0,196.0,0.000119801094,0.00012713585,0
1.0,209.0,210.0,0.3592988,0.18625318,0.4315706,-1.061057,0.74615633,2.0,1.0,1.0,21.0,26.0,0.00035285993,0.00025089705,209.0,210.0,0.0008911635,0.00088691985,0
5.0,331.0,67.0,-8.703128e-07,2.7751293e-10,1.665872e-05,-1.1996199,0.20870014,9.0,2.0,2.0,10.0,12.0,1.7576673e-10,4.858439e-10,1663.0,335.0,8.3840763e-13,4.141984e-12,1
1.0,178.0,179.0,0.42519417,0.15638383,0.39545396,-1.3020629,0.56745213,1.0,1.0,1.0,25.0,30.0,0.00041516294,0.00042821933,178.0,179.0,0.0008785608,0.00087365264,0
5.0,95.0,20.0,-2.926714e-06,5.1587973e-10,2.2712986e-05,-1.4333245,0.24395035,1.0,1.0,2.0,2.0,6.0,6.243037e-11,2.3495006e-11,475.0,100.0,5.430313e-12,2.5793985e-11,0
1.0,229.0,230.0,-2.8001243e-06,6.8895534e-10,2.6247959e-05,-1.4812499,-0.06732148,1.0,1.0,1.0,57.0,70.0,8.735332e-13,9.261943e-13,229.0,230.0,3.0085385e-12,2.9954578e-12,0
5.0,95.0,20.0,-7.4605356e-07,2.1097259e-10,1.4524895e-05,-1.088291,-0.35239413,1.0,1.0,2.0,2.0,3.0,1.9644905e-11,5.038425e-12,475.0,100.0,2.220764e-12,1.0548629e-11,0
5.0,105.0,22.0,8.4862774e-07,4.6310838e-10,2.1519952e-05,-1.5159371,-0.0038729454,1.0,1.0,2.0,1.0,4.0,3.9578996e-11,3.8957158e-12,525.0,110.0,4.410556e-12,2.1050382e-11,0
5.0,281.0,57.0,-6.7194696e-06,2.5348362e-10,1.5921169e-05,-1.4414045,0.063140795,1.0,1.0,1.0,11.0,19.0,3.3670705e-12,9.052948e-13,1425.0,285.0,9.0207697e-13,4.447081e-12,0
5.0,100.0,21.0,2.7143062e-06,8.7480545e-10,2.957711e-05,-1.4998913,0.017594768,1.0,1.0,2.0,1.0,2.0,8.194669e-11,6.7171893e-12,500.0,105.0,8.748054e-12,4.1657403e-11,0
5.0,95.0,20.0,0.13452582,0.022387352,0.14962403,-1.2151728,0.63772756,1.0,1.0,1.0,1.0,3.0,0.003106255,0.00073089806,475.0,100.0,0.00023565633,0.0011193677,0
5.0,195.0,40.0,0.3457829,0.12777314,0.35745367,-0.73156446,0.86480945,2.0,1.0,1.0,3.0,3.0,0.032128472,0.058065783,975.0,200.0,0.00065524684,0.0031943282,1
1.0,293.0,294.0,1.7511297e-06,7.407908e-10,2.7217473e-05,-1.509555,0.06887404,1.0,1.0,1.0,91.0,100.0,6.0595057e-13,8.0769175e-13,411.0,294.0,2.5282964e-12,2.5196967e-12,0
5.0,155.0,32.0,0.027120765,0.001946944,0.04412419,-0.32043952,1.1870615,1.0,1.0,1.0,1.0,4.0,0.0002947183,0.00034290008,775.0,160.0,1.25609295e-05,6.0842e-05,0
1.0,314.0,301.0,0.20988934,0.11201335,0.33468395,-0.00046789786,1.2783339,2.0,1.0,1.0,19.0,24.0,0.00021173072,0.00023181346,364.0,301.0,0.0003567304,0.00037213735,0
5.0,80.0,17.0,2.2326142e-06,4.451299e-10,2.1098102e-05,-1.4747254,-0.06491443,1.0,1.0,2.0,1.0,2.0,6.412415e-11,6.6180212e-12,400.0,85.0,5.564124e-12,2.618411e-11,0
5.0,415.0,84.0,0.63599324,0.10592747,0.325465,-1.4902052,0.08016433,1.0,1.0,1.0,14.0,27.0,0.0006367964,6.776579e-05,2075.0,420.0,0.0002552469,0.0012610413,0
1.0,195.0,195.0,-9.060793e-07,3.3802236e-10,1.8385384e-05,1.3072801,-0.57205695,2.0,2.0,2.0,2.0,2.0,1.1502601e-10,3.349031e-10,197.0,195.0,1.733448e-12,1.733448e-12,1
5.0,200.0,41.0,0.25489703,0.11854409,0.34430233,-0.9034946,0.8771983,1.0,1.0,1.0,1.0,3.0,0.0057857977,0.0018248264,1000.0,205.0,0.0005927204,0.002891319,0
5.0,240.0,49.0,4.312911e-06,2.884386e-10,1.698348e-05,-1.4899629,0.05158672,1.0,1.0,1.0,5.0,15.0,5.092408e-12,7.6380113e-13,1200.0,245.0,1.2018275e-12,5.886502e-12,0
5.0,185.0,38.0,-1.4469505e-06,2.429141e-10,1.5585701e-05,-1.3478038,-0.11351236,1.0,1.0,1.0,6.0,12.0,6.8688184e-12,1.1079388e-12,925.0,190.0,1.3130493e-12,6.3924764e-12,0
1.0,272.0,241.0,0.28088775,0.15231915,0.39028087,-0.6730703,0.9881613,1.0,1.0,1.0,19.0,31.0,0.00024818777,0.00011722746,378.0,241.0,0.0005599969,0.00063202967,0
1.0,221.0,222.0,6.963037e-06,6.600911e-10,2.5692238e-05,-1.3099544,-0.16176704,1.0,1.0,1.0,67.0,77.0,8.710886e-13,1.0171316e-12,221.0,222.0,2.9868376e-12,2.9733833e-12,0
1.0,270.0,249.0,0.267145,0.11188099,0.33448616,-0.9727883,0.8159157,2.0,1.0,1.0,15.0,23.0,0.00017614271,0.00015148534,356.0,249.0,0.00041437402,0.00044932123,0
5.0,100.0,21.0,6.0126706e-07,1.1027843e-10,1.0501354e-05,-1.4914072,-0.15230307,1.0,1.0,2.0,3.0,4.0,1.1337404e-11,4.6407296e-12,500.0,105.0,1.1027843e-12,5.251354e-12,0
5.0,235.0,48.0,0.39163637,0.2283483,0.47785804,-1.0532582,0.7512993,1.0,1.0,1.0,1.0,4.0,0.006291187,0.00066758133,1175.0,240.0,0.0009716949,0.0047572562,0
5.0,75.0,16.0,6.9714974e-07,3.2449016e-10,1.801361e-05,-1.0197655,-0.45769396,1.0,1.0,2.0,1.0,1.0,4.19416e-11,6.990628e-12,375.0,80.0,4.3265352e-12,2.0280635e-11,0
5.0,95.0,20.0,-4.430167e-06,1.7075373e-10,1.3067277e-05,-1.5268478,-0.02915448,1.0,1.0,2.0,1.0,5.0,1.8272647e-11,3.2713088e-12,475.0,100.0,1.7974077e-12,8.537686e-12,0
5.0,90.0,19.0,-3.9968522e-06,5.45614e-10,2.3358381e-05,-1.3668593,0.25189325,2.0,1.0,3.0,2.0,1.0,3.279733e-10,8.9688024e-10,450.0,95.0,6.0623776e-12,2.8716526e-11,1
5.0,85.0,18.0,-6.545267e-08,1.9154801e-10,1.3840087e-05,-1.439293,-0.08953001,1.0,1.0,2.0,1.0,4.0,2.4602657e-11,4.159444e-12,425.0,90.0,2.253506e-12,1.0641556e-11,0
5.0,415.0,84.0,0.6178833,0.09380863,0.30628192,-1.4470496,0.19338505,1.0,1.0,1.0,9.0,27.0,0.00057291257,6.820144e-05,2075.0,420.0,0.00022604488,0.0011167694,0
5.0,230.0,47.0,-4.3557634e-06,9.936073e-10,3.1521537e-05,-1.5003462,0.063069895,1.0,1.0,1.0,3.0,14.0,1.8531236e-11,1.3937077e-12,1150.0,235.0,4.3200317e-12,2.1140582e-11,0
5.0,90.0,19.0,1.6760505e-06,2.1165188e-10,1.454826e-05,-1.455809,-0.21676165,1.0,1.0,2.0,3.0,4.0,2.8408002e-11,9.558858e-12,450.0,95.0,2.3516876e-12,1.1139573e-11,0
5.0,75.0,16.0,-2.4097862e-06,7.33906e-10,2.70907e-05,-1.4601622,-0.069898844,1.0,1.0,2.0,1.0,2.0,1.1991308e-10,1.2632961e-11,375.0,80.0,9.785414e-12,4.5869124e-11,0
5.0,225.0,46.0,-7.4820045e-06,1.0252542e-10,1.0125484e-05,-1.4602973,0.018748892,1.0,1.0,1.0,8.0,15.0,2.2378809e-12,7.4265377e-13,1125.0,230.0,4.5566854e-13,2.2288135e-12,0
5.0,400.0,81.0,0.5786261,0.13942964,0.3734028,-1.4625429,0.11612644,1.0,1.0,1.0,9.0,29.0,0.0008950099,7.28639e-05,2000.0,405.0,0.00034857413,0.0017213537,0
1.0,130.0,131.0,0.056575965,0.0029393,0.05421531,-1.2022731,0.47291413,3.0,1.0,1.0,19.0,24.0,5.292307e-05,0.00010170737,130.0,131.0,2.2609998e-05,2.2437403e-05,1
1.0,292.0,274.0,0.21526225,0.05119128,0.22625491,-1.1952693,0.5693139,2.0,1.0,1.0,27.0,37.0,7.8857935e-05,9.757334e-05,388.0,274.0,0.00017531261,0.0001868295,0
1.0,438.0,440.0,5.702657e-06,5.697817e-10,2.3870101e-05,-1.4150434,0.052275445,2.0,2.0,2.0,2.0,2.0,2.076188e-11,5.602552e-11,610.0,440.0,1.3008715e-12,1.2949584e-12,1
5.0,279.0,57.0,-3.1008734e-05,9.048193e-11,9.512199e-06,-1.334731,-0.046341226,1.0,1.0,1.0,12.0,16.0,1.2709114e-12,5.665392e-13,1391.0,285.0,3.24308e-13,1.5874022e-12,0
1.0,298.0,290.0,0.38138565,0.15933356,0.39916608,-1.3607316,0.5012921,1.0,1.0,1.0,26.0,32.0,0.00015203202,0.00014450667,356.0,290.0,0.00053467636,0.00054942607,0
1.0,195.0,196.0,3.7591722e-06,9.645157e-10,3.1056654e-05,-1.4954,-0.050040573,1.0,1.0,1.0,54.0,67.0,1.232643e-12,7.096333e-13,273.0,196.0,4.9462344e-12,4.9209985e-12,0
5.0,95.0,20.0,7.639573e-06,5.3877663e-10,2.3211562e-05,-0.81162655,-0.28963697,1.0,1.0,1.0,2.0,5.0,5.795962e-11,1.3222761e-11,475.0,100.0,5.671333e-12,2.6938831e-11,0
5.0,215.0,44.0,0.40344167,0.21714316,0.46598622,-1.1710339,0.6621061,1.0,1.0,1.0,1.0,2.0,0.006492928,0.00045432386,1075.0,220.0,0.0010099682,0.004935072,0
5.0,205.0,42.0,-6.7966303e-06,2.9131667e-10,1.7068001e-05,-1.4310064,0.022618176,1.0,1.0,1.0,4.0,11.0,6.8944104e-12,8.866032e-13,1025.0,210.0,1.4210568e-12,6.936111e-12,0
5.0,957.0,192.0,-1.1857177e-06,1.1671011e-10,1.08032455e-05,-1.0906811,0.04156184,2.0,2.0,1.0,3.0,11.0,1.4707343e-12,2.8842072e-12,4797.0,960.0,1.2195415e-13,6.078652e-13,1
5.0,335.0,68.0,0.26279792,0.10213122,0.31957975,-1.0129066,0.7730757,2.0,1.0,1.0,2.0,2.0,0.0060036476,0.014201499,1675.0,340.0,0.00030486932,0.0015019297,1
5.0,40.0,9.0,1.0130758,0.019264877,0.13879797,-1.1481744,-0.25925872,1.0,1.0,1.0,1.0,0.0,0.0074201026,0.002429641,200.0,45.0,0.00048162192,0.0021405418,0
5.0,230.0,47.0,2.2448635e-06,7.3485296e-10,2.7108172e-05,-1.3121991,-0.07377691,1.0,1.0,1.0,4.0,13.0,1.319286e-11,1.2435747e-12,1150.0,235.0,3.1950128e-12,1.5635169e-11,0
5.0,205.0,42.0,0.32049546,0.14260077,0.37762517,-1.1318836,0.6994938,1.0,1.0,1.0,2.0,3.0,0.0048978166,0.00059565,1025.0,210.0,0.0006956135,0.0033952566,0
5.0,110.0,23.0,3.9894087e-07,5.1555576e-10,2.2705852e-05,-1.5008662,0.004927022,1.0,1.0,2.0,1.0,5.0,4.0233827e-11,3.6723823e-12,550.0,115.0,4.6868702e-12,2.2415467e-11,0
1.0,535.0,536.0,4.9156565e-06,6.4782907e-10,2.5452486e-05,-1.1437299,-0.07808576,2.0,2.0,2.0,2.0,2.0,1.2962403e-11,3.661371e-11,701.0,536.0,1.2108954e-12,1.2086363e-12,1
5.0,205.0,42.0,0.121965654,0.018733509,0.13687041,-0.77059525,0.890552,1.0,1.0,1.0,3.0,5.0,0.0008236874,0.0002008243,1025.0,210.0,9.1382964e-05,0.0004460359,0
5.0,100.0,21.0,1.96587e-06,1.5201879e-10,1.232959e-05,-1.4969246,-0.16313575,1.0,1.0,2.0,1.0,4.0,1.4907646e-11,2.0000277e-12,500.0,105.0,1.520188e-12,7.2389902e-12,0
5.0,225.0,46.0,-5.1343595e-06,1.8385142e-10,1.3559182e-05,-1.4789279,-0.0036995606,1.0,1.0,1.0,7.0,15.0,3.686432e-12,5.756623e-13,1125.0,230.0,8.171174e-13,3.99677e-12,0
5.0,390.0,79.0,0.27750713,0.114173464,0.33789563,-1.0923095,0.7392652,1.0,1.0,1.0,3.0,6.0,0.0012304211,0.00031226932,1950.0,395.0,0.00029275246,0.0014452337,0
5.0,495.0,100.0,0.44963735,0.1764109,0.42001298,-1.4671352,0.3137465,1.0,1.0,1.0,9.0,22.0,0.00083377934,0.00010591501,2475.0,500.0,0.00035638563,0.0017641089,0
5.0,85.0,18.0,8.03434e-06,5.213894e-10,2.2833952e-05,-1.4764303,0.026365547,1.0,1.0,2.0,2.0,4.0,7.1197215e-11,2.6590034e-11,425.0,90.0,6.1339926e-12,2.8966076e-11,0
5.0,273.0,55.0,0.23813884,0.07108316,0.26661426,-1.3693331,0.55024457,1.0,1.0,1.0,2.0,8.0,0.0013624307,0.00016145398,1387.0,275.0,0.00026037788,0.0012924211,0
5.0,235.0,48.0,0.24864863,0.09421228,0.3069402,-0.78066176,0.94721174,1.0,1.0,1.0,2.0,3.0,0.0039080796,0.0017763311,1175.0,240.0,0.00040090331,0.0019627558,0
5.0,195.0,40.0,0.31965813,0.12925828,0.35952508,-1.2518708,0.6099853,1.0,1.0,1.0,1.0,8.0,0.0045749266,0.00055071356,975.0,200.0,0.00066286296,0.003231457,0
1.0,442.0,443.0,-4.1032886e-06,1.841268e-10,1.3569333e-05,-1.2920232,-0.18065353,1.0,1.0,1.0,135.0,149.0,2.5147815e-13,6.5588317e-13,582.0,443.0,4.1657644e-13,4.1563609e-13,0
1.0,170.0,172.0,-4.5242614e-06,1.8860818e-10,1.3733469e-05,-1.0156006,-0.41476762,2.0,2.0,1.0,2.0,13.0,1.7505867e-12,3.2342787e-12,234.0,172.0,1.1094599e-12,1.0965593e-12,1
1.0,431.0,432.0,-4.3166904e-07,1.4897944e-10,1.2205714e-05,1.7181708,0.7141639,2.0,3.0,2.0,1.0,2.0,1.639916e-11,3.296825e-11,431.0,432.0,3.4565994e-13,3.448598e-13,1
1.0,225.0,226.0,2.573581e-06,3.9915987e-10,1.9978987e-05,-1.2579966,-0.18486717,4.0,2.0,1.0,13.0,27.0,6.2379845e-12,1.3737722e-11,293.0,226.0,1.7740439e-12,1.7661942e-12,1
1.0,180.0,182.0,-5.2985047e-07,7.9053725e-10,2.8116494e-05,-1.485083,-0.03242481,1.0,1.0,1.0,51.0,64.0,1.1998542e-12,7.806929e-13,252.0,182.0,4.3918736e-12,4.343611e-12,0
5.0,205.0,42.0,3.507824e-08,2.2763796e-10,1.5087676e-05,-1.4874123,0.061505098,1.0,1.0,1.0,8.0,12.0,5.635763e-12,1.1151392e-12,1025.0,210.0,1.1104291e-12,5.419952e-12,0
5.0,420.0,61.0,-7.9861575e-06,7.8284e-10,2.7979278e-05,-1.0871865,0.45683968,2.0,1.0,1.0,1.0,2.0,6.9108434e-11,1.5817271e-10,17100.0,305.0,1.8639049e-12,1.2833443e-11,1
1.0,290.0,278.0,0.22691976,0.036096424,0.1899906,-0.9641289,0.4445424,3.0,1.0,1.0,18.0,18.0,0.00014147851,0.00028525118,402.0,278.0,0.00012447043,0.00012984325,1
1.0,176.0,167.0,-1.8754153e-06,5.69757e-10,2.3869583e-05,-1.2205775,-0.29476994,1.0,1.0,1.0,33.0,43.0,2.5053828e-12,5.010278e-12,286.0,167.0,3.2372557e-12,3.4117186e-12,1
5.0,100.0,21.0,5.817437e-06,3.6741363e-10,1.9168037e-05,-1.2792908,-0.06256573,1.0,1.0,2.0,2.0,8.0,3.609891e-11,1.006654e-11,500.0,105.0,3.674136e-12,1.7495887e-11,0
5.0,175.0,36.0,3.1372147e-06,2.2418074e-10,1.4972667e-05,-1.3463407,-0.095713735,1.0,1.0,1.0,4.0,10.0,7.18703e-12,1.8460908e-12,875.0,180.0,1.2810328e-12,6.2272427e-12,0
1.0,210.0,197.0,0.3163333,0.12682934,0.35613108,-1.2668157,0.6123544,1.0,1.0,1.0,15.0,21.0,0.00023888884,0.00014129338,282.0,197.0,0.0006039493,0.0006438038,0
5.0,420.0,85.0,0.6561139,0.066587895,0.2580463,-1.3263801,0.044144835,1.0,1.0,1.0,10.0,30.0,0.00039760215,8.3793544e-05,2100.0,425.0,0.00015854262,0.00078338705,0
1.0,359.0,360.0,-7.372667e-07,4.1183712e-10,2.029377e-05,-0.58575404,-0.80217934,2.0,2.0,1.0,1.0,3.0,1.1158629e-11,3.115375e-11,499.0,360.0,1.1471786e-12,1.143992e-12,1
5.0,235.0,48.0,0.34074968,0.15865755,0.3983184,-0.8725947,0.83559656,1.0,1.0,1.0,3.0,7.0,0.005378482,0.0021540467,1175.0,240.0,0.0006751385,0.0033053656,0
5.0,230.0,47.0,0.22336319,0.08028449,0.2833452,-0.6215524,1.016235,1.0,1.0,1.0,1.0,5.0,0.0030338645,0.00033337306,1150.0,235.0,0.00034906302,0.0017081806,0
5.0,480.0,97.0,0.49145374,0.17536904,0.41877088,-1.505965,0.18775222,1.0,1.0,1.0,12.0,26.0,0.00084401167,0.00011290923,2400.0,485.0,0.00036535217,0.0018079282,0
1.0,242.0,243.0,0.32901478,0.16468637,0.4058157,-1.043479,0.7727666,1.0,1.0,1.0,16.0,22.0,0.00030330286,0.00037142934,242.0,243.0,0.0006805222,0.0006777217,0
5.0,220.0,45.0,0.18516627,0.04348107,0.20852114,-1.3535601,0.5576155,1.0,1.0,1.0,1.0,4.0,0.0014728054,0.00072524446,1100.0,225.0,0.00019764123,0.000966246,0
5.0,495.0,100.0,4.280587e-06,4.6644305e-10,2.1597292e-05,-1.4078679,0.14764678,1.0,1.0,1.0,20.0,34.0,2.1866775e-12,7.917177e-13,2475.0,500.0,9.423092e-13,4.6644303e-12,0
1.0,476.0,477.0,-3.6393963e-06,6.4764843e-10,2.5448939e-05,-1.2436105,0.42563227,1.0,1.0,1.0,5.0,8.0,1.4893835e-12,3.0047525e-12,644.0,477.0,1.360606e-12,1.3577535e-12,1
5.0,390.0,79.0,0.37668687,0.14943615,0.3865697,-1.3495984,0.5150601,1.0,1.0,1.0,2.0,9.0,0.001423938,0.00035969855,1950.0,395.0,0.0003831696,0.0018915967,0
5.0,115.0,24.0,4.22875e-06,6.924152e-10,2.6313783e-05,-1.2690511,-0.13589397,1.0,1.0,1.0,1.0,4.0,4.8083586e-11,3.275492e-12,575.0,120.0,6.0210014e-12,2.8850632e-11,0
1.0,195.0,196.0,1.7843633e-06,6.1334743e-10,2.4765852e-05,-1.4890311,0.030573597,1.0,1.0,1.0,51.0,60.0,1.1231518e-12,1.4115141e-12,273.0,196.0,3.1453713e-12,3.1293236e-12,0
5.0,225.0,46.0,4.9217084e-07,4.2197526e-10,2.0542037e-05,-1.5052778,0.06910597,1.0,1.0,1.0,3.0,15.0,8.259901e-12,6.603074e-13,1125.0,230.0,1.8754455e-12,9.173376e-12,0
5.0,225.0,46.0,0.081021726,0.009060039,0.09518424,-1.2649513,0.620496,1.0,1.0,1.0,3.0,5.0,0.00036026214,0.00030258976,1125.0,230.0,4.026684e-05,0.00019695738,0
5.0,75.0,16.0,8.911681e-07,2.1191762e-10,1.455739e-05,-1.5018729,-0.06871582,1.0,1.0,2.0,1.0,3.0,3.568422e-11,7.74518e-12,375.0,80.0,2.8255681e-12,1.3244851e-11,0
5.0,305.0,62.0,0.22490203,0.057590935,0.23998111,-0.9348189,0.7274914,1.0,1.0,1.0,3.0,7.0,0.0014624493,0.0011859412,1525.0,310.0,0.00018882274,0.00092888606,1
5.0,465.0,94.0,-2.0737529e-05,2.7661198e-10,1.6631657e-05,-1.2724179,-0.12861522,1.0,1.0,1.0,24.0,29.0,1.366905e-12,9.041786e-13,2361.0,470.0,5.948645e-13,2.9426808e-12,0
5.0,220.0,45.0,-3.680202e-07,4.281188e-10,2.0691032e-05,-1.4882542,-0.109538026,1.0,1.0,1.0,4.0,17.0,8.794479e-12,8.849607e-13,1100.0,225.0,1.9459946e-12,9.513751e-12,0
1.0,469.0,470.0,0.26126942,0.14557205,0.38153905,-0.17617233,1.188929,2.0,1.0,1.0,36.0,71.0,9.323498e-05,7.2629744e-05,469.0,470.0,0.00031038816,0.00030972777,0
1.0,427.0,427.0,9.979503e-06,5.119774e-10,2.2626917e-05,-1.3276585,-0.1658965,1.0,1.0,1.0,129.0,145.0,3.584903e-13,7.519437e-13,595.0,427.0,1.1990103e-12,1.1990103e-12,0
1.0,330.0,331.0,7.201652e-06,4.843424e-10,2.200778e-05,-0.81605506,-0.56322706,1.0,1.0,1.0,91.0,105.0,3.839842e-13,7.271705e-13,372.0,331.0,1.4677042e-12,1.46327e-12,0
5.0,360.0,73.0,0.688694,0.0901985,0.30033067,-1.4567726,0.07819425,1.0,1.0,1.0,8.0,25.0,0.0007149665,7.5632866e-05,1800.0,365.0,0.00025055138,0.0012355959,0
1.0,220.0,221.0,-9.529907e-06,2.8473268e-10,1.6874024e-05,-0.7054198,-0.67173624,3.0,2.0,1.0,3.0,16.0,2.8258069e-12,5.7156224e-12,246.0,221.0,1.2942395e-12,1.2883831e-12,1
5.0,75.0,16.0,-3.1579923e-06,3.7888032e-10,1.946485e-05,-1.4877416,-0.048440337,1.0,1.0,2.0,1.0,1.0,6.229297e-11,6.539286e-12,375.0,80.0,5.0517377e-12,2.368002e-11,0
5.0,470.0,95.0,0.5679792,0.10414206,0.32271048,-1.4485381,0.22607045,1.0,1.0,1.0,11.0,30.0,0.0004993696,5.417214e-05,2350.0,475.0,0.00022157886,0.0010962322,0
5.0,55.0,12.0,0.96039027,0.021658529,0.14716837,-1.0921974,-0.3199159,1.0,1.0,1.0,1.0,0.0,0.0046520703,0.001000199,275.0,60.0,0.00039379142,0.0018048773,0
1.0,293.0,267.0,0.073330894,0.009457427,0.09724931,-0.56077796,1.0200235,1.0,1.0,1.0,35.0,52.0,5.3408807e-05,0.00012261866,399.0,267.0,3.227791e-05,3.5421075e-05,0
1.0,261.0,239.0,0.24769431,0.10219609,0.31968123,-0.82371265,0.90172803,1.0,1.0,1.0,10.0,22.0,0.00017786305,0.00013893016,361.0,239.0,0.0003915559,0.0004275987,0
5.0,380.0,77.0,0.19865862,0.06902571,0.26272744,-0.93027955,0.86104083,1.0,1.0,1.0,2.0,3.0,0.0010541829,0.00046849248,1900.0,385.0,0.00018164661,0.0008964378,0
5.0,85.0,18.0,-5.4956484e-08,2.1547186e-10,1.467896e-05,-1.4728729,-0.038593866,1.0,1.0,2.0,1.0,1.0,2.7785465e-11,2.9656481e-12,425.0,90.0,2.5349631e-12,1.197066e-11,0
1.0,420.0,411.0,4.5476636e-06,5.1943e-10,2.2791008e-05,-1.4030188,0.13254684,3.0,2.0,2.0,2.0,5.0,5.997633e-12,1.19862705e-11,658.0,411.0,1.2367381e-12,1.26382e-12,1
1.0,230.0,231.0,-5.7640113e-06,6.254211e-10,2.5008421e-05,-0.81487143,0.37370896,1.0,1.0,1.0,1.0,1.0,8.440557e-12,1.6065786e-11,230.0,231.0,2.7192222e-12,2.7074508e-12,1
5.0,170.0,35.0,0.04939139,0.0058047385,0.07618883,-0.13819142,1.2053314,2.0,1.0,1.0,2.0,2.0,0.003109855,0.008758533,850.0,175.0,3.414552e-05,0.00016584966,1
1.0,177.0,178.0,2.772588e-06,2.4019667e-10,1.5498279e-05,-1.3626893,-0.02225356,8.0,1.0,1.0,30.0,44.0,6.1212953e-12,1.7720287e-11,207.0,178.0,1.3570433e-12,1.3494195e-12,0
1.0,200.0,202.0,-4.01306e-06,7.030624e-10,2.6515323e-05,-1.5032768,0.042281717,1.0,1.0,1.0,53.0,63.0,2.0956522e-12,4.619261e-12,280.0,202.0,3.515312e-12,3.480507e-12,0
1.0,296.0,297.0,0.3310542,0.13037993,0.3610816,-0.6028801,1.0015368,2.0,1.0,1.0,31.0,49.0,0.00018837296,0.00021038763,296.0,297.0,0.0004404727,0.00043898963,0
5.0,400.0,81.0,0.33859596,0.1478895,0.38456404,-1.2014574,0.6508283,1.0,1.0,1.0,3.0,5.0,0.0015733183,0.0008487475,2000.0,405.0,0.00036972374,0.0018257962,0
5.0,65.0,14.0,0.9476141,0.019136854,0.13833602,-1.3146967,-0.10386801,1.0,1.0,1.0,1.0,3.0,0.0034678823,0.00079232536,325.0,70.0,0.00029441313,0.0013669181,0
5.0,287.0,58.0,0.28401682,0.086027205,0.29330394,-1.3768446,0.4677269,1.0,1.0,1.0,4.0,11.0,0.0013204117,0.00015484655,1447.0,290.0,0.00029974637,0.0014832277,0
5.0,225.0,46.0,6.626705e-06,6.1720024e-10,2.4843514e-05,-1.4705898,0.04797127,1.0,1.0,1.0,4.0,14.0,1.1945167e-11,1.4879467e-12,1125.0,230.0,2.743112e-12,1.3417396e-11,0
5.0,260.0,53.0,0.38142678,0.15522254,0.39398292,-1.0537177,0.7518878,1.0,1.0,1.0,3.0,11.0,0.0036555429,0.0008763272,1300.0,265.0,0.0005970098,0.002928727,0
1.0,370.0,319.0,0.005806105,3.7959424e-05,0.0061611217,-1.4183006,0.45663643,37.0,1.0,1.0,48.0,65.0,2.4149238e-06,6.739055e-06,510.0,319.0,1.02593035e-07,1.18995054e-07,0
5.0,245.0,50.0,-3.4800887e-06,4.9174875e-10,2.2175409e-05,-1.4644593,-0.0411506,1.0,1.0,1.0,5.0,16.0,8.2104636e-12,1.011831e-12,1225.0,250.0,2.0071377e-12,9.834976e-12,0
1.0,290.0,291.0,0.21367058,0.09770553,0.31257883,-0.42017516,1.1067563,2.0,1.0,1.0,13.0,17.0,0.00016949976,0.00018782727,290.0,291.0,0.0003369156,0.00033575782,0
5.0,245.0,50.0,2.462712e-07,9.1105173e-10,3.0183633e-05,-1.5040574,0.028028607,1.0,1.0,1.0,3.0,14.0,1.5016207e-11,8.9959154e-13,1225.0,250.0,3.7185784e-12,1.8221034e-11,0
1.0,177.0,179.0,4.1472435e-06,6.280266e-10,2.5060457e-05,-0.8749599,-0.20645083,1.0,1.0,1.0,1.0,2.0,1.0047558e-11,1.9378686e-11,229.0,179.0,3.5481726e-12,3.508528e-12,1
5.0,190.0,39.0,-2.036957e-05,3.4030784e-10,1.8447434e-05,-1.4824939,0.026762221,1.0,1.0,1.0,7.0,12.0,9.409658e-12,1.6060684e-12,950.0,195.0,1.7910939e-12,8.725842e-12,0
1.0,154.0,155.0,0.17099953,0.02533513,0.15917012,-1.4816965,0.25570667,2.0,1.0,1.0,16.0,18.0,0.00014700195,0.00031265305,154.0,155.0,0.00016451383,0.00016345245,0
1.0,202.0,203.0,1.8956792e-06,5.732081e-10,2.3941764e-05,-1.5034648,-0.016668478,1.0,1.0,1.0,54.0,61.0,1.7740205e-12,3.708229e-12,206.0,203.0,2.8376637e-12,2.823685e-12,0
5.0,261.0,53.0,0.22171214,0.05296214,0.23013504,-1.3594884,0.58923334,1.0,1.0,1.0,1.0,7.0,0.0013052449,0.000418359,1311.0,265.0,0.00020292007,0.0009992856,0
5.0,70.0,15.0,1.5009093e-06,4.920434e-10,2.2182052e-05,-1.4427989,-0.1336104,1.0,1.0,2.0,1.0,0.0,9.292075e-11,9.288664e-12,350.0,75.0,7.0291915e-12,3.2802892e-11,0
5.0,240.0,49.0,-1.4222717e-06,8.3543095e-10,2.8903823e-05,-1.4939921,-0.014162686,1.0,1.0,1.0,8.0,15.0,1.4782895e-11,2.120667e-12,1200.0,245.0,3.4809625e-12,1.7049612e-11,0
5.0,255.0,52.0,1.3441497e-05,6.8982403e-10,2.62645e-05,-1.120866,-0.34052753,1.0,1.0,1.0,5.0,17.0,1.023275e-11,9.691921e-13,1275.0,260.0,2.7051922e-12,1.3265847e-11,0
5.0,235.0,48.0,0.31565595,0.13916665,0.37305048,-1.1381214,0.6977,1.0,1.0,1.0,2.0,3.0,0.0036636945,0.0004714807,1175.0,240.0,0.0005921985,0.0028993054,0
1.0,196.0,197.0,1.79753e-08,7.739084e-10,2.781921e-05,-1.4850695,-0.06662275,1.0,1.0,1.0,44.0,55.0,1.4800674e-12,2.0558431e-12,272.0,197.0,3.948512e-12,3.928469e-12,0
5.0,340.0,69.0,0.20127851,0.109467246,0.33085835,0.26368046,1.3642188,1.0,1.0,1.0,1.0,6.0,0.0025947697,0.00024261524,1700.0,345.0,0.00032196246,0.0015864818,0
5.0,285.0,58.0,0.2401767,0.09444121,0.30731288,-0.33895254,1.1121026,1.0,1.0,1.0,2.0,7.0,0.0025276644,0.0004487531,1425.0,290.0,0.00033137266,0.0016282967,0
5.0,205.0,42.0,0.2763987,0.09511946,0.30841443,-1.2719553,0.5969681,1.0,1.0,1.0,2.0,5.0,0.0031065496,0.0005781131,1025.0,210.0,0.00046399736,0.002264749,0
5.0,80.0,17.0,-2.1882724e-06,1.5864965e-10,1.259562e-05,-1.4797639,-0.05780665,1.0,1.0,2.0,1.0,1.0,2.2432244e-11,3.9933803e-12,400.0,85.0,1.9831207e-12,9.332333e-12,0
1.0,209.0,210.0,-5.8042096e-06,2.2828398e-10,1.510907e-05,-1.0094025,-0.26592663,2.0,2.0,2.0,2.0,2.0,3.4101708e-11,9.9686356e-11,209.0,210.0,1.0922679e-12,1.0870665e-12,1
5.0,250.0,43.0,5.071793e-06,4.3865253e-10,2.0944033e-05,-1.3948282,-0.3634895,1.0,1.0,1.0,2.0,2.0,1.6657469e-11,1.1186018e-11,3050.0,215.0,1.7546101e-12,1.0201222e-11,1
1.0,193.0,194.0,-3.7372765e-06,8.1664436e-10,2.857699e-05,-1.4758694,-0.016484793,1.0,1.0,1.0,45.0,62.0,3.1669333e-12,6.0617453e-12,193.0,194.0,4.231318e-12,4.209507e-12,0
5.0,80.0,17.0,1.3849005e-06,1.7213683e-10,1.3120092e-05,-1.4658158,-0.08828611,1.0,1.0,2.0,1.0,2.0,2.5368877e-11,3.9958267e-12,400.0,85.0,2.1517105e-12,1.0125695e-11,0
5.0,90.0,19.0,-2.9114642e-06,3.7013823e-10,1.9238976e-05,-1.5101308,0.047806207,1.0,1.0,2.0,1.0,2.0,4.47725e-11,1.0602178e-11,450.0,95.0,4.112647e-12,1.9480959e-11,0
1.0,556.0,557.0,9.700626e-07,6.0753497e-10,2.4648223e-05,-1.4291537,0.06968624,1.0,1.0,1.0,159.0,181.0,2.9387796e-13,6.0693003e-13,556.0,557.0,1.0926888e-12,1.090727e-12,0
1.0,300.0,301.0,0.001448343,1.2861338e-05,0.0035862708,4.05522,2.3374991,7.0,1.0,1.0,14.0,17.0,9.308226e-07,2.7084143e-06,300.0,301.0,4.287113e-08,4.27287e-08,0
5.0,170.0,35.0,-3.085101e-06,5.862609e-11,7.656768e-06,-1.435701,0.029088832,1.0,1.0,1.0,6.0,10.0,2.3318086e-12,9.90289e-13,850.0,175.0,3.4485934e-13,1.6750311e-12,0
5.0,236.0,48.0,-3.721768e-07,2.3903396e-10,1.5460724e-05,-1.4614373,-0.01108772,1.0,1.0,1.0,6.0,15.0,4.501798e-12,1.0391988e-12,1186.0,240.0,1.0128558e-12,4.9798746e-12,0
5.0,45.0,10.0,1.0367624,0.017025623,0.13048227,-1.0779407,-0.33469227,1.0,1.0,1.0,1.0,0.0,0.00513983,0.001694646,225.0,50.0,0.00037834718,0.0017025623,0
1.0,480.0,481.0,1.2177035e-05,5.308743e-10,2.304071e-05,-1.2516925,-0.12511465,1.0,1.0,1.0,121.0,137.0,2.272475e-12,6.5511108e-12,666.0,481.0,1.105988e-12,1.1036888e-12,0
1.0,168.0,170.0,-3.978198e-06,6.599194e-10,2.5688896e-05,-1.1880322,-0.01017437,2.0,2.0,1.0,1.0,3.0,2.9631717e-11,7.397554e-11,232.0,170.0,3.928092e-12,3.8818788e-12,1
1.0,203.0,186.0,0.044852924,0.0032153558,0.056704108,-0.9771592,0.7820199,2.0,1.0,1.0,17.0,27.0,3.0730364e-05,5.320819e-05,259.0,186.0,1.5839192e-05,1.728686e-05,1
5.0,355.0,72.0,0.3586827,0.15987928,0.3998491,-1.2460077,0.6023553,1.0,1.0,1.0,4.0,6.0,0.0018677016,0.0005689302,1775.0,360.0,0.0004503642,0.0022205457,0
1.0,685.0,687.0,5.635407e-06,4.0684928e-10,2.0170506e-05,-1.0062349,-0.6072766,1.0,1.0,1.0,211.0,230.0,3.0318041e-13,7.7896343e-13,939.0,687.0,5.9394053e-13,5.9221145e-13,0
5.0,215.0,44.0,0.22732747,0.049094155,0.22157201,-1.4270216,0.4370235,1.0,1.0,1.0,1.0,9.0,0.001316742,0.00019235902,1075.0,220.0,0.0002283449,0.0011157762,0
1.0,195.0,196.0,-4.6391892e-06,2.2115026e-10,1.48711215e-05,-1.5240314,0.03878033,2.0,1.0,1.0,19.0,31.0,1.6658833e-12,4.310103e-12,213.0,196.0,1.1341039e-12,1.1283177e-12,0
5.0,240.0,49.0,-4.0813748e-06,2.6730343e-10,1.6349417e-05,-1.3968092,0.03101205,1.0,1.0,1.0,7.0,14.0,4.743423e-12,9.646624e-13,1200.0,245.0,1.1137644e-12,5.4551723e-12,0
5.0,295.0,37.0,-3.7107024e-05,4.41611e-11,6.6453817e-06,-1.2837921,0.3522458,1.0,1.0,0.0,2.0,2.0,6.50459e-12,1.3006117e-11,15275.0,185.0,1.4969864e-13,1.1935432e-12,1
5.0,450.0,91.0,0.4794448,0.16844149,0.41041625,-1.4668158,0.2567121,1.0,1.0,1.0,10.0,22.0,0.00094282016,0.00023084354,2250.0,455.0,0.00037431443,0.0018510054,0
5.0,185.0,38.0,-3.6464156e-05,2.5401845e-10,1.5937956e-05,1.3747324,1.8012971,6.0,3.0,1.0,5.0,9.0,6.221187e-10,1.7903627e-09,925.0,190.0,1.3730728e-12,6.684696e-12,1
5.0,95.0,20.0,1.311647e-05,4.9099175e-10,2.2158334e-05,-0.7153421,-0.5061757,1.0,1.0,1.0,1.0,5.0,4.713093e-11,1.0624362e-11,475.0,100.0,5.168334e-12,2.4549588e-11,0
5.0,615.0,124.0,-1.4806639e-05,2.953053e-10,1.718445e-05,-1.3759989,0.021566302,1.0,1.0,1.0,37.0,39.0,9.418431e-13,7.757546e-13,3075.0,620.0,4.8017124e-13,2.3814943e-12,0
5.0,75.0,16.0,2.9034413e-06,7.932031e-10,2.8163862e-05,-1.441096,-0.11388522,1.0,1.0,2.0,1.0,1.0,1.3020418e-10,1.44910655e-11,375.0,80.0,1.0576042e-11,4.9575195e-11,0
1.0,513.0,514.0,4.173001e-07,1.7334015e-10,1.3165871e-05,-0.85952425,0.30599725,1.0,1.0,1.0,4.0,2.0,1.1309736e-12,2.510247e-12,707.0,514.0,3.3789502e-13,3.3723764e-13,1
5.0,620.0,125.0,0.409115,0.17558719,0.41903126,-1.3942633,0.45796296,1.0,1.0,1.0,14.0,23.0,0.0006090048,0.00015951032,3100.0,625.0,0.00028320515,0.0014046975,0
5.0,80.0,17.0,-1.230171e-05,4.1038322e-11,6.406116e-06,-1.488706,-0.083419435,1.0,1.0,0.0,2.0,6.0,6.4149085e-12,2.802386e-12,400.0,85.0,5.1297904e-13,2.414019e-12,0
1.0,199.0,200.0,2.9080754e-06,7.718211e-10,2.7781669e-05,-1.4949019,0.018579552,1.0,1.0,1.0,42.0,45.0,1.4196994e-12,1.8345575e-12,277.0,200.0,3.878498e-12,3.8591053e-12,0
5.0,235.0,40.0,-2.0241685e-06,4.4293805e-10,2.1046093e-05,0.43965575,0.801751,3.0,1.0,1.0,3.0,3.0,2.5620697e-10,8.6102214e-10,2975.0,200.0,1.8848428e-12,1.1073451e-11,1
5.0,175.0,36.0,1.1682338e-05,3.8494202e-10,1.961994e-05,-1.4796127,-0.018014487,1.0,1.0,1.0,3.0,9.0,1.2646308e-11,2.7526935e-12,875.0,180.0,2.1996686e-12,1.0692834e-11,0
5.0,405.0,82.0,0.59456396,0.15984401,0.39980495,-1.4882658,0.12721531,1.0,1.0,1.0,10.0,29.0,0.0010347212,0.00014019551,2025.0,410.0,0.00039467658,0.0019493172,0
5.0,225.0,46.0,0.3610269,0.15644318,0.39552897,-1.0139195,0.7437915,1.0,1.0,1.0,2.0,4.0,0.0045689684,0.0006846735,1125.0,230.0,0.000695303,0.0034009386,0
1.0,203.0,204.0,1.5210468e-06,1.278085e-10,1.1305242e-05,-1.4727384,-0.06189774,1.0,1.0,1.0,58.0,66.0,4.017285e-13,7.7181143e-13,225.0,204.0,6.2959853e-13,6.2651224e-13,0
1.0,182.0,183.0,-6.476712e-06,4.3731388e-10,2.0912052e-05,-1.49312,-0.030117854,1.0,1.0,1.0,52.0,57.0,7.1447974e-13,5.828696e-13,254.0,183.0,2.4028236e-12,2.3896933e-12,0
1.0,178.0,179.0,-1.8588908e-06,1.89712e-10,1.3773598e-05,-0.12707116,-0.3417236,2.0,2.0,2.0,1.0,1.0,3.4929053e-11,6.97497e-11,178.0,179.0,1.0657977e-12,1.0598435e-12,1
5.0,220.0,45.0,1.521802e-07,7.390831e-10,2.7186083e-05,-1.3149351,-0.051378623,1.0,1.0,1.0,1.0,14.0,1.2984973e-11,1.0127812e-12,1100.0,225.0,3.3594687e-12,1.6424069e-11,0
5.0,265.0,54.0,0.21631144,0.09753323,0.31230313,-0.41296187,1.0976473,1.0,1.0,1.0,1.0,5.0,0.0028596898,0.00023374794,1325.0,270.0,0.00036804995,0.001806171,0
5.0,235.0,48.0,1.7989269e-06,1.414248e-10,1.1892216e-05,-1.4602085,-0.014290927,1.0,1.0,1.0,11.0,16.0,2.6765701e-12,7.022372e-13,1175.0,240.0,6.0180767e-13,2.94635e-12,0
5.0,335.0,68.0,0.12465797,0.019646037,0.14016433,-0.8186914,0.87939024,1.0,1.0,1.0,3.0,6.0,0.00037428207,0.00018577697,1675.0,340.0,5.8644888e-05,0.00028891233,0
5.0,95.0,20.0,1.7606905e-06,5.9517097e-10,2.4396126e-05,-1.4901711,0.13313328,1.0,1.0,2.0,1.0,5.0,6.883549e-11,1.7195433e-11,475.0,100.0,6.2649577e-12,2.975855e-11,0
5.0,385.0,78.0,0.6464485,0.112654656,0.33564067,-1.4507277,0.1381179,1.0,1.0,1.0,7.0,24.0,0.00078576274,7.490725e-05,1925.0,390.0,0.0002926095,0.0014442904,0
5.0,221.0,45.0,-1.5839772e-06,5.019947e-10,2.2405238e-05,-1.4850366,0.010751052,1.0,1.0,1.0,4.0,15.0,1.0383809e-11,1.3763204e-12,1125.0,225.0,2.2714693e-12,1.11554386e-11,0
5.0,90.0,19.0,1.0965715e-05,3.7190892e-10,1.928494e-05,-1.1206949,-0.13787279,1.0,1.0,2.0,2.0,3.0,5.0739614e-11,1.3710941e-11,450.0,95.0,4.1323212e-12,1.9574153e-11,0
5.0,225.0,46.0,9.770738e-06,7.2681533e-10,2.6959513e-05,-1.290461,-0.07067563,1.0,1.0,1.0,4.0,17.0,1.3918617e-11,1.8500796e-12,1125.0,230.0,3.2302904e-12,1.5800333e-11,0
1.0,236.0,223.0,0.2802513,0.09214286,0.30355042,-1.0279049,0.7541139,1.0,1.0,1.0,30.0,39.0,0.00015397996,9.9903635e-05,328.0,223.0,0.00039043583,0.00041319666,0
1.0,297.0,290.0,0.19657114,0.05384522,0.23204572,-0.6250519,0.9292089,1.0,1.0,1.0,27.0,41.0,9.39451e-05,8.8437104e-05,339.0,290.0,0.00018129703,0.00018567317,0
1.0,175.0,176.0,-5.4819334e-06,3.9679612e-10,1.9919742e-05,-1.4874514,0.016129287,1.0,1.0,1.0,48.0,61.0,7.009598e-13,5.603671e-13,245.0,176.0,2.2674065e-12,2.2545236e-12,0
5.0,250.0,51.0,-9.55185e-07,2.5473246e-10,1.596034e-05,-1.2598928,-0.17472,1.0,1.0,1.0,8.0,16.0,4.1096774e-12,1.2181505e-12,1250.0,255.0,1.0189298e-12,4.9947537e-12,0
1.0,255.0,256.0,-3.749101e-07,2.2769468e-10,1.5089556e-05,-1.428218,-0.07202255,1.0,1.0,1.0,41.0,48.0,6.326151e-13,1.159788e-12,339.0,256.0,8.9292034e-13,8.8943235e-13,1
1.0,225.0,226.0,3.1613027e-07,3.3832082e-10,1.8393499e-05,-1.2414978,-0.011359905,2.0,2.0,1.0,8.0,15.0,3.9861972e-12,8.086356e-12,293.0,226.0,1.503648e-12,1.4969947e-12,1
5.0,130.0,27.0,0.048764776,0.0029298204,0.054127816,-0.9032983,0.70810264,2.0,1.0,1.0,2.0,2.0,0.0015985409,0.0030868242,650.0,135.0,2.253708e-05,0.00010851187,1
5.0,185.0,38.0,0.123780176,0.021761306,0.14751713,-1.37113,0.58842325,1.0,1.0,1.0,2.0,5.0,0.0014341812,0.0016080714,925.0,190.0,0.000117628675,0.00057266594,0
1.0,178.0,180.0,-3.84913e-06,6.640561e-10,2.5769286e-05,-1.495643,-0.0036867545,1.0,1.0,1.0,48.0,56.0,1.086661e-12,7.6835944e-13,248.0,180.0,3.7306525e-12,3.6892004e-12,0
5.0,75.0,16.0,6.174088e-08,6.8934475e-10,2.6255377e-05,-1.5049407,-0.037261464,1.0,1.0,2.0,1.0,0.0,1.1276773e-10,1.3546471e-11,375.0,80.0,9.191263e-12,4.3084047e-11,0
1.0,186.0,187.0,4.2481297e-06,4.9850746e-10,2.2327282e-05,-1.4220387,-0.08965819,1.0,1.0,1.0,37.0,47.0,1.6159219e-12,2.6213578e-12,186.0,187.0,2.6801478e-12,2.6658155e-12,0
5.0,100.0,21.0,-2.9044666e-06,4.322266e-10,2.079006e-05,-1.5143414,-0.009903305,1.0,1.0,2.0,1.0,4.0,4.102899e-11,5.4717637e-12,500.0,105.0,4.322266e-12,2.0582218e-11,0
5.0,220.0,45.0,0.14800432,0.033830866,0.1839317,-1.0554326,0.77012736,1.0,1.0,1.0,3.0,5.0,0.001212806,0.00039342584,1100.0,225.0,0.00015377667,0.000751797,0
5.0,505.0,102.0,0.42967185,0.16020425,0.40025523,-1.2863691,0.52486515,1.0,1.0,1.0,7.0,20.0,0.0008338577,0.00016575104,2525.0,510.0,0.00031723615,0.0015706299,0
5.0,302.0,61.0,0.23300327,0.07573889,0.27520698,-1.2040826,0.6674135,1.0,1.0,1.0,1.0,6.0,0.0013487078,0.00035579444,1528.0,305.0,0.00025079102,0.0012416212,0
5.0,160.0,33.0,0.20596875,0.037414473,0.1934282,-1.4372413,0.3553851,1.0,1.0,1.0,1.0,1.0,0.0016685213,0.00022209022,800.0,165.0,0.00023384044,0.0011337718,0
5.0,185.0,38.0,0.1903434,0.05915657,0.24322124,-0.9692856,0.833903,1.0,1.0,1.0,1.0,7.0,0.0028372596,0.0003763091,925.0,190.0,0.00031976524,0.0015567519,0
1.0,289.0,276.0,0.36933786,0.17363298,0.4166929,-1.228869,0.61966276,2.0,1.0,1.0,33.0,49.0,0.00018059462,0.00014736217,357.0,276.0,0.00060080615,0.000629105,0
1.0,171.0,172.0,-8.532835e-07,1.1769918e-10,1.0848926e-05,-1.3013141,-0.15386586,2.0,2.0,1.0,1.0,3.0,3.399092e-12,6.5339227e-12,171.0,172.0,6.882993e-13,6.8429756e-13,1
5.0,95.0,20.0,0.122605436,0.009296568,0.09641871,-1.4252305,0.15827483,1.0,1.0,1.0,1.0,3.0,0.0011069096,0.0002994287,475.0,100.0,9.785861e-05,0.0004648284,0
1.0,180.0,181.0,-4.140156e-06,2.9247627e-10,1.7101938e-05,-1.4150007,-0.036088306,1.0,1.0,1.0,54.0,58.0,6.0210376e-13,7.5160163e-13,248.0,181.0,1.6248682e-12,1.615891e-12,0
1.0,449.0,450.0,4.5841357e-06,2.298256e-10,1.5160001e-05,-1.4114754,-0.003265587,2.0,2.0,1.0,39.0,70.0,1.717106e-12,4.4762098e-12,571.0,450.0,5.1186106e-13,5.1072357e-13,1
1.0,271.0,272.0,8.486808e-07,5.466024e-10,2.3379529e-05,-0.8870885,-0.13849795,2.0,2.0,2.0,3.0,6.0,2.4757597e-11,6.240985e-11,339.0,272.0,2.016983e-12,2.0095676e-12,1
5.0,75.0,16.0,-4.1127996e-06,4.2977522e-10,2.073102e-05,-1.4230506,-0.08231506,1.0,1.0,2.0,1.0,1.0,6.9496735e-11,1.12079105e-11,375.0,80.0,5.730336e-12,2.6860951e-11,0
1.0,175.0,176.0,5.2339988e-06,3.2201117e-10,1.794467e-05,-1.4329275,-0.06010893,1.0,1.0,1.0,51.0,58.0,6.9716243e-13,8.5049583e-13,243.0,176.0,1.840064e-12,1.829609e-12,0
1.0,195.0,196.0,0.26941925,0.09043848,0.3007299,-1.3166496,0.5854363,1.0,1.0,1.0,15.0,25.0,0.0001700252,0.00011031362,195.0,196.0,0.0004637871,0.00046142083,0
5.0,65.0,14.0,-2.4490072e-07,1.2131092e-10,1.1014124e-05,-0.26200628,-0.95981765,1.0,1.0,1.0,0.0,3.0,1.8645321e-11,4.423472e-12,325.0,70.0,1.8663218e-12,8.665065e-12,0
1.0,345.0,320.0,0.3749435,0.18450028,0.42953494,-1.1436557,0.6800012,1.0,1.0,1.0,12.0,17.0,0.00014549034,0.0001083887,477.0,320.0,0.0005347834,0.00057656335,0
1.0,176.0,177.0,1.867428e-06,4.1867187e-10,2.0461473e-05,-1.4198594,-0.0025247831,1.0,1.0,1.0,50.0,57.0,8.1771254e-13,8.271261e-13,244.0,177.0,2.3788174e-12,2.3653779e-12,0
5.0,465.0,80.0,7.535545e-06,5.7210836e-10,2.3918787e-05,-0.71588606,-0.5747516,1.0,1.0,1.0,4.0,8.0,3.738736e-12,2.9474576e-12,7575.0,400.0,1.2303406e-12,7.1513546e-12,1
5.0,985.0,198.0,-2.3036268e-06,3.842843e-10,1.960317e-05,1.7198641,0.7937532,6.0,3.0,1.0,6.0,8.0,1.4112111e-10,3.7332842e-10,4925.0,990.0,3.9013636e-13,1.9408299e-12,1
5.0,225.0,46.0,0.2209573,0.05521334,0.23497519,-1.4597882,0.4714169,1.0,1.0,1.0,1.0,10.0,0.0014220077,0.00015442508,1125.0,230.0,0.00024539264,0.00120029,0
1.0,492.0,493.0,5.8921637e-06,4.2539205e-10,2.0625035e-05,-0.6444999,0.18014419,2.0,2.0,2.0,13.0,23.0,6.286629e-12,1.2809248e-11,492.0,493.0,8.64618e-13,8.628642e-13,1
5.0,235.0,48.0,1.7903939e-06,9.73089e-10,3.1194373e-05,-1.0102632,0.10426975,3.0,1.0,1.0,2.0,5.0,2.2256343e-10,4.848705e-10,1175.0,240.0,4.1408045e-12,2.0272688e-11,1
5.0,250.0,51.0,1.8664549e-06,5.702208e-10,2.3879296e-05,-1.443251,-0.022484917,1.0,1.0,1.0,4.0,18.0,9.051201e-12,1.0286568e-12,1250.0,255.0,2.2808832e-12,1.11808e-11,0
5.0,80.0,17.0,-3.8916588e-07,6.2466415e-10,2.4993282e-05,-1.4563113,-0.11380213,1.0,1.0,2.0,1.0,0.0,8.9403415e-11,1.0028652e-11,400.0,85.0,7.808302e-12,3.6744947e-11,0
5.0,90.0,19.0,5.0333324e-07,3.6701578e-10,1.9157656e-05,-1.4298944,0.071472816,1.0,1.0,2.0,3.0,5.0,4.557072e-11,9.24915e-12,450.0,95.0,4.077953e-12,1.931662e-11,0
1.0,370.0,372.0,7.4283116e-07,2.0013048e-10,1.4146748e-05,-1.3625236,-0.09285276,2.0,2.0,2.0,3.0,12.0,1.285003e-12,2.6535729e-12,468.0,372.0,5.408932e-13,5.379852e-13,1
5.0,110.0,23.0,-4.0313084e-06,2.8395564e-10,1.6850983e-05,-0.44737887,-0.38387355,1.0,1.0,0.0,4.0,3.0,4.5974856e-11,7.944307e-11,550.0,115.0,2.581415e-12,1.2345897e-11,1
5.0,815.0,164.0,7.5055397e-07,2.1846712e-10,1.4780633e-05,-0.8110488,-0.3093539,1.0,1.0,1.0,50.0,54.0,5.7792145e-13,6.635988e-13,4075.0,820.0,2.6805782e-13,1.3321166e-12,0
5.0,460.0,93.0,-1.001362e-06,9.423434e-10,3.069761e-05,-1.4713005,0.111021794,1.0,1.0,1.0,6.0,9.0,5.461244e-12,3.3757103e-12,2300.0,465.0,2.0485727e-12,1.01327245e-11,0
5.0,202.0,41.0,-3.91373e-06,4.0191767e-10,2.0047884e-05,-1.0030676,-0.45144424,1.0,1.0,1.0,3.0,13.0,7.622132e-12,7.2678707e-13,1038.0,205.0,1.9896914e-12,9.80287e-12,0
1.0,189.0,190.0,7.017154e-06,7.6165274e-10,2.7598056e-05,-1.0739005,-0.31490108,1.0,1.0,1.0,58.0,68.0,1.0784858e-12,1.1094435e-12,265.0,190.0,4.0299084e-12,4.0086983e-12,0
5.0,580.0,117.0,3.7357129e-06,2.8354405e-10,1.6838767e-05,-1.1200132,0.087769054,3.0,1.0,1.0,2.0,5.0,1.5804899e-11,3.0591703e-11,2900.0,585.0,4.8886904e-13,2.4234534e-12,1
1.0,230.0,231.0,0.31187576,0.16702278,0.40868422,-0.8280399,0.8928617,1.0,1.0,1.0,21.0,22.0,0.0003231484,0.0002930672,230.0,231.0,0.00072618603,0.00072304235,0
5.0,75.0,16.0,-5.54218e-06,4.1766693e-10,2.04369e-05,-1.4256636,-0.09662049,1.0,1.0,2.0,1.0,1.0,6.564248e-11,9.544351e-12,375.0,80.0,5.5688926e-12,2.6104183e-11,0
5.0,275.0,56.0,0.22837007,0.03591538,0.18951353,-1.3224943,0.1805405,1.0,1.0,1.0,2.0,12.0,0.00085225905,0.00011971229,1375.0,280.0,0.00013060139,0.00064134604,1
1.0,322.0,280.0,0.22930267,0.13034756,0.36103678,-0.0742175,1.2495065,1.0,1.0,1.0,12.0,19.0,0.00020617826,0.00010127074,448.0,280.0,0.00040480608,0.000465527,0
5.0,55.0,12.0,0.86892223,0.014522051,0.12050747,-0.7975821,-0.41499656,1.0,1.0,1.0,2.0,1.0,0.003910652,0.0019926166,275.0,60.0,0.00026403728,0.0012101709,0
1.0,267.0,239.0,0.26559937,0.1230771,0.35082346,-0.8551181,0.893038,2.0,1.0,1.0,19.0,25.0,0.00020429329,0.00014350003,369.0,239.0,0.0004609629,0.00051496696,0
1.0,207.0,208.0,-2.9092896e-06,4.3832304e-10,2.0936166e-05,-0.75789094,-0.65580595,2.0,2.0,2.0,6.0,11.0,5.7865388e-12,1.2057197e-11,207.0,208.0,2.1175026e-12,2.1073223e-12,1
5.0,225.0,46.0,4.1024514e-06,5.657557e-10,2.378562e-05,-0.85388404,-0.6573684,1.0,1.0,1.0,5.0,13.0,6.324514e-12,9.0463596e-13,1125.0,230.0,2.5144698e-12,1.2299037e-11,0
5.0,75.0,16.0,-1.250772e-07,1.4056047e-10,1.185582e-05,-1.4199269,-0.17251706,1.0,1.0,2.0,2.0,2.0,2.3451742e-11,3.625974e-12,375.0,80.0,1.8741395e-12,8.785029e-12,0
1.0,189.0,190.0,-3.5433688e-06,4.1343987e-10,2.033322e-05,-1.4960499,-0.0042213993,1.0,1.0,1.0,61.0,65.0,6.740231e-13,6.543541e-13,265.0,190.0,2.1875125e-12,2.1759994e-12,0
5.0,290.0,57.0,0.27071947,0.09169772,0.3028163,-0.45793232,1.048542,1.0,1.0,1.0,3.0,5.0,0.002367426,0.0003527661,1600.0,285.0,0.00031619903,0.0016087319,0
1.0,312.0,314.0,-6.2659874e-06,6.566076e-10,2.5624357e-05,-1.5111727,0.04238993,1.0,1.0,1.0,87.0,105.0,5.4410887e-13,8.3954203e-13,426.0,314.0,2.1045117e-12,2.091107e-12,0
1.0,201.0,202.0,1.0183377e-06,3.6778547e-10,1.9177734e-05,-0.9139039,-0.4742774,1.0,1.0,1.0,43.0,53.0,1.5282867e-12,3.3704899e-12,201.0,202.0,1.8297785e-12,1.82072e-12,0
5.0,85.0,18.0,-2.9781395e-07,1.8137361e-10,1.3467502e-05,-1.5156012,-0.015643546,1.0,1.0,2.0,1.0,2.0,2.3474769e-11,3.3886516e-12,425.0,90.0,2.1338072e-12,1.0076311e-11,0
5.0,1335.0,268.0,-1.0750317e-05,4.973177e-10,2.2300621e-05,-1.474116,-0.12875243,1.0,1.0,1.0,80.0,90.0,4.967067e-13,6.22395e-13,6675.0,1340.0,3.725226e-13,1.855663e-12,0
5.0,510.0,103.0,0.36805,0.14497046,0.38074985,-1.3637713,0.46985918,1.0,1.0,1.0,10.0,27.0,0.00072841585,9.669902e-05,2550.0,515.0,0.0002842558,0.0014074801,0
5.0,100.0,21.0,2.613789e-06,5.822326e-10,2.4129497e-05,-1.4901586,-0.025602147,1.0,1.0,2.0,1.0,2.0,5.4610143e-11,4.4391977e-12,500.0,105.0,5.822326e-12,2.7725362e-11,0
5.0,70.0,15.0,-8.75586e-07,2.7880293e-10,1.6697393e-05,-1.4237698,-0.09826423,1.0,1.0,2.0,1.0,1.0,5.0036638e-11,6.719649e-12,350.0,75.0,3.982899e-12,1.8586861e-11,0
5.0,50.0,11.0,0.9538949,0.013930718,0.11802846,-1.0896182,-0.24797745,1.0,1.0,1.0,1.0,0.0,0.0044120015,0.00082424184,250.0,55.0,0.00027861437,0.001266429,0
5.0,215.0,44.0,0.21367118,0.07713573,0.2777332,-0.8100082,0.92687285,1.0,1.0,1.0,1.0,7.0,0.0030068108,0.0003551482,1075.0,220.0,0.00035877083,0.0017530847,0
1.0,537.0,539.0,-2.1072137e-06,6.8818695e-10,2.6233318e-05,-1.3862666,0.16108933,3.0,2.0,2.0,2.0,2.0,2.0216967e-11,5.8201617e-11,729.0,539.0,1.28154e-12,1.2767848e-12,1
5.0,75.0,16.0,-7.807917e-06,4.2119763e-10,2.05231e-05,-1.4753634,-0.027797414,1.0,1.0,2.0,1.0,3.0,6.822508e-11,8.744538e-12,375.0,80.0,5.6159686e-12,2.6324852e-11,0
5.0,260.0,53.0,-3.0270328e-06,2.2914408e-10,1.5137505e-05,-1.3441539,0.1536954,2.0,1.0,1.0,3.0,2.0,1.355549e-11,2.6215101e-11,1300.0,265.0,8.8132333e-13,4.323473e-12,1
5.0,205.0,42.0,0.29254732,0.121841505,0.34905803,-1.0816412,0.7375743,1.0,1.0,1.0,1.0,6.0,0.004222298,0.00032807334,1025.0,210.0,0.0005943488,0.0029009883,0
5.0,145.0,30.0,-7.758708e-06,2.1643999e-11,4.652311e-06,-0.96200275,-0.28607437,1.0,1.0,0.0,7.0,9.0,8.9996554e-13,5.8106796e-13,725.0,150.0,1.4926896e-13,7.214666e-13,0
1.0,215.0,209.0,0.2654297,0.074566446,0.27306858,-1.2207371,0.61949533,1.0,1.0,1.0,29.0,31.0,0.0001413253,0.000116761345,271.0,209.0,0.00034682069,0.00035677725,0
5.0,235.0,48.0,3.260942e-07,5.469973e-10,2.3387973e-05,-1.1210396,-0.27088335,1.0,1.0,1.0,5.0,15.0,7.826888e-12,7.4358076e-13,1175.0,240.0,2.327648e-12,1.1395777e-11,0
5.0,85.0,18.0,-4.8483887e-08,3.9363404e-10,1.9840212e-05,-1.4506258,0.04055684,1.0,1.0,2.0,2.0,3.0,5.8217584e-11,2.868052e-11,425.0,90.0,4.6309887e-12,2.1868557e-11,0
5.0,470.0,95.0,0.5874936,0.15371905,0.39207023,-1.4370424,0.20356454,1.0,1.0,1.0,8.0,28.0,0.00073120097,8.179348e-05,2350.0,475.0,0.00032706183,0.0016180953,0
5.0,75.0,16.0,-1.0561675e-06,3.6538786e-10,1.9115121e-05,-1.5427767,-0.02051943,1.0,1.0,2.0,1.0,4.0,6.0422056e-11,1.0070888e-11,375.0,80.0,4.871838e-12,2.2836741e-11,0
1.0,202.0,204.0,6.5901713e-06,7.368607e-10,2.7145177e-05,-1.416051,-0.009546089,1.0,1.0,1.0,42.0,42.0,1.6707309e-12,3.0526937e-12,280.0,204.0,3.647825e-12,3.6120623e-12,0
5.0,210.0,43.0,-1.7637263e-05,4.232999e-10,2.0574253e-05,-1.5231397,-0.045963027,1.0,1.0,1.0,3.0,13.0,9.54624e-12,1.0209378e-12,1050.0,215.0,2.0157138e-12,9.844184e-12,0
5.0,75.0,16.0,1.7111183e-06,4.8642934e-10,2.2055143e-05,-1.4726263,-0.08700029,1.0,1.0,2.0,1.0,1.0,7.9396906e-11,9.493008e-12,375.0,80.0,6.4857247e-12,3.0401834e-11,0
5.0,201.0,41.0,-1.1121746e-06,4.946695e-10,2.2241167e-05,-1.479203,-0.06516722,1.0,1.0,1.0,5.0,13.0,1.25238205e-11,1.7214304e-12,1015.0,205.0,2.4610424e-12,1.206511e-11,0
5.0,235.0,48.0,-4.191118e-06,1.4017537e-10,1.1839568e-05,-1.2925656,-0.08686317,1.0,1.0,1.0,6.0,15.0,2.4712584e-12,5.556528e-13,1175.0,240.0,5.9649096e-13,2.9203202e-12,0
1.0,205.0,206.0,-7.2796497e-06,5.213074e-10,2.2832157e-05,-1.4054538,-0.054010797,1.0,1.0,1.0,56.0,65.0,8.3209817e-13,9.900839e-13,205.0,206.0,2.5429628e-12,2.5306183e-12,0
1.0,330.0,314.0,0.41159588,0.19214329,0.43834153,-1.2576239,0.56517196,2.0,1.0,1.0,31.0,33.0,0.000163525,0.0001771125,420.0,314.0,0.0005822524,0.0006119213,0
1.0,184.0,185.0,6.311814e-08,7.821093e-10,2.7966218e-05,-1.4898144,-0.016411185,1.0,1.0,1.0,47.0,58.0,1.4779796e-12,1.47237e-12,184.0,185.0,4.2505942e-12,4.227618e-12,0
1.0,278.0,279.0,2.0047935e-06,4.310031e-10,2.0760614e-05,-1.4872429,0.032546684,1.0,1.0,1.0,85.0,93.0,4.3122754e-13,6.3914553e-13,382.0,279.0,1.5503708e-12,1.544814e-12,0
5.0,515.0,104.0,2.667648e-05,2.1459011e-10,1.4648895e-05,-1.1671839,-0.21316025,1.0,1.0,1.0,25.0,30.0,8.261627e-13,7.120211e-13,2575.0,520.0,4.1667985e-13,2.0633664e-12,0
1.0,413.0,413.0,2.0823031e-06,5.094468e-10,2.257093e-05,-1.4692087,0.017055156,1.0,1.0,1.0,116.0,139.0,3.3141052e-13,5.969693e-13,439.0,413.0,1.2335275e-12,1.2335275e-12,0
5.0,75.0,16.0,1.2166772e-05,4.2717288e-10,2.0668162e-05,-1.4276079,-0.15676567,1.0,1.0,2.0,1.0,3.0,7.047705e-11,1.1273152e-11,375.0,80.0,5.6956384e-12,2.6698305e-11,0
5.0,1115.0,224.0,1.533264e-05,3.196048e-10,1.7877494e-05,1.5847303,0.65177286,12.0,4.0,3.0,12.0,21.0,2.474554e-10,7.053768e-10,5575.0,1120.0,2.8664107e-13,1.426807e-12,1
5.0,210.0,43.0,-2.747564e-06,3.5908632e-10,1.8949573e-05,-1.5006111,0.01010909,1.0,1.0,1.0,5.0,15.0,8.2898315e-12,1.0986689e-12,1050.0,215.0,1.7099348e-12,8.350844e-12,0
1.0,203.0,204.0,-2.4286408e-06,4.3567153e-10,2.0872747e-05,-0.62135845,-0.6428609,1.0,1.0,1.0,11.0,12.0,3.2709237e-12,7.848802e-12,203.0,204.0,2.1461652e-12,2.1356447e-12,1
1.0,177.0,178.0,-3.2549026e-06,6.183475e-10,2.4866595e-05,-1.4847687,-0.018956209,1.0,1.0,1.0,54.0,60.0,1.0289784e-12,7.7352653e-13,239.0,178.0,3.4934887e-12,3.4738623e-12,0
1.0,233.0,219.0,0.31104723,0.106334254,0.32608932,-1.1368464,0.6883225,1.0,1.0,1.0,8.0,13.0,0.00037338107,0.00052555697,419.0,219.0,0.00045637018,0.00048554453,1
5.0,75.0,16.0,9.284875e-06,7.0505807e-10,2.6552929e-05,-1.3767686,-0.09815388,1.0,1.0,2.0,2.0,2.0,1.117326e-10,2.344405e-11,375.0,80.0,9.4007736e-12,4.406613e-11,0
5.0,225.0,46.0,3.6044796e-06,4.1568304e-10,2.0388306e-05,-1.2310427,-0.22966237,1.0,1.0,1.0,1.0,16.0,7.463885e-12,5.7238605e-13,1125.0,230.0,1.8474803e-12,9.036588e-12,0
5.0,105.0,22.0,-1.0016337e-06,2.1502398e-10,1.4663696e-05,-1.530709,-0.012399085,1.0,1.0,2.0,1.0,6.0,1.882685e-11,2.2062174e-12,525.0,110.0,2.0478474e-12,9.773817e-12,0
5.0,225.0,46.0,2.6227285e-06,3.9709858e-10,1.9927333e-05,-1.3231264,-0.10547875,1.0,1.0,1.0,7.0,16.0,7.45216e-12,1.2406774e-12,1145.0,230.0,1.7648826e-12,8.632578e-12,0
5.0,200.0,41.0,0.27637553,0.11778461,0.3431976,-1.0629685,0.76400626,1.0,1.0,1.0,1.0,6.0,0.0047472217,0.0011058624,1000.0,205.0,0.00058892305,0.0028727953,0
5.0,220.0,45.0,7.213407e-06,5.2105237e-10,2.2826573e-05,-1.4976287,-0.0017170857,1.0,1.0,1.0,6.0,14.0,1.0836618e-11,1.6412924e-12,1100.0,225.0,2.36842e-12,1.1578942e-11,0
1.0,292.0,286.0,0.4186408,0.15969165,0.39961436,-1.2193737,0.58430624,1.0,1.0,1.0,40.0,48.0,0.00014908913,0.00013339557,392.0,286.0,0.0005468892,0.0005583624,0
5.0,230.0,47.0,7.423791e-06,6.406054e-10,2.5310184e-05,-0.81589365,-0.58095264,1.0,1.0,1.0,2.0,15.0,8.664594e-12,6.7314513e-13,1150.0,235.0,2.785241e-12,1.3629902e-11,0
1.0,302.0,285.0,0.2108394,0.069528475,0.2636825,-1.0168407,0.80438113,2.0,1.0,1.0,16.0,24.0,0.0001240946,0.0001668972,402.0,285.0,0.00023022674,0.00024395956,0
5.0,80.0,17.0,3.7402328e-06,4.0286624e-10,2.0071528e-05,-1.3822806,-0.03875242,1.0,1.0,2.0,2.0,4.0,5.4587977e-11,1.3454288e-11,400.0,85.0,5.035828e-12,2.3698014e-11,0
5.0,215.0,44.0,5.600304e-06,7.7349915e-10,2.7811851e-05,-1.4203019,-0.028547177,1.0,1.0,1.0,6.0,16.0,1.637088e-11,1.8964767e-12,1075.0,220.0,3.5976703e-12,1.7579526e-11,0
5.0,805.0,162.0,0.28719348,0.12176506,0.3489485,-1.1905116,0.7031303,1.0,1.0,1.0,13.0,24.0,0.00030953958,4.9311144e-05,4025.0,810.0,0.00015126095,0.00075163617,0
5.0,80.0,17.0,0.15157422,0.016523987,0.12854566,-1.3275827,0.30881512,1.0,1.0,1.0,1.0,1.0,0.0026336946,0.0007531362,400.0,85.0,0.00020654984,0.00097199925,0
5.0,640.0,129.0,1.9365343e-05,4.0269627e-10,2.0067293e-05,-1.0390216,-0.33185184,1.0,1.0,1.0,37.0,43.0,1.2259814e-12,9.580169e-13,3200.0,645.0,6.2921294e-13,3.1216765e-12,0
1.0,240.0,241.0,-1.6662615e-06,8.9643437e-10,2.9940515e-05,-1.4932835,-0.016440231,1.0,1.0,1.0,66.0,77.0,9.845303e-13,1.027406e-12,240.0,241.0,3.7351433e-12,3.719645e-12,0
1.0,232.0,233.0,-1.3023825e-07,5.059907e-10,2.2494236e-05,-1.366334,-0.11004475,2.0,2.0,2.0,2.0,3.0,6.984613e-12,1.3197843e-11,232.0,233.0,2.1809943e-12,2.1716337e-12,1
5.0,230.0,47.0,0.22845177,0.076739244,0.2770185,-1.109287,0.72903526,1.0,1.0,1.0,4.0,6.0,0.0023662436,0.0007957022,1150.0,235.0,0.0003336489,0.0016327499,0
5.0,105.0,22.0,5.3951226e-07,6.0632255e-10,2.4623618e-05,-1.492239,-0.0011628746,1.0,1.0,2.0,2.0,4.0,5.259391e-11,6.860087e-12,525.0,110.0,5.7745007e-12,2.7560116e-11,0
5.0,325.0,66.0,0.22552054,0.10715497,0.32734534,-0.25922945,1.1593759,1.0,1.0,1.0,2.0,6.0,0.0022785,0.00041240282,1625.0,330.0,0.0003297076,0.0016235602,0
5.0,370.0,75.0,0.64056927,0.086606085,0.2942891,-1.4323856,0.015467356,1.0,1.0,1.0,11.0,21.0,0.00064599444,8.468366e-05,1850.0,375.0,0.00023407051,0.0011547478,0
5.0,85.0,18.0,7.0336573e-06,6.0280025e-10,2.4551991e-05,-1.0956804,-0.20455857,1.0,1.0,2.0,2.0,3.0,7.3281714e-11,1.39251275e-11,425.0,90.0,7.0917677e-12,3.3488903e-11,0
1.0,283.0,252.0,0.23510614,0.10419123,0.32278666,-0.671024,0.9875014,3.0,1.0,1.0,16.0,28.0,0.0001873184,0.00015448594,377.0,252.0,0.0003681669,0.00041345728,0
5.0,90.0,19.0,3.4800298e-06,2.9653047e-10,1.722006e-05,-1.3947401,-0.036241006,1.0,1.0,2.0,2.0,7.0,3.61744e-11,9.378469e-12,450.0,95.0,3.294783e-12,1.5606866e-11,0
1.0,221.0,222.0,0.29746017,0.107820444,0.32836023,-1.2732681,0.6158718,1.0,1.0,1.0,20.0,29.0,0.00017206083,0.00012997449,221.0,222.0,0.00048787534,0.00048567768,0
5.0,70.0,15.0,-4.8384986e-06,9.1383484e-11,9.5594705e-06,-0.30640343,-0.8524754,1.0,1.0,1.0,1.0,4.0,1.142164e-11,1.926139e-12,350.0,75.0,1.3054783e-12,6.092232e-12,0
5.0,85.0,18.0,2.4182566e-06,4.7484494e-10,2.1790936e-05,-1.4779605,0.004924733,1.0,1.0,2.0,1.0,4.0,6.191885e-11,8.629515e-12,425.0,90.0,5.586411e-12,2.6380275e-11,0
1.0,503.0,504.0,1.7777364e-05,2.906435e-10,1.7048269e-05,-1.3672849,-0.14030793,2.0,1.0,1.0,82.0,102.0,1.5140488e-12,3.6245505e-12,503.0,504.0,5.7782007e-13,5.7667364e-13,0
1.0,271.0,262.0,0.23912013,0.11623735,0.34093598,-0.5557254,1.0463586,1.0,1.0,1.0,19.0,30.0,0.00016566536,6.936057e-05,303.0,262.0,0.0004289201,0.000443654,0
5.0,386.0,78.0,6.698902e-06,2.8124952e-10,1.6770497e-05,-1.028291,-0.40660086,1.0,1.0,1.0,16.0,25.0,1.7447134e-12,5.694475e-13,1936.0,390.0,7.286257e-13,3.6057633e-12,0
1.0,182.0,183.0,1.7306312e-06,1.6294646e-10,1.2765048e-05,-1.4864119,0.013171721,1.0,1.0,1.0,51.0,58.0,4.66967e-13,7.317834e-13,182.0,183.0,8.9531025e-13,8.9041784e-13,0
5.0,240.0,49.0,3.5941778e-06,8.475837e-10,2.9113291e-05,-1.4930563,0.046799634,1.0,1.0,1.0,5.0,16.0,1.4715064e-11,1.8480115e-12,1200.0,245.0,3.5315988e-12,1.7297627e-11,0
5.0,215.0,44.0,0.36085284,0.1763189,0.41990346,-1.1431892,0.67924553,1.0,1.0,1.0,3.0,6.0,0.005882547,0.0021332786,1093.0,220.0,0.0008200879,0.0040072477,0
5.0,75.0,16.0,5.3105787e-06,1.9946926e-10,1.4123359e-05,-1.4468106,-0.08408169,1.0,1.0,2.0,2.0,3.0,3.5022228e-11,1.1894293e-11,375.0,80.0,2.65959e-12,1.2466829e-11,0
5.0,575.0,116.0,-5.5783257e-06,1.492508e-10,1.2216825e-05,-1.1037557,-0.3747377,1.0,1.0,1.0,33.0,40.0,5.5205525e-13,5.6294476e-13,2875.0,580.0,2.5956662e-13,1.2866449e-12,0
5.0,40.0,9.0,1.1186317,0.011430661,0.106914274,-1.4629068,0.0745075,1.0,1.0,1.0,1.0,0.0,0.006206651,0.0017647826,200.0,45.0,0.00028576652,0.0012700735,0
5.0,210.0,43.0,-2.9768864e-06,3.6684278e-10,1.915314e-05,-0.8542806,-0.6621919,1.0,1.0,1.0,8.0,14.0,4.60786e-12,1.0977e-12,1050.0,215.0,1.7468704e-12,8.531228e-12,0
5.0,409.0,82.0,2.277293e-06,3.029056e-10,1.7404183e-05,-1.3337128,-0.09293532,1.0,1.0,1.0,19.0,29.0,2.0787291e-12,8.7737646e-13,2079.0,410.0,7.406005e-13,3.693971e-12,0
5.0,824.0,142.0,3.554555e-06,4.6811777e-10,2.163603e-05,-0.93605506,-0.6065381,1.0,1.0,1.0,2.0,1.0,2.4927681e-12,4.805528e-12,19176.0,710.0,5.681041e-13,3.296604e-12,1
5.0,385.0,78.0,4.09595e-06,3.618999e-10,1.9023666e-05,-1.3316791,-0.04046609,1.0,1.0,1.0,12.0,26.0,2.5019524e-12,7.038339e-13,1925.0,390.0,9.399997e-13,4.639742e-12,0
1.0,345.0,337.0,0.20929979,0.06757703,0.25995582,-0.20789252,1.1446999,2.0,1.0,1.0,44.0,51.0,0.00010766748,0.000115194096,403.0,337.0,0.00019587544,0.0002005253,1
5.0,255.0,52.0,0.10095355,0.010649512,0.10319647,-1.0540612,0.72747,2.0,1.0,1.0,2.0,5.0,0.0009192504,0.0015593992,1275.0,260.0,4.176279e-05,0.0002047983,1
1.0,171.0,173.0,-3.9779834e-06,4.4974158e-10,2.1207112e-05,-1.328992,-0.08918686,1.0,1.0,1.0,46.0,60.0,8.1597066e-13,7.72868e-13,237.0,173.0,2.6300678e-12,2.5996622e-12,0
1.0,460.0,461.0,4.1380845e-06,4.0126108e-10,2.0031503e-05,-0.63250536,-0.79479516,3.0,3.0,2.0,2.0,7.0,4.239989e-12,8.620589e-12,634.0,461.0,8.723067e-13,8.7041447e-13,1
5.0,295.0,60.0,0.3731635,0.14714764,0.38359827,-1.3979379,0.45443192,1.0,1.0,1.0,3.0,12.0,0.0021545116,0.0004452601,1501.0,300.0,0.00049880554,0.0024524606,0
1.0,1001.0,1002.0,-4.4145354e-06,1.0281941e-10,1.0139991e-05,-1.0982636,-0.115487896,1.0,1.0,1.0,70.0,92.0,3.2741347e-13,8.583529e-13,1297.0,1002.0,1.027167e-13,1.02614186e-13,1
5.0,190.0,39.0,1.1971897e-06,2.1279967e-10,1.4587655e-05,-1.50193,0.014196186,1.0,1.0,1.0,7.0,13.0,6.1122335e-12,1.4318399e-12,950.0,195.0,1.1199982e-12,5.456402e-12,0
5.0,225.0,46.0,-8.688483e-07,8.0945595e-10,2.8450939e-05,-1.4898828,0.0005583185,1.0,1.0,1.0,2.0,11.0,1.5891104e-11,1.7926023e-12,1125.0,230.0,3.597582e-12,1.7596868e-11,0
1.0,496.0,427.0,0.05551969,0.008316974,0.091197446,0.11079843,1.3268528,5.0,1.0,1.0,15.0,41.0,7.790016e-06,5.400345e-06,692.0,427.0,1.6768094e-05,1.9477691e-05,0
1.0,446.0,448.0,-1.567342e-07,6.887699e-10,2.6244425e-05,-1.4200448,0.047637112,2.0,2.0,2.0,2.0,3.0,2.9636373e-11,8.4292656e-11,614.0,448.0,1.5443271e-12,1.5374327e-12,1
5.0,415.0,84.0,0.6665398,0.04781344,0.21866286,-1.4523617,0.15094642,1.0,1.0,1.0,19.0,30.0,0.0003108579,7.666021e-05,2075.0,420.0,0.000115213115,0.00056920765,0
5.0,205.0,42.0,3.0210253e-06,4.0313938e-10,2.007833e-05,-0.7779494,-0.56148696,1.0,1.0,1.0,5.0,13.0,7.872057e-12,1.2874245e-12,1025.0,210.0,1.9665335e-12,9.598557e-12,0
1.0,456.0,457.0,-6.82379e-08,3.2099154e-10,1.7916236e-05,-0.6099826,0.17559935,2.0,2.0,2.0,1.0,2.0,5.2170625e-12,1.0479527e-11,598.0,457.0,7.0392883e-13,7.023885e-13,1
5.0,305.0,62.0,4.942975e-06,7.156793e-10,2.6752183e-05,-0.92766684,-0.4205671,2.0,1.0,1.0,3.0,3.0,9.411911e-11,2.5250346e-10,1525.0,310.0,2.3464895e-12,1.1543214e-11,1
5.0,210.0,43.0,0.29952925,0.14709629,0.38353133,-0.8182185,0.8967453,1.0,1.0,1.0,1.0,5.0,0.005596161,0.00060804334,1050.0,215.0,0.00070045853,0.003420844,0
5.0,265.0,54.0,2.1198891e-06,8.2006135e-10,2.8636712e-05,-1.4906524,0.07549331,1.0,1.0,1.0,3.0,16.0,1.1529675e-11,9.304164e-13,1325.0,270.0,3.094571e-12,1.5186321e-11,0
1.0,685.0,630.0,0.21472628,0.060947526,0.24687552,-1.322834,0.6025397,5.0,1.0,1.0,39.0,92.0,1.9153089e-05,1.5849939e-05,941.0,630.0,8.897449e-05,9.674211e-05,1
5.0,360.0,71.0,0.75245,0.053847346,0.23205031,-1.4863956,-0.075419664,1.0,1.0,1.0,7.0,22.0,0.00047968506,0.00011372857,1950.0,355.0,0.00014957596,0.00075841334,0
1.0,387.0,388.0,-3.084926e-06,3.238299e-10,1.7995275e-05,-1.1401883,0.1123737,2.0,2.0,2.0,1.0,2.0,4.5735082e-12,9.259463e-12,509.0,388.0,8.367698e-13,8.3461314e-13,1
1.0,170.0,171.0,0.20824267,0.040099427,0.20024842,-1.2971762,0.5199273,1.0,1.0,1.0,18.0,17.0,0.00025469728,0.00052685634,170.0,171.0,0.00023587898,0.00023449957,0
5.0,220.0,45.0,-4.8631937e-06,2.909663e-10,1.7057735e-05,-1.2248062,-0.24410228,1.0,1.0,1.0,8.0,14.0,5.22113e-12,1.0616255e-12,1100.0,225.0,1.3225742e-12,6.465918e-12,0
5.0,270.0,55.0,-3.520268e-05,7.3572856e-11,8.577462e-06,-1.4959576,-0.02040908,1.0,1.0,1.0,16.0,20.0,1.2193802e-12,7.664528e-13,1350.0,275.0,2.7249204e-13,1.3376882e-12,0
5.0,495.0,100.0,0.4306823,0.16324002,0.40402973,-1.472239,0.34748632,1.0,1.0,1.0,8.0,29.0,0.0007716843,8.604261e-05,2475.0,500.0,0.0003297778,0.0016324001,0
5.0,85.0,18.0,1.1652245e-05,5.070057e-10,2.2516788e-05,-1.1472218,-0.14246458,1.0,1.0,2.0,1.0,4.0,6.9037366e-11,9.542267e-12,425.0,90.0,5.9647734e-12,2.8166986e-11,0
5.0,95.0,20.0,0.17079437,0.024348222,0.15603916,-1.3922791,0.36910927,1.0,1.0,1.0,1.0,3.0,0.0028528676,0.00060285843,475.0,100.0,0.00025629706,0.0012174111,0
5.0,530.0,107.0,4.377031e-06,8.0211376e-10,2.8321614e-05,-1.3362806,0.056105923,1.0,1.0,1.0,19.0,33.0,2.6644375e-12,7.721234e-13,2650.0,535.0,1.5134222e-12,7.496391e-12,0
5.0,80.0,17.0,3.5728358e-06,1.7083378e-10,1.3070339e-05,-1.0984433,-0.30920228,1.0,1.0,2.0,1.0,2.0,2.49894e-11,3.6985844e-12,400.0,85.0,2.1354223e-12,1.0049046e-11,0
5.0,80.0,17.0,-8.016524e-06,5.569018e-10,2.3598768e-05,-1.4179021,-0.0114792185,1.0,1.0,2.0,1.0,1.0,7.686742e-11,1.112503e-11,400.0,85.0,6.9612727e-12,3.275893e-11,0
1.0,478.0,479.0,-1.2997764e-06,1.0257918e-10,1.01281385e-05,-0.89838773,-0.26632127,2.0,2.0,2.0,2.0,3.0,5.702212e-12,1.5519124e-11,540.0,479.0,2.146008e-13,2.1415278e-13,1
5.0,595.0,120.0,2.063005e-05,2.3507768e-10,1.5332243e-05,-1.1779742,-0.14916095,1.0,1.0,1.0,34.0,41.0,8.3218453e-13,5.8753523e-13,2975.0,600.0,3.9508856e-13,1.9589807e-12,0
5.0,240.0,49.0,0.26911426,0.13393418,0.3659702,-0.7060738,0.96344084,1.0,1.0,1.0,1.0,5.0,0.004192521,0.0003606395,1200.0,245.0,0.00055805914,0.0027333507,0
5.0,100.0,21.0,9.896862e-07,4.7441423e-10,2.1781052e-05,-1.4614687,-0.063493215,1.0,1.0,2.0,1.0,4.0,4.405505e-11,4.790675e-12,500.0,105.0,4.7441426e-12,2.2591155e-11,0
1.0,456.0,457.0,1.2488651e-05,4.6445509e-10,2.1551221e-05,-1.4043742,-0.04252927,1.0,1.0,1.0,143.0,155.0,3.3168447e-13,7.453826e-13,638.0,457.0,1.0185419e-12,1.0163131e-12,0
1.0,175.0,176.0,-9.2557207e-07,2.5818847e-10,1.6068245e-05,-1.4676664,-0.008557909,1.0,1.0,1.0,54.0,59.0,6.0128356e-13,8.415361e-13,235.0,176.0,1.4753628e-12,1.4669801e-12,0
1.0,432.0,432.0,3.894327e-06,5.924161e-10,2.4339599e-05,-1.3571745,0.17697516,2.0,2.0,2.0,1.0,2.0,2.7408455e-12,5.4728353e-12,594.0,432.0,1.3713336e-12,1.3713336e-12,1
5.0,375.0,76.0,0.690458,0.09748924,0.31223267,-1.4996179,0.08339814,1.0,1.0,1.0,12.0,24.0,0.0007197884,0.000105432286,1875.0,380.0,0.0002599713,0.0012827531,0
1.0,312.0,313.0,5.127768e-06,4.8498305e-10,2.2022332e-05,-1.3553815,-0.08642884,1.0,1.0,1.0,98.0,105.0,4.4595154e-13,8.0145385e-13,408.0,313.0,1.5544329e-12,1.5494666e-12,0
1.0,628.0,629.0,8.501573e-06,4.8135596e-10,2.1939826e-05,-0.94756037,-0.22961225,2.0,2.0,2.0,1.0,2.0,4.8595936e-12,9.834353e-12,656.0,629.0,7.664904e-13,7.652718e-13,1
5.0,320.0,65.0,0.21067448,0.108118095,0.32881317,-0.075482674,1.2448437,1.0,1.0,1.0,2.0,4.0,0.002769774,0.00086578465,1600.0,325.0,0.00033786905,0.0016633553,0
1.0,400.0,401.0,0.2778586,0.086072564,0.29338124,-0.15015529,1.0704676,3.0,2.0,2.0,55.0,81.0,0.00011478614,0.00013528057,402.0,401.0,0.0002151814,0.0002146448,1
1.0,228.0,229.0,0.36614525,0.18345371,0.42831495,-1.0366374,0.7621332,2.0,1.0,1.0,19.0,21.0,0.00029843493,0.00023177455,228.0,229.0,0.0008046215,0.0008011079,0
1.0,331.0,314.0,0.22988439,0.03811519,0.19523112,-1.5892655,0.10453385,3.0,1.0,1.0,46.0,51.0,0.00016873676,0.00041369707,445.0,314.0,0.00011515163,0.00012138596,0
1.0,185.0,186.0,6.9671455e-06,2.3819755e-10,1.543365e-05,-1.4296845,-0.102190495,3.0,1.0,1.0,40.0,52.0,2.3558835e-12,4.9350103e-12,185.0,186.0,1.2875544e-12,1.2806321e-12,0
5.0,375.0,76.0,0.64288694,0.09483598,0.30795452,-1.4607304,0.12450067,1.0,1.0,1.0,8.0,25.0,0.00069592515,6.0454164e-05,1875.0,380.0,0.00025289596,0.0012478419,0
1.0,452.0,453.0,0.013716839,0.0009005286,0.03000881,3.6760771,2.2079687,2.0,2.0,2.0,8.0,36.0,1.20512295e-05,9.467052e-06,452.0,453.0,1.99232e-06,1.987922e-06,1
5.0,240.0,49.0,1.0721046e-06,3.229807e-10,1.7971664e-05,-1.434929,-0.050258636,1.0,1.0,1.0,5.0,14.0,5.6679292e-12,1.3491503e-12,1214.0,245.0,1.3457528e-12,6.5914427e-12,0
1.0,798.0,798.0,3.4704194e-06,3.7788278e-10,1.9439207e-05,-0.934178,-0.39882106,4.0,4.0,4.0,4.0,8.0,5.844651e-12,1.1699643e-11,1032.0,798.0,4.7353733e-13,4.7353733e-13,1
5.0,325.0,66.0,0.18431571,0.08560536,0.29258394,0.04581739,1.2887051,1.0,1.0,1.0,2.0,6.0,0.0021492923,0.00049161795,1625.0,330.0,0.0002634011,0.0012970509,0
5.0,105.0,22.0,-1.0804982e-06,5.527309e-10,2.351023e-05,-1.1578003,-0.28229073,1.0,1.0,1.0,1.0,6.0,3.9686938e-11,4.290425e-12,525.0,110.0,5.2641043e-12,2.5124134e-11,0
1.0,208.0,209.0,5.3377053e-06,5.392836e-10,2.3222481e-05,-1.3777008,-0.058894303,1.0,1.0,1.0,69.0,71.0,7.636937e-13,8.103916e-13,274.0,209.0,2.5927097e-12,2.5803042e-12,0
5.0,320.0,65.0,0.3831564,0.13119502,0.36220855,-1.3923687,0.34750763,1.0,1.0,1.0,2.0,13.0,0.0013671992,0.00011181523,1600.0,325.0,0.00040998444,0.0020183849,0
5.0,85.0,18.0,3.8753774e-06,4.7440457e-10,2.178083e-05,-1.3747585,0.04108519,1.0,1.0,2.0,1.0,3.0,6.448607e-11,1.0847652e-11,425.0,90.0,5.5812304e-12,2.635581e-11,0
1.0,180.0,181.0,8.081113e-06,7.247176e-10,2.692058e-05,-1.4511429,-0.051267564,1.0,1.0,1.0,47.0,64.0,1.1404304e-12,7.820272e-13,232.0,181.0,4.026209e-12,4.0039647e-12,0
1.0,188.0,190.0,-3.2103658e-06,7.524935e-10,2.7431615e-05,-1.129821,0.1799463,3.0,3.0,1.0,2.0,5.0,1.7092274e-11,3.3304602e-11,252.0,190.0,4.002625e-12,3.960492e-12,1
5.0,225.0,46.0,0.31894174,0.17616509,0.41972026,-0.722705,0.9381165,1.0,1.0,1.0,2.0,9.0,0.006086301,0.0008998077,1125.0,230.0,0.00078295596,0.003829676,0
5.0,255.0,52.0,0.36104742,0.25339672,0.50338525,-0.34003907,1.0785956,1.0,1.0,1.0,2.0,3.0,0.008077704,0.0017500921,1275.0,260.0,0.0009937127,0.004873014,0
5.0,390.0,79.0,0.24974716,0.10605788,0.3256653,-0.7276872,0.95482963,1.0,1.0,1.0,1.0,13.0,0.0013748268,0.00020219415,1950.0,395.0,0.00027194328,0.0013425049,0
5.0,70.0,15.0,-3.1935374e-06,9.002472e-11,9.488136e-06,-1.273991,-0.122518145,1.0,1.0,2.0,1.0,2.0,1.5217121e-11,3.4235882e-12,350.0,75.0,1.2860674e-12,6.001648e-12,0
1.0,174.0,175.0,-2.2114723e-07,3.5337663e-10,1.8798315e-05,-1.3480222,-0.060018808,1.0,1.0,1.0,45.0,55.0,7.2036935e-13,7.6431217e-13,230.0,175.0,2.0309002e-12,2.019295e-12,0
5.0,255.0,52.0,0.23102632,0.11176401,0.33431125,-0.39951342,1.1015568,1.0,1.0,1.0,2.0,5.0,0.0035737683,0.0005209007,1275.0,260.0,0.00043829024,0.0021493079,0
5.0,85.0,18.0,-9.195139e-08,4.86799e-10,2.2063521e-05,-0.838224,-0.56902605,1.0,1.0,1.0,1.0,6.0,4.279249e-11,6.4033522e-12,425.0,90.0,5.727047e-12,2.7044388e-11,0
1.0,169.0,170.0,0.26001993,0.054316655,0.23305933,-1.4603089,0.2710293,1.0,1.0,1.0,23.0,26.0,0.0001846835,0.0002765269,169.0,170.0,0.00032140032,0.00031950974,0
1.0,165.0,166.0,-2.970854e-06,1.0248916e-10,1.0123693e-05,-0.46699113,-0.62322253,4.0,3.0,1.0,5.0,12.0,9.96307e-12,2.0328551e-11,165.0,166.0,6.211464e-13,6.1740456e-13,1
5.0,365.0,74.0,0.68359756,0.06256125,0.2501225,-1.5065552,0.10079191,1.0,1.0,1.0,11.0,25.0,0.00049704674,8.6315944e-05,1825.0,370.0,0.0001714007,0.0008454223,0
1.0,188.0,188.0,3.7492991e-06,5.22638e-10,2.2861277e-05,-1.3504397,-0.07240987,1.0,1.0,1.0,50.0,59.0,9.301161e-13,1.011943e-12,194.0,188.0,2.7799891e-12,2.7799891e-12,0
5.0,420.0,85.0,0.62360495,0.09284978,0.30471262,-1.4309791,0.1722526,1.0,1.0,1.0,17.0,25.0,0.0005632126,8.099334e-05,2100.0,425.0,0.00022107092,0.0010923505,0
5.0,215.0,44.0,0.10635015,0.020833792,0.14433916,-0.6350326,1.0204536,1.0,1.0,1.0,3.0,6.0,0.0010644245,0.00058236066,1075.0,220.0,9.690136e-05,0.00047349528,0
5.0,510.0,103.0,-1.733589e-07,2.7814856e-10,1.6677786e-05,-1.5021384,-0.048840642,1.0,1.0,1.0,26.0,34.0,1.3496871e-12,8.276035e-13,2550.0,515.0,5.4538936e-13,2.7004716e-12,0
5.0,75.0,16.0,-6.5351935e-07,2.7058472e-10,1.644946e-05,-1.481785,-0.048943743,1.0,1.0,2.0,1.0,1.0,4.441703e-11,6.116683e-12,375.0,80.0,3.6077964e-12,1.6911545e-11,0
5.0,95.0,20.0,-2.3948292e-06,2.1021541e-10,1.4498807e-05,-1.4395752,-0.097278796,1.0,1.0,2.0,2.0,5.0,2.1837034e-11,2.9231448e-12,475.0,100.0,2.212794e-12,1.0510771e-11,0
5.0,241.0,49.0,0.3455333,0.19865413,0.44570634,-0.8888899,0.8604743,1.0,1.0,1.0,3.0,11.0,0.0058405087,0.0010357188,1211.0,245.0,0.000824291,0.004054166,0
5.0,190.0,39.0,-6.0897055e-06,1.8974222e-10,1.3774695e-05,-1.4851907,0.027775932,1.0,1.0,1.0,8.0,14.0,5.3866976e-12,1.1450618e-12,950.0,195.0,9.986432e-13,4.865185e-12,0
5.0,65.0,14.0,-4.14206e-06,3.7237845e-11,6.102282e-06,-1.5684108,-0.043793403,1.0,1.0,2.0,1.0,2.0,8.794721e-12,2.769165e-12,325.0,70.0,5.728899e-13,2.659846e-12,0
1.0,263.0,264.0,7.8351627e-07,7.643686e-10,2.7647218e-05,-1.4367713,-0.03236039,1.0,1.0,1.0,68.0,86.0,7.3101665e-13,8.0177705e-13,263.0,264.0,2.9063447e-12,2.8953357e-12,0
5.0,305.0,62.0,0.19823356,0.03578979,0.1891819,-0.989254,0.52903855,1.0,1.0,1.0,3.0,5.0,0.0008657586,0.00033858433,1525.0,310.0,0.000117343574,0.0005772547,1
5.0,235.0,48.0,-1.1474057e-06,3.884051e-10,1.9707997e-05,-1.49238,0.0015560614,1.0,1.0,1.0,6.0,17.0,7.210485e-12,1.4288744e-12,1175.0,240.0,1.6527877e-12,8.091773e-12,0
5.0,425.0,84.0,0.6519151,0.16681045,0.40842435,-1.400415,0.21366036,1.0,1.0,1.0,11.0,24.0,0.0010307633,0.00013494544,2275.0,420.0,0.0003924952,0.0019858386,0
1.0,179.0,180.0,-2.1904584e-06,5.1358134e-10,2.2662334e-05,-1.3938525,-0.08250666,2.0,1.0,1.0,2.0,3.0,2.256706e-11,5.1707194e-11,245.0,180.0,2.8691697e-12,2.8532298e-12,1
5.0,225.0,46.0,2.8724783e-08,3.9815848e-10,1.995391e-05,-1.4400924,-0.032816198,1.0,1.0,1.0,8.0,16.0,8.052227e-12,1.3634577e-12,1125.0,230.0,1.7695933e-12,8.65562e-12,0
1.0,316.0,304.0,0.38148934,0.12023389,0.3467476,-1.1829965,0.65235573,2.0,1.0,1.0,16.0,22.0,0.00013209706,0.00015185798,438.0,304.0,0.000380487,0.00039550624,0
5.0,660.0,133.0,-4.715117e-06,1.9355445e-10,1.3912385e-05,-1.4274639,0.21273097,1.0,1.0,1.0,36.0,40.0,7.091682e-13,6.967696e-13,3300.0,665.0,2.9326433e-13,1.4552966e-12,0
5.0,206.0,42.0,-8.683737e-06,8.319143e-11,9.120934e-06,-1.0646825,-0.30413628,1.0,1.0,1.0,11.0,14.0,2.081002e-12,8.844124e-13,1040.0,210.0,4.038419e-13,1.9807485e-12,0
1.0,458.0,431.0,0.2216656,0.07057329,0.26565635,-1.1569011,0.71543324,3.0,1.0,1.0,54.0,72.0,4.4905595e-05,5.0451574e-05,634.0,431.0,0.00015409016,0.00016374314,0
5.0,95.0,20.0,-8.283981e-07,3.5278916e-10,1.8782683e-05,-1.4421873,-0.116993055,1.0,1.0,2.0,2.0,3.0,3.8035478e-11,8.179804e-12,475.0,100.0,3.7135702e-12,1.763946e-11,0
1.0,177.0,178.0,2.2087656e-07,5.141056e-10,2.2673896e-05,-1.4957788,0.015209389,1.0,1.0,1.0,54.0,62.0,9.687955e-13,1.0171187e-12,247.0,178.0,2.9045514e-12,2.8882335e-12,0
5.0,1245.0,250.0,8.075227e-06,2.5097283e-10,1.5842123e-05,-1.4220942,-0.1147781,1.0,1.0,1.0,77.0,84.0,3.168563e-13,5.172084e-13,6225.0,1250.0,2.015846e-13,1.0038913e-12,0
1.0,267.0,269.0,-3.0244435e-06,9.917611e-11,9.9587205e-06,-1.3692225,-0.09043367,1.0,1.0,1.0,76.0,86.0,2.7435993e-13,6.617344e-13,337.0,269.0,3.714461e-13,3.686844e-13,0
5.0,230.0,47.0,0.36756945,0.19782622,0.4447766,-1.089943,0.7363923,1.0,1.0,1.0,1.0,6.0,0.005520967,0.00042227498,1150.0,235.0,0.000860114,0.0042090686,0
1.0,382.0,383.0,0.2863912,0.052172776,0.22841361,-1.2730397,0.2105741,3.0,2.0,2.0,33.0,58.0,0.0001038956,0.00012711794,382.0,383.0,0.00013657795,0.00013622135,1
1.0,153.0,155.0,0.16641597,0.02039119,0.14279772,-1.4311831,0.17708373,3.0,1.0,1.0,18.0,20.0,0.00016850482,0.00040990836,157.0,155.0,0.00013327575,0.00013155607,0
5.0,91.0,19.0,-1.7333336e-06,3.2172046e-10,1.7936567e-05,-1.3880805,-0.20712093,1.0,1.0,2.0,1.0,3.0,3.7603542e-11,3.3186086e-12,461.0,95.0,3.5353899e-12,1.6932657e-11,0
5.0,470.0,95.0,0.2371996,0.08483733,0.2912685,-0.36892337,1.1203173,1.0,1.0,1.0,1.0,12.0,0.00094414945,0.00020350238,2350.0,475.0,0.00018050497,0.00089302455,0
5.0,95.0,20.0,0.09802123,0.0100566605,0.1002829,-1.3417164,0.53565866,1.0,1.0,1.0,1.0,5.0,0.0014172915,0.000574574,475.0,100.0,0.00010585959,0.00050283305,0
5.0,255.0,52.0,-6.57392e-06,3.327608e-10,1.8241732e-05,-1.3852386,-0.018145848,1.0,1.0,1.0,7.0,17.0,5.271445e-12,1.0217921e-12,1275.0,260.0,1.3049443e-12,6.399246e-12,0
1.0,410.0,411.0,0.05012416,0.004610737,0.06790241,-0.11347554,1.244671,1.0,1.0,1.0,18.0,54.0,1.7337594e-05,2.0901538e-05,410.0,411.0,1.1245699e-05,1.1218338e-05,0
1.0,182.0,183.0,5.374017e-06,2.6896113e-10,1.6400034e-05,-1.4493525,-0.030678706,1.0,1.0,1.0,52.0,62.0,5.895075e-13,7.2352703e-13,182.0,183.0,1.4778084e-12,1.469733e-12,0
5.0,180.0,37.0,0.28117684,0.06763376,0.26006493,-1.4081031,0.34452504,1.0,1.0,1.0,1.0,4.0,0.0023429452,0.00025917168,900.0,185.0,0.0003757431,0.0018279395,0
5.0,930.0,187.0,5.0718327e-06,5.08203e-10,2.2543358e-05,-1.46071,-0.15786362,3.0,1.0,1.0,2.0,4.0,1.3273278e-11,3.0467837e-11,4650.0,935.0,5.464548e-13,2.717663e-12,1
1.0,325.0,326.0,-5.2544056e-06,5.5613447e-10,2.3582503e-05,-1.4988253,0.012133435,1.0,1.0,1.0,94.0,113.0,4.5116938e-13,6.723539e-13,325.0,326.0,1.711183e-12,1.705934e-12,0
5.0,620.0,125.0,9.023337e-06,3.9322695e-10,1.9829951e-05,-1.1553222,-0.39651096,1.0,1.0,1.0,28.0,41.0,9.764132e-13,7.371951e-13,3100.0,625.0,6.34237e-13,3.1458156e-12,0
1.0,492.0,493.0,8.410617e-06,2.829033e-10,1.681973e-05,-1.4575347,0.008462101,3.0,3.0,2.0,2.0,6.0,2.5322776e-12,5.249568e-12,614.0,493.0,5.7500673e-13,5.738404e-13,1
1.0,568.0,569.0,-5.9588483e-06,3.1618722e-10,1.7781655e-05,-1.2621448,-0.2464441,2.0,2.0,2.0,2.0,5.0,2.1625286e-12,4.451473e-12,568.0,569.0,5.566676e-13,5.5568934e-13,1
5.0,235.0,48.0,0.17388052,0.0661971,0.25728795,-0.44847998,1.1078817,1.0,1.0,1.0,1.0,5.0,0.002612911,0.0003187825,1175.0,240.0,0.00028168978,0.0013791062,0
5.0,355.0,72.0,0.25164288,0.059940334,0.24482715,-0.46402037,0.8426599,2.0,2.0,1.0,3.0,4.0,0.001398262,0.0003118989,1775.0,360.0,0.000168846,0.0008325046,1
1.0,190.0,191.0,1.4988066e-06,2.1147992e-10,1.4542349e-05,-0.8426149,-0.3033768,1.0,1.0,1.0,1.0,1.0,1.2673489e-11,3.591918e-11,190.0,191.0,1.1130523e-12,1.1072247e-12,1
1.0,477.0,478.0,3.0731647e-07,2.8066358e-10,1.6753016e-05,-1.4569255,-0.034748774,1.0,1.0,1.0,146.0,165.0,2.8399519e-13,7.2722357e-13,653.0,478.0,5.883932e-13,5.8716226e-13,0
5.0,375.0,76.0,0.3026513,0.12161335,0.34873107,-1.2396888,0.6339658,1.0,1.0,1.0,3.0,11.0,0.0012665526,0.00020852046,1875.0,380.0,0.00032430227,0.0016001756,0
5.0,220.0,45.0,4.757373e-06,3.3497058e-10,1.8302202e-05,-1.4934895,0.04359965,1.0,1.0,1.0,10.0,15.0,7.0739478e-12,1.4781533e-12,1100.0,225.0,1.5225935e-12,7.44379e-12,0
5.0,255.0,52.0,0.23575673,0.026626442,0.1631761,-1.4254465,-0.42991972,2.0,1.0,1.0,4.0,6.0,0.0012481133,0.0016214001,1275.0,260.0,0.00010441742,0.000512047,1
1.0,515.0,517.0,-8.423836e-06,1.1554575e-10,1.0749221e-05,-1.2364318,-0.20106457,6.0,1.0,1.0,92.0,123.0,1.8184629e-12,5.209262e-12,645.0,517.0,2.2436068e-13,2.2349273e-13,0
1.0,475.0,476.0,-1.1807423e-05,1.8878289e-10,1.3739828e-05,-1.412193,0.05166695,6.0,1.0,1.0,90.0,115.0,1.908814e-12,5.676327e-12,629.0,476.0,3.9743767e-13,3.966027e-13,0
5.0,75.0,16.0,-4.111336e-06,2.4658214e-10,1.5702935e-05,-1.5141323,0.07620045,1.0,1.0,2.0,1.0,4.0,4.184188e-11,1.0231094e-11,375.0,80.0,3.287762e-12,1.5411384e-11,0
1.0,316.0,317.0,-1.0564048e-05,9.2963456e-11,9.641756e-06,-1.3570052,-0.0625157,1.0,1.0,1.0,85.0,100.0,2.8194978e-13,6.866185e-13,316.0,317.0,2.9418815e-13,2.932601e-13,0
5.0,470.0,95.0,-4.7964163e-06,2.7031444e-10,1.6441241e-05,-1.0172802,-0.27517366,2.0,2.0,1.0,10.0,16.0,9.24679e-12,1.9842109e-11,2350.0,475.0,5.7513705e-13,2.845415e-12,1
5.0,205.0,42.0,0.13732488,0.0264823,0.16273384,-0.8382641,0.86280185,2.0,1.0,1.0,2.0,2.0,0.0025581904,0.0048150695,1025.0,210.0,0.00012918195,0.000630531,1
1.0,229.0,230.0,2.1019735e-06,3.6454764e-10,1.909313e-05,-1.4942385,0.019844297,1.0,1.0,1.0,64.0,64.0,2.3320675e-12,6.430784e-12,289.0,230.0,1.5919111e-12,1.5849897e-12,0
5.0,145.0,30.0,0.024610985,0.0008162966,0.028570905,-0.1354473,1.0728233,2.0,1.0,1.0,3.0,4.0,0.00021489625,0.00036876948,725.0,150.0,5.629632e-06,2.7209888e-05,1
1.0,441.0,441.0,2.3156192e-06,2.929822e-10,1.7116723e-05,-1.3067147,-0.049491245,2.0,2.0,2.0,1.0,4.0,1.2326507e-12,2.5435504e-12,461.0,441.0,6.643587e-13,6.643587e-13,1
5.0,395.0,80.0,0.6014731,0.10941017,0.33077207,-1.44239,0.13449518,1.0,1.0,1.0,8.0,28.0,0.00072289817,7.118796e-05,1975.0,400.0,0.00027698776,0.0013676271,0
5.0,220.0,45.0,0.21626705,0.052975085,0.23016317,-1.3849573,0.4985929,1.0,1.0,1.0,2.0,8.0,0.0013881063,0.00016521776,1100.0,225.0,0.00024079584,0.0011772241,0
5.0,175.0,36.0,0.32846737,0.098468244,0.3137965,-1.4358861,0.39871502,1.0,1.0,1.0,2.0,7.0,0.0037544402,0.0005667468,875.0,180.0,0.0005626757,0.002735229,0
5.0,200.0,41.0,1.4689246e-06,1.6621782e-10,1.28925485e-05,-1.498222,0.09897617,1.0,1.0,1.0,5.0,11.0,4.2382317e-12,4.9274197e-13,1000.0,205.0,8.310891e-13,4.054093e-12,0
1.0,203.0,197.0,0.37630895,0.1840937,0.4290614,-1.2011443,0.64475554,1.0,1.0,1.0,11.0,21.0,0.00031011758,0.00011238694,251.0,197.0,0.0009068655,0.00093448575,0
5.0,235.0,48.0,1.7362873e-06,7.6258017e-10,2.7614853e-05,-1.4580165,-0.04602307,1.0,1.0,1.0,4.0,15.0,1.3502212e-11,1.5174087e-12,1175.0,240.0,3.2450219e-12,1.5887087e-11,0
1.0,216.0,217.0,-3.8975904e-06,7.7930995e-10,2.7916123e-05,-1.4952048,0.018298669,1.0,1.0,1.0,66.0,73.0,1.0935445e-12,1.2156781e-12,216.0,217.0,3.6079165e-12,3.59129e-12,0
5.0,100.0,21.0,3.2733192e-07,2.0825255e-10,1.4430958e-05,-1.4909018,-0.13128228,1.0,1.0,2.0,1.0,6.0,2.0285808e-11,2.4572928e-12,500.0,105.0,2.0825256e-12,9.916788e-12,0
1.0,194.0,195.0,0.029085131,0.0015668623,0.039583612,-0.6896447,0.94130266,2.0,1.0,1.0,18.0,24.0,2.2759823e-05,4.5966142e-05,194.0,195.0,8.076609e-06,8.035191e-06,1
1.0,224.0,225.0,6.1566095e-07,5.5140575e-10,2.348203e-05,-0.8025095,-0.583327,2.0,1.0,1.0,2.0,7.0,2.8720934e-12,5.3908384e-12,226.0,225.0,2.4616327e-12,2.4506922e-12,1
5.0,215.0,44.0,5.917578e-06,7.065266e-10,2.6580568e-05,-1.1529033,-0.23532692,1.0,1.0,1.0,3.0,11.0,1.355858e-11,9.516724e-13,1075.0,220.0,3.2861702e-12,1.6057423e-11,0
5.0,145.0,30.0,2.6805057e-05,6.26972e-11,7.918156e-06,-0.9710844,-0.5340711,1.0,1.0,1.0,5.0,9.0,2.4557396e-12,8.306169e-13,725.0,150.0,4.323945e-13,2.0899068e-12,0
5.0,220.0,45.0,3.742511e-06,4.5445686e-10,2.1317994e-05,-1.4750777,-0.12854914,1.0,1.0,1.0,3.0,16.0,9.5706585e-12,1.2826819e-12,1100.0,225.0,2.065713e-12,1.0099041e-11,0
5.0,100.0,21.0,2.3389853e-06,2.6445915e-10,1.62622e-05,-1.4031744,0.13532154,1.0,1.0,2.0,2.0,5.0,2.7199047e-11,6.811187e-12,500.0,105.0,2.6445916e-12,1.2593293e-11,0
5.0,190.0,39.0,0.2949771,0.11088458,0.33299336,-1.2169546,0.63603073,1.0,1.0,1.0,1.0,6.0,0.0041713966,0.0004824579,950.0,195.0,0.00058360305,0.0028431942,0
5.0,686.0,137.0,-1.7760821e-06,8.027541e-11,8.959654e-06,-1.2883818,-0.18998735,1.0,1.0,1.0,42.0,46.0,4.6285794e-13,9.047138e-13,3468.0,685.0,1.1701955e-13,5.859519e-13,0
5.0,245.0,50.0,-2.322388e-06,4.934675e-10,2.2214128e-05,-1.4899303,0.020130647,1.0,1.0,1.0,5.0,15.0,8.276671e-12,1.3067493e-12,1225.0,250.0,2.0141532e-12,9.86935e-12,0
5.0,80.0,17.0,1.7072462e-06,4.3889176e-10,2.0949743e-05,-1.5048143,-0.06874979,1.0,1.0,2.0,1.0,4.0,6.332708e-11,6.7135577e-12,400.0,85.0,5.4861467e-12,2.5817161e-11,0
1.0,243.0,244.0,2.3466112e-06,8.9088675e-10,2.9847726e-05,-1.487809,0.002250175,1.0,1.0,1.0,47.0,53.0,3.0884835e-12,6.299153e-12,243.0,244.0,3.6662006e-12,3.6511753e-12,0
5.0,220.0,21.0,0.028545704,0.0027802307,0.052727893,6.3686047,2.8087237,1.0,1.0,1.0,1.0,2.0,0.0033779691,0.0076860026,16100.0,105.0,1.2637412e-05,0.00013239193,1
1.0,182.0,184.0,-7.178252e-07,5.542762e-10,2.354307e-05,-1.4902805,0.03250557,1.0,1.0,1.0,26.0,42.0,6.835458e-12,1.8515191e-11,254.0,184.0,3.0454736e-12,3.0123705e-12,0
5.0,75.0,16.0,1.3498119e-06,5.687658e-10,2.3848812e-05,-1.4688107,-0.059551653,1.0,1.0,2.0,1.0,2.0,9.259099e-11,1.1926415e-11,375.0,80.0,7.583544e-12,3.5547863e-11,0
1.0,348.0,317.0,0.40016675,0.18546522,0.43065673,-1.2862377,0.5517797,1.0,1.0,1.0,17.0,25.0,0.00015358148,0.00015288651,468.0,317.0,0.000532946,0.00058506377,0
1.0,428.0,429.0,-2.1578244e-06,4.5379617e-10,2.1302492e-05,-1.3905408,0.043877974,3.0,1.0,1.0,58.0,79.0,2.1630536e-12,5.340143e-12,428.0,429.0,1.0602713e-12,1.0577999e-12,0
5.0,150.0,31.0,0.07964973,0.004252598,0.065211944,-0.8421893,0.70501715,1.0,1.0,1.0,2.0,4.0,0.00044232263,0.00032500678,750.0,155.0,2.8350654e-05,0.00013718058,1
1.0,283.0,284.0,0.22171172,0.11297282,0.3361143,-0.24345432,1.1811898,1.0,1.0,1.0,18.0,24.0,0.00020895114,0.00021762478,283.0,284.0,0.00039919725,0.00039779162,0
5.0,195.0,40.0,0.12577267,0.015644187,0.12507673,-1.28009,0.5039637,1.0,1.0,1.0,1.0,6.0,0.00055288913,9.0799775e-05,975.0,200.0,8.02266e-05,0.00039110467,0
5.0,85.0,18.0,3.2134167e-06,7.7060974e-10,2.7759857e-05,-1.4967905,-0.012056706,1.0,1.0,2.0,1.0,2.0,9.861509e-11,1.03447554e-11,425.0,90.0,9.065997e-12,4.281165e-11,0
1.0,173.0,174.0,-6.7356887e-06,6.870703e-10,2.6212025e-05,-1.488023,-0.004380623,1.0,1.0,1.0,48.0,58.0,1.2911074e-12,1.1288405e-12,207.0,174.0,3.9715045e-12,3.94868e-12,0
5.0,60.0,13.0,0.80810076,0.014646785,0.1210239,-1.3173393,0.17133953,1.0,1.0,1.0,1.0,0.0,0.0037434122,0.0010811491,300.0,65.0,0.00024411308,0.0011266758,0
5.0,610.0,123.0,-1.7516193e-05,1.4661455e-10,1.21084495e-05,-1.2729611,-0.13917275,1.0,1.0,1.0,38.0,41.0,5.412229e-13,7.8072466e-13,3050.0,615.0,2.4035174e-13,1.1919882e-12,0
5.0,520.0,105.0,-3.2459536e-06,7.056316e-11,8.400188e-06,-1.4014857,-0.0017150388,1.0,1.0,1.0,29.0,35.0,4.9610267e-13,6.469953e-13,2600.0,525.0,1.3569838e-13,6.720301e-13,0
5.0,210.0,43.0,-1.107602e-05,1.9328734e-10,1.39027825e-05,-1.2388698,-0.3028629,2.0,1.0,1.0,3.0,3.0,2.2819316e-11,3.9362846e-11,1050.0,215.0,9.20416e-13,4.4950545e-12,1
5.0,100.0,21.0,-4.3853147e-06,2.9239186e-10,1.709947e-05,-1.1070601,-0.23102202,1.0,1.0,2.0,2.0,6.0,2.5547304e-11,4.3281524e-12,500.0,105.0,2.9239187e-12,1.3923422e-11,0
1.0,341.0,342.0,0.0008884301,6.905907e-06,0.0026279092,8.145685,2.9975586,10.0,2.0,2.0,13.0,15.0,1.5558734e-06,3.4083557e-06,341.0,342.0,2.0251926e-08,2.019271e-08,1
5.0,220.0,45.0,0.2717619,0.07314949,0.27046162,-1.4872696,0.37821501,1.0,1.0,1.0,3.0,4.0,0.0020079704,0.0008690995,1100.0,225.0,0.00033249767,0.0016255442,0
5.0,220.0,45.0,4.7051476e-06,1.3989396e-10,1.1827678e-05,-1.497042,0.009389462,1.0,1.0,1.0,8.0,15.0,3.0999153e-12,1.140186e-12,1100.0,225.0,6.3588165e-13,3.1087548e-12,0
5.0,85.0,18.0,2.2532638e-06,8.1641904e-10,2.8573048e-05,-1.4668593,-0.058772545,1.0,1.0,2.0,1.0,0.0,1.0379959e-10,9.268072e-12,425.0,90.0,9.60493e-12,4.535661e-11,0
1.0,182.0,183.0,5.0716003e-06,8.729236e-10,2.9545281e-05,-1.467908,0.0066184592,1.0,1.0,1.0,50.0,64.0,1.2769147e-12,7.517429e-13,254.0,183.0,4.7962836e-12,4.7700745e-12,0
1.0,167.0,169.0,-8.293589e-08,4.713895e-10,2.1711507e-05,-1.187916,-0.23287216,1.0,1.0,1.0,37.0,43.0,2.1790588e-12,4.849974e-12,233.0,169.0,2.8226915e-12,2.789287e-12,0
5.0,715.0,144.0,0.35102817,0.17463824,0.4178974,-1.095434,0.7471798,1.0,1.0,1.0,13.0,24.0,0.0005709533,0.0001348944,3575.0,720.0,0.0002442493,0.0012127656,0
5.0,100.0,21.0,-7.7999977e-07,3.2984945e-10,1.8161758e-05,-0.864931,-0.5296906,1.0,1.0,1.0,1.0,5.0,2.2089733e-11,2.9386179e-12,500.0,105.0,3.2984945e-12,1.5707116e-11,0
1.0,440.0,442.0,1.2137943e-06,6.507067e-10,2.5508953e-05,-1.1175482,-0.36555916,1.0,1.0,1.0,137.0,152.0,3.1728954e-13,6.566295e-13,616.0,442.0,1.4788789e-12,1.4721871e-12,0
5.0,270.0,55.0,1.0273316e-05,4.718557e-10,2.172224e-05,0.2405576,-0.6819903,2.0,1.0,1.0,1.0,2.0,3.885845e-10,1.3086576e-09,1350.0,275.0,1.7476138e-12,8.579195e-12,1
1.0,210.0,211.0,-8.219218e-06,6.5932854e-10,2.5677393e-05,-1.495352,-0.017829182,1.0,1.0,1.0,24.0,50.0,1.9252644e-12,3.2501517e-12,210.0,211.0,3.1396598e-12,3.1247797e-12,0
1.0,247.0,230.0,0.17447282,0.040053453,0.20013359,-0.90668166,0.845949,1.0,1.0,1.0,23.0,36.0,0.00011640463,0.00016827989,345.0,230.0,0.00016215973,0.00017414545,0
1.0,181.0,182.0,3.452827e-06,2.3927402e-10,1.5468484e-05,-1.13987,-0.27852213,1.0,1.0,1.0,41.0,42.0,7.74272e-13,1.5719688e-12,181.0,182.0,1.3219559e-12,1.3146925e-12,0
5.0,45.0,10.0,0.8363494,0.015212877,0.12334049,-1.4265556,0.115055464,1.0,1.0,1.0,1.0,0.0,0.0063975467,0.0028620684,225.0,50.0,0.00033806392,0.0015212876,0
5.0,240.0,49.0,0.306127,0.099233694,0.3150138,-1.2412332,0.60360396,1.0,1.0,1.0,2.0,6.0,0.0023895602,0.0004003943,1200.0,245.0,0.00041347372,0.0020251775,0
5.0,400.0,81.0,0.67350733,0.043924898,0.20958267,-1.4956733,0.117442586,1.0,1.0,1.0,12.0,22.0,0.00029823458,7.6129894e-05,2000.0,405.0,0.00010981224,0.00054228265,0
5.0,206.0,42.0,3.6755314e-06,3.9680725e-10,1.9920022e-05,-1.407026,-0.014703058,1.0,1.0,1.0,6.0,15.0,9.433651e-12,1.5435041e-12,1036.0,210.0,1.9262489e-12,9.4477915e-12,0
5.0,95.0,20.0,0.11089468,0.008193422,0.09051753,-1.38443,0.26972288,1.0,1.0,1.0,2.0,3.0,0.00095987576,0.00033685556,475.0,100.0,8.624655e-05,0.00040967113,0
1.0,281.0,265.0,0.23025522,0.053971037,0.23231667,-1.1241603,0.5990943,1.0,1.0,1.0,20.0,45.0,8.357969e-05,8.064394e-05,387.0,265.0,0.00019206775,0.0002036643,0
5.0,375.0,76.0,4.5656847e-07,1.2113921e-10,1.1006326e-05,-1.4798629,0.009076796,1.0,1.0,1.0,22.0,25.0,1.0867715e-12,7.508182e-13,1875.0,380.0,3.230379e-13,1.593937e-12,0
5.0,250.0,27.0,-2.2939994e-05,3.226998e-10,1.7963848e-05,-0.72631323,0.6217756,1.0,1.0,0.0,1.0,1.0,6.548432e-11,1.2321674e-10,16250.0,135.0,1.2907993e-12,1.1951845e-11,1
1.0,197.0,198.0,-5.8286787e-06,4.8678206e-10,2.206314e-05,-1.2429407,-0.18919623,2.0,1.0,1.0,13.0,18.0,2.1462784e-12,5.156769e-12,275.0,198.0,2.470975e-12,2.4584954e-12,0
5.0,235.0,48.0,2.7462245e-06,4.1866338e-10,2.0461264e-05,-1.3183601,-0.15462907,1.0,1.0,1.0,5.0,17.0,7.359769e-12,1.1450506e-12,1175.0,240.0,1.7815463e-12,8.722153e-12,0
1.0,772.0,774.0,6.853397e-06,2.4171223e-10,1.5547097e-05,-0.8865928,-0.562243,1.0,1.0,1.0,240.0,256.0,2.576016e-13,7.495051e-13,1008.0,774.0,3.1309872e-13,3.122897e-13,0
5.0,234.0,48.0,-1.8193135e-06,6.825939e-10,2.6126498e-05,-1.5157511,0.06607659,1.0,1.0,1.0,5.0,16.0,1.247457e-11,1.4885342e-12,1186.0,240.0,2.917068e-12,1.4220706e-11,0
5.0,270.0,55.0,-3.1416627e-07,8.1431006e-10,2.8536118e-05,-1.48276,0.052948035,1.0,1.0,1.0,3.0,20.0,1.1304732e-11,1.3667788e-12,1350.0,275.0,3.0159631e-12,1.4805638e-11,0
5.0,95.0,20.0,5.530715e-07,1.2972591e-10,1.1389729e-05,-1.3769183,-0.22989826,1.0,1.0,2.0,4.0,6.0,1.6168395e-11,7.685805e-12,475.0,100.0,1.3655359e-12,6.4862954e-12,0
5.0,55.0,12.0,0.87668514,0.02016761,0.14201272,-1.0556589,-0.22788188,1.0,1.0,1.0,1.0,1.0,0.0049553607,0.001095129,275.0,60.0,0.00036668382,0.0016806341,0
5.0,235.0,48.0,-3.344794e-07,4.2148407e-10,2.0530077e-05,-1.4798524,0.03385385,1.0,1.0,1.0,7.0,16.0,7.671063e-12,1.1272664e-12,1175.0,240.0,1.7935493e-12,8.780918e-12,0
1.0,210.0,211.0,1.7187409e-06,2.3427724e-10,1.5306117e-05,-1.3237752,-0.13158982,1.0,1.0,1.0,64.0,73.0,3.9372764e-13,5.616809e-13,264.0,211.0,1.1156059e-12,1.1103187e-12,0
1.0,452.0,442.0,8.025414e-06,4.7862253e-10,2.1877444e-05,-1.4069672,0.05643033,2.0,2.0,2.0,1.0,4.0,7.602004e-12,1.5472394e-11,564.0,442.0,1.0588995e-12,1.0828565e-12,1
5.0,250.0,51.0,0.23559515,0.11310276,0.33630753,-0.48083937,1.070685,1.0,1.0,1.0,3.0,5.0,0.0038159348,0.0010279308,1250.0,255.0,0.00045241104,0.0022177012,0
5.0,270.0,55.0,0.34373826,0.17370549,0.4167799,-0.70979446,0.9337915,1.0,1.0,1.0,2.0,11.0,0.004183371,0.0006630251,1378.0,275.0,0.0006433537,0.0031582818,0
5.0,242.0,49.0,-6.415038e-07,1.4206517e-10,1.1919109e-05,-0.92184204,-0.50162315,1.0,1.0,1.0,11.0,16.0,1.947993e-12,6.08731e-13,1232.0,245.0,5.8704615e-13,2.899289e-12,0
5.0,80.0,17.0,-8.900941e-07,1.9870754e-10,1.4096366e-05,-1.2363275,-0.2622067,1.0,1.0,2.0,1.0,4.0,2.5754485e-11,4.0820177e-12,400.0,85.0,2.4838443e-12,1.1688679e-11,0
1.0,158.0,149.0,0.15836975,0.026036842,0.16135935,-1.2704685,0.53584415,1.0,1.0,1.0,21.0,27.0,0.0001671482,0.000316615,204.0,149.0,0.00016479014,0.00017474391,0
5.0,275.0,56.0,0.21137804,0.053722806,0.23178181,-1.2404563,0.6441366,1.0,1.0,1.0,2.0,6.0,0.0010907295,0.00024308119,1375.0,280.0,0.00019535565,0.00095933577,0
5.0,270.0,55.0,5.101506e-06,8.3660695e-10,2.892416e-05,-1.2801638,-0.11927965,1.0,1.0,1.0,5.0,18.0,1.019132e-11,9.0159184e-13,1350.0,275.0,3.0985444e-12,1.5211036e-11,0
1.0,558.0,559.0,-2.812744e-06,1.0547891e-10,1.02702925e-05,-1.3951975,-0.06119925,3.0,3.0,2.0,4.0,23.0,1.1744673e-12,2.551118e-12,654.0,559.0,1.8903031e-13,1.8869215e-13,1
1.0,126.0,127.0,0.11801639,0.00719534,0.08482535,-1.3823515,0.37613842,1.0,1.0,1.0,19.0,23.0,8.150757e-05,0.00015435708,126.0,127.0,5.7105874e-05,5.6656223e-05,1
5.0,240.0,49.0,-3.7823654e-07,6.0985955e-10,2.4695335e-05,-1.5090151,0.02888661,1.0,1.0,1.0,5.0,17.0,1.0574171e-11,1.1147733e-12,1200.0,245.0,2.5410815e-12,1.2446113e-11,0
5.0,95.0,20.0,0.08765615,0.010110826,0.1005526,-1.2110015,0.6495635,1.0,1.0,1.0,1.0,2.0,0.0014568744,0.00038400682,475.0,100.0,0.000106429754,0.00050554133,0
1.0,424.0,355.0,0.015136826,0.0011064634,0.03326354,2.2618752,1.9953368,2.0,1.0,1.0,4.0,21.0,1.4896892e-05,1.1098383e-05,588.0,355.0,2.6095834e-06,3.116798e-06,1
1.0,443.0,445.0,1.3516306e-05,1.3626428e-10,1.1673229e-05,-1.72356,-0.1159156,3.0,3.0,3.0,3.0,12.0,3.1607713e-12,6.669686e-12,575.0,445.0,3.075943e-13,3.0621187e-13,1
5.0,195.0,40.0,3.9080583e-06,2.6083188e-10,1.615029e-05,-1.3361769,-0.035034172,1.0,1.0,1.0,3.0,11.0,6.6113963e-12,7.962808e-13,975.0,200.0,1.3375993e-12,6.520797e-12,0
5.0,190.0,39.0,-1.7967155e-05,2.5134894e-10,1.5853988e-05,-1.021684,-0.5793226,1.0,1.0,0.0,7.0,12.0,3.8794133e-12,1.4700667e-12,950.0,195.0,1.3228892e-12,6.4448447e-12,0
5.0,560.0,113.0,1.1806977e-05,3.4458292e-10,1.8562945e-05,-1.2455119,-0.13114002,1.0,1.0,1.0,31.0,43.0,1.6111347e-12,1.1531174e-12,2800.0,565.0,6.1532664e-13,3.0494062e-12,0
5.0,75.0,16.0,2.7621932e-06,1.430863e-10,1.1961869e-05,-1.4915128,0.016991029,1.0,1.0,2.0,2.0,5.0,2.717397e-11,1.34990335e-11,375.0,80.0,1.9078174e-12,8.942894e-12,0
1.0,263.0,265.0,1.5422092e-06,7.702718e-10,2.7753771e-05,-1.4830692,0.026237262,1.0,1.0,1.0,80.0,90.0,6.7441316e-13,7.451653e-13,367.0,265.0,2.92879e-12,2.906686e-12,0
1.0,267.0,268.0,3.9924603e-06,5.3826715e-10,2.3200584e-05,-1.0296607,-0.31204674,1.0,1.0,1.0,18.0,19.0,5.0838006e-12,1.0296995e-11,267.0,268.0,2.0159818e-12,2.0084594e-12,1
5.0,265.0,54.0,0.2204436,0.059350938,0.24362049,-1.3692201,0.53728837,1.0,1.0,1.0,1.0,4.0,0.0013244662,0.00054032804,1325.0,270.0,0.0002239658,0.0010990915,0
1.0,567.0,518.0,0.16544887,0.04448336,0.21091078,-0.6214646,1.0073599,1.0,1.0,1.0,20.0,64.0,2.9635668e-05,1.9832423e-05,793.0,518.0,7.84539e-05,8.587521e-05,0
1.0,350.0,351.0,-6.3540206e-06,2.4591698e-10,1.568174e-05,-1.3300056,-0.03415074,2.0,2.0,2.0,1.0,4.0,2.204159e-12,4.5991743e-12,482.0,351.0,7.0261993e-13,7.0061817e-13,1
5.0,195.0,40.0,0.14595653,0.025656298,0.16017583,-1.4090565,0.5616183,1.0,1.0,1.0,1.0,3.0,0.0016276281,0.0016520665,975.0,200.0,0.00013157076,0.00064140745,0
5.0,215.0,44.0,6.18724e-07,1.4021229e-10,1.1841127e-05,-0.98364764,-0.31801602,1.0,1.0,1.0,7.0,12.0,2.7403414e-12,1.0911612e-12,1075.0,220.0,6.5215015e-13,3.186643e-12,0
5.0,100.0,21.0,1.3459553e-05,6.101172e-10,2.470055e-05,-1.1789216,-0.3538439,1.0,1.0,1.0,2.0,5.0,5.601139e-11,5.3145435e-12,500.0,105.0,6.101172e-12,2.9053199e-11,0
5.0,300.0,61.0,0.18996724,0.026592683,0.16307263,-1.6860096,-0.057608,2.0,1.0,1.0,2.0,3.0,0.0013962851,0.0027164575,1500.0,305.0,8.864228e-05,0.00043594564,1
5.0,85.0,18.0,9.518508e-06,5.0280774e-10,2.2423375e-05,-1.1316221,-0.27767068,1.0,1.0,1.0,2.0,5.0,5.7984097e-11,1.42255105e-11,425.0,90.0,5.915385e-12,2.7933763e-11,0
5.0,105.0,22.0,2.965715e-06,3.2196942e-10,1.7943506e-05,-1.3963782,-0.12402889,1.0,1.0,1.0,2.0,4.0,2.7250074e-11,3.4905416e-12,525.0,110.0,3.0663753e-12,1.4634974e-11,0
5.0,115.0,24.0,0.08781563,0.004595372,0.067789175,-1.549509,-0.27158597,1.0,1.0,1.0,1.0,2.0,0.0002705554,0.00019800484,575.0,120.0,3.9959756e-05,0.00019147384,0
5.0,145.0,30.0,0.15000935,0.017857088,0.13363041,-1.4052308,0.31115884,1.0,1.0,1.0,2.0,4.0,0.001101019,0.00072990154,725.0,150.0,0.00012315233,0.00059523626,0
5.0,360.0,73.0,3.733494e-06,6.8876266e-10,2.6244288e-05,-1.1653972,-0.2888647,1.0,1.0,1.0,14.0,27.0,4.988705e-12,1.1185319e-12,1830.0,365.0,1.9132296e-12,9.4351055e-12,0
5.0,195.0,15.0,0.1484684,0.010337266,0.10167235,-1.5366964,-0.117786,1.0,1.0,1.0,1.0,2.0,0.0032325992,0.006941416,17225.0,75.0,5.3011623e-05,0.0006891511,1
1.0,213.0,195.0,0.36487573,0.17586504,0.41936266,-1.1991458,0.65235454,1.0,1.0,1.0,15.0,22.0,0.00034934838,0.00024633558,291.0,195.0,0.00082565745,0.000901872,0
5.0,195.0,40.0,0.12794356,0.042764004,0.2067946,1.3284876,1.6056938,3.0,2.0,1.0,2.0,4.0,0.040657766,0.10764915,975.0,200.0,0.00021930259,0.0010691001,1
1.0,513.0,515.0,8.138894e-06,6.942084e-10,2.6347834e-05,-0.7816366,-0.51993066,2.0,2.0,2.0,2.0,2.0,1.778687e-11,5.0519405e-11,699.0,515.0,1.3532327e-12,1.3479775e-12,1
5.0,65.0,14.0,-2.3193124e-06,5.661982e-11,7.5246144e-06,-0.6819025,-0.6276947,1.0,1.0,2.0,1.0,3.0,1.1026449e-11,4.8282454e-12,325.0,70.0,8.7107415e-13,4.0442727e-12,0
5.0,1030.0,207.0,-1.2213848e-05,3.3492212e-10,1.8300878e-05,-1.4903302,0.09325928,1.0,1.0,1.0,57.0,64.0,6.206479e-13,9.0683515e-13,5150.0,1035.0,3.251671e-13,1.6179812e-12,0
1.0,206.0,201.0,0.34500524,0.16727842,0.40899685,-1.1305119,0.7077059,1.0,1.0,1.0,20.0,27.0,0.0002987983,0.0001402347,218.0,201.0,0.0008120312,0.00083223096,0
1.0,247.0,238.0,0.39719447,0.14849915,0.38535586,-1.3678564,0.46588752,1.0,1.0,1.0,23.0,37.0,0.00017845976,0.00014638703,343.0,238.0,0.0006012111,0.00062394596,0
5.0,100.0,21.0,1.3879924e-06,5.192433e-10,2.2786911e-05,-1.4416133,-0.07820839,1.0,1.0,2.0,1.0,3.0,4.823626e-11,4.2356643e-12,500.0,105.0,5.1924333e-12,2.4725872e-11,0
5.0,595.0,120.0,0.4113571,0.19363858,0.44004384,-1.2281085,0.59227675,1.0,1.0,1.0,10.0,19.0,0.00078357424,0.00017296721,2975.0,600.0,0.000325443,0.0016136548,0
5.0,330.0,67.0,0.18894476,0.028195802,0.16791606,-1.4820622,0.10957145,2.0,1.0,1.0,3.0,5.0,0.0008865718,0.0010077619,1650.0,335.0,8.5441825e-05,0.00042083286,1
5.0,790.0,159.0,0.288015,0.13929476,0.37322214,-0.87108016,0.87747735,1.0,1.0,1.0,9.0,20.0,0.00042027805,0.00011266938,3950.0,795.0,0.00017632247,0.0008760677,0
5.0,85.0,18.0,-2.104187e-06,8.936025e-11,9.453055e-06,-1.3351325,-0.1493873,1.0,1.0,1.0,2.0,7.0,1.3683964e-11,3.8227186e-12,425.0,90.0,1.0512971e-12,4.9644585e-12,0
1.0,292.0,256.0,0.25280476,0.13606033,0.36886355,-0.45140773,1.090648,1.0,1.0,1.0,13.0,20.0,0.0002607452,0.00022552017,408.0,256.0,0.00046596,0.00053148565,0
5.0,190.0,39.0,1.0382941e-05,5.983808e-10,2.4461822e-05,-1.3487215,-0.12002607,1.0,1.0,1.0,1.0,11.0,1.5536546e-11,8.189939e-13,950.0,195.0,3.1493725e-12,1.5343097e-11,0
5.0,226.0,46.0,-9.273952e-08,1.5718657e-10,1.2537407e-05,-1.4169445,-0.022722334,1.0,1.0,1.0,3.0,15.0,3.0555356e-12,4.9783615e-13,1140.0,230.0,6.955158e-13,3.4170995e-12,0
1.0,303.0,275.0,0.120534286,0.025907166,0.16095704,-0.79562044,0.9245173,1.0,1.0,1.0,32.0,36.0,6.629255e-05,0.00012050632,415.0,275.0,8.55022e-05,9.420788e-05,0
1.0,693.0,616.0,0.18662697,0.060611434,0.2461939,-0.90316904,0.87278134,2.0,1.0,1.0,96.0,105.0,1.4737846e-05,9.6717595e-06,967.0,616.0,8.746239e-05,9.839518e-05,0
5.0,210.0,43.0,-5.316042e-06,1.3477376e-10,1.160921e-05,-0.9927428,-0.45415577,1.0,1.0,1.0,9.0,10.0,2.1884447e-12,6.676419e-13,1050.0,215.0,6.417798e-13,3.1342734e-12,0
5.0,240.0,49.0,0.2540245,0.035641808,0.18879038,-1.0413157,0.24044308,2.0,1.0,1.0,4.0,6.0,0.001355281,0.0006714058,1200.0,245.0,0.00014850753,0.0007273839,1
5.0,286.0,58.0,0.35689944,0.16190785,0.40237775,-1.1485057,0.67608273,1.0,1.0,1.0,2.0,13.0,0.0028549847,0.00040848623,1436.0,290.0,0.00056611135,0.0027915146,0
1.0,285.0,286.0,-1.0323487e-06,4.4691334e-10,2.1140324e-05,-1.4412016,0.02973785,1.0,1.0,1.0,91.0,100.0,5.0813916e-13,9.0834724e-13,391.0,286.0,1.568117e-12,1.562634e-12,0
5.0,475.0,96.0,0.47436705,0.19098894,0.43702284,-1.4133037,0.3967348,1.0,1.0,1.0,10.0,19.0,0.0010333018,0.00020533435,2375.0,480.0,0.000402082,0.0019894682,0
5.0,90.0,19.0,9.018717e-06,4.6319149e-10,2.1521884e-05,-0.785075,-0.44673654,1.0,1.0,1.0,1.0,4.0,5.2088032e-11,7.891109e-12,450.0,95.0,5.146572e-12,2.43785e-11,0
5.0,345.0,70.0,0.23720135,0.10228745,0.3198241,-0.79307836,0.9266705,1.0,1.0,1.0,3.0,11.0,0.0016068803,0.00023116509,1725.0,350.0,0.00029648538,0.0014612493,0
5.0,210.0,43.0,-2.7886002e-05,7.503176e-11,8.662088e-06,-1.1370335,-0.19162397,1.0,1.0,1.0,8.0,13.0,1.9025924e-12,7.6250264e-13,1050.0,215.0,3.572941e-13,1.7449246e-12,0
1.0,315.0,317.0,4.4116873e-06,6.311006e-10,2.5121715e-05,-1.2167116,-0.12817593,1.0,1.0,1.0,97.0,104.0,5.293624e-13,8.4284625e-13,441.0,317.0,2.003494e-12,1.9908537e-12,0
1.0,443.0,445.0,1.6091926e-05,6.127864e-10,2.4754523e-05,-0.40794927,-0.7743516,1.0,1.0,1.0,136.0,147.0,3.756456e-13,8.1497856e-13,615.0,445.0,1.383265e-12,1.3770481e-12,0
5.0,385.0,78.0,1.7402851e-06,4.519355e-10,2.1258775e-05,-1.3692173,-0.11215051,1.0,1.0,1.0,20.0,28.0,3.0453728e-12,8.7543005e-13,1925.0,390.0,1.1738584e-12,5.7940445e-12,0
5.0,195.0,40.0,0.27783373,0.105079636,0.3241599,-1.107373,0.7372257,1.0,1.0,1.0,1.0,2.0,0.0044082594,0.00072226144,975.0,200.0,0.00053886994,0.002626991,0
5.0,220.0,45.0,-5.373102e-07,6.0830546e-10,2.4663848e-05,-1.149009,-0.29047596,1.0,1.0,1.0,3.0,3.0,2.6035068e-11,3.334006e-11,1100.0,225.0,2.7650248e-12,1.3517899e-11,1
1.0,689.0,658.0,0.17201729,0.043728083,0.20911261,-1.1706705,0.7073004,2.0,1.0,2.0,58.0,116.0,1.1130279e-05,1.1415795e-05,791.0,658.0,6.346602e-05,6.645606e-05,0
5.0,95.0,20.0,2.0559446e-05,5.215213e-10,2.283684e-05,-1.3821354,-0.25977442,1.0,1.0,1.0,2.0,4.0,5.917393e-11,1.0272535e-11,475.0,100.0,5.489698e-12,2.6076067e-11,0
5.0,190.0,39.0,1.3214766e-05,2.9007657e-10,1.7031634e-05,-1.3404951,-0.10430397,1.0,1.0,1.0,7.0,13.0,7.534322e-12,1.7134724e-12,950.0,195.0,1.5267189e-12,7.437861e-12,0
1.0,193.0,195.0,7.0993456e-06,5.15832e-10,2.2711934e-05,-1.2966216,-0.07004832,2.0,1.0,1.0,1.0,2.0,5.5801964e-11,1.6470648e-10,257.0,195.0,2.6727045e-12,2.6452922e-12,1
5.0,210.0,43.0,-3.106115e-06,3.504091e-10,1.8719216e-05,-1.2969285,-0.10771014,1.0,1.0,1.0,5.0,15.0,7.662371e-12,1.4357642e-12,1050.0,215.0,1.6686147e-12,8.149048e-12,0
5.0,235.0,48.0,-4.5064353e-06,3.4676165e-10,1.8621537e-05,-1.4980215,-0.021593485,1.0,1.0,1.0,5.0,15.0,6.319354e-12,8.0870336e-13,1175.0,240.0,1.4755815e-12,7.224201e-12,0
1.0,445.0,446.0,0.30505013,0.13508408,0.36753786,-1.1447191,0.71607953,2.0,1.0,1.0,38.0,55.0,6.738306e-05,6.216614e-05,445.0,446.0,0.0003035597,0.00030287908,0
1.0,191.0,192.0,-2.8827178e-06,1.0048277e-10,1.00241095e-05,-1.2498167,-0.1570675,1.0,1.0,1.0,56.0,63.0,3.6283286e-13,7.520203e-13,227.0,192.0,5.260878e-13,5.2334775e-13,0
5.0,90.0,19.0,0.18472037,0.024285683,0.15583864,-1.4386725,0.2974889,1.0,1.0,1.0,1.0,3.0,0.0030107964,0.00055632,450.0,95.0,0.00026984094,0.0012781939,0
5.0,95.0,20.0,7.509935e-07,3.2268183e-10,1.7963346e-05,-1.5192403,0.13850448,1.0,1.0,2.0,1.0,6.0,3.5250025e-11,7.82919e-12,475.0,100.0,3.3966508e-12,1.613409e-11,0
1.0,378.0,380.0,2.990795e-06,3.8437253e-10,1.960542e-05,-0.73637855,-0.07829425,1.0,1.0,1.0,111.0,127.0,3.793821e-13,6.807879e-13,528.0,380.0,1.0168586e-12,1.0115066e-12,0
1.0,564.0,565.0,1.1224711e-05,3.9114084e-10,1.977728e-05,-1.1745076,-0.08487441,3.0,3.0,3.0,2.0,5.0,9.776753e-12,1.9892593e-11,656.0,565.0,6.9351214e-13,6.922847e-13,1
1.0,238.0,217.0,0.31180954,0.16356839,0.40443587,-0.8826397,0.86635274,1.0,1.0,1.0,19.0,26.0,0.00030723316,0.00019942188,322.0,217.0,0.0006872621,0.00075377134,0
1.0,482.0,483.0,-1.1451239e-05,2.0297086e-10,1.4246784e-05,-1.2390921,-0.21687351,12.0,2.0,1.0,48.0,81.0,4.2015584e-12,1.0501982e-11,482.0,483.0,4.2110139e-13,4.2022953e-13,1
5.0,240.0,49.0,3.4143775e-06,6.573441e-10,2.5638723e-05,-1.3574125,-0.13498092,1.0,1.0,1.0,4.0,14.0,1.1251748e-11,1.7290722e-12,1200.0,245.0,2.7389339e-12,1.34151865e-11,0
1.0,243.0,223.0,0.32886526,0.14855857,0.38543296,-1.1634572,0.68014604,1.0,1.0,1.0,14.0,25.0,0.00029975057,0.00033497988,321.0,223.0,0.00061135215,0.0006661819,0
1.0,166.0,167.0,-2.401918e-06,2.7764288e-10,1.666262e-05,-1.0196644,-0.39284626,1.0,1.0,1.0,50.0,53.0,1.2077819e-12,2.6516658e-12,166.0,167.0,1.6725475e-12,1.6625323e-12,0
5.0,456.0,92.0,-2.4368417e-06,3.2484745e-10,1.8023526e-05,-0.7937499,0.014837131,1.0,1.0,1.0,4.0,12.0,4.817814e-12,3.5959111e-12,2286.0,460.0,7.1238474e-13,3.5309505e-12,1
5.0,330.0,67.0,1.9434926e-06,1.5917027e-10,1.261627e-05,-1.243708,-0.1646269,1.0,1.0,1.0,19.0,23.0,1.6144668e-12,7.504763e-13,1650.0,335.0,4.8233417e-13,2.3756758e-12,0
5.0,225.0,46.0,2.5696517e-07,5.7459415e-10,2.3970693e-05,-1.441248,0.0015786263,1.0,1.0,1.0,6.0,13.0,1.1051868e-11,2.0028389e-12,1125.0,230.0,2.5537517e-12,1.2491177e-11,0
5.0,145.0,30.0,-2.7331373e-05,1.3068269e-10,1.1431653e-05,-1.1993984,-0.21788886,1.0,1.0,1.0,5.0,9.0,5.6653146e-12,1.6450863e-12,725.0,150.0,9.0125986e-13,4.3560893e-12,0
1.0,233.0,234.0,3.806906e-06,8.7639085e-10,2.96039e-05,-1.4340996,-0.07159582,1.0,1.0,1.0,63.0,74.0,1.0726206e-12,1.1425007e-12,233.0,234.0,3.761334e-12,3.74526e-12,0
5.0,255.0,52.0,2.045418e-06,8.1713664e-10,2.8585602e-05,-1.4555854,-0.013965124,1.0,1.0,1.0,1.0,17.0,1.26795085e-11,9.734572e-13,1275.0,260.0,3.2044573e-12,1.5714166e-11,0
5.0,200.0,41.0,0.11054116,0.0197311,0.14046744,-1.2218488,0.71234757,1.0,1.0,1.0,2.0,4.0,0.0012314933,0.001370084,1000.0,205.0,9.86555e-05,0.00048124636,0
5.0,105.0,22.0,-1.0579032e-06,2.0163188e-10,1.4199714e-05,-1.5098681,-0.06719376,1.0,1.0,2.0,1.0,5.0,1.733468e-11,2.9324603e-12,525.0,110.0,1.9203035e-12,9.165085e-12,0
5.0,275.0,56.0,0.22665939,0.120737925,0.34747362,-0.14387038,1.2117207,1.0,1.0,1.0,1.0,5.0,0.003737093,0.0004590229,1375.0,280.0,0.000439047,0.0021560343,0
5.0,265.0,54.0,0.35559687,0.08494859,0.2914594,-1.4471414,0.17040022,1.0,1.0,1.0,2.0,9.0,0.0012208004,0.00022352568,1325.0,270.0,0.00032056074,0.0015731221,0
1.0,182.0,184.0,2.2454212e-06,2.3496904e-10,1.53287e-05,-1.0406986,0.27754664,3.0,2.0,1.0,3.0,6.0,6.513046e-12,1.28269765e-11,228.0,184.0,1.2910387e-12,1.2770056e-12,1
5.0,95.0,20.0,0.15028387,0.019707575,0.14038368,-1.3484253,0.4300912,1.0,1.0,1.0,1.0,3.0,0.0023505779,0.0005141938,475.0,100.0,0.00020744817,0.0009853789,0
1.0,276.0,278.0,1.3274056e-06,2.216433e-10,1.488769e-05,-0.7221424,-0.6255699,1.0,1.0,1.0,73.0,88.0,3.431009e-13,7.311975e-13,356.0,278.0,8.0305543e-13,7.9727804e-13,0
5.0,825.0,166.0,0.2730763,0.10281747,0.32065162,-1.2632164,0.6439808,1.0,1.0,1.0,10.0,26.0,0.00024948546,6.7679684e-05,4125.0,830.0,0.00012462723,0.00061938236,0
1.0,186.0,169.0,0.12563752,0.022803355,0.1510078,-1.0891759,0.7387586,1.0,1.0,1.0,16.0,24.0,0.000100274294,0.00013521402,254.0,169.0,0.00012259868,0.00013493109,0
5.0,95.0,20.0,9.31477e-06,4.353614e-10,2.0865316e-05,-0.84560627,-0.24026302,1.0,1.0,1.0,3.0,5.0,5.0103727e-11,1.6501618e-11,475.0,100.0,4.5827517e-12,2.176807e-11,0
5.0,223.0,45.0,-2.144015e-06,1.362789e-10,1.1673856e-05,-1.4950305,-0.031214487,1.0,1.0,1.0,8.0,16.0,2.924136e-12,6.70406e-13,1133.0,225.0,6.111162e-13,3.0284202e-12,0
1.0,460.0,462.0,2.0530559e-05,3.5527442e-10,1.8848725e-05,-0.8800815,-0.6115668,1.0,1.0,1.0,133.0,143.0,2.599811e-13,6.545412e-13,616.0,462.0,7.723357e-13,7.6899224e-13,0
5.0,275.0,56.0,-5.0522644e-06,3.2117667e-10,1.7921402e-05,-1.4822295,0.008297224,1.0,1.0,1.0,8.0,17.0,4.421627e-12,7.9568324e-13,1375.0,280.0,1.1679152e-12,5.735298e-12,0
5.0,80.0,17.0,-8.524359e-07,6.795791e-10,2.6068737e-05,-1.5336547,0.04409671,1.0,1.0,2.0,1.0,0.0,9.81592e-11,1.4695394e-11,400.0,85.0,8.494739e-12,3.9975242e-11,0
5.0,175.0,36.0,0.13015117,0.02233599,0.1494523,-1.4555528,0.4939636,1.0,1.0,1.0,2.0,5.0,0.0014892034,0.0012645571,875.0,180.0,0.00012763422,0.0006204442,0
5.0,165.0,34.0,-1.193523e-06,3.201544e-10,1.7892859e-05,-0.88441515,-0.5514074,1.0,1.0,1.0,3.0,11.0,8.9027796e-12,1.3257864e-12,825.0,170.0,1.9403298e-12,9.416306e-12,0
1.0,349.0,350.0,0.2748677,0.10300552,0.32094473,-1.2361231,0.6500293,1.0,1.0,1.0,19.0,30.0,7.824725e-05,7.8320154e-05,349.0,350.0,0.00029514477,0.00029430148,0
5.0,225.0,46.0,-1.5209629e-06,7.8320145e-10,2.7985736e-05,-1.4934127,0.00798315,1.0,1.0,1.0,5.0,14.0,1.54131e-11,1.488271e-12,1125.0,230.0,3.4808955e-12,1.7026118e-11,0
1.0,297.0,274.0,0.059463076,0.0055273017,0.07434583,-0.5026294,1.0065624,3.0,1.0,1.0,33.0,37.0,5.8984242e-05,0.00012437496,377.0,274.0,1.8610443e-05,2.0172634e-05,1
1.0,187.0,188.0,9.2692534e-07,1.5902266e-10,1.2610419e-05,-1.5064808,0.019081937,1.0,1.0,1.0,51.0,56.0,3.9932012e-13,5.9420996e-13,187.0,188.0,8.5038855e-13,8.458652e-13,0
1.0,187.0,188.0,1.5482295e-06,2.3533914e-10,1.5340767e-05,-1.4463689,-0.012974506,1.0,1.0,1.0,61.0,65.0,5.5485244e-13,8.476325e-13,197.0,188.0,1.2584981e-12,1.2518039e-12,0
1.0,370.0,350.0,0.22707662,0.036620975,0.19136608,-1.2162229,0.260888,3.0,2.0,2.0,36.0,50.0,8.219951e-05,9.160388e-05,492.0,350.0,9.897561e-05,0.00010463136,1
5.0,280.0,57.0,0.2089521,0.07948849,0.28193703,-0.6773476,0.96830666,1.0,1.0,1.0,2.0,3.0,0.0019463655,0.00037618005,1400.0,285.0,0.00028388746,0.001394535,0
1.0,185.0,186.0,-1.266181e-06,2.0670185e-10,1.4377129e-05,-1.4452324,-0.031721316,1.0,1.0,1.0,55.0,64.0,6.150401e-13,1.115398e-12,185.0,186.0,1.1173073e-12,1.1113003e-12,0
5.0,80.0,17.0,-1.1704483e-06,6.650128e-10,2.5787842e-05,-1.5189943,0.03284505,1.0,1.0,2.0,1.0,2.0,9.5823495e-11,1.2210715e-11,400.0,85.0,8.3126605e-12,3.91184e-11,0
5.0,210.0,43.0,4.5854117e-06,5.160514e-10,2.2716766e-05,-0.7985145,-0.649764,1.0,1.0,1.0,3.0,12.0,6.899289e-12,5.385199e-13,1050.0,215.0,2.4573878e-12,1.2001196e-11,0
5.0,250.0,51.0,0.35855433,0.13255346,0.3640789,-0.7563068,0.91914105,1.0,1.0,1.0,3.0,10.0,0.0038555488,0.0005135511,1250.0,255.0,0.0005302138,0.0025990873,0
5.0,235.0,48.0,0.32907602,0.14745694,0.38400123,-1.1606146,0.67688566,1.0,1.0,1.0,1.0,4.0,0.0038775725,0.0006396025,1175.0,240.0,0.0006274764,0.0030720197,0
5.0,420.0,85.0,0.7221493,0.0358803,0.18942097,-1.4619997,0.23291884,2.0,1.0,1.0,19.0,30.0,0.00024678983,0.000103078746,2100.0,425.0,8.542929e-05,0.0004221212,0
5.0,230.0,47.0,1.6009652e-06,1.0931817e-09,3.3063297e-05,-1.4747807,-0.0126670515,1.0,1.0,1.0,4.0,15.0,2.0369994e-11,1.7619078e-12,1150.0,235.0,4.7529636e-12,2.3259185e-11,0
5.0,315.0,64.0,0.16890061,0.05499179,0.23450328,-0.6947131,0.99471307,1.0,1.0,1.0,1.0,4.0,0.0012798014,0.00041833438,1575.0,320.0,0.0001745771,0.0008592467,0
5.0,315.0,64.0,4.088208e-06,6.5767525e-10,2.564518e-05,-1.3040683,-0.05469843,1.0,1.0,1.0,6.0,20.0,7.084963e-12,7.5787635e-13,1575.0,320.0,2.0878579e-12,1.0276176e-11,0
1.0,180.0,181.0,3.0945816e-06,2.7782296e-10,1.6668022e-05,-1.5086654,-0.0133803785,1.0,1.0,1.0,58.0,63.0,7.235222e-13,1.1707569e-12,240.0,181.0,1.543461e-12,1.5349335e-12,0
5.0,55.0,12.0,0.89175266,0.0186988,0.13674356,-0.9418857,-0.42702305,1.0,1.0,1.0,2.0,1.0,0.0040131733,0.00093609764,275.0,60.0,0.00033997817,0.0015582334,0
1.0,298.0,284.0,0.33813357,0.14289492,0.37801445,-1.2646996,0.61325914,1.0,1.0,1.0,30.0,34.0,0.00020663379,0.00030506178,400.0,284.0,0.0004795132,0.00050315115,0
5.0,186.0,38.0,1.5215757e-06,2.0256564e-10,1.4232556e-05,-1.3515493,-0.067635804,1.0,1.0,1.0,7.0,11.0,5.694977e-12,1.2681687e-12,936.0,190.0,1.0890627e-12,5.330675e-12,0
1.0,147.0,147.0,0.038199756,0.0011264423,0.033562515,-1.668169,0.12402813,10.0,1.0,1.0,27.0,36.0,4.1249357e-05,0.00010805777,149.0,147.0,7.662873e-06,7.662873e-06,1
1.0,521.0,522.0,-8.3508685e-06,3.7574951e-10,1.9384259e-05,-1.3818017,0.07309748,2.0,2.0,1.0,2.0,4.0,6.492535e-12,1.3127918e-11,521.0,522.0,7.212083e-13,7.1982665e-13,1
1.0,193.0,195.0,-1.2753613e-06,8.774069e-11,9.367e-06,-0.85867375,-0.4961005,2.0,2.0,1.0,3.0,7.0,1.6598144e-12,3.4895873e-12,223.0,195.0,4.5461497e-13,4.4995225e-13,1
5.0,140.0,29.0,0.2783831,0.03362653,0.18337537,-1.4773409,-0.18277793,2.0,1.0,1.0,3.0,4.0,0.0013501818,0.0005873802,700.0,145.0,0.00024018949,0.0011595355,0
5.0,475.0,96.0,1.066272e-05,3.4216677e-10,1.849775e-05,-0.2682116,-0.71126395,2.0,2.0,1.0,2.0,3.0,1.8004329e-11,3.5166002e-11,2375.0,480.0,7.2035113e-13,3.5642372e-12,1
1.0,265.0,236.0,0.25006965,0.1005174,0.3170448,-1.0149618,0.8045974,1.0,1.0,1.0,19.0,25.0,0.0001836079,0.00017231148,371.0,236.0,0.00037931095,0.0004259212,0
5.0,230.0,47.0,-9.381666e-07,9.229869e-10,3.03807e-05,-1.4817783,0.020864466,1.0,1.0,1.0,3.0,14.0,1.709168e-11,1.1576223e-12,1150.0,235.0,4.0129866e-12,1.963802e-11,0
1.0,215.0,204.0,0.24613616,0.073170416,0.2705003,-1.2099,0.6568068,1.0,1.0,1.0,10.0,13.0,0.00019623044,0.0002612827,301.0,204.0,0.0003403275,0.0003586785,0
5.0,80.0,17.0,1.3874629e-07,1.7641563e-10,1.3282155e-05,-1.5046871,-0.118556015,1.0,1.0,2.0,1.0,3.0,2.567839e-11,3.4199288e-12,400.0,85.0,2.2051954e-12,1.0377391e-11,0
5.0,375.0,76.0,0.35014653,0.15392528,0.39233315,-1.2463875,0.6059281,1.0,1.0,1.0,2.0,14.0,0.0014959198,9.580661e-05,1875.0,380.0,0.00041046744,0.0020253328,0
1.0,774.0,711.0,0.23715556,0.08658309,0.29425004,-1.1471627,0.7355793,1.0,1.0,1.0,33.0,102.0,2.3695362e-05,1.8111232e-05,1012.0,711.0,0.00011186446,0.000121776495,0
1.0,242.0,243.0,-1.3392658e-05,3.5341976e-11,5.9449117e-06,-0.8220674,-0.6806354,1.0,1.0,1.0,76.0,84.0,2.2578871e-13,6.003187e-13,338.0,243.0,1.4604122e-13,1.4544022e-13,0
1.0,459.0,460.0,3.7945936e-06,5.1272697e-10,2.2643475e-05,-1.4636344,-0.05179193,1.0,1.0,1.0,135.0,153.0,3.327044e-13,6.993793e-13,643.0,460.0,1.1170522e-12,1.1146238e-12,0
1.0,221.0,204.0,0.2653647,0.09264488,0.3043762,-1.2622235,0.631935,1.0,1.0,1.0,20.0,25.0,0.00017447468,0.00013788985,295.0,204.0,0.0004192076,0.00045414155,0
5.0,205.0,42.0,-9.0898275e-06,1.0639995e-10,1.0315035e-05,-1.4943246,-0.02995869,1.0,1.0,1.0,8.0,11.0,2.7063208e-12,8.435184e-13,1025.0,210.0,5.1902417e-13,2.5333323e-12,0
1.0,425.0,426.0,-6.057919e-06,2.621347e-10,1.6190574e-05,-1.3785315,0.038365763,1.0,1.0,1.0,139.0,149.0,3.3268375e-13,8.404468e-13,589.0,426.0,6.167875e-13,6.1533965e-13,0
5.0,110.0,23.0,2.23805e-06,8.4667645e-10,2.9097704e-05,-1.48938,0.07773111,1.0,1.0,2.0,1.0,5.0,6.5931836e-11,5.858054e-12,550.0,115.0,7.697058e-12,3.681202e-11,0
5.0,75.0,16.0,-3.2497728e-06,2.9322847e-10,1.7123915e-05,-1.3423768,0.05606946,1.0,1.0,2.0,2.0,4.0,5.199611e-11,2.3796234e-11,375.0,80.0,3.9097133e-12,1.832678e-11,0
1.0,359.0,360.0,-1.3641331e-06,2.1907182e-10,1.4801075e-05,-1.4266205,-0.030396862,2.0,1.0,1.0,32.0,55.0,5.9072945e-13,1.2991242e-12,477.0,360.0,6.102279e-13,6.085328e-13,1
5.0,270.0,55.0,0.36806053,0.16613318,0.40759438,-1.2100216,0.62126714,1.0,1.0,1.0,5.0,11.0,0.0032472434,0.00092187116,1350.0,275.0,0.00061530806,0.0030206032,0
1.0,176.0,178.0,-1.3631993e-06,2.9429498e-10,1.7155027e-05,-1.3881633,-0.099300444,1.0,1.0,1.0,16.0,20.0,1.1737409e-12,1.7667768e-12,238.0,178.0,1.6721305e-12,1.6533426e-12,1
5.0,105.0,22.0,3.4949546e-06,9.686302e-10,3.1122825e-05,-1.4965557,0.02593973,1.0,1.0,2.0,1.0,3.0,8.282114e-11,6.282431e-12,525.0,110.0,9.2250495e-12,4.4028645e-11,0
1.0,184.0,185.0,-3.1995926e-06,5.704155e-10,2.3883373e-05,-0.9197936,-0.004480809,2.0,2.0,2.0,1.0,2.0,1.659451e-11,3.260229e-11,246.0,185.0,3.100084e-12,3.0833268e-12,1
5.0,275.0,56.0,0.21344376,0.074786566,0.27347133,-0.80758727,0.89468825,1.0,1.0,1.0,2.0,7.0,0.0017398257,0.0002212424,1375.0,280.0,0.00027195117,0.0013354744,0
1.0,124.0,109.0,0.011812207,0.0003569068,0.018891977,-0.525036,1.1163073,4.0,1.0,1.0,9.0,14.0,1.5524543e-05,2.6075284e-05,168.0,109.0,2.8782806e-06,3.2743744e-06,1
5.0,635.0,128.0,8.538306e-06,4.69849e-10,2.1676002e-05,-1.3344287,0.2199465,1.0,1.0,1.0,34.0,42.0,1.489901e-12,6.739837e-13,3175.0,640.0,7.3991974e-13,3.6706953e-12,0
5.0,215.0,44.0,7.294468e-07,1.6014151e-10,1.2654703e-05,-1.2786487,-0.1562727,1.0,1.0,1.0,10.0,14.0,3.3346405e-12,1.1957926e-12,1075.0,220.0,7.4484424e-13,3.6395795e-12,0
5.0,80.0,17.0,0.10545019,0.008495533,0.092171215,-1.4239544,0.3282834,1.0,1.0,1.0,1.0,1.0,0.0013120904,0.00024427427,400.0,85.0,0.000106194166,0.0004997372,0
5.0,295.0,60.0,0.22404692,0.10520055,0.32434633,0.2214637,1.3417939,1.0,1.0,1.0,1.0,6.0,0.0031869004,0.00032943458,1475.0,300.0,0.00035661203,0.0017533426,0
5.0,85.0,18.0,-9.895114e-06,6.89135e-11,8.301416e-06,-1.2236903,-0.25014204,1.0,1.0,0.0,1.0,5.0,8.306915e-12,1.5400347e-12,425.0,90.0,8.1074703e-13,3.8285278e-12,0
5.0,355.0,72.0,-1.3422571e-06,4.953305e-10,2.2256021e-05,-1.3569324,-0.04418691,1.0,1.0,1.0,13.0,25.0,4.1520207e-12,8.0503963e-13,1775.0,360.0,1.3952972e-12,6.87959e-12,0
1.0,442.0,444.0,5.3287254e-06,4.0168605e-10,2.0042107e-05,-1.4412835,0.033653103,1.0,1.0,1.0,115.0,127.0,8.703464e-13,2.4090938e-12,618.0,444.0,9.087919e-13,9.0469825e-13,0
5.0,605.0,122.0,-7.4411428e-06,1.6138949e-10,1.2703916e-05,-1.4041933,-0.18317172,1.0,1.0,1.0,34.0,41.0,6.510213e-13,6.1012556e-13,3025.0,610.0,2.6675946e-13,1.3228646e-12,0
1.0,495.0,496.0,-1.8269768e-06,5.1278176e-10,2.2644686e-05,-1.3963102,0.17397235,3.0,3.0,2.0,2.0,5.0,4.9423e-12,1.0088229e-11,675.0,496.0,1.0359228e-12,1.0338343e-12,1
5.0,505.0,102.0,0.42788687,0.15423752,0.39273086,-1.2470185,0.5484233,1.0,1.0,1.0,10.0,28.0,0.00081015844,9.97174e-05,2525.0,510.0,0.00030542084,0.0015121326,0
5.0,60.0,13.0,0.89767295,0.022387322,0.14962393,-1.1098361,-0.20273332,1.0,1.0,1.0,1.0,0.0,0.0046548937,0.0011078188,300.0,65.0,0.00037312202,0.0017221017,0
1.0,714.0,715.0,1.1632235e-05,3.9965542e-10,1.9991383e-05,-1.3301979,-0.49461597,1.0,1.0,1.0,33.0,69.0,3.4598068e-13,8.0150323e-13,714.0,715.0,5.597415e-13,5.5895864e-13,1
1.0,184.0,185.0,-3.4006216e-06,2.0932255e-10,1.4467983e-05,-0.97711116,-0.37654862,1.0,1.0,1.0,44.0,53.0,9.644726e-13,1.8561686e-12,184.0,185.0,1.1376225e-12,1.1314732e-12,0
1.0,180.0,181.0,3.4953664e-06,2.5872418e-10,1.6084905e-05,-1.4225883,-0.07730366,1.0,1.0,1.0,31.0,34.0,3.1433003e-12,8.166129e-12,180.0,181.0,1.4373565e-12,1.4294153e-12,0
1.0,233.0,234.0,-1.4488029e-06,6.0328903e-10,2.4561943e-05,-1.4895453,0.015771579,1.0,1.0,1.0,55.0,63.0,1.6012962e-12,3.1328e-12,233.0,234.0,2.589223e-12,2.5781582e-12,0
5.0,205.0,42.0,2.5484574e-06,8.3351415e-10,2.8870645e-05,-1.4134997,0.08764505,1.0,1.0,1.0,1.0,11.0,1.9374603e-11,1.1070384e-12,1025.0,210.0,4.0659225e-12,1.9845575e-11,0
5.0,235.0,48.0,0.41051024,0.14910854,0.38614577,-1.0027422,0.67617357,1.0,1.0,1.0,6.0,10.0,0.004694071,0.0023113496,1175.0,240.0,0.0006345045,0.003106428,0
1.0,290.0,266.0,0.3813107,0.16733564,0.4090668,-1.2758828,0.56496793,1.0,1.0,1.0,26.0,38.0,0.00016992916,0.00013088058,404.0,266.0,0.00057701947,0.0006290814,0
5.0,321.0,65.0,-2.8476477e-06,3.9019404e-10,1.975333e-05,-1.4264841,0.122044176,2.0,1.0,1.0,9.0,10.0,1.7636712e-11,4.247802e-11,1617.0,325.0,1.2155577e-12,6.002985e-12,1
5.0,70.0,15.0,-1.0497487e-06,1.7549716e-10,1.3247534e-05,-1.4627744,-0.09282916,1.0,1.0,2.0,1.0,2.0,3.1999438e-11,5.961891e-12,350.0,75.0,2.5071024e-12,1.169981e-11,0
5.0,265.0,54.0,0.30893594,0.13676901,0.36982295,-1.1203046,0.71649796,1.0,1.0,1.0,1.0,7.0,0.0029308074,0.00025606388,1325.0,270.0,0.00051610946,0.0025327594,0
5.0,990.0,199.0,6.7300994e-06,1.3924807e-10,1.1800342e-05,-1.5086298,-0.0003859098,1.0,1.0,1.0,55.0,65.0,3.2238383e-13,5.227824e-13,4950.0,995.0,1.4065462e-13,6.9973904e-13,0
1.0,178.0,179.0,3.1837644e-06,2.471168e-10,1.571995e-05,-1.4623294,0.007918811,1.0,1.0,1.0,50.0,60.0,5.635079e-13,7.581956e-13,244.0,179.0,1.3882967e-12,1.3805409e-12,0
5.0,75.0,16.0,1.3835689e-06,6.345502e-10,2.519028e-05,-1.4280764,-0.09663167,1.0,1.0,2.0,1.0,0.0,9.761968e-11,1.311435e-11,375.0,80.0,8.46067e-12,3.9659387e-11,0
5.0,190.0,39.0,0.18177246,0.05311808,0.2304736,-1.0232455,0.80747557,1.0,1.0,1.0,1.0,8.0,0.0024318302,0.0003896353,950.0,195.0,0.00027956883,0.001362002,0
5.0,232.0,47.0,0.33018163,0.1756119,0.41906074,-0.86883956,0.8571443,1.0,1.0,1.0,2.0,7.0,0.0055830134,0.001257791,1172.0,235.0,0.00075694785,0.0037364233,0
5.0,215.0,44.0,-2.1558467e-06,3.6245118e-10,1.903815e-05,-1.3972912,0.017414505,1.0,1.0,1.0,4.0,13.0,7.535915e-12,6.8781656e-13,1075.0,220.0,1.6858195e-12,8.237527e-12,0
1.0,271.0,272.0,-5.7431084e-06,5.4161575e-10,2.327264e-05,-1.1543207,0.18812306,2.0,2.0,2.0,1.0,3.0,2.1535022e-11,5.6956346e-11,363.0,272.0,1.9985823e-12,1.9912344e-12,1
5.0,100.0,21.0,5.470257e-06,5.390564e-10,2.3217588e-05,-1.5056534,-0.11550865,1.0,1.0,2.0,1.0,4.0,5.1556346e-11,4.1751025e-12,500.0,105.0,5.390564e-12,2.5669352e-11,0
5.0,240.0,49.0,0.2984775,0.12692142,0.3562603,-0.96388805,0.8185823,1.0,1.0,1.0,1.0,3.0,0.0037458036,0.00078981835,1200.0,245.0,0.00052883924,0.002590233,0
5.0,90.0,19.0,0.11481186,0.011568315,0.107556105,-1.3740196,0.40935823,1.0,1.0,1.0,1.0,1.0,0.001490025,0.0002552498,450.0,95.0,0.00012853683,0.0006088587,0
5.0,95.0,20.0,1.519642e-06,3.8850706e-10,1.9710582e-05,-1.4185596,-0.07376958,1.0,1.0,2.0,2.0,3.0,4.233675e-11,7.807839e-12,475.0,100.0,4.089548e-12,1.9425352e-11,0
5.0,285.0,58.0,0.24650206,0.07011519,0.26479274,-1.3012241,0.56456655,1.0,1.0,1.0,3.0,2.0,0.0014392469,0.0008487032,1425.0,290.0,0.00024601823,0.0012088827,0
1.0,173.0,175.0,-8.395947e-06,3.3995334e-10,1.8437824e-05,-1.2855223,-0.13134918,1.0,1.0,1.0,51.0,58.0,6.5877496e-13,7.331873e-13,241.0,175.0,1.9650481e-12,1.9425906e-12,0
5.0,250.0,52.0,0.3112936,0.19121407,0.4372803,-0.4778971,1.0581194,1.0,1.0,1.0,5.0,11.0,0.005947523,0.0012736127,1262.0,260.0,0.0007648563,0.0036771935,0
5.0,250.0,51.0,3.0010222e-06,7.287379e-10,2.6995145e-05,-1.1976303,-0.22201139,1.0,1.0,1.0,7.0,18.0,1.0352068e-11,1.8236398e-12,1250.0,255.0,2.9149515e-12,1.4288978e-11,0
5.0,615.0,124.0,7.808766e-06,2.4385857e-10,1.5615971e-05,-1.4291123,0.25372735,1.0,1.0,1.0,35.0,42.0,8.8784297e-13,7.415288e-13,3075.0,620.0,3.9651802e-13,1.9666014e-12,0
1.0,182.0,183.0,-2.948055e-06,6.954671e-10,2.637171e-05,-1.4970651,0.031121565,1.0,1.0,1.0,30.0,36.0,2.7686766e-12,5.819877e-12,254.0,183.0,3.8212476e-12,3.8003663e-12,0
5.0,231.0,47.0,2.6599757e-06,6.933844e-10,2.6332193e-05,-1.3433434,-0.12543927,1.0,1.0,1.0,4.0,12.0,1.2919473e-11,1.1564136e-12,1161.0,235.0,3.001664e-12,1.475286e-11,0
5.0,165.0,34.0,-2.3186183e-05,1.9885223e-10,1.4101498e-05,-1.4909785,-0.038515672,1.0,1.0,1.0,4.0,9.0,7.349826e-12,1.1628881e-12,825.0,170.0,1.2051651e-12,5.848595e-12,0
5.0,95.0,20.0,0.09797158,0.0130205685,0.114107706,-1.142016,0.69256586,1.0,1.0,1.0,1.0,3.0,0.0019238949,0.0005491648,475.0,100.0,0.00013705861,0.0006510284,0
5.0,95.0,20.0,-2.6364469e-06,2.5329608e-10,1.5915279e-05,-1.4406344,0.13719583,1.0,1.0,2.0,3.0,5.0,2.9948845e-11,9.099007e-12,475.0,100.0,2.6662745e-12,1.2664804e-11,0
1.0,425.0,362.0,0.009284429,9.9798126e-05,0.009989901,-1.4518869,0.4571888,17.0,1.0,1.0,58.0,71.0,3.0948077e-06,8.961081e-06,589.0,362.0,2.3481911e-07,2.756854e-07,0
1.0,187.0,188.0,4.7972917e-06,2.40083e-10,1.5494612e-05,-1.4961002,0.032216467,1.0,1.0,1.0,48.0,57.0,1.4059267e-12,3.3489606e-12,187.0,188.0,1.2838664e-12,1.2770373e-12,0
5.0,225.0,46.0,-7.94698e-07,3.879696e-10,1.9696943e-05,-1.4051626,-0.124753565,1.0,1.0,1.0,2.0,14.0,7.403823e-12,7.0038604e-13,1125.0,230.0,1.7243093e-12,8.4341215e-12,0
1.0,206.0,207.0,3.2513049e-06,8.375966e-10,2.8941262e-05,-1.3118048,-0.098822154,1.0,1.0,1.0,18.0,26.0,5.002594e-12,1.0248305e-11,206.0,207.0,4.066003e-12,4.0463605e-12,1
5.0,215.0,44.0,0.23998359,0.058781497,0.24244896,-1.5094093,0.4161022,1.0,1.0,1.0,1.0,9.0,0.0016021747,0.00021981646,1075.0,220.0,0.00027340231,0.0013359431,0
5.0,225.0,46.0,1.5333113e-06,7.412578e-10,2.722605e-05,-1.478526,-0.04739019,1.0,1.0,1.0,5.0,17.0,1.4628864e-11,1.9136995e-12,1125.0,230.0,3.2944788e-12,1.6114299e-11,0
5.0,240.0,49.0,7.910163e-06,3.384849e-10,1.839796e-05,-1.4018811,-0.09203113,1.0,1.0,1.0,6.0,15.0,6.017125e-12,8.864508e-13,1200.0,245.0,1.4103537e-12,6.907855e-12,0
5.0,900.0,156.0,2.3139875e-05,8.966621e-10,2.9944316e-05,0.14491445,-1.1793362,2.0,1.0,1.0,2.0,3.0,3.1437408e-11,6.136024e-11,20750.0,780.0,9.962912e-13,5.7478336e-12,1
5.0,290.0,59.0,0.20546304,0.089712285,0.2995201,-0.37483403,1.1075243,2.0,1.0,1.0,3.0,3.0,0.0039393427,0.005595899,1450.0,295.0,0.0003093527,0.0015205472,1
5.0,210.0,43.0,-1.7991911e-06,6.182186e-11,7.862688e-06,-1.1725708,-0.3615566,1.0,1.0,1.0,10.0,14.0,1.1527139e-12,3.9778288e-13,1050.0,215.0,2.943898e-13,1.4377177e-12,0
1.0,175.0,176.0,-1.7772928e-06,2.0936522e-10,1.4469458e-05,-1.0580306,-0.35158396,1.0,1.0,1.0,48.0,53.0,1.3759641e-12,3.170781e-12,175.0,176.0,1.1963726e-12,1.1895751e-12,0
5.0,40.0,9.0,1.0731996,0.014591524,0.120795384,-1.1962582,-0.24160019,1.0,1.0,1.0,1.0,0.0,0.0061260844,0.0016426707,200.0,45.0,0.0003647881,0.0016212804,0
1.0,233.0,234.0,5.915301e-06,6.376249e-10,2.5251235e-05,-1.4017854,-0.04289874,1.0,1.0,1.0,65.0,74.0,8.7122155e-13,1.171193e-12,233.0,234.0,2.7365874e-12,2.7248926e-12,0
1.0,191.0,192.0,0.08239822,0.0040947576,0.063990295,-1.4090644,-0.0621603,4.0,1.0,1.0,37.0,42.0,9.096234e-05,0.00022623628,191.0,192.0,2.1438522e-05,2.1326863e-05,1
5.0,160.0,33.0,0.12346611,0.017737247,0.13318126,-1.2787423,0.56819975,1.0,1.0,1.0,2.0,5.0,0.0010150451,0.0004177076,800.0,165.0,0.0001108578,0.00053749233,0
5.0,400.0,81.0,0.2511228,0.114112735,0.33780578,-0.6069544,1.0158658,1.0,1.0,1.0,2.0,7.0,0.0014474246,0.00019901764,2000.0,405.0,0.00028528183,0.0014087992,0
1.0,184.0,185.0,1.7363352e-06,4.9068893e-10,2.2151498e-05,-1.4573954,-0.046866603,1.0,1.0,1.0,52.0,64.0,8.7729325e-13,9.471598e-13,254.0,185.0,2.6667876e-12,2.6523725e-12,0
5.0,385.0,78.0,0.17937428,0.09994296,0.31613755,0.7042264,1.5153387,1.0,1.0,1.0,1.0,4.0,0.0022050182,0.00019830362,1925.0,390.0,0.0002595921,0.00128132,0
5.0,435.0,88.0,-2.1472292e-06,2.3937748e-11,4.8926217e-06,-1.1115764,-0.16365957,1.0,1.0,1.0,29.0,29.0,3.1587252e-13,5.6959076e-13,2175.0,440.0,5.5029305e-14,2.7201985e-13,0
5.0,361.0,73.0,0.474098,0.1801965,0.42449558,-1.4338303,0.25292134,2.0,1.0,1.0,2.0,5.0,0.0075728577,0.011929144,1839.0,365.0,0.0004991593,0.002468445,1
1.0,348.0,324.0,0.42139745,0.17880076,0.4228484,-1.261008,0.5568938,1.0,1.0,1.0,24.0,31.0,0.00018132998,0.0002594594,484.0,324.0,0.0005137953,0.0005518542,0
5.0,80.0,17.0,2.3432358e-06,6.8763295e-10,2.6222757e-05,-1.3792619,-0.12810679,1.0,1.0,2.0,1.0,0.0,9.824706e-11,1.0187624e-11,400.0,85.0,8.595412e-12,4.0449e-11,0
5.0,90.0,19.0,9.90277e-06,5.0680526e-10,2.2512335e-05,-1.0183892,-0.23174453,1.0,1.0,1.0,1.0,5.0,5.6098695e-11,1.5236683e-11,450.0,95.0,5.6311696e-12,2.6673962e-11,0
1.0,199.0,199.0,4.4061775e-07,7.1943546e-10,2.6822294e-05,-1.4440643,-0.046061635,1.0,1.0,1.0,52.0,74.0,1.0829903e-12,1.1130447e-12,239.0,199.0,3.6152535e-12,3.6152535e-12,0
1.0,180.0,182.0,-4.1619305e-06,3.769195e-10,1.9414414e-05,-1.5042561,0.06666168,1.0,1.0,1.0,56.0,66.0,6.9287333e-13,7.0971495e-13,248.0,182.0,2.093997e-12,2.0709862e-12,0
5.0,255.0,52.0,5.475112e-06,7.4667317e-10,2.732532e-05,-1.3322304,-0.07838857,1.0,1.0,1.0,4.0,20.0,1.0835528e-11,8.0911715e-13,1275.0,260.0,2.92813e-12,1.4359099e-11,0
5.0,80.0,17.0,0.14821886,0.017565431,0.13253464,-1.421902,0.34126094,1.0,1.0,1.0,1.0,3.0,0.0028026754,0.000703213,400.0,85.0,0.0002195679,0.0010332607,0
1.0,267.0,244.0,0.26541364,0.116131835,0.3407812,-0.8688086,0.88010836,1.0,1.0,1.0,24.0,32.0,0.00018762148,0.00013942532,367.0,244.0,0.0004349507,0.00047595016,0
5.0,75.0,16.0,-5.9897307e-06,3.832151e-10,1.957588e-05,-1.4811821,-0.06347433,1.0,1.0,2.0,1.0,1.0,6.284459e-11,1.0754157e-11,375.0,80.0,5.1095343e-12,2.3950944e-11,0
1.0,602.0,566.0,0.029629992,0.0040061227,0.06329394,2.3706973,1.979185,3.0,1.0,1.0,42.0,46.0,4.3412388e-06,3.4241714e-06,704.0,566.0,6.6546886e-06,7.077955e-06,0
1.0,353.0,354.0,-7.9532265e-06,9.3582274e-11,9.673793e-06,-1.1454006,-0.23952553,1.0,1.0,1.0,115.0,116.0,2.8855778e-13,7.8143183e-13,471.0,354.0,2.651056e-13,2.643567e-13,0
1.0,161.0,162.0,-3.4334591e-06,2.1741009e-10,1.4744833e-05,-1.3995811,-0.0951258,1.0,1.0,1.0,41.0,51.0,6.19437e-13,8.185024e-13,221.0,162.0,1.3503733e-12,1.3420376e-12,0
5.0,265.0,54.0,-1.0560449e-06,3.4841666e-10,1.8665922e-05,-1.4713469,-0.036641583,1.0,1.0,1.0,11.0,16.0,5.0673437e-12,9.499121e-13,1343.0,270.0,1.3147798e-12,6.4521604e-12,0
1.0,236.0,237.0,7.597928e-06,6.1222744e-10,2.4743229e-05,-0.89972675,-0.4660023,1.0,1.0,1.0,74.0,81.0,6.455087e-13,8.6920054e-13,236.0,237.0,2.594184e-12,2.583238e-12,0
5.0,230.0,47.0,7.631785e-07,4.1360673e-10,2.0337324e-05,-1.4893515,-0.01604471,1.0,1.0,1.0,2.0,14.0,7.66205e-12,6.812928e-13,1150.0,235.0,1.7982901e-12,8.800144e-12,0
1.0,419.0,420.0,0.26634344,0.14443846,0.3800506,-0.45866823,1.0730509,1.0,1.0,1.0,27.0,35.0,0.000112609545,0.00011102039,419.0,420.0,0.00034472186,0.0003439011,0
5.0,185.0,38.0,0.19979215,0.06831504,0.26137146,-0.84513396,0.8944296,1.0,1.0,1.0,1.0,7.0,0.003431438,0.0005044912,925.0,190.0,0.00036927048,0.0017977642,0
5.0,45.0,10.0,0.9567311,0.013392905,0.11572772,-1.2616981,-0.12742172,1.0,1.0,1.0,1.0,0.0,0.0050500957,0.0020544291,225.0,50.0,0.0002976201,0.0013392905,0
1.0,360.0,362.0,-2.1317303e-06,1.7953251e-10,1.3398974e-05,-1.2788944,0.08437391,2.0,2.0,2.0,3.0,6.0,2.7586499e-12,5.7916224e-12,466.0,362.0,4.9870145e-13,4.9594617e-13,1
1.0,353.0,354.0,-8.328566e-07,2.0849154e-10,1.4439236e-05,-1.4848766,0.027653053,1.0,1.0,1.0,101.0,118.0,2.781907e-13,6.058906e-13,475.0,354.0,5.906276e-13,5.8895917e-13,0
1.0,215.0,216.0,0.11744367,0.025911191,0.16096954,-0.7219166,0.96688986,1.0,1.0,1.0,20.0,30.0,6.240671e-05,4.5347635e-05,215.0,216.0,0.000120517165,0.000119959215,0
1.0,179.0,180.0,-2.0140203e-06,1.577036e-10,1.255801e-05,0.35102138,-0.5798384,2.0,2.0,1.0,2.0,3.0,2.156005e-11,4.2847944e-11,179.0,180.0,8.810257e-13,8.7613114e-13,1
1.0,358.0,332.0,0.1300254,0.033523366,0.18309388,-0.6151142,1.0196656,2.0,1.0,1.0,21.0,34.0,4.925789e-05,6.266548e-05,454.0,332.0,9.364069e-05,0.00010097399,0
1.0,202.0,204.0,-1.3290168e-07,4.036149e-10,2.0090169e-05,-0.89583457,-0.47263256,1.0,1.0,1.0,62.0,69.0,5.465609e-13,7.850517e-13,242.0,204.0,1.9980935e-12,1.9785044e-12,0
5.0,275.0,56.0,0.19584171,0.057073556,0.23890072,-1.1038921,0.7467319,1.0,1.0,1.0,2.0,8.0,0.0012249149,0.00027493143,1375.0,280.0,0.0002075402,0.0010191706,0
1.0,399.0,400.0,1.5204373e-06,1.6522989e-10,1.2854178e-05,-0.111481495,0.59875506,3.0,3.0,2.0,1.0,2.0,1.9897221e-11,5.946672e-11,535.0,400.0,4.1411e-13,4.130747e-13,1
5.0,524.0,106.0,-1.7822536e-05,2.947973e-10,1.7169663e-05,-1.4660616,0.118965805,1.0,1.0,1.0,27.0,35.0,1.3092369e-12,7.181583e-13,2664.0,530.0,5.625903e-13,2.7811065e-12,0
5.0,75.0,16.0,1.413745e-06,3.448505e-10,1.857015e-05,-1.4463887,-0.08736062,1.0,1.0,2.0,2.0,2.0,5.7337204e-11,7.059225e-12,375.0,80.0,4.5980064e-12,2.1553157e-11,0
1.0,200.0,202.0,-5.529147e-06,2.9808875e-10,1.7265247e-05,-1.4784951,-0.028275743,1.0,1.0,1.0,56.0,67.0,4.70925e-13,5.090006e-13,278.0,202.0,1.4904437e-12,1.4756869e-12,0
1.0,180.0,182.0,-6.1752185e-06,7.616885e-10,2.7598704e-05,-1.4938087,-0.03047956,1.0,1.0,1.0,43.0,58.0,1.1509761e-12,7.32908e-13,252.0,182.0,4.231603e-12,4.1851015e-12,0
1.0,387.0,388.0,-1.7437637e-06,1.920766e-10,1.385917e-05,-1.2551677,-0.20063317,1.0,1.0,1.0,31.0,36.0,5.622953e-13,1.2374813e-12,387.0,388.0,4.96322e-13,4.950428e-13,1
1.0,175.0,176.0,2.2546556e-06,1.3221829e-10,1.14986215e-05,-1.4683467,-0.046962183,1.0,1.0,1.0,55.0,56.0,4.691559e-13,8.3244273e-13,175.0,176.0,7.555331e-13,7.5124027e-13,0
5.0,255.0,52.0,3.4870045e-06,8.0540774e-10,2.8379707e-05,-1.5027936,0.0029388159,1.0,1.0,1.0,5.0,16.0,1.2487093e-11,1.5088574e-12,1275.0,260.0,3.1584618e-12,1.548861e-11,0
5.0,215.0,44.0,-7.7286063e-07,1.3943355e-10,1.1808198e-05,-1.3387417,-0.041746445,1.0,1.0,1.0,8.0,13.0,3.0074066e-12,9.0256996e-13,1075.0,220.0,6.485281e-13,3.1689443e-12,0
5.0,310.0,63.0,-6.074902e-06,5.460768e-10,2.3368286e-05,-1.3335079,0.009675799,2.0,1.0,1.0,1.0,3.0,2.2078579e-11,3.4627433e-11,1550.0,315.0,1.761538e-12,8.667885e-12,1
5.0,380.0,77.0,0.24224345,0.09956253,0.3155353,-0.95388365,0.84369934,1.0,1.0,1.0,3.0,7.0,0.0012647479,0.00027784763,1900.0,385.0,0.00026200665,0.0012930199,0
1.0,328.0,329.0,-2.5333688e-05,1.289216e-10,1.1354365e-05,4.857953,-1.2294571,2.0,2.0,3.0,2.0,2.0,5.1442912e-11,1.5055203e-10,458.0,329.0,3.9305365e-13,3.9185896e-13,1
5.0,55.0,12.0,0.9664915,0.019470772,0.1395377,-1.1112638,-0.16765738,1.0,1.0,1.0,1.0,1.0,0.0050936243,0.0010791101,275.0,60.0,0.00035401402,0.0016225643,0
1.0,464.0,440.0,0.27582115,0.086525396,0.294152,-1.3321419,0.5718801,1.0,1.0,1.0,28.0,76.0,4.506578e-05,3.2312324e-05,576.0,440.0,0.00018647715,0.00019664863,0
5.0,410.0,83.0,0.21076626,0.1102699,0.33206913,0.6974801,1.5050701,1.0,1.0,1.0,1.0,16.0,0.0020925181,0.00019256657,2050.0,415.0,0.00026895097,0.0013285531,0
1.0,319.0,320.0,1.9516851e-06,4.7811305e-10,2.1865797e-05,-1.4290707,-0.055050265,1.0,1.0,1.0,89.0,100.0,3.9293056e-13,6.3901326e-13,425.0,320.0,1.4987871e-12,1.4941033e-12,0
5.0,85.0,18.0,-2.5810627e-06,4.6483606e-10,2.1560058e-05,-1.3610668,0.059700612,1.0,1.0,2.0,1.0,5.0,6.149298e-11,1.3257744e-11,425.0,90.0,5.4686594e-12,2.5824225e-11,0
1.0,512.0,512.0,-1.6318384e-06,4.4750464e-10,2.1154305e-05,-1.4757991,0.038129605,1.0,1.0,1.0,149.0,166.0,2.9962637e-13,7.0314024e-13,620.0,512.0,8.740325e-13,8.740325e-13,0
1.0,397.0,398.0,-2.289783e-06,2.9616815e-10,1.7209537e-05,-0.91851413,-0.7313333,3.0,2.0,2.0,4.0,8.0,5.676024e-12,1.15477055e-11,541.0,398.0,7.4601545e-13,7.441411e-13,1
1.0,336.0,337.0,2.39114e-06,3.719922e-10,1.92871e-05,-1.271878,-0.1562558,2.0,2.0,2.0,1.0,4.0,3.0151014e-12,6.079413e-12,336.0,337.0,1.1071196e-12,1.1038344e-12,1
5.0,395.0,80.0,0.60118747,0.15500577,0.39370772,-1.333552,0.28297085,1.0,1.0,1.0,7.0,21.0,0.0011028091,0.00011005005,1975.0,400.0,0.0003924197,0.0019375721,0
5.0,220.0,45.0,-1.5860454e-06,1.0646002e-09,3.262821e-05,-1.4819756,-0.002016131,1.0,1.0,1.0,6.0,15.0,2.1622029e-11,2.2333099e-12,1100.0,225.0,4.839092e-12,2.3657782e-11,0
5.0,75.0,16.0,-1.425505e-06,6.200762e-10,2.490133e-05,-1.4911447,-0.036962487,1.0,1.0,2.0,1.0,0.0,1.0090951e-10,1.18034246e-11,375.0,80.0,8.267683e-12,3.8754763e-11,0
5.0,80.0,17.0,1.1787463e-05,3.6834014e-10,1.919219e-05,-1.4662278,0.033671837,1.0,1.0,2.0,1.0,3.0,5.6053124e-11,1.3182441e-11,400.0,85.0,4.6042514e-12,2.1667067e-11,0
5.0,105.0,22.0,1.5340518e-06,6.000051e-10,2.4495e-05,-1.4737517,-0.05418244,1.0,1.0,2.0,1.0,4.0,5.2327916e-11,6.4839206e-12,525.0,110.0,5.7143344e-12,2.7272958e-11,0
5.0,230.0,47.0,-4.951931e-06,4.6262558e-10,2.1508733e-05,-1.4813325,-0.019414555,1.0,1.0,1.0,5.0,15.0,8.7934104e-12,9.0053415e-13,1150.0,235.0,2.0114156e-12,9.843098e-12,0
5.0,110.0,23.0,9.3036607e-07,9.026233e-10,3.004369e-05,-1.4312091,-0.028717339,1.0,1.0,1.0,1.0,4.0,6.7307486e-11,5.6156273e-12,550.0,115.0,8.205666e-12,3.9244493e-11,0
1.0,308.0,309.0,1.2264493e-05,4.0019332e-10,2.0004833e-05,-0.9893204,-0.36392218,1.0,1.0,1.0,89.0,105.0,4.2311697e-13,7.711883e-13,308.0,309.0,1.2993289e-12,1.295124e-12,0
1.0,220.0,196.0,0.12006555,0.023041539,0.1517944,-0.9720753,0.81686425,1.0,1.0,1.0,18.0,23.0,9.731953e-05,0.00016745696,308.0,196.0,0.000104734274,0.00011755888,0
1.0,642.0,643.0,-1.7364628e-05,1.2467229e-10,1.1165675e-05,-0.94604665,-0.4723293,12.0,1.0,1.0,72.0,100.0,2.4062796e-12,6.062558e-12,642.0,643.0,1.941936e-13,1.9389159e-13,1
1.0,587.0,527.0,0.29561284,0.1414799,0.37613815,-0.93926567,0.8307755,1.0,1.0,1.0,85.0,109.0,4.2715987e-05,2.7970915e-05,793.0,527.0,0.00024102197,0.0002684628,0
5.0,385.0,78.0,0.70139253,0.045809563,0.21403168,-1.4175266,0.15217833,1.0,1.0,1.0,14.0,24.0,0.00033590506,6.445676e-05,1925.0,390.0,0.000118985874,0.0005873021,0
5.0,425.0,86.0,0.65027475,0.14730942,0.3838091,-1.4524084,0.04044863,2.0,1.0,1.0,13.0,29.0,0.00086757983,0.00015493514,2125.0,430.0,0.00034661038,0.0017129002,0
1.0,227.0,228.0,5.7465368e-06,7.876351e-10,2.8064838e-05,-1.1423035,-0.22424014,1.0,1.0,1.0,6.0,6.0,3.4888167e-12,6.7773296e-12,227.0,228.0,3.4697583e-12,3.45454e-12,1
5.0,210.0,43.0,0.3079937,0.10536909,0.32460606,-0.81209654,0.8630135,1.0,1.0,1.0,1.0,5.0,0.004258039,0.00046616915,1050.0,215.0,0.0005017576,0.002450444,0
5.0,190.0,39.0,0.113157734,0.019379552,0.13921046,-0.98106974,0.86341375,1.0,1.0,1.0,3.0,4.0,0.0019378366,0.0029262835,950.0,195.0,0.00010199765,0.0004969116,0
5.0,75.0,16.0,7.9768125e-07,4.38e-10,2.092845e-05,-1.3824211,-0.10366268,1.0,1.0,2.0,1.0,1.0,6.936494e-11,9.580049e-12,375.0,80.0,5.84e-12,2.7375e-11,0
1.0,425.0,426.0,7.195646e-06,2.7406005e-10,1.6554759e-05,-1.5082767,0.108030215,1.0,1.0,1.0,132.0,142.0,3.0953365e-13,7.5827934e-13,589.0,426.0,6.448472e-13,6.433335e-13,0
1.0,372.0,349.0,0.21437922,0.066049136,0.25700027,-0.19056328,1.1170645,1.0,1.0,1.0,49.0,75.0,8.532918e-05,7.144712e-05,480.0,349.0,0.00017755145,0.00018925255,1
5.0,95.0,20.0,-5.8613546e-07,1.6723416e-10,1.2931905e-05,-1.5194457,0.048523404,1.0,1.0,2.0,3.0,6.0,1.8895026e-11,6.2323705e-12,475.0,100.0,1.7603597e-12,8.361708e-12,0
1.0,200.0,201.0,0.2607739,0.08780444,0.29631814,-1.2725995,0.6178282,1.0,1.0,1.0,14.0,23.0,0.00020821491,0.00023827275,200.0,201.0,0.00043902217,0.000436838,0
5.0,100.0,21.0,8.8806206e-07,1.4819665e-10,1.2173605e-05,-1.3816503,-0.11469541,1.0,1.0,2.0,1.0,6.0,1.4507836e-11,1.5682454e-12,500.0,105.0,1.4819666e-12,7.0569835e-12,0
1.0,229.0,230.0,-4.519542e-06,4.3323062e-10,2.0814192e-05,-1.2642493,-0.23209085,1.0,1.0,1.0,71.0,84.0,5.90942e-13,8.931565e-13,289.0,230.0,1.8918367e-12,1.8836113e-12,0
5.0,100.0,21.0,-4.819041e-06,2.679038e-10,1.6367767e-05,-1.3959448,-0.0853766,1.0,1.0,2.0,2.0,7.0,2.8364863e-11,9.022227e-12,500.0,105.0,2.6790382e-12,1.2757325e-11,0
5.0,220.0,45.0,5.636127e-07,6.3216166e-10,2.5142825e-05,-1.4651699,-0.017759938,1.0,1.0,1.0,6.0,14.0,1.3146332e-11,1.9522949e-12,1100.0,225.0,2.873462e-12,1.4048037e-11,0
5.0,100.0,21.0,2.3322272e-07,4.5580353e-10,2.1349555e-05,-1.4745749,0.0074322433,1.0,1.0,2.0,1.0,5.0,4.1410875e-11,5.686076e-12,500.0,105.0,4.5580354e-12,2.170493e-11,0
1.0,554.0,555.0,1.3264467e-05,2.469261e-10,1.5713882e-05,-1.4931486,0.008490038,4.0,1.0,1.0,88.0,108.0,1.8051298e-12,5.232795e-12,742.0,555.0,4.4571494e-13,4.4491185e-13,0
5.0,220.0,45.0,0.25471812,0.06514867,0.25524238,-1.4649374,0.37577865,1.0,1.0,1.0,1.0,3.0,0.0017851569,0.00061299925,1100.0,225.0,0.0002961303,0.0014477482,0
1.0,348.0,349.0,-3.353569e-06,1.2656146e-10,1.1249954e-05,-0.56782055,-0.69688046,2.0,2.0,2.0,1.0,3.0,4.56047e-12,9.322625e-12,348.0,349.0,3.6368234e-13,3.6264028e-13,1
5.0,95.0,20.0,-4.1014565e-07,2.0988243e-10,1.4487319e-05,-1.5656047,0.08147492,1.0,1.0,2.0,3.0,6.0,2.4833174e-11,1.2475266e-11,475.0,100.0,2.2092887e-12,1.0494121e-11,0
5.0,600.0,121.0,4.668614e-06,1.0254125e-09,3.2022064e-05,-1.4064953,-0.068382226,1.0,1.0,1.0,28.0,38.0,2.9486455e-12,8.327823e-13,3000.0,605.0,1.7090209e-12,8.474484e-12,0
1.0,232.0,215.0,0.2787487,0.060334362,0.24563053,-1.4468725,0.28346726,2.0,1.0,1.0,19.0,23.0,0.00014858473,0.00025630437,318.0,215.0,0.0002600619,0.00028062492,0
5.0,100.0,21.0,-3.6100414e-06,3.7898365e-10,1.9467503e-05,-1.4985254,-0.00883723,1.0,1.0,2.0,1.0,4.0,3.564607e-11,3.9480376e-12,500.0,105.0,3.7898365e-12,1.804684e-11,0
5.0,80.0,17.0,-6.113348e-06,2.4389377e-10,1.5617099e-05,-1.4473608,0.009922915,1.0,1.0,2.0,3.0,4.0,3.9060966e-11,1.2166966e-11,400.0,85.0,3.0486722e-12,1.4346693e-11,0
1.0,178.0,180.0,7.461377e-06,5.0008514e-10,2.2362583e-05,-1.4255999,-0.0035920173,1.0,1.0,1.0,44.0,54.0,1.8564401e-12,3.7912954e-12,248.0,180.0,2.809467e-12,2.7782507e-12,0
5.0,245.0,50.0,-1.5136647e-05,2.0261513e-10,1.4234294e-05,-1.4862043,0.060729574,1.0,1.0,1.0,10.0,18.0,3.6223268e-12,1.0061262e-12,1225.0,250.0,8.270006e-13,4.0523028e-12,0
1.0,198.0,200.0,4.069041e-06,4.4451812e-10,2.1083599e-05,-1.4026989,-0.120031625,1.0,1.0,1.0,34.0,40.0,2.541526e-12,6.3915223e-12,264.0,200.0,2.245041e-12,2.2225906e-12,0
1.0,472.0,473.0,0.013497285,0.0002047669,0.014309678,-1.3513433,0.5009596,20.0,2.0,1.0,74.0,90.0,2.9597568e-06,8.542093e-06,472.0,473.0,4.3382818e-07,4.3291098e-07,0
1.0,415.0,416.0,-1.4477868e-06,3.8431897e-10,1.9604055e-05,-1.2635866,0.19674796,1.0,1.0,1.0,5.0,3.0,1.5498688e-12,3.2293066e-12,539.0,416.0,9.260698e-13,9.238437e-13,1
1.0,300.0,284.0,0.20829844,0.045164537,0.2125195,-0.83576816,0.6925889,2.0,1.0,1.0,19.0,43.0,7.3151394e-05,6.467681e-05,358.0,284.0,0.00015054845,0.00015903005,0
5.0,365.0,74.0,0.2644617,0.12263374,0.350191,-0.8145656,0.9102119,1.0,1.0,1.0,3.0,7.0,0.0016749084,0.00024415378,1825.0,370.0,0.00033598286,0.0016572127,0
1.0,169.0,170.0,2.4936635e-06,1.4784626e-10,1.2159205e-05,-1.2895263,-0.10736315,1.0,1.0,1.0,54.0,58.0,4.977309e-13,9.294166e-13,191.0,170.0,8.7483e-13,8.6968394e-13,0
1.0,173.0,174.0,7.936907e-06,5.965982e-10,2.442536e-05,-1.4700929,-0.03258443,1.0,1.0,1.0,45.0,56.0,1.0256167e-12,7.324357e-13,241.0,174.0,3.4485446e-12,3.4287254e-12,0
5.0,235.0,48.0,-9.0702713e-07,1.5316122e-10,1.2375832e-05,-1.1484399,-0.18367055,1.0,1.0,1.0,10.0,16.0,2.9155664e-12,1.1741158e-12,1175.0,240.0,6.5174987e-13,3.1908588e-12,0
5.0,235.0,48.0,0.21884957,0.051300786,0.22649677,-1.3170351,0.5534952,1.0,1.0,1.0,2.0,5.0,0.0014483597,0.0007611797,1175.0,240.0,0.00021830123,0.0010687663,0
5.0,175.0,36.0,-4.1301505e-06,2.7368993e-10,1.6543576e-05,-1.1347568,-0.2844537,1.0,1.0,1.0,4.0,11.0,8.077078e-12,1.3068509e-12,875.0,180.0,1.5639424e-12,7.602498e-12,0
1.0,369.0,370.0,-6.12089e-06,1.5006044e-10,1.2249916e-05,-1.3908195,-0.14110701,1.0,1.0,1.0,96.0,114.0,2.6793016e-13,6.200484e-13,383.0,370.0,4.0666784e-13,4.0556873e-13,0
5.0,222.0,45.0,-2.8309648e-07,1.9093176e-10,1.3817806e-05,-1.5245633,0.053988732,1.0,1.0,1.0,11.0,16.0,4.276053e-12,1.3596802e-12,1122.0,225.0,8.6005297e-13,4.242928e-12,0
1.0,324.0,313.0,0.24218269,0.13311465,0.36484882,-0.28836447,1.1623857,1.0,1.0,1.0,23.0,35.0,0.00016167165,0.000101044956,374.0,313.0,0.0004108477,0.00042528645,0
1.0,210.0,211.0,-5.609155e-07,1.3883185e-10,1.1782692e-05,-1.5008606,-0.014079459,1.0,1.0,1.0,65.0,71.0,3.5472615e-13,6.874273e-13,240.0,211.0,6.6110404e-13,6.579708e-13,0
5.0,360.0,73.0,0.2554175,0.11923506,0.3453043,-0.75487584,0.9436494,1.0,1.0,1.0,2.0,12.0,0.0016984631,0.0001664292,1800.0,365.0,0.00033120852,0.001633357,0
1.0,184.0,185.0,-5.107884e-06,8.089411e-10,2.844189e-05,-1.5032176,-0.011608313,1.0,1.0,1.0,53.0,64.0,1.4717642e-12,1.5555458e-12,184.0,185.0,4.396419e-12,4.3726546e-12,0
1.0,191.0,192.0,2.4630415e-06,3.1787692e-10,1.7829103e-05,-0.9962427,-0.25216332,2.0,2.0,1.0,5.0,15.0,5.040071e-12,1.0762797e-11,191.0,192.0,1.6642771e-12,1.6556089e-12,1
1.0,187.0,188.0,5.918952e-06,5.2787374e-10,2.2975504e-05,-0.71924084,-0.31222102,1.0,1.0,1.0,15.0,23.0,1.33381e-12,1.6164981e-12,237.0,188.0,2.8228544e-12,2.8078392e-12,1
5.0,220.0,45.0,3.7679075e-07,9.1920094e-10,3.0318326e-05,-1.4999832,0.024776448,1.0,1.0,1.0,4.0,17.0,1.8890408e-11,2.2097506e-12,1100.0,225.0,4.178186e-12,2.0426688e-11,0
1.0,1039.0,1040.0,1.66429e-05,3.3746453e-10,1.8370207e-05,-0.47201696,-0.30993804,3.0,3.0,3.0,3.0,5.0,1.6893681e-11,4.8192433e-11,1431.0,1040.0,3.2479743e-13,3.2448512e-13,1
5.0,600.0,121.0,8.515751e-06,2.6089522e-10,1.6152251e-05,-1.097763,-0.24218366,1.0,1.0,1.0,32.0,40.0,7.857617e-13,6.779105e-13,3000.0,605.0,4.3482538e-13,2.156159e-12,0
5.0,210.0,43.0,-5.8163946e-06,5.0665466e-10,2.250899e-05,-1.1459501,-0.27496287,1.0,1.0,1.0,8.0,15.0,9.779661e-12,2.0521419e-12,1050.0,215.0,2.4126413e-12,1.1782666e-11,0
5.0,245.0,50.0,2.647312e-06,6.0435323e-10,2.4583598e-05,-1.4539604,0.05135004,1.0,1.0,1.0,6.0,17.0,1.0013817e-11,1.2714675e-12,1225.0,250.0,2.466748e-12,1.2087065e-11,0
1.0,445.0,384.0,0.0136530185,0.0002263734,0.015045711,-1.2446811,0.5803995,15.0,1.0,1.0,64.0,66.0,3.3195859e-06,9.802047e-06,715.0,384.0,5.087043e-07,5.895141e-07,0
5.0,240.0,49.0,-1.8820476e-06,1.8094698e-10,1.3451654e-05,-1.1854182,-0.26541945,1.0,1.0,1.0,11.0,15.0,2.7939471e-12,5.418879e-13,1200.0,245.0,7.539458e-13,3.6927956e-12,0
5.0,95.0,20.0,-9.923102e-06,1.9909191e-10,1.4109994e-05,-1.4642882,0.15469186,1.0,1.0,1.0,4.0,7.0,2.7053948e-11,2.0619968e-11,475.0,100.0,2.0957043e-12,9.954595e-12,0
5.0,226.0,46.0,3.780933e-06,1.4917592e-10,1.221376e-05,-1.4774042,-0.03776595,1.0,1.0,1.0,7.0,15.0,3.0908936e-12,7.7961097e-13,1136.0,230.0,6.6007047e-13,3.242955e-12,0
1.0,549.0,550.0,-1.4161443e-05,1.2530199e-10,1.1193837e-05,-0.6812759,-0.5770659,7.0,2.0,1.0,89.0,128.0,1.6467551e-12,4.3504918e-12,649.0,550.0,2.2823675e-13,2.278218e-13,1
5.0,155.0,32.0,0.22421525,0.03503416,0.18717414,-1.4184102,0.17462274,2.0,1.0,1.0,2.0,1.0,0.00393135,0.008075905,775.0,160.0,0.00022602684,0.0010948175,1
5.0,215.0,44.0,0.2418589,0.0628675,0.25073394,-1.4531692,0.43511242,1.0,1.0,1.0,3.0,6.0,0.0017972622,0.00055017875,1075.0,220.0,0.000292407,0.0014288069,0
5.0,205.0,42.0,-8.361353e-06,2.3058337e-10,1.5184972e-05,-1.0754887,-0.3210048,1.0,1.0,1.0,6.0,13.0,4.502471e-12,8.7064465e-13,1025.0,210.0,1.124797e-12,5.49008e-12,0
1.0,506.0,453.0,0.120988294,0.030180259,0.17372467,-0.6122792,1.0295856,3.0,1.0,1.0,25.0,49.0,2.2383721e-05,1.4830098e-05,674.0,453.0,5.9644783e-05,6.662309e-05,0
1.0,236.0,237.0,-2.9906394e-06,3.1476655e-10,1.774166e-05,-1.4580653,0.0040479945,1.0,1.0,1.0,67.0,76.0,5.392907e-13,8.4239554e-13,236.0,237.0,1.3337566e-12,1.3281288e-12,0
5.0,205.0,42.0,-1.2233786e-05,1.1913105e-10,1.0914718e-05,-1.2561395,-0.17650284,1.0,1.0,1.0,7.0,14.0,2.768374e-12,6.008923e-13,1025.0,210.0,5.811271e-13,2.8364537e-12,0
5.0,360.0,73.0,-1.9752176e-06,3.7751138e-10,1.9429652e-05,-1.3750055,-0.17713241,1.0,1.0,1.0,19.0,27.0,3.3268436e-12,1.3243764e-12,1800.0,365.0,1.0486427e-12,5.1713885e-12,0
5.0,90.0,19.0,1.2739658e-06,5.749123e-10,2.3977327e-05,-1.269518,-0.055189,1.0,1.0,2.0,3.0,5.0,7.148464e-11,2.201813e-11,450.0,95.0,6.387914e-12,3.025854e-11,0
5.0,90.0,19.0,0.20964175,0.0803091,0.2833886,-1.059669,0.84778255,2.0,1.0,1.0,2.0,3.0,0.07514131,0.24565583,450.0,95.0,0.0008923233,0.0042267945,1
5.0,95.0,20.0,-7.16004e-07,5.1993565e-10,2.2802096e-05,-0.96633035,-0.57972336,1.0,1.0,0.0,1.0,3.0,3.144515e-11,3.6118526e-12,475.0,100.0,5.4730066e-12,2.5996781e-11,0
5.0,310.0,53.0,-7.918431e-06,7.6053513e-10,2.7577802e-05,-0.8727121,0.3781798,2.0,1.0,1.0,2.0,3.0,2.8026154e-10,7.792734e-10,4300.0,265.0,2.4533392e-12,1.4349719e-11,1
5.0,390.0,79.0,0.64093995,0.0627552,0.2505099,-1.4757951,0.11074006,1.0,1.0,1.0,15.0,27.0,0.00043929007,9.892592e-05,1950.0,395.0,0.00016091077,0.0007943696,0
5.0,45.0,10.0,1.013468,0.015893202,0.12606825,-1.1186436,-0.02030615,1.0,1.0,1.0,1.0,0.0,0.006599492,0.0026358154,225.0,50.0,0.00035318226,0.0015893203,0
5.0,500.0,101.0,1.353925e-05,1.9618387e-10,1.4006566e-05,-1.3967329,0.004710746,1.0,1.0,1.0,28.0,33.0,9.174531e-13,6.5810107e-13,2500.0,505.0,3.9236775e-13,1.9424145e-12,0
5.0,215.0,44.0,-1.8054773e-06,5.7341876e-10,2.3946164e-05,-1.349423,-0.06825959,1.0,1.0,1.0,4.0,16.0,1.11656075e-11,1.008719e-12,1075.0,220.0,2.667064e-12,1.30322446e-11,0
5.0,40.0,9.0,0.974631,0.014552496,0.12063373,-1.2073703,-0.22665682,1.0,1.0,1.0,1.0,0.0,0.0064071063,0.002218512,200.0,45.0,0.00036381243,0.0016169441,0
5.0,860.0,173.0,0.28270224,0.08658586,0.29425475,-1.2411028,0.66163516,1.0,1.0,1.0,31.0,47.0,0.00020936098,5.9214486e-05,4300.0,865.0,0.00010068123,0.0005004963,0
5.0,100.0,21.0,6.0963025e-06,6.1559147e-10,2.4811116e-05,-1.1394066,-0.32608646,1.0,1.0,1.0,1.0,3.0,4.831037e-11,3.9516238e-12,500.0,105.0,6.1559148e-12,2.931388e-11,0
5.0,240.0,49.0,-5.447441e-08,1.1116701e-09,3.3341716e-05,-1.5012269,0.041997436,1.0,1.0,1.0,1.0,16.0,1.8832661e-11,7.5999553e-13,1200.0,245.0,4.6319584e-12,2.2687144e-11,0
5.0,221.0,45.0,0.32037526,0.16512959,0.4063614,-0.9329654,0.83340466,1.0,1.0,1.0,4.0,9.0,0.0056421612,0.0012418835,1111.0,225.0,0.00074719265,0.0036695462,0
5.0,415.0,84.0,-3.4561206e-06,3.4304207e-10,1.8521396e-05,-1.2606101,0.014987011,1.0,1.0,1.0,19.0,28.0,2.1525125e-12,8.2134354e-13,2075.0,420.0,8.266074e-13,4.0838344e-12,0
1.0,172.0,173.0,3.4147893e-06,2.659444e-10,1.6307802e-05,-1.4819399,-0.017964764,1.0,1.0,1.0,53.0,60.0,5.6398554e-13,6.2263785e-13,224.0,173.0,1.5461884e-12,1.5372509e-12,0
5.0,100.0,21.0,9.816633e-07,4.942558e-10,2.2231865e-05,-1.4448628,-0.0468476,1.0,1.0,2.0,1.0,5.0,4.6858524e-11,4.4955775e-12,500.0,105.0,4.942558e-12,2.353599e-11,0
1.0,183.0,185.0,-5.100299e-06,5.1887344e-10,2.2778793e-05,-1.4160961,-0.06422846,1.0,1.0,1.0,53.0,59.0,8.803084e-13,8.9009046e-13,255.0,185.0,2.835374e-12,2.8047213e-12,0
1.0,196.0,197.0,1.9226842e-07,1.8928625e-10,1.3758134e-05,-0.6539801,-0.4800757,2.0,2.0,1.0,1.0,5.0,5.7697935e-12,1.1371263e-11,232.0,197.0,9.657461e-13,9.608439e-13,1
5.0,75.0,16.0,1.0629096e-05,6.333195e-10,2.516584e-05,-1.3976356,-0.10095543,1.0,1.0,2.0,1.0,3.0,9.971645e-11,1.3990604e-11,375.0,80.0,8.44426e-12,3.958247e-11,0
5.0,370.0,75.0,0.72886324,0.03244106,0.18011403,-1.3990694,0.068101674,1.0,1.0,1.0,11.0,26.0,0.00025223207,4.505256e-05,1850.0,375.0,8.767854e-05,0.0004325475,0
5.0,80.0,17.0,5.9727818e-06,7.4063733e-10,2.7214652e-05,-1.4334759,-0.0067025525,1.0,1.0,2.0,1.0,1.0,1.0650507e-10,2.03724e-11,400.0,85.0,9.257966e-12,4.35669e-11,0
5.0,202.0,41.0,0.44467562,0.27248013,0.52199626,-0.9183338,0.7681383,1.0,1.0,1.0,4.0,8.0,0.010738961,0.0035295985,1034.0,205.0,0.0013489114,0.0066458564,0
5.0,230.0,47.0,-3.0708006e-06,2.2823793e-10,1.5107546e-05,-1.4452971,-0.036658853,1.0,1.0,1.0,10.0,16.0,4.455033e-12,1.0699547e-12,1150.0,235.0,9.923388e-13,4.856126e-12,0
5.0,90.0,19.0,-2.935997e-06,4.945101e-10,2.2237582e-05,-1.4530742,-0.08404709,1.0,1.0,2.0,1.0,2.0,5.6743707e-11,3.887211e-12,450.0,95.0,5.4945566e-12,2.6026847e-11,0
5.0,270.0,55.0,0.21340713,0.056642614,0.2379971,-1.1961129,0.6856998,1.0,1.0,1.0,2.0,6.0,0.0012658222,0.00044816796,1350.0,275.0,0.00020978747,0.0010298657,0
5.0,85.0,18.0,1.3383388e-06,6.388707e-10,2.5275891e-05,-1.1427486,-0.29986107,1.0,1.0,2.0,1.0,0.0,6.7611944e-11,7.963509e-12,425.0,90.0,7.516126e-12,3.5492817e-11,0
1.0,181.0,182.0,-1.7633065e-06,2.1547278e-10,1.4678991e-05,-0.77324307,-0.682437,1.0,1.0,1.0,46.0,49.0,6.345371e-13,1.441672e-12,239.0,182.0,1.1904573e-12,1.1839164e-12,0
1.0,181.0,182.0,-5.1326565e-06,3.0171893e-10,1.737006e-05,-1.0719675,-0.27043834,2.0,1.0,1.0,41.0,48.0,4.688929e-12,1.2691292e-11,247.0,182.0,1.6669554e-12,1.6577963e-12,0
5.0,60.0,13.0,0.9410658,0.01864354,0.13654135,-1.0614285,-0.1599029,1.0,1.0,1.0,1.0,0.0,0.0042451993,0.0011607083,300.0,65.0,0.00031072565,0.0014341184,0
1.0,177.0,178.0,-4.015726e-06,2.641428e-10,1.625247e-05,-0.92851985,-0.3624669,2.0,1.0,1.0,1.0,6.0,2.233309e-12,4.0815884e-12,235.0,178.0,1.4923321e-12,1.4839483e-12,1
1.0,163.0,164.0,0.024344917,0.0013955744,0.03735739,-0.104697995,1.1862676,3.0,1.0,1.0,11.0,13.0,3.2887394e-05,7.8106765e-05,163.0,164.0,8.561807e-06,8.509601e-06,0
5.0,410.0,83.0,0.5558408,0.1616983,0.40211725,-1.5200454,0.1451157,1.0,1.0,1.0,5.0,28.0,0.0009903949,7.36566e-05,2050.0,415.0,0.0003943861,0.0019481722,0
5.0,291.0,59.0,0.4051102,0.18766469,0.43320283,-1.2683839,0.55690837,1.0,1.0,1.0,2.0,14.0,0.0028785416,0.00023473563,1487.0,295.0,0.00064489583,0.0031807574,0
5.0,230.0,47.0,0.46394852,0.23960751,0.4894972,-0.99587643,0.7228087,1.0,1.0,1.0,2.0,10.0,0.0067940922,0.0013362584,1150.0,235.0,0.0010417718,0.0050980323,0
5.0,245.0,50.0,0.2716994,0.12866062,0.35869294,-0.68880683,0.97480446,1.0,1.0,1.0,1.0,11.0,0.0039618355,0.0003781122,1225.0,250.0,0.00052514544,0.0025732126,0
5.0,245.0,50.0,5.45562e-07,6.236147e-10,2.497228e-05,-1.4483017,-0.00889793,1.0,1.0,1.0,5.0,13.0,1.0155792e-11,1.0053766e-12,1225.0,250.0,2.5453663e-12,1.2472294e-11,0
5.0,95.0,20.0,4.347613e-06,4.6113596e-10,2.1474078e-05,-1.3116351,-0.19999449,1.0,1.0,2.0,1.0,2.0,4.6205307e-11,3.4420466e-12,475.0,100.0,4.854063e-12,2.30568e-11,0
1.0,178.0,179.0,-3.9347293e-07,2.4309432e-10,1.5591482e-05,-1.1746428,0.16578287,2.0,2.0,2.0,1.0,2.0,7.680489e-12,1.4968804e-11,178.0,179.0,1.3656985e-12,1.3580689e-12,1
1.0,610.0,611.0,-2.4689045e-06,5.3585647e-10,2.3148574e-05,-1.5192525,0.06294818,1.0,1.0,1.0,174.0,196.0,2.8101114e-13,6.036511e-13,610.0,611.0,8.7845323e-13,8.7701553e-13,0
1.0,177.0,178.0,5.568302e-06,1.9252418e-10,1.38753085e-05,-1.1821395,-0.07661518,1.0,1.0,1.0,13.0,16.0,9.552801e-13,1.5646167e-12,225.0,178.0,1.0877073e-12,1.0815965e-12,1
5.0,215.0,44.0,-2.9141838e-06,2.959422e-10,1.720297e-05,-1.2835209,-0.09548499,1.0,1.0,1.0,5.0,14.0,5.8902497e-12,8.410412e-13,1075.0,220.0,1.3764753e-12,6.7259588e-12,0
5.0,90.0,19.0,0.18723843,0.02650985,0.16281846,-1.3607478,0.3648288,1.0,1.0,1.0,1.0,4.0,0.003562587,0.00094515976,450.0,95.0,0.00029455387,0.0013952552,0
5.0,90.0,19.0,-1.4501469e-06,1.1930001e-10,1.0922455e-05,-1.423855,-0.08031114,1.0,1.0,2.0,2.0,5.0,1.6102052e-11,6.2828627e-12,450.0,95.0,1.3255558e-12,6.2789483e-12,0
1.0,179.0,180.0,1.7732934e-06,3.7026837e-10,1.9242358e-05,-0.6502015,-0.36594388,1.0,1.0,1.0,2.0,2.0,1.2121689e-11,2.3086684e-11,223.0,180.0,2.0685383e-12,2.0570464e-12,1
5.0,230.0,47.0,1.393393e-06,5.505536e-10,2.346388e-05,-1.4354459,-0.03726152,1.0,1.0,1.0,4.0,15.0,9.964037e-12,8.518336e-13,1150.0,235.0,2.3937113e-12,1.1713907e-11,0
1.0,572.0,573.0,2.4462508e-06,7.835469e-10,2.7991908e-05,-1.2436134,0.072310045,2.0,2.0,2.0,2.0,2.0,2.003712e-11,5.5844225e-11,782.0,573.0,1.3698372e-12,1.3674465e-12,1
1.0,185.0,186.0,-6.5236377e-06,2.500855e-10,1.5814092e-05,-0.6905052,-0.7442022,2.0,1.0,1.0,27.0,35.0,1.8235066e-12,4.373566e-12,185.0,186.0,1.3518135e-12,1.3445457e-12,0
1.0,222.0,223.0,-1.5544785e-05,1.3646007e-10,1.1681613e-05,-1.550006,-0.09905141,2.0,2.0,1.0,2.0,5.0,3.479538e-12,6.6254684e-12,268.0,223.0,6.14685e-13,6.1192853e-13,1
5.0,432.0,87.0,-1.7754537e-05,5.5939506e-11,7.479272e-06,-0.33414814,-0.7107634,1.0,1.0,1.0,25.0,29.0,5.4865894e-13,8.0113227e-13,2200.0,435.0,1.294896e-13,6.4298285e-13,0
5.0,255.0,52.0,3.322208e-06,2.6146307e-10,1.616982e-05,-1.4929787,-0.018837282,1.0,1.0,1.0,10.0,17.0,4.232229e-12,8.57425e-13,1275.0,260.0,1.0253454e-12,5.0281363e-12,0
5.0,430.0,87.0,0.28452474,0.1371068,0.37027934,-0.53556913,1.0228919,1.0,1.0,1.0,3.0,12.0,0.0014775689,0.00018293914,2150.0,435.0,0.00031885304,0.0015759403,0
1.0,124.0,105.0,0.0074997256,0.00018831706,0.013722867,-0.046463754,1.3536859,5.0,1.0,1.0,6.0,9.0,1.3336161e-05,2.2022405e-05,170.0,105.0,1.518686e-06,1.7934958e-06,1
1.0,415.0,416.0,1.3214e-06,5.2264293e-10,2.2861384e-05,-1.45541,0.038187455,1.0,1.0,1.0,129.0,137.0,4.05951e-13,8.470844e-13,507.0,416.0,1.2593805e-12,1.2563532e-12,0
5.0,225.0,46.0,4.275595e-06,9.458448e-10,3.075459e-05,-1.4013903,-0.03547926,1.0,1.0,1.0,1.0,14.0,1.819214e-11,9.179824e-13,1125.0,230.0,4.2037545e-12,2.0561844e-11,0
5.0,205.0,42.0,0.23229934,0.10097911,0.3177721,-0.8117922,0.9270579,1.0,1.0,1.0,1.0,4.0,0.0044990126,0.0007217096,1025.0,210.0,0.00049258105,0.0024042644,0
1.0,195.0,196.0,-1.3124625e-07,2.4384858e-10,1.5615651e-05,-1.4229914,-0.06202995,2.0,1.0,1.0,41.0,36.0,2.3971463e-12,6.25371e-12,227.0,196.0,1.2505055e-12,1.2441254e-12,0
1.0,161.0,162.0,0.055367373,0.0036848888,0.060703285,-0.6478761,0.9406828,1.0,1.0,1.0,19.0,15.0,4.7686648e-05,7.90207e-05,161.0,162.0,2.2887509e-05,2.2746228e-05,1
5.0,100.0,21.0,-5.867353e-06,4.629621e-10,2.1516555e-05,-1.4846648,-0.017123304,1.0,1.0,2.0,1.0,4.0,4.3945608e-11,4.830943e-12,500.0,105.0,4.629621e-12,2.2045815e-11,0
1.0,327.0,310.0,0.23714474,0.11100856,0.33317947,-0.19806981,1.1931947,1.0,1.0,1.0,32.0,59.0,0.00016221553,0.00014368288,451.0,310.0,0.00033947572,0.00035809213,0
5.0,80.0,17.0,1.7794649e-06,2.1842826e-10,1.4779319e-05,-1.5351189,0.042249467,1.0,1.0,2.0,1.0,2.0,3.234911e-11,8.054044e-12,400.0,85.0,2.7303533e-12,1.2848721e-11,0
5.0,90.0,19.0,-5.3736126e-06,6.237072e-11,7.897514e-06,-1.4909656,-0.06426624,1.0,1.0,2.0,2.0,5.0,7.629613e-12,2.2196975e-12,450.0,95.0,6.93008e-13,3.2826695e-12,0
5.0,211.0,43.0,-1.1140368e-06,4.2729148e-10,2.067103e-05,-1.3823833,-0.11406128,1.0,1.0,1.0,5.0,13.0,9.313549e-12,1.1587106e-12,1061.0,215.0,2.0250782e-12,9.937011e-12,0
5.0,225.0,46.0,0.21421234,0.054079726,0.23255049,-1.3405352,0.5311303,1.0,1.0,1.0,2.0,6.0,0.0014106745,0.00021619131,1125.0,230.0,0.00024035433,0.0011756462,0
1.0,188.0,190.0,1.7198988e-06,3.7523565e-10,1.9371e-05,-1.4959902,-0.030805057,1.0,1.0,1.0,57.0,67.0,6.6229596e-13,7.522869e-13,262.0,190.0,1.9959345e-12,1.9749246e-12,0
5.0,185.0,38.0,0.27927932,0.08458056,0.2908274,-1.3237126,0.52837926,1.0,1.0,1.0,2.0,6.0,0.003175653,0.0005689187,925.0,190.0,0.00045719225,0.0022258044,0
5.0,95.0,20.0,7.5054794e-07,1.1041468e-10,1.0507839e-05,-1.3809028,-0.30756325,1.0,1.0,2.0,2.0,4.0,1.2942283e-11,2.0188753e-12,475.0,100.0,1.1622597e-12,5.5207336e-12,0
5.0,205.0,42.0,1.5397443e-06,3.7993794e-10,1.9491996e-05,-1.4926628,-0.018997531,1.0,1.0,1.0,3.0,14.0,9.21689e-12,1.3940772e-12,1025.0,210.0,1.8533558e-12,9.0461414e-12,0
5.0,105.0,22.0,8.065359e-06,4.8049226e-10,2.1920134e-05,-1.2380399,-0.05715652,1.0,1.0,1.0,1.0,4.0,4.2735492e-11,7.363627e-12,525.0,110.0,4.5761164e-12,2.1840557e-11,0
1.0,856.0,858.0,-4.922142e-06,1.5231381e-10,1.2341548e-05,-0.60777086,-0.5236244,3.0,3.0,3.0,2.0,6.0,2.810419e-12,5.8632886e-12,1116.0,858.0,1.779367e-13,1.7752192e-13,1
1.0,237.0,238.0,1.5111075e-06,3.0902284e-10,1.7579045e-05,-0.07952569,-0.81622225,2.0,2.0,2.0,2.0,3.0,5.1021888e-11,1.4571896e-10,237.0,238.0,1.3038938e-12,1.2984153e-12,1
5.0,200.0,41.0,-5.376693e-06,7.755461e-10,2.7848628e-05,-1.4700414,-0.0028276686,1.0,1.0,1.0,2.0,12.0,1.8371837e-11,1.1238739e-12,1000.0,205.0,3.8777306e-12,1.8915758e-11,0
5.0,110.0,23.0,0.08537568,0.01181073,0.108677186,-0.97341895,0.8231196,1.0,1.0,1.0,1.0,2.0,0.001501137,0.0003686038,550.0,115.0,0.00010737028,0.00051351,0
1.0,473.0,474.0,3.9801516e-06,2.0375046e-10,1.4274118e-05,-1.1224664,-0.12154935,1.0,1.0,1.0,144.0,155.0,2.5974088e-13,6.702876e-13,655.0,474.0,4.307621e-13,4.298533e-13,0
5.0,235.0,48.0,2.7761462e-06,6.2227323e-10,2.4945406e-05,-1.2213776,-0.17866458,1.0,1.0,1.0,5.0,16.0,1.0210156e-11,1.2291817e-12,1175.0,240.0,2.6479713e-12,1.2964026e-11,0
5.0,235.0,48.0,1.443858e-06,5.902559e-10,2.4295183e-05,-0.9583494,-0.5068626,1.0,1.0,1.0,8.0,15.0,7.0297513e-12,1.1131368e-12,1175.0,240.0,2.5117272e-12,1.2296998e-11,0
1.0,255.0,256.0,5.003626e-07,5.6991734e-10,2.3872943e-05,-1.5020056,-0.004382721,1.0,1.0,1.0,55.0,66.0,1.2025695e-12,2.5494988e-12,255.0,256.0,2.23497e-12,2.2262396e-12,0
1.0,281.0,282.0,0.24064912,0.14790937,0.38458988,0.062622875,1.2943724,1.0,1.0,1.0,19.0,27.0,0.00022792855,8.7732034e-05,281.0,282.0,0.00052636786,0.0005245013,0
1.0,198.0,200.0,3.7875566e-06,8.3403023e-10,2.8879582e-05,-1.3895944,-0.036059927,1.0,1.0,1.0,45.0,59.0,1.0699547e-12,7.0793035e-13,276.0,200.0,4.2122738e-12,4.170151e-12,0
5.0,75.0,16.0,9.243531e-07,6.177764e-10,2.4855108e-05,-1.4991053,-0.056278586,1.0,1.0,2.0,1.0,2.0,1.010708e-10,1.1967406e-11,375.0,80.0,8.237019e-12,3.8611024e-11,0
5.0,205.0,42.0,0.17186597,0.04167666,0.20414862,-0.9751469,0.7895014,1.0,1.0,1.0,1.0,9.0,0.001483661,0.00013498787,1025.0,210.0,0.00020330078,0.0009923014,0
1.0,321.0,322.0,0.20765214,0.11071624,0.3327405,0.0054049087,1.2832302,1.0,1.0,1.0,12.0,18.0,0.00016143903,0.00012798786,321.0,322.0,0.0003449104,0.00034383926,0
1.0,188.0,189.0,2.9166292e-06,1.4835878e-10,1.2180262e-05,-1.5048908,-0.015425485,1.0,1.0,1.0,40.0,47.0,4.714496e-13,7.31126e-13,188.0,189.0,7.8914246e-13,7.849671e-13,1
1.0,179.0,180.0,6.0265324e-07,2.454558e-10,1.5667028e-05,-1.4247893,-0.019998737,1.0,1.0,1.0,51.0,57.0,5.123414e-13,6.301461e-13,239.0,180.0,1.3712614e-12,1.3636432e-12,0
5.0,175.0,36.0,2.138926e-05,2.0574935e-10,1.4343966e-05,-1.3499944,-0.011812037,2.0,1.0,1.0,1.0,2.0,6.791515e-11,1.3705846e-10,875.0,180.0,1.1757106e-12,5.7152594e-12,1
5.0,45.0,10.0,0.9122729,0.014548592,0.120617546,-1.3894117,0.12488475,1.0,1.0,1.0,1.0,0.0,0.0059572235,0.0025731623,225.0,50.0,0.00032330205,0.0014548593,0
5.0,490.0,99.0,0.46693516,0.183817,0.42873886,-1.4489821,0.30756167,1.0,1.0,1.0,5.0,24.0,0.0008662809,6.760213e-05,2450.0,495.0,0.00037513673,0.0018567374,0
5.0,100.0,21.0,0.30977625,0.16865158,0.41067213,-1.1378673,0.79380816,2.0,1.0,1.0,2.0,2.0,0.08506011,0.23701715,500.0,105.0,0.0016865159,0.008031028,1
1.0,411.0,377.0,0.020140255,0.00039777448,0.019944284,-1.5194316,0.3459256,15.0,2.0,1.0,80.0,82.0,4.6466453e-06,1.3977372e-05,553.0,377.0,9.678212e-07,1.0551048e-06,0
1.0,183.0,183.0,8.497665e-06,7.2971557e-10,2.7013248e-05,-1.4730382,-0.053177867,1.0,1.0,1.0,47.0,59.0,1.1153179e-12,7.4652697e-13,257.0,183.0,3.987517e-12,3.987517e-12,0
1.0,208.0,209.0,1.8081764e-06,2.723322e-10,1.650249e-05,-1.2845209,-0.15987048,2.0,1.0,1.0,11.0,17.0,1.4417804e-12,3.5969103e-12,268.0,209.0,1.3092895e-12,1.303025e-12,0
5.0,515.0,104.0,-2.4275191e-06,3.8226664e-10,1.955164e-05,-1.4500109,0.183856,1.0,1.0,1.0,27.0,32.0,1.7207156e-12,7.681035e-13,2575.0,520.0,7.4226535e-13,3.675641e-12,0
1.0,176.0,177.0,-8.241447e-06,3.4144076e-10,1.8478117e-05,-1.1652293,-0.20929399,1.0,1.0,1.0,38.0,46.0,1.844633e-12,4.2057547e-12,176.0,177.0,1.9400044e-12,1.929044e-12,0
5.0,611.0,123.0,5.1971756e-06,1.9179372e-10,1.3848961e-05,-1.279064,0.010173639,1.0,1.0,1.0,38.0,44.0,7.48097e-13,7.8842656e-13,3061.0,615.0,3.1390133e-13,1.5592985e-12,0
5.0,335.0,68.0,0.2961732,0.11525764,0.33949617,-1.0646063,0.7256884,2.0,1.0,1.0,1.0,1.0,0.0112672,0.03004528,1675.0,340.0,0.00034405265,0.0016949653,1
1.0,194.0,195.0,2.8929196e-06,2.1281915e-10,1.4588322e-05,-1.3743776,-0.069716945,2.0,2.0,1.0,4.0,15.0,3.1113725e-12,6.1669654e-12,194.0,195.0,1.097006e-12,1.0913802e-12,1
1.0,390.0,391.0,2.970241e-06,5.908005e-10,2.4306388e-05,-1.36231,-0.06698204,1.0,1.0,1.0,115.0,128.0,3.6237205e-13,6.822689e-13,484.0,391.0,1.5148732e-12,1.5109988e-12,0
5.0,220.0,45.0,-3.7862271e-06,6.07858e-10,2.4654775e-05,-1.3048457,-0.15002787,1.0,1.0,1.0,5.0,14.0,1.1864459e-11,1.886145e-12,1100.0,225.0,2.7629908e-12,1.3507955e-11,0
5.0,100.0,21.0,8.92269e-06,4.1740622e-10,2.0430522e-05,-1.3907932,0.001121283,1.0,1.0,2.0,3.0,6.0,4.4146915e-11,1.1840725e-11,500.0,105.0,4.174062e-12,1.9876488e-11,0
5.0,95.0,20.0,3.5885344e-06,2.426574e-10,1.5577465e-05,-1.3239766,-0.18469134,1.0,1.0,2.0,3.0,6.0,3.06466e-11,1.3013818e-11,475.0,100.0,2.5542884e-12,1.213287e-11,0
5.0,235.0,48.0,1.3940156e-06,8.401097e-10,2.8984647e-05,-1.4787866,0.022772744,1.0,1.0,1.0,5.0,16.0,1.5133481e-11,1.6263351e-12,1175.0,240.0,3.574935e-12,1.7502286e-11,0
5.0,215.0,44.0,0.099458,0.017759787,0.13326585,-0.7883475,0.91584766,1.0,1.0,1.0,2.0,5.0,0.0007108457,0.00012218184,1075.0,220.0,8.260366e-05,0.0004036315,0
1.0,219.0,220.0,-1.7818991e-07,3.230651e-10,1.7974013e-05,-1.4724233,0.037260186,1.0,1.0,1.0,64.0,72.0,5.752136e-13,8.971636e-13,269.0,220.0,1.4751831e-12,1.4684778e-12,0
1.0,185.0,186.0,1.8359533e-06,1.9612419e-10,1.4004434e-05,-1.235692,-0.10841362,1.0,1.0,1.0,57.0,60.0,4.722387e-13,6.9959153e-13,185.0,186.0,1.0601307e-12,1.0544311e-12,0
5.0,415.0,84.0,0.52915394,0.16393608,0.4048902,-1.5118304,0.17504674,1.0,1.0,1.0,8.0,16.0,0.0010278196,0.00018549764,2075.0,420.0,0.0003950267,0.00195162,0
1.0,434.0,435.0,-4.042041e-06,4.763282e-10,2.1824944e-05,-1.4215261,0.117209144,1.0,1.0,1.0,133.0,149.0,3.4034911e-13,7.1447687e-13,598.0,435.0,1.0975305e-12,1.0950073e-12,0
5.0,205.0,42.0,1.0390673e-05,3.2256028e-10,1.7959963e-05,-1.3554982,-0.10136911,1.0,1.0,1.0,4.0,12.0,7.197669e-12,7.206364e-13,1025.0,210.0,1.5734648e-12,7.680007e-12,0
1.0,341.0,309.0,0.2778907,0.088025436,0.29669082,-1.3764241,0.5179886,1.0,1.0,1.0,25.0,31.0,8.752066e-05,0.00010399314,469.0,309.0,0.0002581391,0.00028487196,0
1.0,365.0,366.0,1.1993602e-05,2.97657e-10,1.725274e-05,-0.7919962,-0.7471345,1.0,1.0,1.0,105.0,123.0,2.7613038e-13,6.4827305e-13,365.0,366.0,8.1549866e-13,8.132705e-13,1
5.0,240.0,49.0,0.24990034,0.1277844,0.35746944,-0.5048962,1.061963,1.0,1.0,1.0,1.0,4.0,0.0044284128,0.00044801203,1200.0,245.0,0.00053243496,0.0026078448,0
1.0,443.0,430.0,0.026448261,0.0009459003,0.030755492,0.5420641,1.1929384,3.0,2.0,2.0,12.0,45.0,1.591199e-05,1.8707024e-05,471.0,430.0,2.135215e-06,2.199768e-06,1
5.0,240.0,49.0,1.0441422e-06,9.343766e-10,3.0567575e-05,-1.487377,-0.028954485,1.0,1.0,1.0,1.0,14.0,1.5760431e-11,7.7679665e-13,1200.0,245.0,3.893236e-12,1.9068911e-11,0
5.0,186.0,38.0,2.7345076e-08,2.445547e-10,1.5638245e-05,-1.0291234,-0.2831647,2.0,1.0,1.0,2.0,2.0,3.240601e-11,5.5885265e-11,936.0,190.0,1.3148103e-12,6.4356506e-12,1
5.0,420.0,85.0,0.5533835,0.15417181,0.39264718,-1.3732507,0.29772493,1.0,1.0,1.0,9.0,17.0,0.0010782667,0.0004665989,2100.0,425.0,0.00036707573,0.001813786,0
5.0,180.0,37.0,0.16869667,0.023499269,0.15329471,2.0616739,1.7745061,3.0,1.0,1.0,3.0,5.0,0.0123628285,0.027727056,900.0,185.0,0.0001305515,0.00063511543,1
5.0,250.0,51.0,-8.087627e-06,1.22101e-10,1.1049931e-05,-1.4314854,0.02716523,1.0,1.0,1.0,7.0,17.0,2.0150106e-12,4.6082745e-13,1250.0,255.0,4.8840397e-13,2.394137e-12,0
1.0,362.0,363.0,0.333471,0.16787021,0.40971968,-0.9876508,0.7914386,1.0,1.0,1.0,24.0,27.0,0.00014411203,0.00017303247,362.0,363.0,0.00046372987,0.0004624524,0
5.0,80.0,17.0,7.2732014e-06,4.636824e-10,2.1533286e-05,-1.1640319,-0.12005494,1.0,1.0,2.0,2.0,3.0,7.013883e-11,8.9168395e-12,400.0,85.0,5.79603e-12,2.7275435e-11,0
1.0,168.0,170.0,-7.725837e-06,6.265967e-10,2.5031914e-05,-1.3946257,0.041211262,2.0,2.0,2.0,2.0,2.0,5.926275e-11,1.6650113e-10,230.0,170.0,3.729742e-12,3.6858632e-12,1
1.0,461.0,462.0,1.2159841e-05,3.4849515e-10,1.8668024e-05,-0.60037804,0.27331224,2.0,2.0,1.0,1.0,2.0,4.4830743e-11,1.33851e-10,465.0,462.0,7.5595476e-13,7.543185e-13,1
5.0,250.0,51.0,0.2518327,0.058913287,0.2427206,-1.5512038,0.3902188,1.0,1.0,1.0,3.0,4.0,0.0016312104,0.0013545825,1250.0,255.0,0.00023565315,0.0011551625,0
1.0,181.0,182.0,-1.2099235e-07,7.5575496e-10,2.7490998e-05,-1.4981934,0.0122627495,1.0,1.0,1.0,42.0,58.0,1.1185402e-12,5.745037e-13,243.0,182.0,4.1754417e-12,4.1524995e-12,0
5.0,641.0,129.0,2.2480506e-06,3.1901465e-10,1.786098e-05,-1.3533615,-0.04462752,1.0,1.0,1.0,34.0,46.0,8.4867974e-13,7.0039715e-13,3211.0,645.0,4.976828e-13,2.4729819e-12,0
5.0,240.0,49.0,-1.220256e-06,1.402239e-10,1.1841617e-05,-1.4217907,-0.13760805,1.0,1.0,1.0,11.0,16.0,2.556893e-12,6.658902e-13,1200.0,245.0,5.8426625e-13,2.8617122e-12,0
5.0,80.0,17.0,-7.3324355e-07,4.804873e-10,2.1920021e-05,-1.1324894,-0.3586575,1.0,1.0,2.0,1.0,2.0,5.504066e-11,7.779607e-12,400.0,85.0,6.0060915e-12,2.8263959e-11,0
1.0,609.0,610.0,6.9070034e-06,3.2757985e-10,1.8099168e-05,-1.2157198,-0.082689,7.0,2.0,2.0,9.0,14.0,1.6583674e-11,4.676651e-11,609.0,610.0,5.3789796e-13,5.370162e-13,1
5.0,360.0,73.0,0.69941676,0.051348004,0.22660097,-1.4478598,0.1349213,1.0,1.0,1.0,13.0,22.0,0.00042522277,8.022503e-05,1800.0,365.0,0.00014263335,0.0007033973,0
1.0,290.0,279.0,0.3441605,0.15967485,0.39959335,-1.1403216,0.6927356,1.0,1.0,1.0,23.0,24.0,0.00016255573,0.00012665252,336.0,279.0,0.0005506029,0.0005723113,0
5.0,100.0,21.0,3.3979e-06,3.903982e-10,1.9758498e-05,-1.2216994,-0.2371545,1.0,1.0,2.0,1.0,5.0,3.4395695e-11,3.4408312e-12,500.0,105.0,3.903982e-12,1.8590391e-11,0
5.0,85.0,18.0,-7.5533586e-07,2.1850877e-10,1.4782042e-05,-1.5166293,0.039738443,1.0,1.0,2.0,1.0,4.0,2.8460964e-11,4.840775e-12,425.0,90.0,2.5706915e-12,1.2139376e-11,0
5.0,125.0,26.0,0.01642352,0.00068068976,0.026090031,-0.3969071,1.1568154,2.0,1.0,1.0,2.0,4.0,0.00040716975,0.0008906578,625.0,130.0,5.445518e-06,2.6180376e-05,1
5.0,95.0,20.0,-5.73913e-07,1.7622187e-10,1.3274858e-05,-1.3682216,0.11591708,1.0,1.0,2.0,4.0,6.0,2.3642924e-11,1.3314442e-11,475.0,100.0,1.854967e-12,8.811093e-12,0
5.0,285.0,58.0,0.31019056,0.10979754,0.33135712,-1.1360235,0.6872047,1.0,1.0,1.0,2.0,8.0,0.0019961111,0.0002313068,1425.0,290.0,0.0003852545,0.001893061,0
1.0,452.0,453.0,3.76856e-06,4.997093e-10,2.2354177e-05,-1.2924951,0.0637167,2.0,2.0,2.0,2.0,4.0,1.5386754e-11,3.8639213e-11,620.0,453.0,1.1055515e-12,1.103111e-12,1
5.0,71.0,15.0,4.976226e-07,8.473544e-11,9.205186e-06,-1.1806704,-0.19646326,1.0,1.0,2.0,1.0,2.0,1.3625509e-11,2.9005281e-12,361.0,75.0,1.1934569e-12,5.6490294e-12,0
1.0,438.0,406.0,0.2165752,0.082053214,0.2864493,-0.7950716,0.9316898,1.0,1.0,1.0,53.0,60.0,6.836692e-05,8.301355e-05,612.0,406.0,0.0001873361,0.00020210151,0
1.0,163.0,154.0,0.22737476,0.03459769,0.18600455,-1.4293156,0.15864356,1.0,1.0,1.0,17.0,21.0,0.00016638893,0.00029369703,187.0,154.0,0.00021225578,0.00022466034,0
5.0,215.0,44.0,-2.067044e-06,2.525544e-10,1.589196e-05,-0.8816526,-0.63035774,1.0,1.0,1.0,9.0,15.0,3.5622644e-12,2.0179097e-12,1091.0,220.0,1.1746716e-12,5.7398726e-12,0
5.0,215.0,44.0,-1.6904925e-06,8.392015e-10,2.8968974e-05,-1.4715425,0.021741211,1.0,1.0,1.0,4.0,13.0,1.7716205e-11,1.5042359e-12,1075.0,220.0,3.9032627e-12,1.907276e-11,0
1.0,226.0,227.0,6.1242067e-06,6.4580785e-10,2.541275e-05,-1.1283898,-0.2607258,1.0,1.0,1.0,57.0,73.0,1.8920364e-12,4.3950555e-12,306.0,227.0,2.8575569e-12,2.8449686e-12,0
1.0,336.0,337.0,-1.34394595e-05,1.5447235e-10,1.2428691e-05,-1.012396,-0.5672863,2.0,2.0,2.0,1.0,3.0,5.0255737e-12,1.0158765e-11,466.0,337.0,4.597391e-13,4.5837493e-13,1
5.0,230.0,47.0,9.411001e-07,6.371366e-10,2.5241565e-05,-1.4916269,0.027586756,1.0,1.0,1.0,5.0,14.0,1.2002057e-11,1.5597707e-12,1150.0,235.0,2.770159e-12,1.3556098e-11,0
5.0,100.0,21.0,1.02439e-05,4.776447e-10,2.1855083e-05,-1.3954486,-0.2667908,1.0,1.0,1.0,1.0,4.0,4.6563142e-11,6.4918526e-12,500.0,105.0,4.776447e-12,2.2744985e-11,0
1.0,913.0,915.0,1.2491965e-05,1.3408859e-10,1.1579663e-05,-1.2541567,-0.26107964,5.0,5.0,4.0,4.0,11.0,3.101651e-12,6.3751396e-12,1249.0,915.0,1.4686593e-13,1.4654491e-13,1
5.0,85.0,18.0,2.3334705e-06,2.2900622e-10,1.5132951e-05,-0.86795306,-0.5139862,1.0,1.0,1.0,1.0,3.0,2.3047488e-11,2.608824e-12,425.0,90.0,2.6941908e-12,1.2722568e-11,0
5.0,320.0,65.0,0.45416847,0.188148,0.43376032,-1.8588135,0.12544131,1.0,1.0,1.0,2.0,3.0,0.00422764,0.0008685888,1600.0,325.0,0.00058796257,0.0028945848,1
1.0,364.0,329.0,0.014006456,0.0006258388,0.02501677,1.0583545,1.6238958,1.0,1.0,1.0,38.0,43.0,2.516064e-06,4.3636765e-06,464.0,329.0,1.7193374e-06,1.9022457e-06,0
5.0,575.0,116.0,0.3268521,0.13428423,0.36644813,-0.9678173,0.79562265,2.0,1.0,1.0,4.0,11.0,0.000744552,0.00033974764,2875.0,580.0,0.0002335378,0.0011576227,0
5.0,240.0,49.0,-3.8861067e-06,2.4436833e-10,1.5632286e-05,-1.0992237,-0.26574352,1.0,1.0,1.0,7.0,18.0,3.892857e-12,7.7936166e-13,1200.0,245.0,1.0182014e-12,4.987109e-12,0
1.0,310.0,288.0,0.2707336,0.08284621,0.28783017,-1.3983176,0.50416636,2.0,1.0,1.0,37.0,53.0,7.2933435e-05,5.464715e-05,422.0,288.0,0.00026724584,0.00028766046,0
1.0,180.0,181.0,2.0111365e-07,7.727337e-10,2.7798087e-05,-1.454653,-0.070370845,1.0,1.0,1.0,39.0,42.0,2.5048518e-12,4.1362747e-12,180.0,181.0,4.292965e-12,4.269247e-12,0
5.0,980.0,197.0,2.0309415e-06,3.0098323e-11,5.486194e-06,-0.19576906,-0.86762637,1.0,1.0,1.0,67.0,68.0,2.4334186e-13,6.176364e-13,4900.0,985.0,3.0712574e-14,1.5278336e-13,0
1.0,179.0,180.0,-2.811631e-06,2.3809557e-10,1.5430345e-05,-1.390956,-0.04204403,1.0,1.0,1.0,43.0,48.0,1.2479151e-12,3.0569074e-12,213.0,180.0,1.3301429e-12,1.3227532e-12,0
1.0,423.0,373.0,0.16243531,0.046234723,0.21502261,-0.8531652,0.8974672,1.0,1.0,1.0,26.0,32.0,5.2715506e-05,7.854455e-05,577.0,373.0,0.000109301945,0.00012395368,0
1.0,229.0,230.0,0.32534605,0.16002531,0.40003163,-0.8833339,0.859715,1.0,1.0,1.0,14.0,26.0,0.00028000074,0.0001998509,229.0,230.0,0.0006988005,0.0006957622,0
1.0,421.0,417.0,0.019869173,0.00041772975,0.020438438,-1.3946601,0.44727674,9.0,1.0,2.0,71.0,80.0,2.6880123e-06,7.4104078e-06,431.0,417.0,9.922321e-07,1.00175e-06,0
1.0,230.0,231.0,5.9461563e-06,3.7123313e-10,1.926741e-05,-0.6808751,-0.43701664,2.0,2.0,1.0,1.0,3.0,1.2631868e-11,2.5174791e-11,230.0,231.0,1.6140571e-12,1.6070698e-12,1
1.0,494.0,495.0,0.030596623,0.003857302,0.062107183,1.5216641,1.7981337,2.0,2.0,1.0,16.0,44.0,1.06409e-05,6.119726e-06,494.0,495.0,7.808304e-06,7.79253e-06,1
5.0,270.0,55.0,0.20872448,0.100478336,0.3169832,-0.20241721,1.1920886,1.0,1.0,1.0,1.0,6.0,0.0031572739,0.00040370596,1350.0,275.0,0.00037214198,0.0018268789,0
5.0,320.0,65.0,0.27205905,0.13025665,0.36091086,-0.76577735,0.92586726,1.0,1.0,1.0,2.0,8.0,0.0022681658,0.00020927771,1600.0,325.0,0.00040705205,0.0020039487,0
5.0,180.0,37.0,1.1049431e-05,1.7746632e-10,1.3321648e-05,-1.1593645,-0.27966923,1.0,1.0,1.0,5.0,10.0,5.163499e-12,1.0486916e-12,900.0,185.0,9.85924e-13,4.796387e-12,0
5.0,225.0,46.0,-5.154303e-06,1.3793855e-10,1.1744724e-05,-1.5002363,0.06896024,1.0,1.0,1.0,9.0,14.0,2.8352334e-12,6.257253e-13,1125.0,230.0,6.130602e-13,2.9986643e-12,0
5.0,200.0,41.0,0.28719953,0.09787049,0.3128426,-0.9961783,0.77956927,1.0,1.0,1.0,1.0,5.0,0.0039645047,0.00046526015,1000.0,205.0,0.00048935245,0.0023870852,0
5.0,95.0,20.0,1.296451e-06,1.9941598e-10,1.4121472e-05,-1.4664588,-0.00012592098,1.0,1.0,2.0,3.0,6.0,2.504913e-11,1.7717834e-11,475.0,100.0,2.0991156e-12,9.970799e-12,0
5.0,45.0,10.0,0.8680878,0.018402942,0.13565744,-1.3600619,0.03366184,1.0,1.0,1.0,1.0,0.0,0.0069513284,0.002709636,225.0,50.0,0.00040895425,0.0018402941,0
5.0,50.0,11.0,1.0887557,0.01702929,0.13049632,-1.0071905,0.02641866,1.0,1.0,1.0,1.0,0.0,0.0056357966,0.0033047742,250.0,55.0,0.0003405858,0.0015481173,0
5.0,95.0,20.0,0.18093772,0.029798858,0.17262346,-1.3328679,0.49486384,1.0,1.0,1.0,1.0,2.0,0.0037428252,0.00070034235,475.0,100.0,0.00031367218,0.0014899429,0
5.0,290.0,59.0,0.20611185,0.049739238,0.22302295,-0.7619285,0.8045166,2.0,1.0,1.0,2.0,2.0,0.0033597283,0.0069968463,1450.0,295.0,0.00017151462,0.00084303797,1
5.0,230.0,47.0,4.906082e-07,3.1433675e-10,1.7729544e-05,-1.2177278,-0.15284914,1.0,1.0,1.0,4.0,13.0,5.672314e-12,8.538832e-13,1150.0,235.0,1.3666815e-12,6.688016e-12,0
1.0,226.0,227.0,-1.2951803e-05,3.6210027e-10,1.9028932e-05,-1.4832858,-0.029904323,1.0,1.0,1.0,68.0,73.0,5.3317935e-13,7.4771965e-13,260.0,227.0,1.6022136e-12,1.5951553e-12,0
5.0,725.0,146.0,-1.0065026e-07,4.7147164e-10,2.1713398e-05,-1.1615266,-0.23118944,1.0,1.0,1.0,35.0,48.0,7.5994213e-13,4.3471197e-13,3625.0,730.0,6.503057e-13,3.2292578e-12,0
5.0,380.0,77.0,-1.3408545e-05,4.8927e-10,2.211945e-05,-1.4766105,-0.08856178,1.0,1.0,1.0,19.0,25.0,3.6692225e-12,9.844937e-13,1932.0,385.0,1.2875527e-12,6.3541564e-12,0
1.0,524.0,525.0,5.8375144e-06,8.0893076e-10,2.8441707e-05,-1.510926,-0.009184066,1.0,1.0,1.0,160.0,178.0,3.796499e-13,7.821353e-13,724.0,525.0,1.543761e-12,1.5408205e-12,0
5.0,295.0,45.0,-1.07814785e-05,3.16444e-10,1.7788872e-05,-0.9404732,-0.76097673,1.0,0.0,0.0,2.0,9.0,3.563346e-12,4.267483e-12,7475.0,225.0,1.0726915e-12,7.032089e-12,1
1.0,567.0,569.0,4.0001105e-06,1.8307383e-10,1.3530478e-05,-1.0353506,-0.2682481,2.0,1.0,1.0,1.0,1.0,5.7879196e-12,1.7139849e-11,779.0,569.0,3.2288153e-13,3.2174664e-13,1
5.0,240.0,49.0,3.7536427e-06,2.5442679e-10,1.5950762e-05,-1.0746855,-0.41373408,1.0,1.0,1.0,5.0,16.0,3.238873e-12,4.676647e-13,1200.0,245.0,1.0601116e-12,5.1923834e-12,0
5.0,290.0,59.0,0.30982217,0.13642345,0.36935547,-1.0647476,0.73861766,1.0,1.0,1.0,2.0,11.0,0.002411843,0.00021661204,1450.0,295.0,0.00047042573,0.002312262,0
5.0,65.0,14.0,-2.0660439e-06,7.785601e-11,8.823606e-06,-0.6505746,-0.58526367,1.0,1.0,2.0,2.0,3.0,1.6342332e-11,6.357629e-12,325.0,70.0,1.1977848e-12,5.5611436e-12,0
1.0,190.0,191.0,5.3084267e-07,2.1922668e-10,1.4806305e-05,-1.2258996,0.103414804,1.0,1.0,1.0,13.0,16.0,2.330148e-12,3.7735856e-12,190.0,191.0,1.1538246e-12,1.1477837e-12,1
1.0,408.0,354.0,0.0042542876,2.8401178e-05,0.0053292755,-0.9422393,0.7956673,34.0,1.0,1.0,49.0,60.0,2.2545405e-06,6.425841e-06,546.0,354.0,6.9610735e-08,8.022932e-08,0
1.0,263.0,264.0,-7.4497584e-06,4.1881648e-10,2.0465006e-05,-0.8731876,-0.31424823,2.0,2.0,2.0,2.0,4.0,4.2430986e-11,1.175073e-10,347.0,264.0,1.592458e-12,1.586426e-12,1
1.0,416.0,417.0,-4.015357e-06,1.06677986e-10,1.0328504e-05,-1.3603097,0.08535034,2.0,2.0,1.0,34.0,66.0,5.601049e-13,1.2550641e-12,480.0,417.0,2.5643748e-13,2.5582252e-13,1
5.0,240.0,49.0,-1.4941876e-05,1.496266e-10,1.2232195e-05,-1.4425646,-0.1935646,3.0,1.0,1.0,3.0,6.0,3.9987173e-11,8.324394e-11,1200.0,245.0,6.2344417e-13,3.0536042e-12,1
5.0,70.0,15.0,-5.7288e-08,3.9437537e-10,1.9858886e-05,-1.4517211,-0.14188218,1.0,1.0,2.0,1.0,1.0,7.5054976e-11,9.017534e-12,350.0,75.0,5.633934e-12,2.6291691e-11,0
5.0,165.0,34.0,0.0653323,0.0085683465,0.092565365,-0.6884293,0.99378294,2.0,1.0,1.0,2.0,4.0,0.0013929545,0.0023208123,825.0,170.0,5.1929375e-05,0.00025201018,1
1.0,177.0,178.0,-5.1424837e-07,2.2768186e-10,1.5089131e-05,-1.4939471,-0.013183226,1.0,1.0,1.0,56.0,60.0,5.679105e-13,8.188402e-13,203.0,178.0,1.2863382e-12,1.2791116e-12,0
5.0,250.0,51.0,0.28942928,0.14130358,0.3759037,-0.7160978,0.9498285,1.0,1.0,1.0,2.0,8.0,0.004167758,0.00086591387,1272.0,255.0,0.0005652143,0.0027706586,0
1.0,330.0,331.0,-2.5224795e-06,1.1317326e-10,1.0638292e-05,-0.9351172,-0.4471627,1.0,1.0,1.0,2.0,2.0,2.122323e-12,4.470099e-12,438.0,331.0,3.4294927e-13,3.4191318e-13,1
1.0,217.0,218.0,-2.5691426e-07,2.8608843e-10,1.691415e-05,-1.4331014,-0.040089183,1.0,1.0,1.0,67.0,78.0,4.9830984e-13,8.396633e-13,279.0,218.0,1.3183799e-12,1.3123323e-12,0
5.0,110.0,23.0,-2.3280758e-07,1.8220951e-10,1.34985e-05,-1.5245485,0.016069027,1.0,1.0,2.0,1.0,7.0,1.4863144e-11,2.1408717e-12,550.0,115.0,1.65645e-12,7.9221525e-12,0
1.0,212.0,213.0,8.529724e-06,7.1443484e-10,2.6728914e-05,-1.2197754,-0.18334734,1.0,1.0,1.0,53.0,57.0,1.6717937e-12,2.9519347e-12,212.0,213.0,3.3699757e-12,3.3541542e-12,0
1.0,180.0,181.0,-1.4765689e-06,3.028456e-10,1.7402459e-05,-1.496996,-0.02901664,1.0,1.0,1.0,49.0,58.0,6.5346274e-13,8.204235e-13,242.0,181.0,1.6824756e-12,1.6731801e-12,0
5.0,605.0,122.0,9.331468e-06,2.3260294e-10,1.5251326e-05,-1.2540268,-0.09235504,1.0,1.0,1.0,31.0,41.0,7.974498e-13,7.4908244e-13,3025.0,610.0,3.8446766e-13,1.9065814e-12,0
5.0,370.0,75.0,0.24222054,0.10532843,0.32454342,-0.77665335,0.9304898,1.0,1.0,1.0,2.0,6.0,0.0014299352,0.0001825592,1850.0,375.0,0.00028467143,0.001404379,0
5.0,480.0,97.0,5.594185e-06,2.714402e-10,1.6475442e-05,-1.3550271,-0.0147327995,3.0,1.0,1.0,2.0,3.0,3.361503e-11,8.070917e-11,2400.0,485.0,5.6550045e-13,2.7983527e-12,1
1.0,543.0,510.0,0.12786798,0.022395385,0.14965089,-0.8925752,0.86022335,1.0,2.0,1.0,115.0,122.0,1.0463467e-05,1.2399136e-05,731.0,510.0,4.1243806e-05,4.391252e-05,0
1.0,215.0,216.0,2.7304748e-07,7.3272427e-10,2.706888e-05,-1.4856226,-0.007826674,1.0,1.0,1.0,62.0,73.0,8.627548e-13,7.143197e-13,297.0,216.0,3.4080197e-12,3.3922418e-12,0
5.0,70.0,15.0,-6.8350982e-06,3.794355e-11,6.1598334e-06,-1.5404894,-0.18528953,1.0,1.0,0.0,1.0,4.0,7.467457e-12,2.2797894e-12,350.0,75.0,5.420507e-13,2.52957e-12,0
1.0,667.0,668.0,8.031183e-07,3.6429607e-10,1.9086541e-05,-0.8732233,-0.014043568,3.0,2.0,2.0,3.0,6.0,1.0611866e-11,2.7525057e-11,845.0,668.0,5.46171e-13,5.453534e-13,1
5.0,315.0,64.0,0.19487838,0.060776256,0.2465284,-0.5445897,0.98173964,2.0,1.0,1.0,1.0,1.0,0.007847053,0.020776242,1575.0,320.0,0.0001929405,0.000949629,1
5.0,180.0,37.0,0.15256047,0.03342835,0.18283421,-1.0015079,0.80013275,1.0,1.0,1.0,2.0,6.0,0.0016065694,0.00026761103,900.0,185.0,0.00018571304,0.00090346887,0
1.0,177.0,178.0,-6.0805237e-06,2.984678e-10,1.7276221e-05,-0.3642966,0.0054435665,1.0,1.0,1.0,1.0,1.0,6.7607478e-12,1.307169e-11,221.0,178.0,1.6862588e-12,1.6767854e-12,1
5.0,80.0,17.0,9.1566466e-07,5.800059e-10,2.408331e-05,-1.4874427,-0.02291286,1.0,1.0,2.0,1.0,3.0,8.3305224e-11,9.314586e-12,400.0,85.0,7.2500734e-12,3.4117993e-11,0
5.0,250.0,51.0,1.1799474e-06,8.307731e-10,2.8823135e-05,-1.2386376,-0.12815458,1.0,1.0,1.0,8.0,17.0,1.27498056e-11,1.7157195e-12,1250.0,255.0,3.3230925e-12,1.628967e-11,0
5.0,232.0,47.0,3.9145192e-07,1.6536329e-10,1.28593665e-05,-1.5073384,-0.02684696,1.0,1.0,1.0,7.0,15.0,3.2223842e-12,5.434416e-13,1172.0,235.0,7.1277283e-13,3.518368e-12,0
1.0,445.0,446.0,-5.945083e-06,2.7388908e-10,1.6549595e-05,-1.3965311,-0.018921765,1.0,1.0,1.0,137.0,145.0,3.39836e-13,8.707303e-13,617.0,446.0,6.1548103e-13,6.1410106e-13,0
5.0,225.0,44.0,0.32827857,0.14801359,0.38472533,-0.7776885,0.9092746,1.0,1.0,1.0,1.0,3.0,0.00603902,0.0017576888,1275.0,220.0,0.0006578382,0.0033639453,0
1.0,192.0,182.0,2.7613646e-06,8.387918e-10,2.8961902e-05,-1.4544127,-0.13217863,1.0,1.0,1.0,30.0,43.0,3.2987976e-12,6.5195787e-12,304.0,182.0,4.3687072e-12,4.608746e-12,1
5.0,210.0,43.0,0.098146826,0.019313717,0.1389738,-0.62739,1.0311573,1.0,1.0,1.0,2.0,5.0,0.0010349606,0.0005206101,1050.0,215.0,9.1970076e-05,0.0004491562,0
5.0,308.0,62.0,6.028604e-06,9.50626e-11,9.750005e-06,-1.3291458,-0.10284167,1.0,1.0,1.0,18.0,21.0,1.1803291e-12,9.960501e-13,1558.0,310.0,3.086448e-13,1.5332677e-12,0
1.0,398.0,400.0,-1.3118092e-06,5.8737226e-10,2.4235764e-05,-1.3220763,-0.05213935,2.0,2.0,2.0,2.0,3.0,2.9412184e-11,8.5712694e-11,544.0,400.0,1.4758097e-12,1.4684306e-12,1
5.0,75.0,16.0,1.3990722e-05,5.581644e-10,2.3625504e-05,-1.339514,-0.11313376,1.0,1.0,2.0,1.0,4.0,9.1456155e-11,1.4052562e-11,375.0,80.0,7.442192e-12,3.4885275e-11,0
5.0,230.0,47.0,0.29316074,0.12869638,0.35874277,-1.092481,0.7449484,1.0,1.0,1.0,1.0,5.0,0.0037531264,0.0005624013,1150.0,235.0,0.0005595495,0.0027382209,0
5.0,287.0,58.0,-3.2573083e-05,1.179478e-10,1.0860378e-05,1.746963,1.1146954,4.0,4.0,1.0,3.0,5.0,2.1335073e-10,6.5164907e-10,1447.0,290.0,4.1096797e-13,2.033583e-12,1
5.0,191.0,39.0,0.32430372,0.15140766,0.38911137,-1.1750406,0.69623727,1.0,1.0,1.0,1.0,4.0,0.006155141,0.0006831612,965.0,195.0,0.0007927102,0.0038822477,0
5.0,525.0,106.0,1.1027805e-05,1.987836e-10,1.4099064e-05,-1.1815836,-0.009460071,2.0,2.0,1.0,1.0,3.0,1.0458552e-11,1.9796668e-11,2625.0,530.0,3.7863544e-13,1.875317e-12,1
1.0,351.0,332.0,0.32796568,0.11111282,0.33333588,-1.366779,0.52539253,2.0,1.0,1.0,28.0,39.0,9.749058e-05,0.0001047861,475.0,332.0,0.00031656073,0.00033467717,0
5.0,90.0,19.0,0.17905423,0.02157188,0.1468737,-1.451806,0.22834976,1.0,1.0,1.0,1.0,3.0,0.002626148,0.00048437307,450.0,95.0,0.00023968756,0.0011353622,0
5.0,165.0,34.0,0.31239673,0.14341974,0.378708,-1.1201545,0.7804585,2.0,1.0,1.0,2.0,3.0,0.03281259,0.06549331,825.0,170.0,0.0008692106,0.0042182277,1
1.0,252.0,253.0,-1.10663495e-05,2.9451538e-10,1.716145e-05,-1.1501945,-0.28811586,1.0,1.0,1.0,76.0,85.0,4.112384e-13,7.431804e-13,346.0,253.0,1.1687118e-12,1.1640924e-12,0
5.0,640.0,129.0,-2.8074742e-06,3.5142936e-10,1.8746448e-05,-0.94420695,-0.37987387,2.0,1.0,1.0,2.0,2.0,1.9081823e-11,5.1396255e-11,3200.0,645.0,5.491084e-13,2.7242585e-12,1
1.0,184.0,185.0,1.437771e-06,9.426989e-10,3.0703402e-05,-1.4942722,-0.022970885,1.0,1.0,1.0,46.0,63.0,1.3173679e-12,6.087375e-13,258.0,185.0,5.1233635e-12,5.0956695e-12,0
5.0,410.0,83.0,0.6842631,0.046928927,0.21663086,-1.3536794,0.08292429,1.0,1.0,1.0,9.0,25.0,0.00029662004,4.1237476e-05,2050.0,415.0,0.0001144608,0.0005654088,0
1.0,301.0,282.0,0.24472447,0.112735085,0.33576044,-0.6723173,0.98501116,1.0,1.0,1.0,12.0,17.0,0.00018219568,0.00020918006,369.0,282.0,0.00037453516,0.0003997698,0
5.0,315.0,64.0,4.9410796e-06,4.348742e-10,2.0853637e-05,-1.4825894,-0.038558,1.0,1.0,1.0,11.0,24.0,4.535175e-12,8.456743e-13,1575.0,320.0,1.380553e-12,6.7949093e-12,0
5.0,75.0,16.0,-6.3197376e-07,4.8679644e-10,2.2063463e-05,-1.4934052,-0.04470693,1.0,1.0,2.0,1.0,1.0,7.974958e-11,1.0161608e-11,375.0,80.0,6.490619e-12,3.0424777e-11,0
5.0,210.0,43.0,-1.3854915e-06,3.4950742e-10,1.8695118e-05,-1.4673859,-0.07957221,1.0,1.0,1.0,4.0,12.0,7.8981665e-12,8.748465e-13,1050.0,215.0,1.6643211e-12,8.12808e-12,0
5.0,75.0,16.0,-4.5076204e-06,3.3203082e-10,1.8221712e-05,-1.0921595,-0.3452066,1.0,1.0,2.0,1.0,0.0,4.5311758e-11,7.3731715e-12,375.0,80.0,4.4270776e-12,2.0751926e-11,0
5.0,205.0,42.0,0.19168167,0.04389874,0.20952027,-1.3493385,0.56370676,1.0,1.0,1.0,2.0,3.0,0.0016617477,0.0009749424,1025.0,210.0,0.0002141402,0.0010452081,0
1.0,177.0,179.0,7.275469e-09,4.5548706e-10,2.1342143e-05,-1.3084588,-0.11843588,2.0,1.0,1.0,2.0,1.0,2.7533874e-11,8.03656e-11,241.0,179.0,2.5733734e-12,2.5446205e-12,1
5.0,335.0,68.0,0.32112265,0.14483204,0.38056806,-1.0756266,0.7256934,1.0,1.0,1.0,2.0,5.0,0.0020519637,0.00057522627,1675.0,340.0,0.0004323345,0.002129883,0
5.0,225.0,46.0,0.12425702,0.027574094,0.16605449,-0.7958644,0.9318636,1.0,1.0,1.0,3.0,7.0,0.0010759517,0.00040518597,1125.0,230.0,0.00012255153,0.0005994368,0
1.0,291.0,292.0,-4.4472167e-06,4.089422e-10,2.022232e-05,-1.0053744,0.1460355,2.0,2.0,2.0,2.0,8.0,7.849179e-12,1.6104292e-11,291.0,292.0,1.4052997e-12,1.400487e-12,1
5.0,165.0,34.0,-3.9243983e-07,2.0961659e-10,1.4478142e-05,-1.3743819,3.7721136e-05,1.0,1.0,1.0,2.0,10.0,7.465062e-12,9.713785e-13,825.0,170.0,1.2704035e-12,6.165194e-12,0
1.0,256.0,246.0,0.26440817,0.079826176,0.28253525,-0.9670393,0.79674035,2.0,1.0,1.0,22.0,36.0,0.00014825795,0.0001629206,346.0,246.0,0.000311821,0.00032449665,0
5.0,70.0,15.0,-6.625204e-07,3.670046e-10,1.9157364e-05,-1.4797004,-0.100143276,1.0,1.0,2.0,1.0,0.0,6.8928974e-11,9.328755e-12,350.0,75.0,5.2429224e-12,2.4466972e-11,0
5.0,110.0,23.0,2.4323097e-06,5.7034183e-10,2.388183e-05,-1.0576735,-0.32110265,1.0,1.0,1.0,1.0,7.0,3.9787545e-11,5.859299e-12,550.0,115.0,5.1849254e-12,2.479747e-11,0
5.0,95.0,20.0,-3.565375e-07,3.5169825e-10,1.875362e-05,-1.3537965,-0.30065992,1.0,1.0,2.0,2.0,6.0,4.137993e-11,1.0378912e-11,475.0,100.0,3.702087e-12,1.7584913e-11,0
5.0,250.0,51.0,0.24380003,0.1320248,0.36335218,-0.24798496,1.1644268,1.0,1.0,1.0,1.0,3.0,0.004611544,0.0005032296,1250.0,255.0,0.0005280992,0.0025887215,0
1.0,325.0,293.0,0.24054167,0.0758613,0.2754293,-1.2570968,0.6278778,1.0,1.0,1.0,13.0,22.0,8.448286e-05,7.746101e-05,453.0,293.0,0.00023341939,0.0002589123,0
1.0,232.0,212.0,0.40250263,0.19042088,0.4363724,-1.2852451,0.5658443,2.0,1.0,1.0,20.0,32.0,0.00028087525,0.00014002324,326.0,212.0,0.00082077965,0.0008982117,0
5.0,260.0,53.0,0.146798,0.037605464,0.19392128,-0.930215,0.86042905,1.0,1.0,1.0,2.0,4.0,0.0010168562,0.00022694784,1300.0,265.0,0.0001446364,0.00070953707,0
5.0,205.0,42.0,-3.2602427e-06,1.436129e-10,1.198386e-05,-1.3104365,-0.028123474,1.0,1.0,1.0,7.0,13.0,3.5043717e-12,8.1191624e-13,1025.0,210.0,7.0055073e-13,3.4193549e-12,0
1.0,201.0,203.0,8.9976334e-07,4.8358495e-10,2.1990565e-05,-1.5038102,0.006758003,1.0,1.0,1.0,42.0,47.0,1.3511838e-12,2.5661053e-12,259.0,203.0,2.4058954e-12,2.3821919e-12,0
5.0,70.0,15.0,-7.5438334e-07,2.9627747e-10,1.7212713e-05,-1.2984176,-0.26152316,1.0,1.0,2.0,1.0,1.0,5.1553584e-11,6.150724e-12,350.0,75.0,4.2325353e-12,1.9751832e-11,0
5.0,195.0,40.0,0.06638054,0.00713566,0.084472835,-0.72708935,0.89282554,2.0,1.0,1.0,2.0,3.0,0.0013234768,0.0024586173,975.0,200.0,3.6593126e-05,0.00017839149,1
1.0,183.0,176.0,0.24794139,0.073924,0.2718897,-1.276533,0.5989647,1.0,1.0,1.0,16.0,25.0,0.00016111047,7.260149e-05,233.0,176.0,0.00040395625,0.0004200227,0
1.0,160.0,161.0,-2.7352637e-06,1.1163083e-10,1.0565549e-05,-1.3630196,-0.1391029,1.0,1.0,1.0,49.0,56.0,4.630526e-13,8.9681816e-13,186.0,161.0,6.9769266e-13,6.9335916e-13,0
1.0,177.0,178.0,4.3415488e-07,2.5864152e-10,1.6082337e-05,-1.3704141,-0.098264664,1.0,1.0,1.0,51.0,57.0,5.635761e-13,6.99827e-13,243.0,178.0,1.4612515e-12,1.4530422e-12,0
5.0,190.0,39.0,0.14327385,0.029295621,0.17115964,-1.1175587,0.7593122,1.0,1.0,1.0,1.0,4.0,0.0014656825,0.0004736416,950.0,195.0,0.00015418748,0.0007511698,0
1.0,475.0,476.0,1.5714774e-06,2.2642356e-10,1.5047377e-05,-1.4850667,0.09511066,1.0,1.0,1.0,140.0,159.0,2.983708e-13,7.7616646e-13,655.0,476.0,4.7668114e-13,4.756797e-13,0
5.0,215.0,44.0,0.17653425,0.040525872,0.2013104,-1.3523028,0.57558674,1.0,1.0,1.0,1.0,6.0,0.001367717,0.0003955916,1075.0,220.0,0.00018849243,0.0009210426,0
5.0,100.0,21.0,0.11455336,0.018895654,0.13746147,-1.0553209,0.74729687,1.0,1.0,1.0,1.0,5.0,0.002633464,0.0007222145,500.0,105.0,0.00018895653,0.00089979306,0
1.0,205.0,189.0,0.06502502,0.0017343648,0.041645706,-1.1453538,-0.7440927,6.0,2.0,2.0,26.0,33.0,4.591552e-05,0.000107313754,281.0,189.0,8.460316e-06,9.176533e-06,1
5.0,420.0,85.0,0.32655135,0.13128242,0.36232916,-1.3275533,0.55358547,1.0,1.0,1.0,1.0,11.0,0.0010620364,0.0001286476,2100.0,425.0,0.00031257718,0.001544499,0
1.0,183.0,185.0,3.0613708e-06,3.7793868e-10,1.9440646e-05,-1.31503,0.07874311,3.0,2.0,2.0,2.0,15.0,1.6100465e-11,3.2975456e-11,249.0,185.0,2.0652386e-12,2.0429118e-12,1
5.0,240.0,49.0,-2.1687474e-06,3.16649e-10,1.7794635e-05,-1.4684489,0.013894558,1.0,1.0,1.0,9.0,15.0,5.5313284e-12,9.124911e-13,1200.0,245.0,1.3193709e-12,6.462225e-12,0
5.0,292.0,59.0,0.34140366,0.21777453,0.46666318,-0.1655151,1.1706983,1.0,1.0,1.0,1.0,10.0,0.005913931,0.0011156297,1474.0,295.0,0.0007458032,0.0036910935,0
1.0,183.0,185.0,2.6719467e-06,4.927734e-10,2.21985e-05,-1.4689596,-0.056183677,1.0,1.0,1.0,58.0,67.0,8.9813833e-13,1.0637561e-12,253.0,185.0,2.6927505e-12,2.6636397e-12,0
5.0,80.0,17.0,0.084021166,0.006161467,0.07849501,-1.0419196,0.5640935,1.0,1.0,1.0,1.0,1.0,0.0011227869,0.0004320153,400.0,85.0,7.701834e-05,0.00036243923,0
1.0,172.0,174.0,-2.9337343e-06,7.5721174e-10,2.751748e-05,-1.3765037,-0.052563153,2.0,1.0,1.0,1.0,1.0,3.640618e-11,1.0536611e-10,238.0,174.0,4.402394e-12,4.351792e-12,1
5.0,255.0,52.0,0.22537014,0.112922065,0.33603877,-0.29076317,1.1531547,1.0,1.0,1.0,1.0,4.0,0.0037743882,0.0003383793,1275.0,260.0,0.0004428316,0.0021715781,0
1.0,320.0,294.0,0.21836546,0.030815838,0.1755444,-1.5014639,-0.01799408,2.0,2.0,2.0,20.0,35.0,9.4108225e-05,0.00012064776,446.0,294.0,9.629949e-05,0.00010481577,1
1.0,321.0,322.0,-4.9947175e-07,4.6152765e-10,2.1483194e-05,-1.3998137,0.048630614,1.0,1.0,1.0,97.0,113.0,4.0911133e-13,6.2098254e-13,321.0,322.0,1.4377808e-12,1.4333157e-12,0
1.0,181.0,183.0,-5.823236e-06,6.968868e-10,2.6398615e-05,-1.2832912,-0.29061082,1.0,1.0,1.0,1.0,1.0,7.4723465e-12,1.3552977e-11,241.0,183.0,3.8502036e-12,3.808125e-12,1
1.0,625.0,626.0,-5.433854e-06,1.6341069e-10,1.2783219e-05,-1.0867172,-0.3743686,4.0,4.0,3.0,4.0,8.0,6.185094e-12,1.5943576e-11,841.0,626.0,2.6145712e-13,2.6103945e-13,1
1.0,172.0,173.0,0.064033344,0.00278202,0.052744858,-1.4087379,-0.007519164,5.0,2.0,1.0,24.0,27.0,3.9038623e-05,8.809884e-05,172.0,173.0,1.6174534e-05,1.608104e-05,1
1.0,163.0,164.0,-3.3772071e-06,1.2333576e-10,1.1105663e-05,-1.4473567,-0.0146940285,1.0,1.0,1.0,45.0,55.0,4.3075144e-13,7.3411465e-13,189.0,164.0,7.566611e-13,7.5204735e-13,0
5.0,215.0,44.0,0.103125796,0.022835137,0.15111299,-0.48339346,1.1141461,2.0,1.0,1.0,2.0,4.0,0.0018871529,0.0019669603,1075.0,220.0,0.00010620994,0.0005189804,1
5.0,240.0,49.0,-2.6515363e-06,5.7259397e-10,2.3928935e-05,-1.4406949,0.12055086,1.0,1.0,1.0,3.0,16.0,9.745931e-12,9.062373e-13,1200.0,245.0,2.3858081e-12,1.1685591e-11,0
5.0,285.0,58.0,-1.9436177e-06,4.167693e-10,2.041493e-05,-1.4636676,-0.050581194,1.0,1.0,1.0,5.0,16.0,5.195671e-12,5.003933e-13,1425.0,290.0,1.4623485e-12,7.1856783e-12,0
5.0,80.0,17.0,-1.3772794e-06,5.3634225e-10,2.3159064e-05,-1.5350606,0.036780458,1.0,1.0,2.0,1.0,1.0,7.780636e-11,1.2393199e-11,400.0,85.0,6.704278e-12,3.1549544e-11,0
1.0,447.0,448.0,-1.2203454e-06,9.7087546e-11,9.853301e-06,-1.507725,-0.1049345,2.0,2.0,2.0,4.0,29.0,8.944096e-13,1.8905678e-12,447.0,448.0,2.171981e-13,2.1671328e-13,1
5.0,430.0,63.0,-1.2289275e-05,3.164941e-10,1.779028e-05,-0.8347043,0.56455076,1.0,1.0,1.0,1.0,1.0,8.045181e-12,9.378546e-12,17150.0,315.0,7.3603276e-13,5.023716e-12,1
5.0,100.0,21.0,1.8485764e-06,6.929008e-10,2.6323009e-05,-1.4691455,-0.049821112,1.0,1.0,2.0,1.0,3.0,6.45964e-11,5.4224776e-12,500.0,105.0,6.929008e-12,3.2995277e-11,0
5.0,100.0,21.0,1.1313047e-05,5.070828e-10,2.25185e-05,-1.3804593,-0.040049836,1.0,1.0,2.0,2.0,4.0,5.38293e-11,1.1648619e-11,500.0,105.0,5.0708283e-12,2.4146803e-11,0
5.0,230.0,47.0,-1.4747701e-06,6.853217e-10,2.617865e-05,-1.2749077,-0.1312894,1.0,1.0,1.0,2.0,15.0,1.1679595e-11,8.2650103e-13,1150.0,235.0,2.9796595e-12,1.4581312e-11,0
5.0,80.0,17.0,1.3336441e-06,4.284466e-10,2.0698952e-05,-0.9799546,-0.43330598,1.0,1.0,2.0,1.0,3.0,4.9306642e-11,6.4575515e-12,400.0,85.0,5.3555827e-12,2.5202741e-11,0
1.0,175.0,176.0,6.039061e-06,5.075166e-10,2.252813e-05,-1.3201792,-0.147241,1.0,1.0,1.0,52.0,59.0,9.041118e-13,8.668689e-13,243.0,176.0,2.9000947e-12,2.883617e-12,0
5.0,400.0,81.0,-7.543322e-06,6.9345696e-10,2.6333571e-05,-1.4654708,0.08264589,1.0,1.0,1.0,15.0,26.0,4.367555e-12,8.348995e-13,2000.0,405.0,1.7336423e-12,8.561197e-12,0
1.0,483.0,484.0,-4.7911817e-06,1.1780577e-10,1.0853836e-05,-1.5389125,-0.05504042,2.0,1.0,1.0,17.0,21.0,6.153991e-13,1.6034922e-12,483.0,484.0,2.439043e-13,2.4340035e-13,1
5.0,390.0,79.0,0.66177124,0.05546116,0.23550193,-1.5132279,0.064370506,1.0,1.0,1.0,10.0,26.0,0.00038942785,7.7872755e-05,1950.0,395.0,0.0001422081,0.00070204,0
5.0,105.0,22.0,-3.1818586e-06,1.7626144e-10,1.3276349e-05,-1.5204124,-0.056548785,1.0,1.0,2.0,1.0,5.0,1.576848e-11,3.264863e-12,525.0,110.0,1.6786804e-12,8.011884e-12,0
1.0,207.0,208.0,0.307212,0.11343872,0.33680665,-1.3061396,0.58613014,1.0,1.0,1.0,17.0,35.0,0.00019943895,0.00012445415,207.0,208.0,0.00054801314,0.0005453785,0
1.0,224.0,225.0,-1.7732233e-06,2.350804e-10,1.533233e-05,-0.96206367,-0.4297221,1.0,1.0,1.0,52.0,63.0,9.0396744e-13,2.0160295e-12,224.0,225.0,1.0494661e-12,1.0448017e-12,0
5.0,230.0,47.0,-4.5837783e-06,5.1517796e-10,2.2697532e-05,-1.2924397,-0.026453007,2.0,1.0,1.0,1.0,1.0,4.3461595e-11,7.310032e-11,1150.0,235.0,2.2399042e-12,1.0961234e-11,1
5.0,245.0,50.0,6.641711e-06,7.1626965e-10,2.6763215e-05,-0.7804901,-0.5870696,1.0,1.0,1.0,6.0,18.0,9.2404305e-12,1.6181949e-12,1225.0,250.0,2.9235496e-12,1.4325393e-11,0
1.0,165.0,166.0,-7.583312e-06,4.3068743e-10,2.075301e-05,-1.4463012,0.020199036,2.0,1.0,1.0,9.0,26.0,4.2100507e-12,9.279822e-12,165.0,166.0,2.6102267e-12,2.5945025e-12,1
5.0,525.0,106.0,-5.220211e-06,5.5309146e-10,2.3517896e-05,-1.3949687,0.1828493,1.0,1.0,1.0,19.0,33.0,2.1971858e-12,7.4044026e-13,2625.0,530.0,1.0535075e-12,5.217844e-12,0
5.0,85.0,18.0,1.6517027e-06,5.541116e-10,2.3539575e-05,-1.4810976,-0.11267912,1.0,1.0,2.0,1.0,2.0,7.0869845e-11,7.92911e-12,425.0,90.0,6.51896e-12,3.0783976e-11,0
1.0,253.0,255.0,-3.4845311e-06,1.7525813e-10,1.3238509e-05,-0.5598356,-0.98464507,1.0,1.0,1.0,80.0,86.0,2.999841e-13,7.7264665e-13,351.0,255.0,6.9271986e-13,6.8728676e-13,0
5.0,480.0,97.0,0.47334325,0.18091634,0.42534262,-1.2408826,0.49483827,1.0,1.0,1.0,10.0,26.0,0.0010061541,0.00012249465,2400.0,485.0,0.00037690904,0.0018651169,0
5.0,216.0,44.0,-7.125041e-07,3.7573755e-10,1.9383951e-05,-1.3113773,-0.12793131,1.0,1.0,1.0,5.0,15.0,7.869666e-12,1.4582487e-12,1086.0,220.0,1.7395257e-12,8.53949e-12,0
5.0,470.0,95.0,0.38879004,0.1593978,0.39924654,-1.3639258,0.4726851,1.0,1.0,1.0,9.0,13.0,0.0009592072,0.00021203865,2350.0,475.0,0.00033914426,0.0016778716,0
1.0,292.0,284.0,0.22808489,0.06702466,0.25889122,-1.2222868,0.65453756,1.0,1.0,1.0,31.0,37.0,7.854966e-05,7.771801e-05,352.0,284.0,0.00022953653,0.00023600234,0
1.0,217.0,203.0,0.08961465,0.010877278,0.10429419,-1.0866592,0.71884966,4.0,1.0,1.0,22.0,32.0,8.252791e-05,0.00018462985,287.0,203.0,5.01257e-05,5.3582648e-05,1
5.0,590.0,119.0,-7.106141e-06,2.8767377e-10,1.6960948e-05,-1.2570561,-0.10578205,1.0,1.0,1.0,34.0,42.0,9.900081e-13,7.0141836e-13,2950.0,595.0,4.875827e-13,2.4174267e-12,0
5.0,205.0,42.0,-1.17969e-05,5.7180927e-10,2.3912533e-05,2.4103196,0.80511785,2.0,2.0,1.0,2.0,4.0,4.3098225e-10,1.2865259e-09,1025.0,210.0,2.7893135e-12,1.3614506e-11,1
1.0,241.0,242.0,0.28515735,0.16515967,0.40639842,-0.48160222,1.0681485,1.0,1.0,1.0,18.0,25.0,0.00031182828,0.00020430112,241.0,242.0,0.0006853099,0.000682478,0
1.0,190.0,191.0,3.632033e-06,3.9690257e-10,1.9922414e-05,-1.2363886,-0.21326219,2.0,1.0,1.0,16.0,29.0,4.2649994e-12,8.612306e-12,190.0,191.0,2.0889607e-12,2.078024e-12,1
1.0,227.0,228.0,4.378147e-07,4.4245044e-10,2.1034506e-05,-1.2004588,-0.087847374,2.0,2.0,2.0,1.0,2.0,9.609514e-12,1.8622248e-11,227.0,228.0,1.949121e-12,1.940572e-12,1
1.0,230.0,217.0,0.4191514,0.19487956,0.44145167,-1.3090545,0.5374987,2.0,1.0,1.0,19.0,29.0,0.0002863978,0.00019943422,306.0,217.0,0.0008473025,0.00089806254,0
1.0,170.0,172.0,3.1825768e-06,2.672651e-10,1.6348244e-05,-1.025805,-0.42356977,1.0,1.0,1.0,52.0,60.0,5.422248e-13,7.7842333e-13,234.0,172.0,1.5721476e-12,1.5538668e-12,0
1.0,193.0,194.0,-2.1673943e-06,4.338586e-10,2.0829273e-05,-1.0043175,0.22718313,2.0,2.0,2.0,1.0,3.0,2.9246394e-11,7.82051e-11,257.0,194.0,2.247972e-12,2.2363845e-12,1
1.0,201.0,202.0,-3.5120797e-06,9.605579e-10,3.099287e-05,-1.4924345,0.002623189,1.0,1.0,1.0,56.0,69.0,1.1835697e-12,7.259779e-13,281.0,202.0,4.778895e-12,4.755237e-12,0
5.0,465.0,94.0,0.19043,0.110728666,0.33275917,0.7641674,1.5326076,1.0,1.0,1.0,2.0,8.0,0.0017250158,0.0002156387,2325.0,470.0,0.00023812616,0.0011779645,0
5.0,195.0,40.0,1.2996888e-05,8.9481866e-11,9.459486e-06,-0.64978445,-0.594836,1.0,1.0,1.0,9.0,15.0,1.9722414e-12,7.1713235e-13,975.0,200.0,4.5888136e-13,2.2370467e-12,0
5.0,420.0,85.0,0.5966632,0.10696037,0.32704797,-1.4554809,0.08692967,1.0,1.0,1.0,9.0,27.0,0.00062917935,8.7852124e-05,2100.0,425.0,0.00025466754,0.0012583573,0
1.0,310.0,311.0,-1.2947457e-05,1.04214984e-10,1.0208574e-05,-1.1753027,-0.29101852,1.0,1.0,1.0,88.0,100.0,2.1518449e-13,4.9396256e-13,310.0,311.0,3.3617738e-13,3.3509643e-13,0
1.0,497.0,498.0,6.8773925e-06,2.4211308e-10,1.5559983e-05,-1.4722646,0.09883757,2.0,2.0,2.0,1.0,3.0,2.1505454e-12,3.9455986e-12,597.0,498.0,4.8714906e-13,4.8617084e-13,1
5.0,80.0,17.0,2.2745583e-06,6.071326e-10,2.4640061e-05,-1.4366844,-0.08398574,1.0,1.0,2.0,1.0,3.0,8.7362985e-11,9.5170755e-12,400.0,85.0,7.589158e-12,3.5713682e-11,0
1.0,362.0,363.0,8.817695e-06,1.2769774e-10,1.13003425e-05,-1.3594811,-0.087935306,1.0,1.0,1.0,109.0,118.0,2.141494e-13,5.36114e-13,456.0,363.0,3.5275618e-13,3.517844e-13,0
5.0,266.0,54.0,1.2352353e-06,2.2306566e-10,1.4935383e-05,-1.3529593,-0.059405446,1.0,1.0,1.0,10.0,18.0,3.2278713e-12,7.2727295e-13,1336.0,270.0,8.3859276e-13,4.130846e-12,0
5.0,401.0,81.0,-1.8879913e-05,2.901333e-10,1.70333e-05,-1.2821003,-0.20980056,3.0,1.0,1.0,19.0,20.0,7.961136e-12,1.961395e-11,2011.0,405.0,7.235245e-13,3.5818928e-12,1
5.0,80.0,17.0,2.6858725e-06,3.7401668e-10,1.933951e-05,-1.4521921,-0.21071126,2.0,1.0,3.0,1.0,1.0,2.905624e-10,6.256942e-10,400.0,85.0,4.675208e-12,2.2000981e-11,1
5.0,241.0,49.0,-8.209797e-07,1.7644679e-10,1.32833275e-05,-1.4248098,-0.07182235,1.0,1.0,1.0,7.0,16.0,3.2159848e-12,1.0387607e-12,1211.0,245.0,7.321443e-13,3.6009548e-12,0
1.0,211.0,196.0,0.36320293,0.15089798,0.3884559,-1.3508242,0.52740276,1.0,1.0,1.0,13.0,29.0,0.00022626262,5.8492835e-05,291.0,196.0,0.0007151563,0.0007698877,0
5.0,40.0,9.0,0.92677265,0.018407188,0.13567309,-1.0715811,-0.16026106,1.0,1.0,1.0,1.0,0.0,0.008886064,0.0030534335,200.0,45.0,0.00046017973,0.0020452433,0
5.0,235.0,48.0,0.27979586,0.10694219,0.32702017,-1.2066493,0.6607168,1.0,1.0,1.0,3.0,6.0,0.0028222592,0.0004896165,1175.0,240.0,0.00045507314,0.0022279622,0
5.0,95.0,12.0,-6.1861824e-06,3.408997e-10,1.8463468e-05,-1.2547785,0.447003,1.0,1.0,1.0,1.0,1.0,1.8566244e-10,3.1322434e-10,2275.0,60.0,3.5884178e-12,2.8408307e-11,1
5.0,237.0,48.0,2.5431277e-06,1.7941683e-10,1.3394657e-05,-1.444577,-0.0030486588,1.0,1.0,1.0,4.0,15.0,3.3758278e-12,4.5360148e-13,1199.0,240.0,7.5703305e-13,3.7378507e-12,0
5.0,310.0,63.0,3.6311094e-06,5.816883e-10,2.4118215e-05,-1.4067721,0.034169804,1.0,1.0,1.0,10.0,20.0,6.4116702e-12,1.2199769e-12,1550.0,315.0,1.876414e-12,9.233147e-12,0
5.0,110.0,23.0,-1.03879955e-07,4.203744e-10,2.0503034e-05,-1.5397767,0.079767145,1.0,1.0,2.0,1.0,3.0,3.3112586e-11,3.268572e-12,550.0,115.0,3.8215854e-12,1.8277149e-11,0
1.0,309.0,310.0,7.711808e-06,5.8524713e-10,2.419188e-05,-1.4881939,-0.07321296,1.0,1.0,1.0,86.0,103.0,5.208497e-13,7.327327e-13,309.0,310.0,1.8940036e-12,1.887894e-12,0
1.0,295.0,297.0,4.560616e-06,1.6048894e-10,1.2668423e-05,-0.7536699,-0.8443159,2.0,1.0,1.0,1.0,4.0,3.4215493e-12,7.0418506e-12,407.0,297.0,5.440303e-13,5.403668e-13,1
5.0,345.0,70.0,1.1100248e-05,8.4628665e-10,2.9091007e-05,-0.65539616,-0.7469892,3.0,1.0,1.0,3.0,3.0,9.1273974e-11,2.3229013e-10,1725.0,350.0,2.4530048e-12,1.2089809e-11,1
1.0,238.0,239.0,8.207476e-06,6.720665e-10,2.5924246e-05,-1.4771013,-0.044237614,1.0,1.0,1.0,66.0,76.0,8.3375716e-13,1.0014874e-12,238.0,239.0,2.823809e-12,2.8119937e-12,0
5.0,230.0,47.0,-2.6013006e-06,7.526838e-10,2.7435084e-05,-1.4943382,0.06777134,1.0,1.0,1.0,4.0,14.0,1.4232175e-11,1.6471164e-12,1150.0,235.0,3.2725383e-12,1.6014549e-11,0
1.0,371.0,343.0,0.16646156,0.046335667,0.21525721,-0.8874647,0.8823878,2.0,1.0,1.0,28.0,52.0,7.15377e-05,8.928072e-05,487.0,343.0,0.00012489398,0.0001350894,0
1.0,516.0,503.0,0.015177823,0.00026747293,0.0163546,-1.4206048,0.4814792,16.0,1.0,1.0,79.0,97.0,2.8673235e-06,8.4799e-06,544.0,503.0,5.183584e-07,5.3175535e-07,0
1.0,173.0,174.0,4.111676e-06,5.427776e-10,2.3297589e-05,-1.4703083,-0.033893097,1.0,1.0,1.0,48.0,58.0,9.972381e-13,8.619118e-13,239.0,174.0,3.137443e-12,3.1194116e-12,0
1.0,183.0,185.0,-1.7774205e-06,2.801069e-10,1.6736396e-05,-1.4983243,0.013380408,1.0,1.0,1.0,56.0,60.0,5.54674e-13,6.3372777e-13,245.0,185.0,1.5306389e-12,1.5140915e-12,0
5.0,220.0,45.0,0.039299283,0.0033216053,0.05763337,-0.6080814,1.0383388,1.0,1.0,1.0,2.0,5.0,0.0002066737,0.00018107373,1100.0,225.0,1.5098205e-05,7.381345e-05,0
5.0,75.0,16.0,-1.4423518e-06,3.6400025e-10,1.907879e-05,-0.9781915,-0.41594827,1.0,1.0,2.0,1.0,3.0,4.834571e-11,8.602294e-12,375.0,80.0,4.853337e-12,2.2750015e-11,0
5.0,100.0,21.0,1.2031912e-05,5.971625e-10,2.4436908e-05,-1.3359567,-0.045835327,1.0,1.0,2.0,2.0,5.0,6.2277336e-11,1.2470882e-11,500.0,105.0,5.9716247e-12,2.8436309e-11,0
1.0,201.0,202.0,-8.968957e-06,4.0564901e-10,2.0140731e-05,-1.3019902,-0.18113609,1.0,1.0,1.0,12.0,13.0,6.703093e-12,1.3079135e-11,201.0,202.0,2.0181543e-12,2.0081634e-12,1
5.0,190.0,39.0,0.24044678,0.05990484,0.24475464,-1.3219945,0.5127751,1.0,1.0,1.0,1.0,5.0,0.00209241,0.00021040987,950.0,195.0,0.00031528863,0.0015360215,0
5.0,240.0,49.0,4.1228177e-06,4.3323664e-10,2.0814337e-05,-1.5037047,0.11471078,1.0,1.0,1.0,9.0,15.0,7.683047e-12,1.2916266e-12,1200.0,245.0,1.8051526e-12,8.841564e-12,0
5.0,205.0,42.0,0.29398552,0.07792157,0.27914435,-1.4115794,0.36554003,2.0,1.0,1.0,2.0,2.0,0.0040253736,0.0058731134,1025.0,210.0,0.00038010522,0.0018552755,1
5.0,190.0,39.0,4.4834871e-07,2.6284916e-10,1.6212623e-05,-1.4387249,0.08519187,1.0,1.0,1.0,4.0,12.0,7.3348185e-12,1.3521104e-12,950.0,195.0,1.3834166e-12,6.739722e-12,0
5.0,100.0,21.0,0.07622999,0.0075357547,0.086808726,-1.0824928,0.7013831,1.0,1.0,1.0,2.0,4.0,0.0010471811,0.00042444313,500.0,105.0,7.5357544e-05,0.00035884546,0
5.0,176.0,36.0,-2.9639382e-06,1.6090757e-10,1.26849345e-05,-1.4076809,0.019495338,1.0,1.0,1.0,5.0,10.0,5.3233507e-12,1.0839347e-12,886.0,180.0,9.142475e-13,4.4696547e-12,0
5.0,240.0,49.0,-6.47921e-07,3.0235894e-10,1.7388471e-05,-1.4562763,0.0739224,1.0,1.0,1.0,7.0,18.0,5.269027e-12,8.139696e-13,1200.0,245.0,1.2598289e-12,6.170591e-12,0
5.0,220.0,45.0,-2.2616643e-06,5.559838e-10,2.3579309e-05,-1.4810538,0.01336646,1.0,1.0,1.0,5.0,15.0,1.15478105e-11,1.563578e-12,1100.0,225.0,2.5271992e-12,1.2355196e-11,0
5.0,235.0,48.0,5.0352986e-07,5.435566e-10,2.33143e-05,-1.364504,-0.06106038,1.0,1.0,1.0,7.0,16.0,9.215019e-12,1.4923375e-12,1175.0,240.0,2.3130068e-12,1.1324095e-11,0
1.0,478.0,479.0,2.3663755e-07,1.5065428e-10,1.227413e-05,-1.2284864,-0.2247974,2.0,2.0,2.0,1.0,10.0,1.9894269e-12,4.212032e-12,626.0,479.0,3.1517632e-13,3.1451832e-13,1
1.0,407.0,379.0,0.22680742,0.07584211,0.27539447,-1.0329597,0.79276943,2.0,1.0,1.0,15.0,40.0,7.063589e-05,8.7745e-05,563.0,379.0,0.00018634426,0.00020011113,0
1.0,203.0,204.0,-1.3457357e-06,8.166643e-10,2.8577339e-05,-1.4935575,-0.0157327,1.0,1.0,1.0,44.0,57.0,2.2871841e-12,3.997935e-12,203.0,204.0,4.022977e-12,4.0032565e-12,0
1.0,161.0,162.0,6.5106185e-08,6.6593515e-11,8.160485e-06,-0.88482714,-0.34538114,1.0,1.0,1.0,3.0,1.0,2.4695263e-12,4.9910328e-12,161.0,162.0,4.1362432e-13,4.110711e-13,1
5.0,185.0,38.0,0.17794314,0.043092504,0.20758733,-1.157769,0.667024,2.0,1.0,1.0,2.0,2.0,0.004852527,0.010029391,925.0,190.0,0.00023293245,0.0011340132,1
1.0,260.0,261.0,4.1862645e-06,7.2431583e-10,2.6913116e-05,-1.3527523,-0.071581155,1.0,1.0,1.0,78.0,92.0,7.094151e-13,9.19187e-13,260.0,261.0,2.7858302e-12,2.7751564e-12,0
5.0,80.0,17.0,-5.3245913e-06,4.5461004e-10,2.1321586e-05,-1.5043203,0.021489399,1.0,1.0,2.0,1.0,1.0,6.530945e-11,1.1224845e-11,400.0,85.0,5.6826254e-12,2.6741767e-11,0
5.0,195.0,40.0,0.35279053,0.08487772,0.29133782,-1.4926624,0.13905606,1.0,1.0,1.0,3.0,7.0,0.0024438414,0.0004854056,975.0,200.0,0.00043527034,0.002121943,0
5.0,215.0,44.0,0.31391266,0.14029309,0.3745572,-1.1106198,0.7208742,1.0,1.0,1.0,1.0,6.0,0.004447283,0.00046749087,1075.0,220.0,0.00065252604,0.0031884795,0
1.0,180.0,181.0,-1.6592828e-06,7.816377e-10,2.7957783e-05,-1.4667386,-0.018953322,1.0,1.0,1.0,42.0,57.0,1.2555945e-12,8.5901306e-13,252.0,181.0,4.342432e-12,4.31844e-12,0
5.0,290.0,59.0,-7.9055775e-07,2.470849e-10,1.5718935e-05,-1.359449,-0.03910687,1.0,1.0,1.0,15.0,18.0,2.8530817e-12,8.716533e-13,1450.0,295.0,8.520169e-13,4.1878796e-12,0
5.0,75.0,16.0,-3.348e-07,4.5372386e-10,2.1300795e-05,-1.5346216,-0.008074666,1.0,1.0,2.0,1.0,0.0,7.3708796e-11,1.0019145e-11,375.0,80.0,6.0496517e-12,2.8357742e-11,0
1.0,270.0,271.0,-9.803892e-06,5.3089852e-11,7.2862786e-06,-1.3624122,-0.276596,1.0,1.0,1.0,2.0,2.0,2.3136259e-12,4.788166e-12,362.0,271.0,1.9662908e-13,1.9590351e-13,1
5.0,160.0,33.0,-2.9094921e-05,1.0984816e-10,1.0480847e-05,-1.5217253,0.013472223,1.0,1.0,1.0,2.0,12.0,4.2880933e-12,7.174992e-13,800.0,165.0,6.8655097e-13,3.328732e-12,0
5.0,380.0,77.0,0.21064408,0.11489829,0.3389665,0.58089894,1.4689211,1.0,1.0,1.0,2.0,12.0,0.0024051575,0.00023413207,1900.0,385.0,0.00030236391,0.0014921856,0
5.0,570.0,115.0,5.00118e-06,1.8388656e-10,1.3560478e-05,-0.905036,-0.17367756,1.0,1.0,1.0,32.0,39.0,8.3741873e-13,6.0378894e-13,2850.0,575.0,3.2260802e-13,1.5990136e-12,0
5.0,195.0,40.0,0.12184727,0.051138956,0.22613925,1.8130938,1.811626,3.0,2.0,1.0,2.0,4.0,0.041305933,0.10729092,975.0,200.0,0.00026225107,0.0012784739,1
1.0,425.0,389.0,0.014486814,0.00040841525,0.020209286,5.278898,2.093369,3.0,3.0,1.0,21.0,69.0,1.3493682e-05,1.8217183e-05,535.0,389.0,9.609771e-07,1.0499107e-06,1
5.0,300.0,61.0,0.19473213,0.08803447,0.29670602,-0.20010722,1.1916442,1.0,1.0,1.0,2.0,5.0,0.0022956918,0.00031155566,1500.0,305.0,0.00029344825,0.001443188,0
5.0,385.0,78.0,0.23364869,0.0925133,0.30416,-0.9124432,0.8593098,1.0,1.0,1.0,5.0,7.0,0.001229917,0.00056046323,1925.0,390.0,0.00024029429,0.0011860679,0
1.0,255.0,257.0,1.0584846e-05,5.279023e-10,2.2976124e-05,-1.4843934,-0.060154878,1.0,1.0,1.0,78.0,87.0,5.5471014e-13,7.035422e-13,357.0,257.0,2.0702051e-12,2.0540945e-12,0
5.0,160.0,33.0,-3.3309778e-05,6.361827e-11,7.976107e-06,-1.5395433,0.07971361,1.0,1.0,1.0,4.0,10.0,2.6672416e-12,8.075928e-13,800.0,165.0,3.976142e-13,1.9278264e-12,0
5.0,95.0,20.0,-6.598839e-07,4.9960386e-10,2.235182e-05,-1.3541421,0.12327336,1.0,1.0,2.0,1.0,5.0,5.850018e-11,9.195575e-12,475.0,100.0,5.258988e-12,2.4980193e-11,0
5.0,345.0,70.0,0.2275161,0.115046345,0.33918482,-0.18325251,1.188413,1.0,1.0,1.0,2.0,7.0,0.0022473608,0.0003376024,1725.0,350.0,0.00033346767,0.0016435193,0
5.0,215.0,44.0,7.702658e-07,4.3224294e-10,2.0790452e-05,-1.4690274,-0.016840458,1.0,1.0,1.0,7.0,14.0,9.338902e-12,1.8927672e-12,1075.0,220.0,2.0104322e-12,9.823703e-12,0
1.0,172.0,173.0,-3.6691795e-06,2.9120725e-10,1.7064796e-05,-1.3312602,-0.12796995,1.0,1.0,1.0,50.0,60.0,6.5414465e-13,8.4936566e-13,236.0,173.0,1.6930655e-12,1.683279e-12,0
1.0,435.0,437.0,3.4538543e-06,4.5463963e-10,2.1322281e-05,-1.5160925,-0.008043042,1.0,1.0,1.0,139.0,150.0,3.5624127e-13,7.9247817e-13,597.0,437.0,1.0451486e-12,1.0403653e-12,0
5.0,205.0,42.0,0.19196837,0.07062657,0.2657566,-0.80520946,0.9385078,1.0,1.0,1.0,1.0,3.0,0.0033493575,0.00087658264,1025.0,210.0,0.00034451988,0.0016815851,0
1.0,171.0,172.0,1.9884585e-06,1.995112e-10,1.4124843e-05,-1.4261824,-0.03162897,1.0,1.0,1.0,55.0,58.0,5.052833e-13,6.923282e-13,213.0,172.0,1.1667321e-12,1.1599488e-12,0
5.0,120.0,25.0,3.1137224e-06,6.558304e-10,2.5609186e-05,-1.4349033,0.03762922,1.0,1.0,1.0,1.0,6.0,4.441709e-11,6.079482e-12,600.0,125.0,5.4652532e-12,2.6233215e-11,0
5.0,525.0,106.0,-1.9524161e-06,7.5800327e-10,2.753186e-05,-1.260682,0.06326601,3.0,1.0,1.0,3.0,12.0,5.0345884e-11,7.743267e-11,2625.0,530.0,1.4438158e-12,7.1509743e-12,1
5.0,90.0,19.0,9.5491705e-06,4.786453e-10,2.1877964e-05,-0.84815425,-0.38888636,1.0,1.0,1.0,2.0,4.0,5.1992195e-11,9.54293e-12,450.0,95.0,5.318281e-12,2.5191859e-11,0
1.0,206.0,208.0,7.7580074e-07,6.3118516e-10,2.5123398e-05,-1.4288887,-0.035206646,1.0,1.0,1.0,58.0,71.0,8.404118e-13,8.2621014e-13,288.0,208.0,3.0640056e-12,3.034544e-12,0
1.0,439.0,440.0,4.777621e-06,2.367836e-10,1.5387774e-05,-1.3090297,-0.020288346,2.0,1.0,1.0,2.0,6.0,1.5779018e-12,3.3336966e-12,589.0,440.0,5.3937036e-13,5.381445e-13,1
1.0,131.0,132.0,0.0224478,0.00082458544,0.028715596,-0.90545285,0.8159362,1.0,1.0,1.0,9.0,20.0,2.9523777e-05,4.774115e-05,131.0,132.0,6.294545e-06,6.2468594e-06,1
5.0,80.0,17.0,-3.6436184e-06,7.2241835e-10,2.6877842e-05,-1.4961705,-0.00022492418,1.0,1.0,2.0,1.0,1.0,1.0423403e-10,1.5524871e-11,400.0,85.0,9.03023e-12,4.24952e-11,0
5.0,160.0,33.0,0.16728227,0.04210349,0.20519136,-1.0664892,0.7704376,1.0,1.0,1.0,1.0,7.0,0.0024957513,0.00048060858,800.0,165.0,0.00026314682,0.0012758634,0
5.0,770.0,155.0,0.35679224,0.15451658,0.39308596,-1.1685023,0.6448346,1.0,1.0,1.0,7.0,12.0,0.00044526183,0.00021210674,3850.0,775.0,0.00020067088,0.0009968812,0
5.0,60.0,13.0,0.92267746,0.0157109,0.12534313,-1.1123204,-0.26029783,1.0,1.0,1.0,1.0,2.0,0.0032171158,0.0006861656,300.0,65.0,0.00026184833,0.0012085307,0
5.0,85.0,18.0,1.6700834e-07,8.901369e-10,2.9835162e-05,-1.477238,0.0018355565,1.0,1.0,2.0,1.0,1.0,1.11382785e-10,1.4562022e-11,425.0,90.0,1.0472199e-11,4.945205e-11,0
1.0,168.0,169.0,-1.4602723e-06,6.3956135e-10,2.528955e-05,-1.4776102,-0.034505986,1.0,1.0,1.0,48.0,51.0,1.1989863e-12,1.0070894e-12,232.0,169.0,3.8069127e-12,3.784387e-12,0
5.0,205.0,42.0,0.31970304,0.105439894,0.3247151,-1.310141,0.53853136,1.0,1.0,1.0,2.0,7.0,0.0032233817,0.00040720316,1025.0,210.0,0.00051434094,0.0025104738,0
5.0,245.0,50.0,0.31141612,0.1514476,0.3891627,-0.7774551,0.93258995,1.0,1.0,1.0,1.0,10.0,0.004738259,0.00094376353,1225.0,250.0,0.0006181534,0.0030289518,0
5.0,410.0,83.0,0.62007684,0.105286576,0.32447892,-1.434496,-0.001954985,1.0,1.0,1.0,9.0,27.0,0.0006303136,7.152998e-05,2050.0,415.0,0.0002567965,0.0012685129,0
1.0,206.0,207.0,-1.5406381e-06,6.8504435e-10,2.6173353e-05,-1.4961114,0.010214111,1.0,1.0,1.0,58.0,69.0,9.286078e-13,9.107832e-13,288.0,207.0,3.3254582e-12,3.3093931e-12,0
1.0,330.0,312.0,0.18788865,0.040236574,0.20059057,-0.42038044,0.9072173,2.0,1.0,1.0,39.0,49.0,9.436123e-05,0.00013289333,438.0,312.0,0.00012192901,0.00012896338,1
5.0,115.0,24.0,4.1993558e-06,4.3212237e-10,2.0787553e-05,-1.2352277,-0.171366,1.0,1.0,1.0,1.0,6.0,2.9980837e-11,3.2209246e-12,575.0,120.0,3.757586e-12,1.80051e-11,0
1.0,204.0,206.0,7.183812e-07,3.1104888e-10,1.7636577e-05,-1.4721427,-0.015080378,2.0,1.0,1.0,34.0,41.0,2.777037e-12,7.8530914e-12,268.0,206.0,1.5247494e-12,1.509946e-12,0
5.0,75.0,16.0,-2.5555887e-06,1.8558594e-10,1.3622993e-05,-1.3035433,-0.19220614,1.0,1.0,2.0,1.0,2.0,2.961279e-11,3.689293e-12,375.0,80.0,2.4744792e-12,1.1599121e-11,0
1.0,261.0,262.0,5.8580645e-06,8.687656e-11,9.32076e-06,-1.4744493,-0.011976711,1.0,1.0,1.0,90.0,92.0,3.0903795e-13,7.5564923e-13,333.0,262.0,3.328604e-13,3.3158993e-13,0
5.0,195.0,40.0,-1.0996667e-05,1.5475375e-10,1.2440007e-05,-0.7622212,-0.6816058,1.0,1.0,1.0,10.0,15.0,2.6481883e-12,1.0330259e-12,975.0,200.0,7.93609e-13,3.868844e-12,0
1.0,456.0,457.0,2.8024056e-06,2.4158064e-10,1.5542864e-05,-1.3319764,-0.18744479,1.0,1.0,1.0,134.0,149.0,2.926866e-13,7.1689996e-13,602.0,457.0,5.2978216e-13,5.286229e-13,0
1.0,437.0,439.0,-3.9661622e-06,1.5083158e-10,1.2281351e-05,-1.3686546,-0.16675825,2.0,2.0,1.0,7.0,24.0,8.938817e-13,1.7296869e-12,591.0,439.0,3.4515237e-13,3.4357993e-13,1
5.0,140.0,29.0,-3.13751e-05,1.1465331e-10,1.07076285e-05,-1.5041766,0.013923416,1.0,1.0,1.0,3.0,7.0,5.763149e-12,9.522562e-13,700.0,145.0,8.189522e-13,3.9535623e-12,0
1.0,417.0,418.0,-4.078525e-06,1.4942342e-10,1.2223887e-05,-1.2930518,-0.13263652,1.0,1.0,1.0,135.0,139.0,2.6178224e-13,6.7822543e-13,531.0,418.0,3.5832955e-13,3.574723e-13,0
5.0,220.0,45.0,2.216764e-06,3.2673997e-10,1.8075949e-05,-1.3779579,-0.11801932,1.0,1.0,1.0,4.0,12.0,6.6861876e-12,6.6921837e-13,1100.0,225.0,1.4851817e-12,7.260888e-12,0
5.0,465.0,94.0,0.4956319,0.20535772,0.4531641,-1.234378,0.52327937,1.0,1.0,1.0,6.0,11.0,0.0013584996,0.00062852143,2325.0,470.0,0.0004416295,0.0021846564,0
1.0,618.0,619.0,6.546989e-06,3.5330655e-10,1.879645e-05,-1.1406425,-0.44125262,4.0,2.0,2.0,19.0,40.0,5.4973352e-12,1.22058535e-11,618.0,619.0,5.7169346e-13,5.707699e-13,1
1.0,185.0,186.0,2.2981444e-06,4.828665e-10,2.1974225e-05,-1.0283408,-0.3693812,1.0,1.0,1.0,54.0,64.0,7.4613303e-13,8.0414034e-13,259.0,186.0,2.6100894e-12,2.5960566e-12,0
5.0,60.0,13.0,0.9524663,0.037321117,0.19318673,0.83563584,-1.0134174,1.0,1.0,1.0,0.0,0.0,0.035049923,0.0810646,300.0,65.0,0.0006220186,0.002870855,1
1.0,306.0,307.0,7.211529e-06,4.2813963e-10,2.0691536e-05,-1.1094117,-0.212477,1.0,1.0,1.0,2.0,1.0,1.8698049e-12,3.6885135e-12,306.0,307.0,1.3991491e-12,1.3945917e-12,1
5.0,55.0,12.0,0.97146165,0.01361897,0.116700344,-1.3628536,0.024291586,1.0,1.0,1.0,1.0,1.0,0.0040214565,0.0008816313,275.0,60.0,0.00024761763,0.0011349142,0
1.0,434.0,435.0,0.055802617,0.0028689064,0.05356217,-0.23879127,0.8549693,5.0,2.0,2.0,35.0,89.0,6.182602e-06,8.7880535e-06,434.0,435.0,6.610383e-06,6.5951867e-06,1
5.0,100.0,21.0,-1.3678529e-06,2.2503016e-10,1.50010055e-05,-1.4628087,-0.057719994,1.0,1.0,2.0,1.0,7.0,2.1363711e-11,1.9051633e-12,500.0,105.0,2.2503017e-12,1.0715722e-11,0
1.0,374.0,355.0,0.21046185,0.07040616,0.2653416,-1.012992,0.80130243,1.0,1.0,1.0,24.0,41.0,6.719189e-05,7.733597e-05,458.0,355.0,0.00018825177,0.00019832722,0
1.0,175.0,176.0,0.3146202,0.08240946,0.28707048,-1.4452835,0.33952314,2.0,1.0,1.0,28.0,33.0,0.0002691842,0.00042440282,175.0,176.0,0.00047091118,0.00046823555,0
1.0,213.0,215.0,-2.539793e-06,3.7216807e-10,1.9291658e-05,-1.4953657,-0.0035560222,1.0,1.0,1.0,59.0,70.0,5.196733e-13,5.81382e-13,249.0,215.0,1.747268e-12,1.7310143e-12,0
1.0,226.0,205.0,0.33348885,0.16545786,0.4067651,-1.0915875,0.74076545,1.0,1.0,1.0,11.0,15.0,0.00028543227,0.0001114926,314.0,205.0,0.0007321144,0.0008071115,0
5.0,205.0,42.0,0.21071245,0.047600895,0.21817629,-1.514349,0.419709,1.0,1.0,1.0,1.0,7.0,0.0014599031,0.00018411974,1025.0,210.0,0.00023219948,0.0011333546,0
5.0,285.0,58.0,0.29387015,0.08989345,0.29982236,-1.4944292,0.42037135,1.0,1.0,1.0,2.0,16.0,0.0013968602,0.00015966367,1425.0,290.0,0.00031541561,0.0015498871,0
1.0,178.0,179.0,5.8926275e-06,6.3987493e-10,2.5295749e-05,-1.2093258,-0.20935465,1.0,1.0,1.0,40.0,50.0,1.6445756e-12,2.373824e-12,178.0,179.0,3.5948028e-12,3.5747202e-12,0
5.0,430.0,87.0,0.49355876,0.15913513,0.39891747,-1.4086626,0.27648008,1.0,1.0,1.0,8.0,29.0,0.00094223255,0.00013493457,2150.0,435.0,0.00037008172,0.0018291395,0
1.0,175.0,177.0,-1.0146517e-05,1.2819468e-10,1.1322309e-05,-0.89840186,-0.5545338,3.0,1.0,1.0,33.0,28.0,1.1011815e-12,2.9544047e-12,241.0,177.0,7.32541e-13,7.242637e-13,0
1.0,264.0,254.0,0.38865814,0.18186828,0.42646018,-1.2498521,0.59515834,1.0,1.0,1.0,14.0,34.0,0.00018904453,9.999819e-05,334.0,254.0,0.00068889506,0.00071601686,0
1.0,190.0,191.0,-5.031083e-06,8.014369e-10,2.8309662e-05,-1.4877414,0.043612912,1.0,1.0,1.0,31.0,38.0,2.824126e-12,4.4958373e-12,190.0,191.0,4.218089e-12,4.1960047e-12,0
1.0,176.0,177.0,3.2842001e-06,5.2571136e-10,2.2928396e-05,-1.4530863,-0.042511865,1.0,1.0,1.0,51.0,64.0,1.0281426e-12,1.0634296e-12,244.0,177.0,2.9869963e-12,2.9701207e-12,0
1.0,347.0,348.0,-3.6857818e-06,2.8574018e-10,1.6903852e-05,0.20926344,-0.32986125,2.0,2.0,2.0,1.0,2.0,2.0540132e-11,4.1487747e-11,347.0,348.0,8.2345876e-13,8.210925e-13,1
5.0,75.0,16.0,1.3809991e-05,6.359663e-10,2.521837e-05,-1.4152869,-0.10355444,1.0,1.0,2.0,1.0,4.0,1.06186115e-10,2.269088e-11,375.0,80.0,8.47955e-12,3.9747892e-11,0
1.0,329.0,311.0,0.19428965,0.028498784,0.16881582,-1.3146719,0.16789123,2.0,2.0,1.0,38.0,44.0,5.6658333e-05,7.2194045e-05,423.0,311.0,8.662244e-05,9.1635964e-05,1
5.0,100.0,21.0,0.11689278,0.009241069,0.096130475,-1.3230432,0.31444246,1.0,1.0,1.0,2.0,2.0,0.00095499266,0.00018059502,500.0,105.0,9.2410686e-05,0.00044005088,0
1.0,352.0,353.0,0.005951654,0.00017416768,0.013197261,3.1367047,2.1360548,5.0,2.0,1.0,7.0,20.0,1.03183675e-05,1.4445655e-05,352.0,353.0,4.9479456e-07,4.9339286e-07,1
5.0,95.0,20.0,-2.423467e-06,1.5826811e-10,1.2580465e-05,-1.517281,-0.049091376,1.0,1.0,2.0,1.0,6.0,1.8024268e-11,4.4888537e-12,475.0,100.0,1.6659801e-12,7.913405e-12,0
1.0,213.0,214.0,-1.1042378e-06,2.4354826e-10,1.5606032e-05,-1.0863347,-0.32154068,1.0,1.0,1.0,47.0,51.0,1.5541308e-12,3.651738e-12,213.0,214.0,1.143419e-12,1.138076e-12,0
1.0,489.0,490.0,5.887717e-06,2.1192793e-10,1.4557745e-05,-1.3518491,-0.047893785,1.0,1.0,1.0,104.0,135.0,7.9013657e-13,2.23237e-12,489.0,490.0,4.3339047e-13,4.32506e-13,0
5.0,215.0,44.0,0.2748398,0.11611521,0.34075683,-0.98016375,0.8037359,1.0,1.0,1.0,2.0,6.0,0.0040055676,0.00073555263,1075.0,220.0,0.00054007076,0.0026389821,0
1.0,173.0,163.0,-1.4131884e-06,5.2249977e-10,2.2858254e-05,-1.0647935,0.08792249,3.0,2.0,1.0,2.0,5.0,1.5544536e-11,3.014141e-11,333.0,163.0,3.0202297e-12,3.2055198e-12,1
5.0,200.0,41.0,0.27763397,0.07639197,0.27639097,-1.2152042,0.63858014,1.0,1.0,1.0,1.0,7.0,0.002683952,0.0003796597,1000.0,205.0,0.00038195986,0.0018632188,0
1.0,208.0,209.0,9.865552e-07,6.941012e-10,2.63458e-05,-1.475589,-0.031255115,1.0,1.0,1.0,50.0,61.0,2.0925473e-12,3.5713368e-12,208.0,209.0,3.337025e-12,3.3210585e-12,0
5.0,175.0,36.0,0.20487903,0.014302532,0.119593196,-1.0388213,-0.45812315,3.0,1.0,1.0,4.0,5.0,0.0011978456,0.00036054433,875.0,180.0,8.172876e-05,0.00039729255,1
5.0,425.0,86.0,0.48346528,0.17545913,0.4188784,-1.5278428,0.19374019,1.0,1.0,1.0,5.0,21.0,0.0010575166,0.00010667961,2125.0,430.0,0.00041284502,0.0020402225,0
5.0,325.0,66.0,2.217263e-06,2.2933934e-10,1.51439535e-05,-1.4937155,0.06921272,1.0,1.0,1.0,15.0,24.0,2.3722946e-12,7.453228e-13,1625.0,330.0,7.056595e-13,3.4748385e-12,0
5.0,235.0,48.0,0.3329047,0.16846676,0.41044703,-1.0493543,0.76274323,1.0,1.0,1.0,2.0,9.0,0.004835123,0.00079890894,1175.0,240.0,0.00071687985,0.0035097243,0
1.0,130.0,131.0,0.009274299,0.0002921222,0.017091582,0.3083194,1.4375843,6.0,1.0,1.0,7.0,11.0,1.41202545e-05,2.017269e-05,130.0,131.0,2.2470938e-06,2.2299405e-06,1
5.0,255.0,52.0,6.627606e-06,5.421717e-10,2.3284581e-05,-1.049081,-0.50571245,1.0,1.0,1.0,5.0,18.0,9.023744e-12,9.504459e-13,1275.0,260.0,2.1261634e-12,1.04263785e-11,0
5.0,301.0,61.0,0.39039084,0.18617599,0.43148115,-0.8875882,0.8263757,1.0,1.0,1.0,4.0,12.0,0.003379783,0.00066529907,1511.0,305.0,0.00061852485,0.0030520654,0
5.0,230.0,47.0,-6.699168e-06,2.5948896e-10,1.6108661e-05,-0.7142111,-0.6446981,1.0,1.0,1.0,9.0,17.0,3.868321e-12,1.2672433e-12,1150.0,235.0,1.1282128e-12,5.5210415e-12,0
5.0,235.0,48.0,0.3646001,0.21024008,0.45851943,-0.9331137,0.82284963,1.0,1.0,1.0,1.0,5.0,0.006005439,0.0004198898,1175.0,240.0,0.00089463865,0.0043800017,0
5.0,775.0,156.0,-1.4977944e-05,2.7684094e-10,1.6638538e-05,-1.4515913,0.17050193,1.0,1.0,1.0,40.0,48.0,6.8548016e-13,6.6284695e-13,3875.0,780.0,3.572141e-13,1.7746214e-12,0
5.0,105.0,22.0,0.1430844,0.025772147,0.16053705,-1.2213038,0.6408159,1.0,1.0,1.0,1.0,3.0,0.003005103,0.0006838521,525.0,110.0,0.00024544902,0.0011714612,0
5.0,120.0,25.0,0.017488755,0.00048646927,0.022056049,-0.3486101,1.0919404,1.0,1.0,2.0,1.0,3.0,0.00024524637,0.0004572965,600.0,125.0,4.0539107e-06,1.945877e-05,1
5.0,265.0,54.0,1.351809e-06,8.0235235e-10,2.8325825e-05,-1.4147948,0.0049969736,1.0,1.0,1.0,6.0,17.0,1.1744466e-11,1.569358e-12,1325.0,270.0,3.0277447e-12,1.4858377e-11,0
1.0,498.0,500.0,2.1439373e-06,1.02297254e-10,1.011421e-05,-1.2492261,0.25909254,2.0,2.0,2.0,1.0,12.0,1.307683e-12,2.79762e-12,588.0,500.0,2.0541617e-13,2.045945e-13,1
1.0,157.0,158.0,8.033583e-06,3.6264247e-10,1.9043173e-05,-1.0655296,-0.10049384,2.0,2.0,2.0,1.0,4.0,1.8779967e-11,3.6826025e-11,199.0,158.0,2.3098246e-12,2.2952055e-12,1
5.0,75.0,16.0,2.4095548e-06,4.80281e-10,2.1915313e-05,-1.4662933,-0.057305235,1.0,1.0,2.0,1.0,2.0,8.02952e-11,9.215175e-12,375.0,80.0,6.403746e-12,3.001756e-11,0
5.0,150.0,31.0,0.057027273,0.006531766,0.080819346,-0.7106209,0.9836163,2.0,1.0,2.0,2.0,4.0,0.0017496294,0.004053504,750.0,155.0,4.3545107e-05,0.00021070214,1
5.0,237.0,48.0,0.1572771,0.058127414,0.24109627,1.3686949,1.6609366,2.0,2.0,1.0,1.0,2.0,0.016662154,0.03287706,1199.0,240.0,0.00024526336,0.0012109878,1
5.0,105.0,22.0,-4.775112e-07,6.5190847e-10,2.5532498e-05,-1.5281006,0.03502898,1.0,1.0,2.0,1.0,3.0,5.576248e-11,5.441335e-12,525.0,110.0,6.208652e-12,2.9632203e-11,0
5.0,616.0,124.0,-9.254691e-06,2.4955274e-10,1.5797237e-05,-0.73002094,-0.69704413,2.0,2.0,1.0,1.0,1.0,4.4912143e-11,1.3518871e-10,3086.0,620.0,4.0511808e-13,2.012522e-12,1
5.0,80.0,17.0,-3.019264e-06,4.201049e-10,2.049646e-05,-1.4498748,-0.01052781,1.0,1.0,2.0,1.0,3.0,5.924283e-11,7.08678e-12,400.0,85.0,5.251311e-12,2.4712054e-11,0
1.0,306.0,289.0,0.41225204,0.18196829,0.4265774,-1.3629467,0.48464775,1.0,1.0,1.0,19.0,22.0,0.00024009141,0.00039055024,394.0,289.0,0.00059466757,0.00062964804,0
5.0,555.0,112.0,0.3101512,0.13321759,0.36498985,-1.054005,0.7232356,1.0,1.0,1.0,6.0,10.0,0.00072047126,0.0003075007,2775.0,560.0,0.00024003167,0.0011894427,0
5.0,250.0,51.0,9.016337e-06,3.828828e-10,1.9567391e-05,-1.046049,-0.3423723,1.0,1.0,1.0,5.0,7.0,9.681369e-12,9.061556e-12,1250.0,255.0,1.5315312e-12,7.507506e-12,1
1.0,219.0,216.0,0.37199378,0.16585693,0.40725535,-1.0613317,0.73398024,2.0,1.0,1.0,26.0,41.0,0.00030969115,0.000269931,239.0,216.0,0.00075733755,0.00076785614,0
1.0,601.0,601.0,9.5812e-06,6.7997696e-10,2.6076368e-05,-1.4828281,-0.0999385,2.0,1.0,1.0,6.0,35.0,6.908813e-13,1.4799819e-12,787.0,601.0,1.1314093e-12,1.1314093e-12,1
5.0,350.0,71.0,0.38701767,0.15663457,0.39577085,-1.356729,0.48058757,1.0,1.0,1.0,4.0,7.0,0.0017711298,0.0007045231,1750.0,355.0,0.00044752733,0.0022061206,0
1.0,204.0,205.0,-3.0157512e-06,2.7084854e-10,1.6457476e-05,-0.8441441,-0.6091176,1.0,1.0,1.0,44.0,53.0,1.0625273e-12,2.299555e-12,204.0,205.0,1.3276889e-12,1.3212123e-12,0
1.0,484.0,486.0,1.8665751e-06,2.6367844e-10,1.6238178e-05,-0.8110009,-0.57888305,1.0,1.0,1.0,143.0,154.0,3.0470025e-13,7.9651915e-13,658.0,486.0,5.447902e-13,5.4254827e-13,0
1.0,253.0,255.0,-2.194139e-05,1.5060515e-10,1.2272129e-05,-1.1314487,-0.6139296,1.0,1.0,1.0,81.0,84.0,2.2520794e-13,6.0144576e-13,351.0,255.0,5.952773e-13,5.9060845e-13,0
5.0,80.0,17.0,-3.4038765e-06,6.796671e-10,2.6070426e-05,-1.4921228,-0.0061855596,1.0,1.0,2.0,1.0,1.0,9.79047e-11,1.16576245e-11,400.0,85.0,8.4958394e-12,3.998042e-11,0
1.0,671.0,672.0,-1.4751074e-06,4.1548226e-10,2.0383382e-05,-1.2950516,-0.0033923457,2.0,2.0,2.0,1.0,9.0,9.651751e-13,2.0124206e-12,671.0,672.0,6.191986e-13,6.182772e-13,1
5.0,235.0,48.0,2.4644126e-07,1.1904726e-10,1.0910878e-05,-1.0621485,-0.33058447,1.0,1.0,1.0,11.0,15.0,1.9634726e-12,7.6428057e-13,1175.0,240.0,5.065841e-13,2.480151e-12,0
5.0,175.0,36.0,0.026314326,0.0015628962,0.03953348,-0.42822868,1.0806705,2.0,1.0,1.0,3.0,4.0,0.00062168704,0.0014320875,875.0,180.0,8.930835e-06,4.3413784e-05,1
5.0,75.0,16.0,1.167344e-05,5.2224336e-10,2.2852644e-05,-1.5283387,0.0047203014,1.0,1.0,2.0,1.0,4.0,8.801347e-11,2.3717393e-11,375.0,80.0,6.9632447e-12,3.264021e-11,0
5.0,385.0,78.0,0.6229471,0.0926629,0.3044058,-1.4159483,0.18690906,1.0,1.0,1.0,9.0,26.0,0.000651899,6.0800376e-05,1925.0,390.0,0.00024068286,0.0011879859,0
1.0,301.0,283.0,0.23044658,0.0853871,0.29221073,-0.79327714,0.9053025,1.0,1.0,1.0,21.0,25.0,0.000118441334,0.00010194167,405.0,283.0,0.00028367806,0.00030172121,0
5.0,125.0,26.0,2.0860878e-06,5.3465044e-10,2.312251e-05,-1.3946857,0.035674836,1.0,1.0,1.0,1.0,7.0,3.1607467e-11,3.05688e-12,625.0,130.0,4.2772036e-12,2.0563478e-11,0
5.0,100.0,21.0,1.2778189e-05,4.6700654e-10,2.1610334e-05,-0.9192507,-0.41019952,1.0,1.0,1.0,1.0,6.0,4.2689505e-11,5.663162e-12,500.0,105.0,4.670065e-12,2.2238406e-11,0
5.0,295.0,60.0,0.20002359,0.09722339,0.31180665,-0.029816853,1.2582945,1.0,1.0,1.0,1.0,5.0,0.0027140835,0.00027125864,1475.0,300.0,0.00032957082,0.0016203899,0
5.0,85.0,18.0,0.106311016,0.008074624,0.08985891,-1.4521294,0.24575923,1.0,1.0,1.0,1.0,2.0,0.0010855955,0.0001794627,425.0,90.0,9.499558e-05,0.00044859023,0
5.0,155.0,32.0,0.27236608,0.037297707,0.19312614,-1.4174887,-0.32608682,1.0,1.0,1.0,2.0,5.0,0.0010702927,0.00016313321,775.0,160.0,0.00024063035,0.0011655533,0
5.0,150.0,31.0,0.052465513,0.0051236455,0.07157964,-0.5691958,1.0055338,2.0,1.0,1.0,2.0,1.0,0.0028130172,0.007924018,750.0,155.0,3.4157634e-05,0.00016527888,1
5.0,345.0,70.0,0.22245966,0.04704615,0.21690124,-0.44156322,0.8621781,2.0,1.0,1.0,2.0,9.0,0.0011112611,0.00029944678,1725.0,350.0,0.00013636565,0.0006720879,1
1.0,194.0,195.0,-2.1828607e-06,1.2341851e-10,1.1109388e-05,-0.88808155,-0.38563251,3.0,1.0,1.0,45.0,48.0,2.4016605e-12,6.9755534e-12,246.0,195.0,6.3617785e-13,6.3291543e-13,0
5.0,225.0,46.0,1.4281717e-06,4.773415e-10,2.1848145e-05,-1.4879088,0.037786692,1.0,1.0,1.0,5.0,15.0,9.3332555e-12,7.8770665e-13,1125.0,230.0,2.1215178e-12,1.0376989e-11,0
1.0,215.0,216.0,5.072233e-06,2.4191915e-10,1.5553751e-05,-1.3008245,-0.09219638,2.0,1.0,1.0,27.0,31.0,1.1606133e-12,2.826234e-12,215.0,216.0,1.1252054e-12,1.1199961e-12,0
5.0,216.0,44.0,-6.5323543e-06,4.0458853e-10,2.0114387e-05,-1.4938313,0.03064772,1.0,1.0,1.0,3.0,12.0,8.787324e-12,1.017203e-12,1086.0,220.0,1.873095e-12,9.195194e-12,0
1.0,274.0,276.0,3.0582612e-06,1.2270444e-10,1.1077203e-05,-1.1484232,-0.23132001,2.0,2.0,1.0,4.0,19.0,1.167915e-12,2.394959e-12,354.0,276.0,4.4782643e-13,4.445813e-13,1
1.0,371.0,366.0,0.30091247,0.13356599,0.3654668,-1.0995221,0.7368106,1.0,1.0,1.0,33.0,42.0,9.828556e-05,9.391801e-05,383.0,366.0,0.00036001613,0.00036493439,0
5.0,350.0,71.0,0.32859552,0.1144101,0.33824563,-0.9517133,0.80352,1.0,1.0,1.0,2.0,15.0,0.001436579,0.000112454974,1750.0,355.0,0.00032688602,0.0016114098,0
1.0,440.0,382.0,0.012548163,0.00019215852,0.013862126,-1.3845974,0.52521807,20.0,1.0,2.0,68.0,80.0,3.5930614e-06,1.0954673e-05,598.0,382.0,4.367239e-07,5.0303277e-07,0
5.0,385.0,78.0,0.70147157,0.09679871,0.31112492,-1.3531743,0.20143642,1.0,1.0,1.0,10.0,20.0,0.0007071996,9.923275e-05,1925.0,390.0,0.00025142523,0.0012410091,0
5.0,220.0,45.0,1.7800078e-06,8.007318e-11,8.948362e-06,-1.323381,-0.07853671,1.0,1.0,1.0,7.0,13.0,1.7662397e-12,8.1421897e-13,1100.0,225.0,3.63969e-13,1.779404e-12,0
5.0,390.0,79.0,0.6067537,0.1373868,0.37065724,-1.4265771,0.22613372,2.0,1.0,1.0,9.0,12.0,0.0009971955,0.00022291791,1950.0,395.0,0.00035227384,0.0017390734,0
1.0,198.0,199.0,-1.0495237e-06,5.339948e-10,2.3108327e-05,-1.387461,-0.104188964,1.0,1.0,1.0,41.0,55.0,3.9133367e-12,9.945436e-12,202.0,199.0,2.6969434e-12,2.6833908e-12,0
1.0,308.0,283.0,0.3888291,0.16061348,0.4007661,-1.3887894,0.4700914,2.0,1.0,1.0,18.0,25.0,0.00016395187,0.00017568014,426.0,283.0,0.0005214723,0.0005675388,0
1.0,285.0,286.0,-2.2052782e-05,9.70497e-11,9.851381e-06,31.201843,4.3745604,1.0,1.0,1.0,2.0,3.0,3.5855156e-11,7.1338255e-11,285.0,286.0,3.4052527e-13,3.3933463e-13,1
1.0,453.0,454.0,0.0069024162,7.86711e-05,0.008869673,-0.77575225,0.8916004,26.0,1.0,1.0,63.0,84.0,2.2195195e-06,6.549792e-06,453.0,454.0,1.7366689e-07,1.7328436e-07,0
1.0,187.0,188.0,2.0999678e-06,1.4460616e-10,1.2025231e-05,-1.5021906,0.061947677,1.0,1.0,1.0,51.0,60.0,3.951544e-13,6.1105174e-13,187.0,188.0,7.73295e-13,7.691817e-13,0
5.0,215.0,44.0,-2.1816459e-06,6.157671e-10,2.4814655e-05,-1.4850743,-0.0072738375,1.0,1.0,1.0,5.0,14.0,1.33082425e-11,1.5375486e-12,1075.0,220.0,2.864033e-12,1.39947064e-11,0
1.0,191.0,192.0,1.7455068e-06,2.0592437e-10,1.4350065e-05,-0.67526734,-0.69108725,1.0,1.0,1.0,38.0,36.0,1.1489371e-12,2.781899e-12,239.0,192.0,1.078138e-12,1.0725227e-12,0
1.0,329.0,330.0,-9.111175e-06,3.0513037e-10,1.746798e-05,-1.4708406,-0.019527065,1.0,1.0,1.0,96.0,108.0,3.6011813e-13,7.082899e-13,329.0,330.0,9.274479e-13,9.246374e-13,0
5.0,215.0,44.0,0.25490645,0.11440387,0.33823642,-1.0007255,0.8309298,1.0,1.0,1.0,1.0,3.0,0.0048000333,0.0015800153,1075.0,220.0,0.00053211104,0.002600088,0
5.0,375.0,76.0,0.71311736,0.083722845,0.289349,-1.4191021,0.136441,1.0,1.0,1.0,12.0,26.0,0.0006382608,0.000117522985,1875.0,380.0,0.00022326093,0.0011016164,0
5.0,70.0,15.0,-2.871992e-06,2.4747485e-10,1.5731333e-05,-1.4843658,-0.09768977,1.0,1.0,2.0,1.0,2.0,4.6123032e-11,8.2130925e-12,350.0,75.0,3.535355e-12,1.6498322e-11,0
1.0,394.0,369.0,0.2036829,0.12288518,0.35054982,0.47583687,1.4473675,1.0,1.0,1.0,14.0,24.0,0.00014732382,9.354969e-05,472.0,369.0,0.00031189132,0.00033302218,0
5.0,490.0,99.0,0.44715708,0.17477204,0.41805744,-1.4468933,0.32674077,1.0,1.0,1.0,8.0,23.0,0.0008263695,6.136695e-05,2450.0,495.0,0.00035667763,0.0017653741,0
5.0,290.0,59.0,0.2326079,0.07945776,0.28188252,-0.22162403,1.1594152,1.0,1.0,1.0,3.0,9.0,0.002103632,0.00034629361,1450.0,295.0,0.00027399228,0.0013467417,0
5.0,75.0,16.0,-1.0048102e-06,5.104559e-10,2.259327e-05,-1.4991848,-0.055433214,1.0,1.0,2.0,1.0,2.0,8.4045285e-11,1.1566458e-11,375.0,80.0,6.8060787e-12,3.1903494e-11,0
5.0,430.0,87.0,0.66694784,0.10131513,0.31830037,-1.3765014,0.16785863,1.0,1.0,1.0,18.0,31.0,0.00060381525,0.0001427084,2150.0,435.0,0.0002356166,0.0011645417,0
1.0,650.0,651.0,-8.782e-06,2.3558022e-10,1.5348623e-05,-0.9700193,-0.3413721,2.0,2.0,2.0,1.0,4.0,1.5959187e-12,3.3822437e-12,870.0,651.0,3.6243111e-13,3.6187438e-13,1
1.0,180.0,181.0,6.0703733e-06,7.8557005e-10,2.8028022e-05,-1.5064694,-0.03111833,1.0,1.0,1.0,43.0,56.0,1.1905764e-12,7.105955e-13,252.0,181.0,4.364278e-12,4.340166e-12,0
1.0,191.0,193.0,-4.559284e-06,8.9318386e-11,9.4508405e-06,-1.0864755,-0.08021382,1.0,1.0,1.0,20.0,23.0,8.505806e-13,1.7097044e-12,229.0,193.0,4.6763553e-13,4.627896e-13,1
1.0,231.0,232.0,6.452191e-06,5.6873745e-10,2.3848217e-05,-1.4683521,-0.036289275,1.0,1.0,1.0,5.0,12.0,1.7728344e-12,3.0315993e-12,231.0,232.0,2.462067e-12,2.4514546e-12,1
5.0,80.0,17.0,4.975159e-07,3.6888614e-10,1.9206409e-05,-1.513295,0.0070940442,1.0,1.0,2.0,1.0,2.0,5.3613097e-11,7.0282447e-12,400.0,85.0,4.6110767e-12,2.1699184e-11,0
5.0,245.0,50.0,7.0641986e-06,5.1633203e-10,2.2722941e-05,-1.4669162,-0.04070357,1.0,1.0,1.0,8.0,19.0,8.771318e-12,1.4182804e-12,1225.0,250.0,2.1074776e-12,1.0326641e-11,0
5.0,290.0,49.0,0.2065822,0.060057383,0.24506608,0.8904942,1.3900337,2.0,1.0,1.0,1.0,2.0,0.019529292,0.062029947,4200.0,245.0,0.00020709443,0.0012256609,1
5.0,165.0,34.0,0.19885688,0.048758913,0.22081421,-1.3265814,0.574202,1.0,1.0,1.0,1.0,6.0,0.0024254415,0.00034149803,825.0,170.0,0.00029550857,0.0014340857,0
5.0,620.0,125.0,2.5255279e-06,3.155703e-10,1.7764298e-05,-1.1119505,-0.33725446,1.0,1.0,1.0,32.0,39.0,9.524894e-13,9.0573886e-13,3100.0,625.0,5.0898435e-13,2.5245624e-12,0
5.0,220.0,45.0,3.8071682e-06,9.405849e-10,3.0668958e-05,-1.4757024,-0.03261509,1.0,1.0,1.0,6.0,14.0,1.913195e-11,2.0119193e-12,1100.0,225.0,4.275386e-12,2.0901888e-11,0
5.0,591.0,119.0,4.045803e-06,1.4561931e-10,1.2067282e-05,-1.4239187,-0.10422248,2.0,1.0,1.0,5.0,19.0,2.0437072e-12,3.4186332e-12,2961.0,595.0,2.4639476e-13,1.2236916e-12,1
1.0,268.0,269.0,-1.8914122e-06,1.7406221e-10,1.3193264e-05,-1.3812053,0.12499758,2.0,2.0,2.0,1.0,4.0,2.7917013e-12,5.903582e-12,360.0,269.0,6.4948584e-13,6.470714e-13,1
5.0,240.0,49.0,0.1598501,0.040101796,0.20025434,-1.1244708,0.74605244,1.0,1.0,1.0,2.0,5.0,0.00128516,0.0006730174,1200.0,245.0,0.00016709082,0.000818404,0
5.0,185.0,38.0,2.1753783e-06,3.8116907e-10,1.9523552e-05,-0.9660563,-0.35013983,1.0,1.0,1.0,4.0,12.0,1.0124947e-11,1.3404853e-12,925.0,190.0,2.0603734e-12,1.0030765e-11,0
5.0,80.0,17.0,-4.4195017e-06,6.414088e-10,2.532605e-05,-1.5010867,-0.0018838214,1.0,1.0,2.0,1.0,1.0,9.184036e-11,1.1812667e-11,400.0,85.0,8.01761e-12,3.772993e-11,0
1.0,162.0,163.0,-4.1057247e-06,9.30549e-11,9.646496e-06,-1.4643085,-0.025162626,1.0,1.0,1.0,48.0,55.0,3.9829595e-13,6.973088e-13,162.0,163.0,5.744129e-13,5.7088893e-13,0
5.0,95.0,20.0,0.06924499,0.00691672,0.08316682,-1.0885509,0.7337334,1.0,1.0,1.0,1.0,3.0,0.001073827,0.00032497957,475.0,100.0,7.280758e-05,0.00034583602,0
1.0,385.0,386.0,8.873187e-06,2.5711402e-10,1.6034775e-05,-1.358049,-0.043619774,1.0,1.0,1.0,106.0,120.0,2.65286e-13,5.4566383e-13,385.0,386.0,6.6782864e-13,6.660985e-13,0
5.0,75.0,16.0,4.0059217e-06,2.7516375e-10,1.6588061e-05,-1.4095105,-0.07150836,1.0,1.0,2.0,2.0,5.0,4.3726817e-11,8.049643e-12,375.0,80.0,3.66885e-12,1.7197735e-11,0
5.0,75.0,16.0,-1.5877667e-06,2.8401573e-10,1.6852766e-05,-1.5055028,0.07759534,1.0,1.0,2.0,1.0,3.0,4.689562e-11,7.853702e-12,375.0,80.0,3.7868766e-12,1.7750983e-11,0
5.0,265.0,54.0,0.24965324,0.03796657,0.19485013,-1.5182865,0.06343362,2.0,1.0,1.0,3.0,4.0,0.0012687311,0.0012011981,1325.0,270.0,0.00014327008,0.0007030847,1
1.0,301.0,302.0,0.22259192,0.13465852,0.36695847,0.23237084,1.3596596,2.0,1.0,1.0,17.0,29.0,0.00024037427,0.00021535507,301.0,302.0,0.00044737046,0.0004458891,0
1.0,263.0,245.0,0.29510865,0.11870717,0.34453908,-1.1108257,0.7266089,1.0,1.0,1.0,14.0,35.0,0.00019492889,0.00016891074,367.0,245.0,0.00045135806,0.00048451909,0
1.0,168.0,169.0,0.34602755,0.11064873,0.33263904,-1.4418169,0.40001363,1.0,1.0,1.0,20.0,23.0,0.00027980318,0.00028562362,168.0,169.0,0.0006586234,0.00065472623,0
5.0,645.0,130.0,-6.0890197e-06,1.0875767e-10,1.0428695e-05,-1.3927754,-0.10406174,1.0,1.0,1.0,35.0,40.0,5.092456e-13,6.329687e-13,3225.0,650.0,1.6861653e-13,8.3659745e-13,0
1.0,188.0,189.0,-5.285984e-06,7.147918e-10,2.673559e-05,-1.2108318,0.00679944,3.0,3.0,1.0,2.0,5.0,2.3485163e-11,4.59914e-11,252.0,189.0,3.802084e-12,3.781967e-12,1
5.0,265.0,54.0,0.039593376,0.003722115,0.06100914,-0.40983248,1.1218358,1.0,1.0,1.0,3.0,4.0,0.00018914204,0.00019488405,1325.0,270.0,1.4045717e-05,6.892806e-05,0
5.0,400.0,81.0,0.58891684,0.14397529,0.37944075,-1.3637131,0.23801556,1.0,1.0,1.0,10.0,27.0,0.0009593549,8.969151e-05,2000.0,405.0,0.00035993822,0.0017774727,0
1.0,418.0,419.0,0.21527556,0.08564381,0.29264963,-0.8280336,0.92544746,1.0,1.0,1.0,40.0,52.0,6.0903458e-05,6.2634266e-05,418.0,419.0,0.0002048895,0.00020440051,0
1.0,173.0,174.0,-2.702156e-06,1.2020045e-10,1.0963597e-05,-0.58989954,-0.66517127,2.0,1.0,1.0,47.0,58.0,2.5786907e-12,7.280366e-12,215.0,174.0,6.948003e-13,6.9080717e-13,0
5.0,80.0,17.0,1.5621015e-06,8.1015195e-10,2.8463168e-05,-1.4749161,-0.008987009,1.0,1.0,2.0,1.0,2.0,1.1517457e-10,1.4654139e-11,400.0,85.0,1.0126899e-11,4.7655997e-11,0
5.0,255.0,52.0,2.0789676e-06,8.995031e-10,2.9991717e-05,-1.4928797,0.07927465,1.0,1.0,1.0,5.0,17.0,1.3647947e-11,1.036309e-12,1275.0,260.0,3.527463e-12,1.7298135e-11,0
5.0,705.0,134.0,-4.673767e-06,4.2527554e-10,2.062221e-05,-0.96534866,-0.4739561,2.0,2.0,1.0,5.0,6.0,7.019435e-11,2.0357666e-10,5325.0,670.0,6.032277e-13,3.173698e-12,1
5.0,235.0,48.0,0.04882283,0.0035327347,0.059436813,-0.7790948,0.92062825,1.0,1.0,1.0,3.0,6.0,0.0002082439,0.00021738182,1175.0,240.0,1.5032914e-05,7.359864e-05,0
1.0,191.0,191.0,3.9081688e-06,6.1512223e-10,2.4801657e-05,-1.4829706,-0.03919693,1.0,1.0,1.0,54.0,67.0,1.0289689e-12,1.0668468e-12,217.0,191.0,3.2205352e-12,3.2205352e-12,0
5.0,110.0,15.0,5.780095e-06,5.817016e-10,2.411849e-05,-0.6501473,-0.6478003,1.0,1.0,1.0,1.0,1.0,7.586736e-11,2.1356117e-11,2350.0,75.0,5.288196e-12,3.8780104e-11,1
5.0,70.0,15.0,1.8569324e-06,2.3763697e-10,1.5415479e-05,-1.2298106,-0.27651262,1.0,1.0,2.0,2.0,1.0,4.95985e-11,2.6000471e-11,350.0,75.0,3.3948137e-12,1.5842464e-11,0
1.0,191.0,193.0,3.8796297e-06,8.70818e-10,2.9509625e-05,-1.4228221,-0.019326774,1.0,1.0,1.0,50.0,68.0,1.2061807e-12,9.187912e-13,267.0,193.0,4.559256e-12,4.51201e-12,0
5.0,385.0,78.0,0.21888736,0.12427405,0.35252526,0.17099819,1.3302617,1.0,1.0,1.0,2.0,7.0,0.0022328547,0.00018821655,1925.0,390.0,0.00032278977,0.0015932572,0
5.0,190.0,39.0,-5.1862065e-07,7.1988776e-11,8.48462e-06,-1.4484162,-0.12482253,1.0,1.0,1.0,7.0,14.0,2.3429288e-12,1.1208849e-12,950.0,195.0,3.7888827e-13,1.845866e-12,0
1.0,535.0,536.0,3.355088e-06,3.4188838e-10,1.8490224e-05,-0.6667262,-0.45839992,6.0,5.0,3.0,8.0,13.0,3.2027932e-11,7.243442e-11,615.0,536.0,6.390437e-13,6.378515e-13,1
5.0,80.0,17.0,6.8488253e-06,5.590718e-10,2.36447e-05,-1.0778638,-0.26565638,1.0,1.0,1.0,2.0,3.0,7.022379e-11,1.8790032e-11,400.0,85.0,6.9883973e-12,3.2886575e-11,0
5.0,225.0,46.0,7.0375036e-06,1.6455146e-10,1.2827761e-05,-1.4350848,-0.1503978,1.0,1.0,1.0,10.0,14.0,3.4485327e-12,6.794138e-13,1125.0,230.0,7.313398e-13,3.5772054e-12,0
1.0,192.0,193.0,2.5781328e-06,2.5457916e-10,1.5955537e-05,-1.5101904,-0.02823237,1.0,1.0,1.0,27.0,26.0,1.3298934e-12,2.4942698e-12,192.0,193.0,1.3259332e-12,1.319063e-12,1
5.0,260.0,53.0,0.3411487,0.21785949,0.46675423,-0.60731333,0.9924924,1.0,1.0,1.0,1.0,5.0,0.0059437603,0.000426855,1300.0,265.0,0.00083792116,0.0041105566,0
1.0,513.0,514.0,-6.1266387e-06,1.9427539e-10,1.393827e-05,-1.1471208,-0.20452237,1.0,1.0,1.0,154.0,166.0,2.7729612e-13,7.4402214e-13,645.0,514.0,3.7870445e-13,3.7796768e-13,0
5.0,217.0,44.0,1.3877711e-06,3.039135e-10,1.7433114e-05,-1.2766864,-0.12587968,1.0,1.0,1.0,5.0,11.0,6.4347746e-12,9.176553e-13,1097.0,220.0,1.400523e-12,6.907125e-12,0
5.0,75.0,16.0,-1.6520812e-07,5.8522215e-10,2.4191364e-05,-1.5062096,-0.039653834,1.0,1.0,2.0,1.0,2.0,9.5658856e-11,1.2025952e-11,375.0,80.0,7.802961e-12,3.6576384e-11,0
5.0,415.0,84.0,0.23379822,0.08428091,0.29031175,-1.0105093,0.7851636,2.0,1.0,1.0,1.0,2.0,0.0036368617,0.008808679,2075.0,420.0,0.00020308651,0.0010033441,1
5.0,210.0,43.0,-3.6402705e-06,9.747941e-11,9.873166e-06,-1.0762783,0.006976369,2.0,1.0,1.0,1.0,3.0,1.11739585e-11,1.8342073e-11,1050.0,215.0,4.641877e-13,2.266963e-12,1
1.0,232.0,233.0,0.36966842,0.17539471,0.41880152,-0.8475842,0.8658037,1.0,1.0,1.0,16.0,21.0,0.00029677083,0.00020828334,232.0,233.0,0.0007560117,0.000752767,0
1.0,210.0,211.0,2.9755845e-06,8.370861e-10,2.893244e-05,-1.4931357,-0.00934634,1.0,1.0,1.0,42.0,53.0,2.4948724e-12,4.621312e-12,210.0,211.0,3.9861244e-12,3.967233e-12,0
5.0,1070.0,215.0,8.069335e-06,4.0060424e-11,6.3293305e-06,-1.4584783,-0.021265797,1.0,1.0,1.0,65.0,72.0,2.8620487e-13,7.630056e-13,5350.0,1075.0,3.743965e-14,1.8632756e-13,0
5.0,215.0,44.0,0.32197422,0.0795105,0.28197607,-1.5477785,0.1950612,1.0,1.0,1.0,2.0,7.0,0.001981988,0.00043865747,1075.0,220.0,0.0003698163,0.0018070568,0
1.0,219.0,220.0,-6.086075e-07,6.24582e-10,2.499164e-05,-1.2190706,-0.22706348,1.0,1.0,1.0,55.0,67.0,8.0622276e-13,8.6782626e-13,219.0,220.0,2.8519726e-12,2.839009e-12,0
1.0,302.0,284.0,0.24425165,0.116340406,0.3410871,-0.14684354,1.2089429,1.0,1.0,1.0,14.0,17.0,0.00033300146,0.00055601215,422.0,284.0,0.0003852331,0.0004096493,1
5.0,275.0,56.0,3.6441684e-06,3.7005107e-10,1.9236712e-05,-1.0717089,-0.32865202,1.0,1.0,1.0,9.0,17.0,4.7201483e-12,6.7743906e-13,1375.0,280.0,1.3456403e-12,6.6080552e-12,0
1.0,675.0,676.0,1.8137951e-05,1.1296772e-10,1.0628627e-05,1.799849,-1.091506,2.0,2.0,2.0,2.0,2.0,1.1859177e-11,2.3782134e-11,675.0,676.0,1.6735959e-13,1.6711201e-13,1
5.0,605.0,122.0,-3.3664687e-06,3.294798e-10,1.8151579e-05,-1.429715,0.08629268,2.0,1.0,1.0,1.0,4.0,8.1006885e-12,1.511116e-11,3025.0,610.0,5.445947e-13,2.7006542e-12,1
1.0,214.0,215.0,4.753304e-06,5.2282206e-10,2.2865303e-05,-0.8951683,-0.4598388,1.0,1.0,1.0,29.0,40.0,1.165496e-12,1.993714e-12,214.0,215.0,2.4430937e-12,2.4317304e-12,1
1.0,327.0,302.0,0.26343173,0.1369112,0.3700151,-0.5402604,1.0422485,1.0,1.0,1.0,18.0,30.0,0.00018257275,0.00017126168,441.0,302.0,0.00041868867,0.00045334833,0
1.0,202.0,203.0,6.426003e-07,2.2883341e-10,1.5127241e-05,-1.2901576,-0.153584,1.0,1.0,1.0,55.0,61.0,1.8863572e-12,5.2961485e-12,264.0,203.0,1.1328386e-12,1.1272581e-12,0
5.0,260.0,53.0,-5.113134e-07,8.891179e-10,2.981808e-05,-1.2660688,-0.09807718,1.0,1.0,1.0,5.0,17.0,1.1666475e-11,1.0214177e-12,1300.0,265.0,3.4196842e-12,1.677581e-11,0
5.0,340.0,69.0,0.18331388,0.09333578,0.30550903,0.35556772,1.3969647,1.0,1.0,1.0,1.0,6.0,0.002280916,0.00018177189,1700.0,345.0,0.000274517,0.0013526924,0
1.0,208.0,209.0,3.701089e-06,3.5582595e-10,1.886335e-05,-0.9450611,-0.45540312,1.0,1.0,1.0,46.0,52.0,1.5466609e-12,3.4636007e-12,220.0,209.0,1.7107017e-12,1.7025165e-12,0
5.0,275.0,56.0,1.2552324e-06,4.2077253e-10,2.0512742e-05,-1.4668701,-0.052964766,1.0,1.0,1.0,11.0,18.0,5.8338096e-12,1.6983813e-12,1375.0,280.0,1.5300819e-12,7.513795e-12,0
5.0,375.0,76.0,-1.6375096e-06,9.488276e-10,3.0803043e-05,-1.424344,0.09793677,1.0,1.0,1.0,13.0,26.0,6.8321217e-12,1.1608783e-12,1875.0,380.0,2.5302067e-12,1.2484573e-11,0
5.0,615.0,124.0,2.5178539e-05,2.342575e-10,1.5305473e-05,-1.4059718,-0.18573184,1.0,1.0,1.0,33.0,40.0,8.415952e-13,7.2390856e-13,3075.0,620.0,3.8090652e-13,1.8891735e-12,0
5.0,271.0,55.0,-2.9126306e-06,4.4563267e-10,2.1110014e-05,-1.3939949,-0.07995523,1.0,1.0,1.0,5.0,18.0,5.959266e-12,6.652705e-13,1361.0,275.0,1.644401e-12,8.102412e-12,0
5.0,95.0,20.0,5.6908275e-06,6.193378e-10,2.4886498e-05,-0.9768611,-0.21183215,1.0,1.0,2.0,2.0,4.0,6.775226e-11,1.8691522e-11,475.0,100.0,6.5193454e-12,3.096689e-11,0
5.0,205.0,42.0,0.12648037,0.020633202,0.14364262,-0.8543494,0.855789,1.0,1.0,1.0,2.0,11.0,0.0008460128,0.00019162302,1025.0,210.0,0.00010064976,0.0004912667,0
1.0,279.0,280.0,8.5331436e-07,3.4942832e-10,1.8693001e-05,0.63111734,0.55205226,4.0,3.0,2.0,4.0,6.0,1.2711755e-10,2.9606662e-10,309.0,280.0,1.2524312e-12,1.2479582e-12,1
5.0,630.0,127.0,0.405087,0.17955856,0.42374352,-1.382292,0.4799607,2.0,1.0,1.0,12.0,26.0,0.00060461456,0.000103344326,3150.0,635.0,0.0002850136,0.001413847,0
5.0,346.0,70.0,-1.0565161e-05,2.6745137e-10,1.635394e-05,-1.0005963,-0.32542172,3.0,1.0,1.0,3.0,3.0,4.1912036e-11,8.0227845e-11,1736.0,350.0,7.7298085e-13,3.820734e-12,1
5.0,186.0,38.0,0.3892985,0.20578635,0.4536368,-1.1375443,0.69008285,1.0,1.0,1.0,2.0,10.0,0.008598431,0.0015755016,936.0,190.0,0.0011063782,0.0054154303,0
5.0,435.0,88.0,0.4762031,0.17982367,0.4240562,-1.4307295,0.31566086,1.0,1.0,1.0,7.0,19.0,0.00107302,0.00018629734,2175.0,440.0,0.00041338772,0.0020434507,0
5.0,100.0,21.0,1.2469965e-05,5.0605653e-10,2.24957e-05,-1.1075575,-0.3784665,1.0,1.0,1.0,2.0,5.0,4.8450754e-11,8.726981e-12,500.0,105.0,5.0605652e-12,2.409793e-11,0
1.0,455.0,405.0,0.042203102,0.0031337293,0.05597972,0.41420558,1.3880934,2.0,1.0,1.0,38.0,77.0,1.0676776e-05,1.01529195e-05,629.0,405.0,6.8873173e-06,7.7376035e-06,1
1.0,187.0,189.0,-1.7873969e-06,9.552887e-10,3.0907744e-05,-1.498484,0.0116839865,1.0,1.0,1.0,54.0,63.0,1.3363104e-12,8.3011717e-13,261.0,189.0,5.108496e-12,5.0544378e-12,0
5.0,215.0,44.0,-7.767225e-06,2.0605238e-10,1.4354525e-05,-1.4967066,-0.012081324,1.0,1.0,1.0,9.0,14.0,4.789886e-12,1.412717e-12,1075.0,220.0,9.583832e-13,4.6830088e-12,0
5.0,265.0,54.0,1.2761623e-06,7.094847e-10,2.6636153e-05,-1.4737407,0.06417802,1.0,1.0,1.0,7.0,16.0,1.0171076e-11,1.5113273e-12,1325.0,270.0,2.6773007e-12,1.3138605e-11,0
5.0,230.0,47.0,6.1859287e-06,1.3687627e-10,1.1699413e-05,-1.3888053,-0.13318042,1.0,1.0,1.0,11.0,14.0,2.7288972e-12,1.392509e-12,1150.0,235.0,5.9511424e-13,2.9122611e-12,0
5.0,250.0,51.0,6.863399e-07,3.5525521e-10,1.8848215e-05,-1.4547702,-0.04016033,1.0,1.0,1.0,7.0,15.0,5.8725967e-12,1.5117331e-12,1250.0,255.0,1.4210209e-12,6.9657886e-12,0
5.0,700.0,141.0,9.445328e-07,1.9176201e-10,1.3847816e-05,-1.3808427,-0.1811462,1.0,1.0,1.0,39.0,48.0,5.915052e-13,7.072624e-13,3500.0,705.0,2.7394572e-13,1.3600142e-12,0
5.0,190.0,39.0,0.26793352,0.113010235,0.33616996,-1.0139279,0.7942816,1.0,1.0,1.0,1.0,2.0,0.0048948415,0.0005223712,950.0,195.0,0.0005947907,0.0028976982,0
5.0,245.0,50.0,0.22183825,0.05746035,0.23970889,-0.623246,0.92178875,2.0,1.0,1.0,3.0,2.0,0.005724094,0.012452898,1225.0,250.0,0.00023453202,0.001149207,1
5.0,145.0,30.0,8.573447e-06,2.502306e-10,1.5818678e-05,-0.788751,-0.6514514,1.0,1.0,1.0,2.0,9.0,6.6903314e-12,1.045652e-12,725.0,150.0,1.7257282e-12,8.34102e-12,0
5.0,505.0,102.0,-1.8906312e-05,2.592045e-10,1.609983e-05,-1.1970623,-0.28059238,1.0,1.0,1.0,26.0,34.0,1.0617379e-12,7.1020723e-13,2525.0,510.0,5.132762e-13,2.5412207e-12,0
5.0,245.0,50.0,3.454613e-06,3.242471e-10,1.8006862e-05,-1.1539485,-0.27975318,1.0,1.0,1.0,8.0,17.0,5.3443933e-12,1.4395606e-12,1225.0,250.0,1.3234576e-12,6.484942e-12,0
5.0,265.0,54.0,0.2380299,0.05922075,0.24335313,-1.1275933,0.6269289,1.0,1.0,1.0,2.0,9.0,0.0013236733,0.0002012717,1325.0,270.0,0.00022347452,0.0010966805,1
5.0,220.0,45.0,-2.5885925e-06,4.829758e-10,2.1976712e-05,-0.87884116,-0.6117401,1.0,1.0,1.0,8.0,14.0,6.118876e-12,1.0098047e-12,1100.0,225.0,2.1953446e-12,1.0732796e-11,0
5.0,600.0,121.0,8.8912367e-07,3.6714548e-10,1.9161042e-05,-1.4362106,0.12703395,1.0,1.0,1.0,36.0,40.0,1.257607e-12,7.1626223e-13,3000.0,605.0,6.119091e-13,3.0342601e-12,0
1.0,504.0,505.0,0.060937535,0.008352625,0.0913927,0.06832747,1.3100832,1.0,1.0,1.0,47.0,91.0,8.06942e-06,9.846431e-06,504.0,505.0,1.657267e-05,1.6539852e-05,0
5.0,225.0,46.0,0.32505774,0.16736652,0.40910453,-0.942599,0.81988794,1.0,1.0,1.0,2.0,9.0,0.005328046,0.000812918,1125.0,230.0,0.0007438512,0.0036384026,0
5.0,80.0,17.0,1.1264297e-05,5.7360355e-10,2.3950022e-05,-1.0037714,-0.29212818,1.0,1.0,1.0,1.0,3.0,7.754965e-11,2.1237593e-11,400.0,85.0,7.1700445e-12,3.3741388e-11,0
1.0,636.0,638.0,-1.4712704e-05,2.2924992e-10,1.5141001e-05,-1.3350745,0.17360589,1.0,1.0,1.0,181.0,194.0,2.476704e-13,6.344947e-13,888.0,638.0,3.6045586e-13,3.593259e-13,0
5.0,620.0,125.0,-1.32723635e-05,3.7285255e-10,1.9309391e-05,-1.3785802,0.24497549,1.0,1.0,1.0,29.0,40.0,1.181969e-12,6.2483336e-13,3100.0,625.0,6.013751e-13,2.9828206e-12,0
1.0,525.0,526.0,-7.011938e-07,2.347243e-10,1.5320715e-05,-0.7189909,-0.8049939,1.0,1.0,1.0,160.0,178.0,2.53152e-13,5.989031e-13,733.0,526.0,4.470939e-13,4.4624393e-13,1
5.0,255.0,52.0,-6.0244366e-07,1.0555071e-09,3.248857e-05,-1.5000572,0.0132834455,1.0,1.0,1.0,4.0,16.0,1.6198298e-11,1.8012949e-12,1275.0,260.0,4.1392436e-12,2.0298214e-11,0
5.0,229.0,46.0,-9.333507e-08,1.6492921e-10,1.2842476e-05,-1.5034513,-0.0128781395,1.0,1.0,1.0,5.0,14.0,3.2905122e-12,5.6271903e-13,1169.0,230.0,7.2021485e-13,3.5854176e-12,0
5.0,80.0,17.0,4.3325676e-07,2.8933997e-10,1.7009996e-05,-1.2254424,-0.24401218,1.0,1.0,2.0,1.0,3.0,3.8185125e-11,5.575073e-12,400.0,85.0,3.6167495e-12,1.7019998e-11,0
5.0,245.0,50.0,-1.2955501e-05,1.14148475e-10,1.0684029e-05,-1.3357698,-0.1694696,2.0,2.0,1.0,1.0,2.0,4.404785e-11,9.0650945e-11,1225.0,250.0,4.6591214e-13,2.2829694e-12,1
5.0,180.0,37.0,1.3822939e-05,1.08004744e-10,1.0392533e-05,-1.4777834,-0.02740523,1.0,1.0,1.0,6.0,10.0,3.4952438e-12,8.290412e-13,900.0,185.0,6.000264e-13,2.9190472e-12,0
5.0,250.0,51.0,5.17153e-07,2.750658e-10,1.6585107e-05,-1.4572109,-0.069543265,1.0,1.0,1.0,10.0,18.0,4.577025e-12,1.2013685e-12,1250.0,255.0,1.1002632e-12,5.393447e-12,0
5.0,280.0,57.0,0.23698306,0.11550319,0.3398576,-0.046821486,1.2465519,1.0,1.0,1.0,1.0,5.0,0.003533849,0.0004283535,1400.0,285.0,0.0004125114,0.002026372,0
5.0,280.0,57.0,0.19351788,0.07635064,0.2763162,-0.42768914,1.0864693,1.0,1.0,1.0,2.0,7.0,0.0020181914,0.00023620883,1400.0,285.0,0.00027268083,0.0013394848,0
5.0,85.0,18.0,1.922645e-06,4.7585863e-10,2.1814185e-05,-1.2231413,-0.24434604,1.0,1.0,2.0,1.0,2.0,5.855924e-11,6.313036e-12,425.0,90.0,5.598337e-12,2.643659e-11,0
1.0,488.0,489.0,0.08534144,0.017441485,0.1320662,-0.25698638,1.1903255,2.0,1.0,1.0,11.0,33.0,1.9777799e-05,1.7922004e-05,488.0,489.0,3.5740748e-05,3.5667657e-05,0
5.0,85.0,18.0,0.06323588,0.0056696297,0.075296946,-1.1331494,0.69886184,1.0,1.0,1.0,1.0,4.0,0.0010797676,0.00045182797,425.0,90.0,6.670153e-05,0.00031497944,0
5.0,90.0,19.0,9.71122e-06,4.9350685e-10,2.2215014e-05,-0.99324614,-0.22798079,1.0,1.0,1.0,1.0,4.0,5.290494e-11,8.763904e-12,450.0,95.0,5.4834097e-12,2.5974046e-11,0
1.0,229.0,230.0,-1.5955612e-06,6.086603e-10,2.4671042e-05,-0.81262267,0.38974607,1.0,1.0,1.0,1.0,1.0,9.853793e-12,1.9199652e-11,229.0,230.0,2.6579054e-12,2.646349e-12,1
1.0,594.0,595.0,1.170788e-05,5.592877e-10,2.3649265e-05,-0.28459257,-0.8261875,3.0,2.0,2.0,2.0,3.0,4.1122804e-12,1.029918e-11,772.0,595.0,9.415618e-13,9.399793e-13,1
5.0,620.0,125.0,0.39035547,0.18955679,0.4353812,-1.2078226,0.6189021,1.0,1.0,1.0,9.0,24.0,0.00069730345,9.977842e-05,3100.0,625.0,0.00030573676,0.0015164543,0
1.0,402.0,393.0,0.006783675,6.4706044e-05,0.008044007,-1.2601895,0.6264849,33.0,1.0,1.0,43.0,58.0,1.8879748e-06,5.0356084e-06,514.0,393.0,1.6096031e-07,1.6464642e-07,0
1.0,176.0,178.0,5.5313e-06,4.2015405e-10,2.0497659e-05,-1.4436734,-0.032504447,1.0,1.0,1.0,52.0,57.0,7.5662014e-13,6.8787744e-13,230.0,178.0,2.3872388e-12,2.360416e-12,0
5.0,205.0,42.0,0.208664,0.04433825,0.21056649,-1.370611,0.5188543,1.0,1.0,1.0,3.0,7.0,0.0014510187,0.0003615618,1025.0,210.0,0.00021628414,0.0010556725,0
1.0,253.0,254.0,0.34096503,0.16948108,0.41168082,-1.0694627,0.7477951,1.0,1.0,1.0,22.0,38.0,0.0002307521,0.00017565105,253.0,254.0,0.0006698857,0.0006672484,0
1.0,289.0,290.0,6.4501082e-06,1.4446053e-10,1.20191735e-05,-0.64824444,-0.69143903,1.0,1.0,1.0,86.0,92.0,3.5335892e-13,8.7018744e-13,389.0,290.0,4.9986344e-13,4.981398e-13,0
5.0,211.0,43.0,-4.4984167e-06,3.5387396e-10,1.8811537e-05,-1.4822913,0.026661703,1.0,1.0,1.0,3.0,15.0,7.984403e-12,7.5525084e-13,1061.0,215.0,1.6771278e-12,8.229627e-12,0
1.0,224.0,225.0,7.611515e-06,6.5771194e-10,2.5645895e-05,-1.4093672,-0.019772219,1.0,1.0,1.0,66.0,78.0,8.3374e-13,9.467215e-13,224.0,225.0,2.936214e-12,2.923164e-12,0
5.0,100.0,21.0,-3.8443773e-06,3.5633027e-10,1.8876714e-05,-1.1383351,-0.34580705,1.0,1.0,1.0,1.0,4.0,2.5139809e-11,2.6462313e-12,500.0,105.0,3.5633029e-12,1.696811e-11,0
1.0,329.0,323.0,0.2523417,0.14351659,0.37883583,0.067557864,1.2904482,1.0,1.0,1.0,24.0,32.0,0.00021480616,0.00021543242,379.0,323.0,0.00043622064,0.0004443238,0
5.0,105.0,22.0,0.12293349,0.016860742,0.12984891,-1.1945496,0.61583006,1.0,1.0,1.0,1.0,3.0,0.0018936191,0.00046377195,525.0,110.0,0.0001605785,0.00076639734,0
5.0,100.0,21.0,1.6956592e-06,2.3477134e-10,1.532225e-05,-1.4643263,-0.088791154,1.0,1.0,2.0,1.0,5.0,2.2777502e-11,2.6128153e-12,500.0,105.0,2.3477134e-12,1.1179588e-11,0
1.0,186.0,186.0,2.950818e-06,2.2553193e-10,1.501772e-05,-1.3697705,-0.091147795,1.0,1.0,1.0,53.0,62.0,4.7205924e-13,6.3471244e-13,244.0,186.0,1.2125372e-12,1.2125372e-12,0
1.0,210.0,211.0,2.2333243e-06,1.1855512e-10,1.0888302e-05,-1.3407377,-0.032497883,2.0,1.0,1.0,25.0,34.0,6.808675e-13,1.40008e-12,252.0,211.0,5.645482e-13,5.618726e-13,1
5.0,207.0,42.0,9.328748e-06,7.7445085e-11,8.800289e-06,0.014950647,-0.37968743,9.0,2.0,1.0,9.0,9.0,6.8750575e-11,2.0977277e-10,1047.0,210.0,3.7413085e-13,1.8439306e-12,1
5.0,235.0,48.0,6.8278814e-07,2.2549305e-10,1.5016426e-05,-1.4712234,-0.02492723,1.0,1.0,1.0,8.0,15.0,4.2347306e-12,1.0171498e-12,1175.0,240.0,9.595449e-13,4.697772e-12,0
5.0,235.0,48.0,2.8161487e-06,6.120355e-10,2.4739351e-05,-0.7197767,-0.2727091,2.0,1.0,1.0,3.0,5.0,1.4114483e-10,3.5653874e-10,1175.0,240.0,2.6044063e-12,1.275074e-11,1
1.0,136.0,123.0,0.070852734,0.0050712693,0.07121284,-1.3271804,0.46424538,1.0,1.0,1.0,18.0,21.0,8.515664e-05,0.000181046,190.0,123.0,3.7288744e-05,4.1229832e-05,1
5.0,264.0,54.0,8.327526e-06,3.6409703e-10,1.9081326e-05,-0.98581284,-0.43250647,1.0,1.0,1.0,9.0,18.0,3.8498514e-12,8.8305556e-13,1336.0,270.0,1.3791554e-12,6.7425375e-12,0
5.0,665.0,134.0,0.4207553,0.15016225,0.38750774,-1.385835,0.44846648,2.0,1.0,1.0,20.0,40.0,0.00046109437,8.897742e-05,3325.0,670.0,0.00022580789,0.0011206138,0
5.0000243,85.00004,18.000046,-5.8075377e-05,-1.4093148e-05,6.356826e-05,-1.2615588,-0.20500624,1.0000118,1.0000405,1.9999255,0.99994993,2.9999433,-1.5460108e-05,8.1070364e-05,425.00003,90.00003,-0.00048739274,4.543935e-06,0
5.000057,419.99994,85.00008,0.65605885,0.06666099,0.25810057,-1.3263185,0.04421443,0.9999745,1.0000265,0.9999929,9.999859,30.000002,0.00041994997,0.000111015775,2100.0,425.0,-0.00069740147,0.00072038505,0
0.9999823,252.00003,235.99994,0.27548072,0.11621073,0.3410287,-1.0621687,0.7666182,0.99991417,1.0000608,1.0000398,9.0000515,22.999939,0.00021578641,0.00018540805,332.00012,236.00003,-0.00039755195,0.00036165383,0
4.999995,75.00005,15.999973,3.548616e-05,2.7220354e-05,8.847908e-06,-1.4464084,-0.087402664,0.99997747,1.0000732,1.9999264,2.0000346,2.00004,4.1833362e-05,1.1722858e-05,375.00006,80.00005,-0.0005305314,3.6316655e-05,0
0.99995184,228.99998,229.99992,4.9429316e-05,0.00018418935,-3.0129826e-05,-1.4942336,0.019845989,0.99999565,0.9998827,0.99999076,63.999905,63.99993,6.11682e-05,0.00016902502,288.99988,229.99994,-0.0011191402,1.5719994e-05,0
1.0000302,190.99998,191.99995,1.2688674e-05,4.3501466e-05,3.3105414e-05,-0.67523235,-0.6911398,1.0000051,1.0000196,1.0000776,37.99998,35.999992,8.222685e-05,1.1446964e-05,239.0,192.00002,-0.00052052137,2.0036641e-05,0
5.0000057,785.0,158.00003,-9.521261e-06,7.844883e-05,1.2052632e-05,-1.3452979,-0.25838596,1.0000191,1.0000159,1.0001068,38.000015,56.000008,7.416447e-05,8.516855e-05,3925.0,790.0,-0.0005560464,5.661228e-06,0
4.999994,205.00002,42.00001,8.301326e-06,4.380421e-05,8.5867e-05,-1.4792405,-0.05420681,1.000045,1.0000082,1.0000336,3.000021,11.000033,4.6862948e-05,9.328511e-05,1025.0001,210.00005,-0.0004936152,-1.0256505e-05,0
1.0000051,174.99998,177.00002,-1.9390183e-05,-1.1487018e-05,1.3173202e-05,-0.8984017,-0.55452025,3.0000165,1.00003,1.0000129,32.99996,28.000002,2.7536029e-05,9.016239e-05,241.00006,176.99998,-0.0003591282,1.1650571e-05,0
5.0000987,84.99997,17.99999,1.0777109e-06,2.0378626e-05,-8.275355e-06,-0.86793834,-0.5139178,0.99997985,0.99998325,0.99999034,1.0000299,3.0000043,1.7219843e-05,3.3779736e-05,425.0,90.000015,-0.0004719672,-1.127649e-05,0
1.0000246,609.0,610.0,3.6455982e-05,3.6494796e-06,2.5255718e-05,-1.2157205,-0.082698025,7.000034,2.000019,2.0000076,9.000034,14.000021,1.583812e-05,-4.45542e-05,609.0,610.0,0.00034994137,-1.1413473e-05,1
5.000021,640.0,129.00003,0.000102436104,-1.8654542e-05,8.338739e-06,-1.178181,-0.12966771,1.000027,1.0000244,1.0000802,30.000023,40.999977,7.654366e-05,0.000104571154,3200.0,645.0,-0.00048353567,5.6877445e-05,0
0.9998084,184.00002,185.00005,6.118495e-06,1.5557693e-07,9.829548e-05,-1.5034151,-0.011552606,1.0000062,1.000129,0.9999605,53.0,63.999977,0.00015400148,0.00016585561,184.00002,185.0,-0.0010444851,5.7671696e-05,0
1.0000324,180.00009,181.00006,0.000109189816,-8.012161e-05,8.329391e-05,-1.4511151,-0.051217247,1.0001073,1.0000508,1.0001143,47.00003,63.99989,0.0001778555,0.00010141456,231.99998,181.0,-0.0010051964,3.2617027e-05,0
1.0001097,442.0,444.0004,-1.2194848e-05,0.00023467896,0.00013183204,-1.4411553,0.033507857,0.9999239,1.0000622,1.0001682,115.00006,126.99987,0.00017146631,0.0005246948,618.0,444.00006,-0.0021165991,-2.4414718e-05,0
1.0000159,305.99997,307.0,-3.1120894e-06,-7.485864e-06,9.279005e-06,-1.1093984,-0.21246651,1.0000014,1.0000113,1.0,1.999976,0.999985,-1.9110826e-06,-1.890599e-05,306.0,307.00003,0.00018138629,-3.9111956e-06,1
5.0000463,84.999954,17.999968,4.4372257e-05,-3.4575784e-05,-5.7986796e-05,-1.4393133,-0.08953996,1.0000339,0.9999854,2.0000224,0.9999169,4.0000467,-8.663949e-06,8.9802656e-05,425.00003,89.99992,-0.0005457029,-2.5331667e-05,0
4.9998746,420.0,85.00008,0.7222404,0.03588546,0.18943265,-1.46201,0.23288305,2.00001,1.0000376,1.0000436,18.999952,29.999928,0.00030139857,0.00021125306,2100.0,425.00003,-0.00070611935,0.00038401157,0
1.0002022,285.00006,286.0001,2.3204648e-05,0.00021548502,0.00011634623,-1.4411452,0.029877234,1.0000303,1.0000584,0.99995816,91.00002,100.00019,6.2093735e-05,0.00018307677,391.0001,285.99988,-0.0017567343,-4.904959e-05,0
5.000015,235.00003,47.999954,-2.2460596e-05,1.969716e-05,4.191836e-05,-1.3645269,-0.06100448,1.0001023,1.0000488,0.999972,7.000063,16.000038,0.00012552271,6.494934e-05,1175.0,240.00003,-0.00052608515,-1.1144259e-05,0
5.000003,84.99999,17.999985,-3.6078538e-05,-3.0925974e-05,2.4102508e-06,-0.97828877,-0.27620876,0.99995685,1.0000007,1.0000205,1.0000585,3.999996,1.4734471e-05,-1.05378185e-05,425.00006,90.00002,-0.0004966471,-2.3727265e-05,0
5.000031,224.99998,46.00005,-2.6923468e-05,-2.080072e-05,2.3416247e-05,-1.5051903,0.069102906,1.0000559,0.99999624,1.0000558,2.9999905,15.0000305,1.567683e-05,9.908366e-05,1125.0,230.00002,-0.0005152554,-8.991726e-05,0
0.99984455,206.00005,207.0001,4.033671e-05,0.00013742203,0.00015318919,-1.4961381,0.0102855805,1.0000708,1.0000328,1.0000931,58.000072,69.00014,0.00012327453,0.00019782926,287.99997,206.99997,-0.001142263,2.3041806e-05,0
5.0000253,65.00001,14.000054,-5.4506313e-06,-3.3880955e-05,-6.8410855e-06,-0.6505746,-0.58522946,0.999972,1.0000533,1.9999814,1.9999865,2.999968,3.94744e-05,7.282492e-05,325.00003,69.99999,-0.0004802123,-1.6147153e-05,0
5.0000186,420.00006,85.0,0.5967235,0.10700384,0.32701057,-1.4555618,0.08686533,0.99996585,1.0000428,1.0000185,9.00003,27.000118,0.0005901428,0.00016307754,2100.0,425.00003,-0.00074494246,0.0012386969,0
5.000117,225.00005,45.999844,0.32510856,0.16723424,0.40917352,-0.94256383,0.8198786,1.0000092,1.0001085,0.9998705,2.0000758,9.000063,0.0054566264,0.0009511586,1124.9999,230.00005,-0.0005948472,0.0036475814,0
0.9998269,771.9997,773.99976,2.260335e-05,1.1416348e-05,0.0001864232,-0.88611495,-0.5622542,0.9998275,1.0002924,1.0003921,240.00005,256.0005,0.00058198406,0.00081133575,1007.9995,774.0002,-0.004413123,1.2741027e-05,0
5.000091,195.00012,39.99996,0.319745,0.1292613,0.35961112,-1.2517835,0.6100441,1.0000356,0.99999285,1.0000857,1.0001577,8.000055,0.004768676,0.0006417071,974.99994,199.99992,-0.00058779964,0.0032710955,0
5.0000157,265.0,54.000023,0.039598387,0.0037383435,0.06099529,-0.4098493,1.1218443,0.9999971,1.0000074,0.9999784,3.000021,4.000019,0.00019178422,0.00020882876,1325.0,270.0,-0.00015893223,8.032122e-05,0
1.0000062,618.0,619.0,1.096701e-05,1.9031322e-06,9.769481e-06,-1.1406361,-0.44125617,3.9999974,2.000001,2.000001,19.000006,40.0,4.031068e-06,4.054176e-06,618.0,619.0,-8.9996414e-05,-3.9394004e-06,1
4.999986,100.0,21.000002,2.1938478e-05,1.2874186e-05,4.054972e-06,-1.498553,-0.008824729,0.99999535,1.0000231,2.0000508,1.0000004,3.9999936,1.3312769e-05,8.029085e-05,500.00006,105.00004,-0.0005257189,2.9840221e-05,0
5.000021,95.0,20.000061,0.18095413,0.029835219,0.17258736,-1.3328468,0.49483582,0.99999356,1.0000544,1.0000507,0.99998933,2.0000353,0.0038324757,0.00079643686,475.0,99.99997,-0.0003403977,0.0015875641,0
5.000032,90.00003,18.999977,-2.2970055e-06,-5.0995117e-05,7.101515e-05,-1.4530559,-0.08404539,0.99993473,1.0000309,1.9999886,1.0000336,2.0000904,6.097954e-05,5.6557954e-05,450.0,95.00003,-0.000498674,-1.5122954e-05,0
4.999899,214.99985,43.99993,0.40345016,0.21720856,0.46605608,-1.1710879,0.6620205,0.99995166,0.99984854,1.0001096,1.0000944,1.9999447,0.0065547465,0.00067676423,1075.0001,220.00002,-0.0007383839,0.00509195,0
0.9999939,295.00003,297.0,-2.6047046e-06,4.2241013e-06,1.7912105e-05,-0.7536887,-0.8443056,2.0000181,1.0000181,0.9999934,1.0000005,4.0000243,-2.9737559e-05,4.6172278e-07,407.0,297.00003,0.00020908042,2.4339519e-05,1
0.9998969,288.99994,276.00012,0.3692345,0.17367701,0.41680932,-1.2289321,0.61980623,1.9999632,1.0000447,0.99995524,33.00002,48.99989,0.00027972905,0.00046203495,356.99997,276.00003,-0.0010483974,0.0006706841,0
0.99995655,126.00002,127.000015,0.11799992,0.007215537,0.08486382,-1.3823158,0.3761629,1.0000112,0.9999922,1.0000266,18.999983,23.000002,0.00010480406,0.000205729,126.0,127.00001,-0.00027512896,3.08721e-05,1
5.00002,95.00004,20.000021,0.09796937,0.010085383,0.10022895,-1.3416852,0.53566825,1.0000217,0.9999557,1.0000268,1.000001,5.0000253,0.0014463224,0.0006162741,475.00006,100.0,-0.00039936835,0.00054420024,0
1.0000153,208.00002,209.0,1.50517135e-05,6.0990797e-06,1.2619976e-05,-1.284514,-0.15987106,1.9999999,0.9999978,0.9999947,11.000008,17.00001,-1.1000064e-05,2.9504308e-05,268.0,209.0,-0.00012307134,-2.156587e-06,0
4.9999394,99.99996,21.000061,2.2152162e-06,-5.2226475e-05,4.704262e-05,-1.1383343,-0.34584132,0.9999882,1.0000142,0.9999322,1.0000156,4.0000505,2.6843258e-05,2.9674768e-05,499.99997,105.0,-0.0004977172,3.975583e-06,0
4.9999685,254.99997,52.00017,0.23095468,0.11184603,0.33441952,-0.3994458,1.1015707,1.0000547,1.0000452,1.0000011,2.000035,5.000022,0.003568184,0.00062859064,1275.0,259.99997,-0.0002854491,0.0021915133,0
0.9999256,187.99995,189.00003,0.00011998838,-3.141221e-05,-3.712271e-05,-1.5049661,-0.015464484,1.0001049,0.9999989,0.9999561,40.0,47.000004,2.0247831e-05,2.1192733e-05,187.99994,189.0001,-0.000726933,-7.827495e-07,1
1.0002036,213.00014,195.00008,0.364989,0.1758123,0.41930583,-1.1992292,0.65215033,1.0000999,0.99996364,1.0001149,14.999872,21.999916,0.00037379103,0.00055033324,290.99997,195.00005,-0.0006823441,0.0010536707,0
0.9999445,181.0001,182.0001,-4.49486e-05,-6.5690576e-05,-5.6989407e-05,-1.4981996,0.012296094,1.0001225,1.0000062,1.0000086,41.999958,58.000095,0.00015304949,0.00021224872,242.99992,182.00002,-0.000892214,-2.1765707e-05,0
1.0000329,183.00005,185.00015,4.074886e-05,-2.9941808e-05,-1.1976152e-05,-1.4688861,-0.056232054,1.0001183,1.0001317,1.0000557,57.99999,67.00001,0.00014537999,3.212056e-05,252.99986,185.00005,-0.0011344041,6.7785004e-05,0
5.000049,226.0,46.000027,1.2422746e-05,-3.4460058e-07,6.178066e-05,-1.416913,-0.022723371,0.9999833,1.0000767,1.0000546,2.9999883,14.99997,-1.5998201e-05,9.2186216e-05,1140.0001,229.99994,-0.0005051967,-6.500806e-05,0
4.9999876,220.0,45.00003,6.2216e-05,-2.4745516e-06,5.524444e-07,-1.4976047,-0.0017211675,0.9999866,0.9999766,0.99995744,5.9999948,14.0,4.6509696e-05,0.00012320693,1100.0,225.00002,-0.0005291674,-4.5988363e-05,0
5.000016,255.00003,52.000088,1.4046737e-05,-3.9559636e-05,6.135498e-05,-1.5027932,0.0028949515,0.9999709,1.0000625,1.0000174,4.9999514,15.999994,-7.937993e-05,0.00011602732,1275.0,260.00003,-0.0004994627,7.560795e-08,0
4.999972,229.99998,47.000042,-1.2868429e-06,-1.3563007e-05,5.9077836e-05,-1.4916228,0.027596733,1.0000398,1.0000012,1.0000598,5.0000076,14.000067,4.8281774e-05,6.3699634e-05,1150.0001,234.99998,-0.0004975735,-5.047693e-05,0
1.000061,205.99991,201.0001,0.34488016,0.16711582,0.40894863,-1.1303822,0.7077353,1.0000969,1.000102,1.0001658,19.999912,27.00018,0.0006430431,0.0001753097,217.99992,201.00017,-0.0007767493,0.0009386111,0
1.0000324,168.00002,170.00002,-1.387715e-05,1.7756069e-05,2.2076938e-05,-1.1880193,-0.010145168,2.0000176,2.000022,0.9999921,1.0000372,3.000013,-2.4045205e-05,-9.148678e-07,231.99998,170.0,0.00033542028,3.2883486e-06,1
4.999985,90.000015,19.00002,1.5543164e-05,-3.86238e-05,1.3226153e-06,-1.0183995,-0.2317495,0.99998987,1.0000037,1.0000377,1.0000072,4.999997,-2.3559742e-05,9.6289834e-05,450.0,95.00007,-0.00050062535,-3.676512e-05,0
4.999989,224.99997,46.00012,0.31894618,0.17630614,0.41976994,-0.7228025,0.93825644,1.0000304,1.0000157,1.0001363,1.999962,8.999944,0.0060918587,0.0010596156,1125.0,230.00008,-0.0005644998,0.0037320477,0
4.9999857,205.00003,42.000008,5.7109195e-05,1.8020117e-05,6.2419625e-05,-1.3104826,-0.028128665,0.9999763,1.0000348,1.0000596,7.0000353,12.999981,-2.2669072e-05,4.043462e-05,1024.9999,210.00003,-0.00053354347,6.66455e-05,0
1.0000972,254.99974,257.00003,-0.00018729882,-0.00010776028,-4.2581787e-06,-1.4843043,-0.060173627,1.0001749,0.9997677,1.000053,77.99998,86.99988,8.605591e-05,0.00031876113,357.0,256.9999,-0.0014678247,1.282801e-05,0
5.0000057,231.99998,46.999973,-2.9958368e-05,-7.1149198e-06,4.6596415e-05,-1.5072919,-0.026850455,0.9999685,1.0000262,1.0000657,7.0000515,14.999998,2.3409568e-05,6.531887e-05,1171.9999,234.99995,-0.00053066603,-8.236296e-05,0
1.0002991,473.00012,473.99994,7.612767e-05,-0.00016773457,-0.00019342353,-1.1225923,-0.12115621,0.9999505,1.0000255,0.9998806,143.99986,154.99976,0.0001967688,6.96137e-05,654.9999,474.00027,-0.0027347314,-6.603208e-05,0
5.000039,780.99994,157.00002,-2.9776358e-05,-4.405055e-06,3.076129e-05,-1.034887,-0.1407119,1.0000654,0.9999719,0.99998355,48.00006,51.999977,-7.211748e-05,7.902877e-05,3911.0,785.0,-0.0005481217,-1.4895563e-05,0
5.0000005,74.99996,16.000006,-1.0502333e-05,3.0486632e-05,5.0300067e-05,-1.4898003,0.0043812124,1.0000119,1.0000067,2.0000043,1.0000474,2.0000172,8.012176e-06,0.00015510182,375.0,79.999985,-0.00051189767,4.4758624e-05,0
1.0000579,551.0,552.0,-2.8043069e-05,1.9492049e-05,1.3619121e-05,-1.4080844,0.048980914,2.000024,2.0000174,1.0000207,0.99999815,3.0000045,-3.6640864e-05,-8.3563114e-05,553.0,551.99994,0.0004363062,2.1141097e-05,1
1.0000405,232.00002,233.00002,-3.9040144e-05,8.300013e-06,4.930174e-05,-1.3663329,-0.11006693,2.0000207,1.9999719,2.0000389,2.0000098,3.000015,1.7500792e-05,-5.430099e-05,232.00006,232.99998,0.00032079147,5.1894247e-05,1
1.0000653,841.00006,737.0,0.113318,0.024444059,0.15661821,-0.68111855,0.9857837,4.999854,1.000055,0.99989766,112.00006,114.00026,0.0001534514,0.00017823839,1151.0,737.0001,-0.0016808453,-4.543083e-05,0
0.9999996,192.99998,194.0,7.681542e-08,3.564091e-06,1.9520887e-05,-1.3177503,0.07155657,1.0000104,1.0000061,1.000004,1.0000312,1.0000005,-8.291856e-06,-1.4843437e-05,259.0,194.0,0.00013249887,1.19512e-05,1
1.0000408,293.99994,294.99994,0.3174354,0.14775106,0.38428563,-1.1113383,0.7333154,1.0000204,0.9999814,0.9998308,21.000113,28.00007,0.0001802095,0.0003685778,294.0,295.00003,-0.00060999097,0.00059137377,0
5.0000267,315.00003,63.999985,6.5109525e-05,9.933013e-06,-1.9049181e-05,-1.482612,-0.038554087,0.999996,1.0000349,1.0000124,10.999951,24.000013,6.0806084e-05,8.6437394e-05,1574.9999,319.99994,-0.00057092996,-3.649171e-05,0
5.000004,620.0,125.00001,-3.795221e-06,-1.5108968e-05,4.5019384e-05,-1.1119336,-0.33731794,0.99998415,1.0000147,1.0000553,31.999998,39.000046,3.4895776e-05,7.927527e-05,3100.0,625.00006,-0.00048065349,4.5407443e-05,0
0.9999583,260.00006,261.00003,-0.00011654654,-7.707559e-05,5.7308475e-06,-1.3526995,-0.07176011,1.0000601,0.99989116,0.9998375,78.000084,92.00001,-5.2790772e-05,0.00023016789,260.00006,260.9999,-0.0015883928,-0.0003145051,0
5.000073,70.00004,15.000034,5.5046687e-05,3.5323916e-05,4.544721e-05,-1.2297673,-0.2765168,0.999984,1.000028,1.9999472,2.0000138,1.0000372,-6.459617e-06,9.206159e-05,349.99997,75.00001,-0.00051344134,2.449309e-05,0
0.99992263,362.0,362.9999,-7.258968e-05,0.00026186826,3.0884563e-05,-1.3593942,-0.087965146,1.0000796,0.99999726,1.0001007,109.00018,118.00032,0.00013963698,0.0003090172,456.00015,363.00024,-0.0020212412,-0.00016577936,0
1.0000418,221.00003,221.99992,0.29745215,0.10785041,0.3282816,-1.2732657,0.615833,1.0001594,1.0000861,0.9999573,20.000137,28.999931,0.00028807262,0.00034104328,221.00008,222.00014,-0.0006009117,0.00055830315,0
4.999997,595.00006,120.0,6.8076906e-06,-9.704294e-06,-8.704426e-06,-1.177984,-0.14916465,1.0000231,0.99999565,1.0000306,34.000008,40.999985,5.050062e-05,9.762149e-05,2975.0,600.0,-0.00055761583,-2.6901478e-06,0
1.0000217,237.0,238.00002,4.4775985e-05,-9.023612e-06,6.3454725e-05,-0.07955357,-0.8162333,2.0000024,2.0000412,1.9999461,1.9999698,2.9999816,6.5078467e-07,-7.293849e-05,236.99997,238.00005,0.0004381437,-2.7634489e-05,1
4.9999723,124.99999,26.000002,2.2833929e-05,-2.3904764e-05,7.9093115e-05,-1.3946047,0.035638828,1.0000068,1.0000529,0.9999981,0.9999946,6.999991,1.2689405e-05,7.9449586e-05,625.00006,130.00002,-0.0005241038,-1.5720431e-06,0
5.000026,240.00003,49.00003,2.3089447e-06,6.4362507e-06,4.3076816e-05,-1.5037878,0.11469443,1.0000349,1.0000454,0.9999775,8.999995,14.999995,-6.1692485e-06,0.00011175824,1200.0001,245.00005,-0.00052511186,2.4398438e-05,0
5.0000434,230.00003,46.999996,2.9240711e-05,1.3791571e-05,6.227531e-05,-1.4747932,-0.012666736,0.999989,1.0000278,1.0000345,4.000024,15.000035,4.9508852e-08,6.5782464e-05,1150.0,235.00003,-0.00050009956,-5.3421016e-05,0
1.0001107,368.99982,369.9999,-3.6210633e-06,1.4334332e-05,-0.00012538477,-1.3510867,-0.08335801,0.9998416,0.99998975,1.0000687,116.00005,124.0003,-0.000117562406,0.00052396953,458.99997,369.99988,-0.002173615,-0.00015675926,0
4.999918,245.00005,50.00006,0.2719298,0.12875761,0.35865206,-0.6887964,0.97493494,0.99995667,1.000039,1.000056,0.9999964,11.000032,0.0039352947,0.0003880514,1225.0,249.99994,-0.0005081394,0.0025082855,0
0.99995404,415.00003,416.00003,0.00030838183,-5.0372128e-05,-0.00024371246,-1.4553733,0.038314745,1.0000396,1.0001003,0.9998907,129.00041,137.00029,7.436706e-05,9.123706e-06,507.00012,415.99988,-0.0024208815,-0.0003448812,0
5.0000715,235.00002,48.00005,0.27989858,0.10691919,0.32703516,-1.2066319,0.6607121,0.9999227,0.99994695,1.000035,2.9999492,6.0000334,0.0028164184,0.0006184522,1174.9999,240.00006,-0.0004443305,0.0022399924,0
0.99999833,124.0,105.00001,0.0075053326,0.0001772802,0.0137247415,-0.04647025,1.3536776,5.000001,1.0000091,1.0000057,5.999999,9.000004,8.7425e-06,-3.5901316e-08,170.0,104.999985,0.00013854106,9.715727e-06,1
1.0000193,182.99994,185.00002,1.956903e-05,0.000110369874,-4.755401e-05,-1.4857876,-0.037082896,0.99998784,0.9999161,1.0000072,49.9999,62.000015,6.315606e-05,0.00016566503,255.0,185.00006,-0.0010053061,-3.1797266e-05,0
5.00003,384.99997,78.00001,0.701353,0.045708008,0.21414717,-1.4175038,0.1522361,1.0000792,1.000017,1.0000175,13.999992,23.999973,0.0004292527,0.00013147117,1925.0,389.99997,-0.0006482763,0.00059798505,0
0.9999974,176.99998,178.0,-9.16575e-06,-1.0138267e-06,1.3491901e-05,-0.9285289,-0.36244944,2.0000055,1.0000008,1.0000072,0.99999356,5.9999995,8.679485e-06,-7.0781134e-06,235.0,178.0,0.00010632377,2.1485781e-05,1
1.000095,1039.0,1040.0001,-6.309391e-06,-5.071937e-05,-3.142964e-05,-0.4720636,-0.30999947,2.9999416,2.9999878,3.000095,3.000014,5.0001225,9.565741e-05,-0.000119834316,1431.0001,1040.0,0.0009287597,8.279049e-06,1
4.9999995,185.00002,38.000015,0.12378221,0.021773014,0.14749312,-1.3711122,0.58842796,1.0000001,0.9999974,1.0000132,2.000036,5.000029,0.001478802,0.0016385025,925.0,189.99997,-0.00014450877,0.00056734844,0
5.0000033,220.00005,45.00001,-3.3708635e-05,8.849203e-05,8.00995e-05,-1.4757041,-0.03261962,1.0000467,0.99997747,0.9999931,6.000049,14.000082,8.656024e-05,8.367083e-05,1100.0,224.99998,-0.00053617527,-2.2766224e-05,0
5.0000067,235.0,48.000046,1.2888468e-05,-4.6200574e-05,4.9693295e-05,-1.0621488,-0.3306395,0.9999907,1.0000042,1.0000017,10.9999485,15.000068,2.1095719e-05,2.940396e-05,1175.0,240.0,-0.00051862904,3.0017622e-05,0
4.9999137,400.00003,81.000046,0.58903503,0.14400269,0.37949768,-1.3637801,0.23796679,1.0000333,1.0001237,0.9999907,10.00003,26.999945,0.0010497025,0.00028916245,2000.0,405.0,-0.00085092196,0.0017922191,0
5.000029,75.00003,16.000011,4.5511973e-05,-5.2234802e-05,-1.9952284e-05,-1.339541,-0.113116816,1.0000296,0.99998057,1.9999865,0.99999624,4.000039,6.900065e-05,1.969712e-05,375.00006,80.00005,-0.0005449045,-2.4378503e-05,0
5.0001025,432.00003,87.0,3.1969746e-05,-1.3844287e-05,1.5618421e-05,-0.3341168,-0.71075207,1.0000527,1.0000181,1.0000114,24.999977,29.000017,6.596039e-05,3.7735535e-05,2200.0,435.00003,-0.00047731368,4.7252044e-05,0
4.999946,94.99996,19.999994,5.6248682e-05,-3.0688745e-05,3.8256203e-05,-1.5656329,0.08153056,1.0000155,1.0000827,2.000011,2.9999325,6.000022,2.230519e-05,8.5276886e-05,475.00006,99.99998,-0.00057561597,-3.7488455e-05,0
4.9999995,235.00002,48.00002,0.048802927,0.003527001,0.059440937,-0.7790823,0.9206223,0.9999969,0.99998283,0.99999195,2.9999776,6.0000095,0.00023770094,0.0002549616,1175.0,239.99998,-0.00026129937,5.9166756e-05,0
1.0000253,361.99994,362.99994,0.3335555,0.16792059,0.40965313,-0.9876166,0.79149014,1.0001832,1.0001192,1.0000886,24.000004,27.000145,0.00013398404,0.0002891176,362.00006,362.99997,-0.0005985996,0.00049735775,0
1.0000201,398.0,400.0,-1.1679809e-05,3.0601534e-06,3.673444e-05,-1.3221011,-0.052123826,2.000002,1.9999837,1.9999995,1.9999892,2.9999835,2.044127e-06,-7.886517e-05,544.00006,400.0,0.0003957564,-4.35489e-05,1
5.0000215,224.99998,45.99997,-3.265472e-05,2.7957003e-05,5.9108246e-05,-1.4898877,0.0005814062,1.0000556,0.9999873,1.000026,1.9999982,11.000029,6.0505714e-05,4.5897577e-05,1125.0,230.00005,-0.00046867543,4.3525037e-05,0
5.000071,225.0,46.00007,-2.3177221e-05,-7.418809e-07,1.6369653e-05,-1.4401227,-0.032776006,1.0000107,1.0000201,0.9999686,7.9999857,15.999983,-2.1093821e-05,8.791021e-05,1125.0001,230.00002,-0.0005684227,-1.2654558e-05,0
5.0000024,144.99995,30.000015,-1.1558778e-05,-6.199232e-05,2.0084453e-05,-1.1994177,-0.21788554,1.0000387,0.9999688,1.000115,5.000011,8.999957,8.455292e-05,7.8749676e-05,725.0,150.00003,-0.0005359619,2.858843e-05,0
0.9999887,193.0,195.0,1.5722215e-05,1.6051861e-05,3.0079418e-05,-1.2966337,-0.07004828,1.9999957,1.0000037,0.999996,1.0000012,1.9999994,-4.6356195e-06,6.73039e-08,257.0,194.99998,0.00013668642,8.690733e-06,1
4.9998984,285.0001,58.000057,0.29396605,0.089924425,0.29982525,-1.4943749,0.42036366,0.9999475,1.0000528,1.000039,1.9999881,16.000048,0.001448753,0.00035472927,1425.0,290.00003,-0.0005820997,0.0015549015,0
0.9999967,357.99997,332.00003,0.13001743,0.033512942,0.18311581,-0.6151537,1.01965,2.0000231,0.99997073,0.99997777,21.000023,34.00003,5.9653707e-05,0.0001378836,454.0,332.00003,-0.00027238735,9.853943e-05,0
0.99999994,203.0,204.0,-7.098846e-07,2.4286635e-07,2.2488675e-05,-0.6213581,-0.6428598,0.99999964,0.9999999,1.0000001,10.999998,12.000001,1.3411064e-06,1.7133808e-06,203.0,204.0,-1.572357e-05,-1.5936118e-06,1
1.0000741,324.0001,313.00006,0.2420609,0.13301438,0.36485782,-0.2882831,1.1623981,0.9999889,0.99993867,0.9999626,23.00007,34.999943,0.00028928067,0.00033808575,374.00003,313.00012,-0.000577013,0.0004274708,0
5.000004,195.00003,40.00003,0.12576152,0.015677452,0.12507308,-1.2800316,0.5039501,1.0000193,0.9999508,1.0000346,0.9999921,5.9999766,0.000593067,0.00015313196,975.00006,200.0,-0.00036966338,0.00039374406,0
4.9999785,345.00003,70.00002,0.11116032,0.025619743,0.15993543,-0.6276087,1.0278205,2.000041,1.0000186,1.0000572,2.9999735,2.9999752,0.0020931219,0.00480903,1725.0001,350.00003,0.0006432085,0.00042456115,1
4.999916,234.99995,47.999992,2.2031521e-05,1.1279276e-06,-5.315407e-05,-1.4601973,-0.014248885,1.0000015,0.999919,0.9999911,11.00005,15.999978,7.175006e-05,0.00010863355,1175.0,240.00002,-0.0005528803,3.3383916e-05,0
5.000005,79.99999,17.000002,-6.0331517e-05,4.881834e-08,6.0088714e-05,-1.4921106,-0.0061736396,1.0001047,1.0000387,2.000028,0.9999916,1.0000018,5.6312423e-05,3.604875e-05,400.0,85.00005,-0.0005108675,1.6601993e-05,0
5.0000067,165.00003,34.00003,1.51047925e-05,8.4302475e-05,4.265625e-05,-1.4909565,-0.038606253,1.0000458,0.99994916,0.9999921,4.000009,9.000027,2.2482902e-05,7.081512e-05,825.00006,169.99995,-0.00052485097,2.5095838e-05,0
5.000012,70.0,15.000005,-1.9572519e-05,4.2267155e-05,-1.9736233e-05,-0.30634534,-0.8524478,0.99995404,1.0000091,1.0000373,0.9999759,4.0000095,7.90429e-05,7.1568495e-05,349.99997,74.999985,-0.00044862228,4.1054063e-06,0
5.0000186,170.00002,35.00003,0.21148354,0.04048389,0.20124495,-1.385048,0.39663783,1.0000327,0.9999851,0.9999806,1.9999622,1.9999969,0.0017614139,0.00053406967,850.0,174.99997,-0.00033775068,0.0011944401,0
4.999999,125.000015,26.000011,0.01642267,0.00068181864,0.026083073,-0.3969401,1.1567931,2.000009,1.0000135,0.9999986,2.0000188,4.0000343,0.00042397602,0.0009250534,625.0,130.00002,-0.00021856018,2.5990186e-05,1
5.0000563,100.00007,20.999954,-2.0530228e-05,2.9449131e-05,6.3005704e-05,-1.4448271,-0.046768915,0.99996567,0.9999871,2.0000331,1.0000118,5.0000725,4.132994e-06,6.0868282e-05,499.99997,105.0,-0.0005277917,4.760958e-05,0
4.9999743,65.00002,14.000009,1.8567534e-05,-3.546591e-05,3.1884858e-05,-0.68186975,-0.6276794,1.0000279,0.9999993,2.0000381,0.99998385,3.0000496,4.607481e-05,8.975462e-05,325.0,70.000015,-0.00047564344,4.4247904e-06,0
4.9999924,1070.0,215.00003,-5.0811148e-05,4.208911e-05,2.621006e-05,-1.4585124,-0.021261461,1.0000951,0.99998176,1.0000181,65.0,72.000046,1.636232e-05,6.171062e-05,5350.0,1075.0,-0.0005981355,-6.12647e-05,0
0.99999213,231.00006,231.99997,-3.1068983e-05,7.236315e-05,-1.0417662e-06,-1.4389805,-0.015350181,1.0000619,0.99995226,1.0000132,58.000004,76.00007,0.0001273676,0.00014830606,230.99995,231.99991,-0.0012426411,9.0879046e-05,0
5.000013,270.0,54.999996,1.9089352e-05,1.49681955e-05,3.1590847e-05,0.24056053,-0.6819836,1.9999971,1.0000032,1.0000027,1.0000027,1.9999975,1.138797e-06,1.0189011e-05,1350.0,275.0,-0.00010509272,-5.941858e-06,1
4.9999986,45.000027,9.999967,0.8680873,0.018381802,0.13568886,-1.3600247,0.033755243,1.0000594,0.99995834,1.0000356,1.0000533,8.333577e-05,0.0069678933,0.002799,225.0,49.99999,-0.00017689612,0.0017935839,0
0.9999956,371.0001,372.00006,-1.869181e-05,-1.914714e-05,0.00010584175,-1.5105246,-0.12168233,1.0000598,0.99996084,1.0000647,64.00009,81.000015,2.4849129e-05,-6.2570575e-06,507.00015,371.99997,-0.001284574,0.00012082935,1
4.9999456,39.999992,9.000113,1.073223,0.014534625,0.12073995,-1.1962341,-0.24158332,1.0000224,0.9999766,0.99997634,0.99993473,-1.964225e-05,0.006125537,0.0017460139,199.99995,44.999954,-0.0003823558,0.0016643918,0
4.9999743,235.00005,48.00004,5.3142816e-05,4.6368773e-06,6.326563e-05,-1.4787313,0.022794778,0.9999882,1.0000297,1.0000306,5.000072,16.000027,7.214813e-05,2.2032767e-05,1175.0,240.00005,-0.00052642997,1.50786e-05,0
5.000057,84.99997,17.999954,-1.2251051e-05,9.151748e-05,3.786744e-05,-1.1316345,-0.27767557,0.9999909,0.999978,0.9999629,1.9999737,4.9999986,7.0099755e-05,2.3971443e-05,425.00003,90.00007,-0.00053753296,-4.5921548e-05,0
5.000043,420.0001,85.00012,0.55348915,0.15421188,0.39270586,-1.3731501,0.29768398,1.0000209,0.9999331,1.0000265,9.000079,17.000057,0.0011236351,0.0006835368,2100.0,425.00003,-0.00060758897,0.001845923,0
0.99999696,225.0,226.0,4.6056653e-06,4.0398322e-07,2.2495778e-05,-1.257996,-0.18486273,4.0,1.9999993,0.9999997,12.999999,27.000002,1.5973624e-06,3.1142847e-06,293.0,226.0,-2.6071495e-05,4.5599214e-07,1
0.9999941,222.0,223.00002,-4.1584876e-06,-8.770136e-06,2.371687e-05,-0.9889594,-0.28015634,2.0000138,1.0000222,0.9999984,1.0000088,0.99999315,2.717384e-06,-1.2232489e-05,222.00002,223.0,0.00018272587,4.9683986e-06,1
1.0000155,471.00003,472.00006,0.055465043,0.00821608,0.09049657,-0.13257095,1.2656176,3.0000372,2.0000017,0.9999754,22.99999,55.999977,1.9962967e-05,3.862721e-05,471.0,472.0,-0.00026894148,1.2493273e-05,1
5.0000224,235.00005,48.000023,2.3963656e-05,1.2892609e-05,4.805017e-05,-1.2926072,-0.08685441,1.0000103,1.0000592,0.99993896,6.0000353,15.00001,9.061169e-06,0.00018552816,1175.0,240.00003,-0.0004985629,-1.4528446e-05,0
1.0001093,194.99997,196.00005,0.26944512,0.09038874,0.3008361,-1.3164899,0.58541465,1.0000682,1.00005,0.9999527,15.000001,25.000055,0.00028763252,0.00015875406,195.00003,195.99997,-0.0004974748,0.0004692252,0
4.999994,204.99997,41.99999,-1.6187884e-06,5.9141155e-05,3.6152986e-05,-1.487441,0.06152095,1.0000596,1.0000488,1.0000101,7.9999833,11.999946,8.4316445e-05,0.00015774113,1025.0,209.99998,-0.0005209466,3.12438e-05,0
5.0000014,264.99997,54.000027,0.24967305,0.037952766,0.19484027,-1.5182782,0.063397594,2.000019,0.9999996,0.99998915,3.0000024,4.000028,0.0012772927,0.001256079,1325.0,269.99997,-0.0001525201,0.00069201353,1
5.000084,309.99997,63.000027,3.455409e-05,4.5295834e-05,0.000106035295,-1.4067843,0.034152657,0.99996346,1.0000051,1.000015,10.000039,20.000023,3.2550568e-05,1.2284754e-05,1550.0,314.99994,-0.0005345495,-1.8007533e-05,0
4.999966,175.00003,35.9999,0.32836345,0.09849691,0.3137109,-1.4357227,0.3986929,0.9999886,0.9999868,1.0000359,1.9999679,6.999849,0.0038660583,0.00065954466,875.00006,179.9999,-0.0005419833,0.0027833069,0
1.0001057,253.00012,254.0,0.34104198,0.1696073,0.41161317,-1.0693141,0.74785376,1.0000154,0.999937,1.0000159,21.999989,37.999924,0.00045395273,0.00042851912,252.99997,253.99994,-0.0008401576,0.00053686823,0
4.999999,230.00003,47.000023,0.22855702,0.076661885,0.2770581,-1.1092536,0.72905505,1.0000784,1.0000442,0.9999658,4.0000386,5.999972,0.0024573496,0.00089664396,1149.9999,235.00005,-0.00033613012,0.0016295112,0
1.0000263,535.0,536.0,5.6894467e-05,3.85059e-05,5.213043e-05,-1.1437446,-0.07811382,2.0000591,2.0000007,1.9999943,2.0000288,2.000038,-1.530706e-05,-5.63983e-05,701.0,536.0,0.000491986,2.086831e-06,1
4.9999886,580.00006,116.99999,-1.471473e-05,2.8302755e-05,5.0548802e-05,-1.4018745,-0.10446863,1.0000033,0.99999547,0.99998987,26.000011,39.0,1.6973421e-05,1.42494455e-05,2900.0,585.00006,-0.00052843185,5.0327384e-05,0
4.999939,95.00001,20.000015,6.143484e-05,-1.2914546e-06,4.1052688e-05,-1.4333475,0.24393222,1.0000898,1.000099,2.0000477,2.00001,5.9999995,2.6747182e-05,5.7439363e-05,475.00003,99.99997,-0.000565698,-9.927105e-06,0
0.99999475,175.99998,176.99998,-8.217879e-07,0.00013073048,-1.0920581e-05,-1.1651845,-0.20933557,1.0000198,1.000062,0.99997705,37.99997,46.000134,-1.89031e-05,6.876528e-05,175.99995,176.99991,-0.0006808298,5.0317896e-05,0
1.0000005,290.00012,278.99994,0.34414163,0.15975505,0.39965057,-1.140099,0.69284457,1.0000122,0.99991727,1.0000433,23.000067,23.999966,6.244059e-05,0.00031343885,336.0,279.00018,-0.00065008714,0.0006958863,0
0.9999403,182.99997,184.99995,-0.00011175439,-7.724612e-05,2.207903e-05,-1.4982146,0.013384549,1.0000807,1.0001209,0.99985427,56.000122,60.000027,3.7152517e-05,4.927147e-05,245.00005,184.99994,-0.0010495641,3.7243834e-05,0
1.0000284,219.00014,220.00003,2.1289288e-05,2.758929e-05,0.00016894762,-1.2191056,-0.2271202,0.9999413,1.0000526,1.0000203,54.99996,66.99994,-7.226096e-06,6.960686e-05,219.0,220.00005,-0.0010734503,-9.6251155e-05,0
5.0000496,389.99994,79.000015,0.6617595,0.05549063,0.23549964,-1.5131893,0.06435894,1.0000641,1.0000075,0.99998486,9.999942,26.000143,0.00032417776,0.00022860512,1949.9999,394.99997,-0.0006653083,0.000713971,0
1.0000172,255.00003,256.00006,-1.2125313e-05,1.274362e-05,5.1429768e-05,-1.4282161,-0.07196462,0.99998134,1.0000739,1.0000498,41.00005,48.0,1.2859662e-05,2.834641e-06,338.99988,256.00003,-0.00074607204,-3.94426e-05,1
5.0000587,390.00003,78.999985,0.60674316,0.13732696,0.37072667,-1.4265794,0.22608241,1.9999783,0.99996483,1.0001087,9.000087,12.000037,0.001031504,0.00040135204,1950.0,395.00006,-0.0006123682,0.0017487077,0
4.9999743,495.0001,99.99996,6.4058315e-07,2.1033902e-05,8.3975654e-05,-1.4078405,0.14768401,1.0000031,1.000003,0.9999966,20.000025,34.00002,4.8993104e-05,5.9936345e-05,2475.0,500.0,-0.00053015543,5.2996344e-05,0
5.000001,555.0,112.00002,0.31011617,0.13322422,0.36502236,-1.0540518,0.7232454,0.999948,1.0000284,0.9999525,6.000039,9.999976,0.00076807913,0.00035723232,2775.0,560.00006,-0.00020497928,0.0011955451,0
1.0000411,183.00014,183.0001,3.868711e-05,-8.435701e-05,6.726106e-05,-1.4730198,-0.05317168,1.0000864,0.9999833,0.99998343,46.99999,59.000072,6.118946e-05,0.00012869664,257.00003,183.00012,-0.00095855753,1.73388e-05,0
4.9999967,90.0,19.00003,7.382934e-05,3.98422e-05,2.612609e-05,-1.3347353,-0.016972668,0.9999711,0.999966,1.9999965,2.000045,3.000012,4.2801636e-05,5.3701457e-05,450.0,94.99996,-0.0004945951,3.52559e-05,0
4.999996,80.00003,17.000055,2.915432e-05,3.9458502e-07,1.6316066e-05,-1.4749072,-0.008977093,1.0000781,0.99999714,2.0000124,1.0000005,2.0000515,1.1968698e-05,9.306677e-05,400.0,85.00001,-0.00051097554,-5.1900815e-06,0
0.9999309,168.99998,170.00005,0.26000023,0.054247476,0.2331409,-1.4602599,0.2710682,1.0000095,1.000038,0.99997884,23.000011,25.999956,0.0001628002,0.00036331432,168.99997,170.00005,-0.00044702858,0.00036665262,0
1.000313,685.00024,686.9999,0.00011434742,8.9850015e-05,-7.68814e-05,-1.0061203,-0.6074814,1.000526,0.99973905,1.0000958,210.9998,229.9998,0.0004830723,0.00066014787,939.0002,686.9997,-0.0040708156,-3.4092576e-05,0
5.000039,99.99998,21.000017,8.730072e-06,6.145438e-05,1.539649e-05,-1.47463,0.00743065,1.0000299,1.0000137,2.000035,0.9999967,5.000001,-9.593361e-06,7.15194e-05,500.0,104.99999,-0.0005435457,4.950659e-05,0
1.0001193,438.0001,406.00003,0.21660432,0.0820737,0.28640842,-0.7952409,0.93167025,1.0001348,1.0000576,1.0000607,52.999943,60.0,0.00011994325,0.00017804361,612.00006,405.99997,-0.0009359339,0.00020662141,0
1.0000354,278.00006,278.99994,6.738447e-05,4.1097093e-05,-2.7356231e-05,-1.4871213,0.03269844,1.0001136,1.0000149,0.9999586,85.0,93.00015,-2.104455e-05,0.00017695641,382.00015,278.99997,-0.0016098947,8.036626e-06,0
5.0001035,250.00058,51.000294,0.22239427,0.09529472,0.30815482,-0.4406414,1.0529392,1.9997637,1.0000349,1.0001382,1.0000327,1.0001444,0.01679192,0.045968626,1250.0005,254.99991,0.006637442,0.0032756578,1
5.0000167,109.99998,22.999994,8.941275e-06,-4.558399e-05,1.5797104e-05,-1.5397662,0.07980203,1.0000229,0.9999788,2.000011,1.0000203,3.000005,5.360175e-05,2.4396872e-05,550.0,115.00002,-0.0004945024,-3.716335e-05,0
0.9998999,174.00006,175.00014,-2.233111e-05,-6.3968204e-05,1.0711723e-06,-1.3479978,-0.060034122,1.0000129,0.99999243,1.000025,45.000015,54.999943,-1.8834633e-05,0.00025303205,230.00002,175.00008,-0.0008570025,1.73591e-05,0
5.0000677,199.99997,41.000008,0.2549892,0.11858759,0.3442369,-0.90356857,0.8772329,1.0000086,1.0001218,1.0000285,0.99997395,2.999993,0.0058656475,0.0019541634,1000.0,204.99997,-0.00019161838,0.002918731,0
1.0000848,495.99976,497.00003,-0.00025782973,-5.367171e-05,2.300005e-05,-1.4429364,-0.003236892,1.000056,1.000098,1.0002491,142.99998,159.0003,0.0005226823,0.00071405567,495.99973,496.99988,-0.0026754246,-0.00012554505,0
4.999998,244.99997,50.0,-3.1464107e-05,6.880671e-06,-3.0477824e-05,-1.4112979,0.002740384,1.000004,1.0000293,0.9999974,17.000025,19.000082,7.075644e-05,8.734607e-05,1225.0,249.99995,-0.0006300576,-1.8984436e-05,0
5.000053,380.00003,77.00004,0.24219288,0.099541016,0.31556302,-0.9538603,0.8437061,0.9999986,1.0000365,1.0000095,2.9999645,6.999947,0.0013314986,0.00044103205,1900.0,385.00003,-0.00025240358,0.0012499997,0
5.000088,260.00003,52.99999,-2.8655442e-05,-5.9699514e-06,7.2671784e-05,-1.3792161,-0.057711594,1.000012,0.9999137,0.9999853,5.0000052,17.000021,3.9477705e-05,8.096124e-05,1300.0,265.00006,-0.00051980925,-1.357488e-05,0
5.0000043,80.00008,16.999996,-1.8340827e-05,-8.13336e-05,2.6252037e-05,-1.4073172,-0.08910371,1.0000327,0.9999796,1.9999914,0.999919,-1.0741143e-06,4.1000207e-05,3.658021e-05,400.00003,85.00005,-0.0004888473,-1.8962412e-05,0
4.9999685,54.999977,11.999976,0.86892915,0.0145793995,0.12053359,-0.79758835,-0.41495982,0.9999621,1.0000331,1.0000653,2.000026,1.0000447,0.0038620865,0.0020722512,274.99997,59.999977,-0.00031152798,0.0011924973,0
5.000012,234.99998,48.000004,0.2189265,0.051304765,0.22653927,-1.3170366,0.5535317,1.0000099,0.9999713,1.0000114,2.000009,5.0000596,0.0015303778,0.0008287219,1175.0,239.99998,-0.00028144245,0.0010769634,0
5.0000052,205.00003,41.99999,0.20867708,0.044345867,0.21060236,-1.3705925,0.5188302,1.000037,0.99995893,1.0000317,3.0000246,6.9999447,0.0014835859,0.00041314863,1025.0,210.0,-0.0004041089,0.0010865965,0
5.000012,1114.9999,224.00021,1.2760195e-05,0.00015473833,-4.615454e-06,1.5848488,0.651853,12.000115,4.0001793,2.9999561,11.999972,21.00015,-5.050926e-06,-0.00012290492,5575.0,1119.9999,0.0014680319,0.00022318814,1
5.000032,524.99994,105.99997,-5.106656e-05,-3.06622e-05,5.2425046e-05,-1.3949938,0.18288414,1.0000037,0.9999828,0.99996483,19.000002,33.00004,4.5342473e-05,3.414689e-05,2625.0,530.0,-0.00046403945,-4.533529e-05,0
5.000011,280.99997,56.999996,-4.708651e-05,-2.56564e-06,-1.6441198e-05,-1.4413913,0.06313594,1.000074,0.9998941,0.99997205,10.99998,19.000076,8.754851e-05,9.305811e-05,1425.0,285.00003,-0.00054614467,3.0478326e-05,0
5.000013,100.00002,20.999998,1.7181641e-05,-5.0440365e-05,8.023303e-05,-0.8649505,-0.5296778,0.9999973,1.0000056,0.99999774,1.0000161,4.999967,-2.9008637e-05,0.00011147538,500.00003,104.999954,-0.0004760442,8.336681e-06,0
5.0000486,215.00005,43.99997,0.36096293,0.17637348,0.41986653,-1.1431098,0.6792464,1.0000305,1.0001546,0.99999857,3.0001216,6.000032,0.006050471,0.0021979548,1092.9999,220.00009,-0.00044186274,0.003919613,0
4.9999537,240.00003,49.000027,0.25400192,0.03563235,0.18880466,-1.0413455,0.24043477,2.0000153,0.99998254,0.9999982,3.9999812,6.0000553,0.0013850578,0.00071970484,1200.0,245.00005,-0.00024867078,0.00069806527,1
0.99999636,179.00002,180.0,-1.7870602e-06,6.014046e-06,3.065796e-05,-1.3938543,-0.0825026,1.9999967,0.99999714,1.0000049,2.0000126,2.9999945,-5.150714e-06,-9.44139e-06,245.0,180.0,0.00010314619,5.291078e-06,1
0.9999931,160.99998,162.99998,0.00011880621,2.0808246e-05,-2.4157218e-05,-1.427245,-0.0602635,1.0000236,1.0000527,0.99997854,49.000122,54.99997,-3.1707186e-05,5.7652414e-05,219.00005,163.00006,-0.000911046,-0.00019029308,0
1.0000037,410.00018,391.99997,0.39515218,0.17779654,0.4213915,-1.189033,0.63306594,1.9999607,1.0000148,1.000022,47.0,45.99991,0.00021582014,0.0002707574,568.0,391.99997,-0.0010670426,0.0005450858,0
1.0000192,217.0,203.00002,0.08961136,0.0108393505,0.104312986,-1.0866426,0.71887827,4.0000234,0.99999106,1.0000074,21.99998,32.00003,9.295464e-05,0.00024224995,287.0,203.00002,-0.00028628248,4.716616e-05,1
5.0001497,214.99997,44.00004,0.27473772,0.11618661,0.3407679,-0.98015517,0.8037107,0.99995214,1.0001433,1.0000203,1.9999998,5.999925,0.004091125,0.0008569885,1075.0,220.0001,-0.0004207687,0.0025961504,0
1.0000262,178.00003,180.00006,-1.0265734e-05,1.5484738e-05,-6.086172e-05,-1.4955357,-0.0035386225,1.0000619,0.9999841,1.0000501,47.999924,56.000034,-7.392019e-05,0.00014582816,247.99998,180.00006,-0.00089432916,2.1732953e-05,0
5.0000534,225.00002,46.000076,2.8217717e-05,2.2107988e-05,-3.7403786e-06,-1.2904668,-0.07069241,1.0000069,0.99995744,0.9999543,4.000041,17.000036,0.00012399827,0.00012902185,1125.0001,229.99998,-0.0005174925,-7.0186957e-06,0
5.000034,85.00008,18.000036,4.5609745e-06,-4.884395e-05,3.397097e-05,-1.4728494,-0.038553074,1.0000505,0.9999312,1.99999,0.999984,1.000038,8.933314e-06,7.1533905e-05,425.00006,89.99999,-0.00050108996,-1.1851813e-06,0
5.000023,575.0,115.99995,0.3268744,0.1342826,0.36646783,-0.9678543,0.79568344,2.0000038,1.0000528,0.9999813,3.999998,11.000009,0.0007499761,0.00034368967,2875.0,580.0,-0.00015269688,0.0011668287,0
0.9999919,263.0,263.99994,-1.2447845e-05,-5.352664e-06,3.874236e-05,-0.87320584,-0.3142485,1.9999629,1.9999609,2.0000381,1.9999436,4.000028,2.4086887e-05,-6.6974884e-05,347.0,264.00003,0.00036983553,1.3041697e-05,1
5.000045,379.9999,77.00005,0.21065821,0.114844754,0.33899763,0.5808582,1.4689702,0.9999976,0.9999892,1.0,1.9999772,12.000044,0.002366199,0.00028581586,1900.0,385.00003,-0.00017884222,0.0015079969,0
5.0000076,209.99998,42.999973,4.8979997e-05,4.1619605e-05,1.1096303e-06,-1.1725868,-0.36155912,1.0000325,1.0000657,1.0000064,9.999996,14.000045,2.6165739e-05,3.2229116e-05,1050.0,215.00005,-0.00053237804,6.737637e-05,0
1.0000037,180.00002,181.0,5.211199e-06,3.8255614e-05,7.83668e-05,-1.4615409,-0.00027736908,4.9999995,0.9999909,0.9999601,25.999998,32.00001,6.494271e-05,3.0598e-05,207.99998,181.00005,-0.00041354055,1.6195583e-05,0
5.0001354,195.0,40.00021,0.27796257,0.10522276,0.3241502,-1.1073563,0.7372474,0.99999666,1.0001328,0.99998325,1.0000567,2.000131,0.0045488477,0.0008183027,974.99994,200.00003,-0.00033198675,0.002589782,0
5.000066,395.00018,80.0,0.6014801,0.10951027,0.33078897,-1.4423432,0.13458087,1.0000218,1.0000114,1.0001163,7.9999304,28.000021,0.000753966,0.00025725857,1974.9999,400.0,-0.0007721312,0.0013651141,0
4.999963,50.000072,10.999998,0.9540379,0.013978574,0.11799921,-1.0895295,-0.24782497,0.9999391,1.0000842,0.99996394,0.999958,3.0000201e-05,0.004395038,0.00087628275,249.99998,54.999966,-0.00047355285,0.0013116067,0
4.9999547,75.000015,16.000051,4.3041222e-05,1.7098437e-05,4.451055e-06,-1.4256194,-0.096666254,0.9999853,1.0000149,2.0000112,0.9999616,0.99992836,1.2777816e-05,7.7599616e-05,375.00006,80.0,-0.0005052848,9.9221e-06,0
5.0,75.00004,15.999988,-4.4888227e-05,-2.294182e-05,8.469694e-05,-1.5346013,-0.008078243,1.0000323,1.0000178,2.0000372,1.0000101,-1.1232589e-05,-1.5135732e-05,7.078231e-05,375.0,80.00005,-0.0005043931,9.033089e-06,0
4.999993,99.99996,21.000032,-3.7754653e-05,-8.641295e-06,4.3133496e-05,-1.491425,-0.15232408,0.9999867,1.0000743,1.9999906,2.9999928,4.0000196,-3.571866e-05,7.722576e-05,500.00003,105.00001,-0.00054323656,1.565523e-05,0
5.0001307,194.99948,40.000233,0.34627625,0.12649757,0.35750273,-0.7320553,0.86487466,1.999914,1.0004363,1.0001166,3.000947,3.0010872,0.032789733,0.05638305,975.00006,200.00056,0.008653217,0.0029245461,1
5.000064,242.0,48.999954,-2.8542836e-05,-2.1884007e-05,4.8040507e-05,-0.9218303,-0.50161403,0.9999811,1.0000246,0.99998605,11.000018,16.000015,-2.7125641e-05,0.00010145393,1232.0,245.00009,-0.00049661397,-2.4709829e-05,0
5.0000486,515.0,104.00001,1.0107411e-05,6.731733e-05,-2.2883509e-05,-1.1671481,-0.21315272,1.0000222,1.0000054,1.0000584,24.999956,29.999979,-1.4759712e-05,6.9551905e-05,2575.0,520.0,-0.0004738122,3.530482e-05,0
4.999976,254.99997,51.99996,-4.2414704e-05,4.101569e-05,-1.4804002e-06,-1.3321908,-0.07844107,1.0000188,1.0000175,1.0000932,3.9999473,20.000025,-1.0279949e-05,8.59648e-05,1275.0,260.0,-0.00053886574,-2.078776e-05,0
5.0000196,95.00002,19.999975,0.13197659,0.011365506,0.10678215,-1.4993727,0.087787084,1.0000207,1.0000211,0.9999495,1.000067,2.9999979,0.001337994,0.00044325352,475.0,100.00004,-0.00041310373,0.00052511296,0
4.9999976,204.99997,41.99997,3.224758e-05,-7.611237e-05,5.4722197e-05,-1.4927015,-0.018987905,0.99997866,1.0000224,1.0000318,3.0000076,14.000053,2.1957538e-05,0.00012047173,1025.0,209.99997,-0.00052395137,3.3794866e-05,0
5.000055,74.99997,16.000008,3.8957856e-05,1.6471524e-05,5.3664175e-05,-1.3976455,-0.10091595,1.0000074,1.0000513,1.9999766,1.0000056,2.9999938,-3.1098953e-06,8.462623e-05,375.00003,80.0,-0.0005204313,-5.359796e-06,0
1.0000364,198.99995,200.00002,3.566041e-05,8.364404e-06,4.5177458e-05,-1.4666073,-0.048656955,0.9999885,0.9999462,0.9999945,34.000027,30.999966,-9.252811e-06,1.9798883e-05,255.00002,199.99998,-0.00049367786,-2.1024238e-05,0
5.00004,75.000015,15.999993,3.0201782e-05,1.9269803e-05,4.7355734e-05,-1.4991096,-0.056280795,1.0000573,1.000038,2.0000536,1.0000131,2.0000553,1.1840496e-05,8.00446e-05,374.99997,80.00003,-0.0005219551,1.9711002e-05,0
5.000042,210.00005,42.99999,0.30803382,0.10532646,0.32473472,-0.8121117,0.8630926,1.0000852,1.0001214,0.9999667,0.9999724,4.9999824,0.004331923,0.0006207007,1050.0001,215.00008,-0.00040449732,0.0024807772,0
4.999968,370.00003,74.99993,0.72886366,0.032443672,0.18009597,-1.3990083,0.06806111,1.0000312,1.0000465,1.0000209,11.000085,25.999971,0.00023020915,0.00013771738,1850.0,374.99997,-0.00066803844,0.00036278198,0
5.000033,410.0,82.999985,0.5629346,0.12642688,0.3555961,-1.4119986,0.20405689,0.9998573,1.0000305,0.99999374,6.999944,25.00018,0.0008319164,0.00028554432,2050.0,415.0,-0.0007305387,0.0014910983,0
5.000006,94.99994,20.00001,3.9236e-05,9.5551004e-05,6.539472e-06,-1.3541317,0.123196565,1.0000373,1.0000339,2.000037,0.9999793,4.9999976,3.687369e-05,0.00013886843,475.00003,100.00001,-0.00050668843,-3.6031644e-05,0
4.9999995,135.00002,28.000013,0.08929503,0.00600227,0.0773539,-1.4251624,0.13348472,2.0000324,0.99998045,1.0000217,1.0000315,2.0000117,0.0026217368,0.0055065504,675.0,140.00003,0.00046911274,0.0002695546,1
4.9999704,230.0,46.999954,4.495206e-05,2.0770512e-05,3.2720075e-06,-1.2177062,-0.1528176,1.0000128,1.0000124,0.99999243,4.000031,12.999982,5.234099e-05,7.8414436e-05,1150.0,235.00005,-0.00046833276,-2.2405873e-05,0
5.000055,70.0,15.00007,7.908396e-05,-7.4757095e-06,9.465177e-05,-1.4796942,-0.10007264,1.0000738,1.0000395,1.9999948,0.99998367,1.7093675e-05,-1.590374e-05,0.00013750877,350.0,74.999954,-0.00051213615,-3.7246908e-05,0
1.000033,370.0,350.00003,0.22708844,0.036579873,0.19144344,-1.2162445,0.2608771,2.999939,1.999963,2.0000389,36.000015,50.00001,0.00011509185,0.00020419931,492.00003,350.00006,-0.0004395978,9.333305e-05,1
0.99995786,525.0002,526.00006,-7.687917e-05,9.821289e-05,-9.028851e-05,-0.71904737,-0.8048632,0.9997004,1.0000172,0.9998298,160.0,178.00023,4.3868677e-05,0.0005415933,733.0001,526.0002,-0.0030284957,-0.0001694351,1
4.999998,89.999985,18.999996,0.11480478,0.0115704425,0.10762062,-1.3739877,0.40933767,1.0000697,0.99999166,0.999978,0.9999902,1.0000618,0.0014900409,0.0003137167,450.0,95.00004,-0.00039610942,0.0005842181,0
5.000043,215.00006,44.000042,-2.5919071e-05,2.3976395e-06,7.425449e-05,-1.485084,-0.007225011,1.0000302,1.0000191,1.0000036,5.0000277,14.000052,-6.165795e-05,4.7014353e-05,1075.0,220.00002,-0.0005384819,2.256285e-05,0
5.000086,870.00006,175.0,4.799787e-05,0.00020622736,4.4582826e-05,-0.5490702,-0.4286948,18.99999,5.0000234,2.0000978,19.999886,20.999989,3.4322322e-05,-6.236873e-05,4350.0,875.00006,0.0012376424,5.8400997e-06,1
5.0000134,104.99997,21.99994,-1.46921075e-05,-3.1097396e-05,9.905452e-05,-1.515912,-0.003872766,1.0000032,1.0000446,1.999995,1.0000755,4.0,3.7822952e-05,3.6600864e-05,525.0,110.00009,-0.00052588223,1.9177973e-05,0
0.9999188,312.0,314.0,0.00012831952,0.00015501912,-1.0337213e-05,-1.5110114,0.042391982,1.000248,1.0002218,1.0000333,87.00004,104.999985,6.109647e-05,0.00012714395,425.99997,314.0001,-0.0017431816,-5.7729445e-05,0
5.0000157,360.0,73.00001,-6.010071e-06,6.066191e-05,-3.8631633e-06,-1.3750119,-0.17708723,0.9999612,0.99999654,1.000023,19.000029,27.000034,-0.0001021775,1.6002916e-05,1800.0,365.00006,-0.00061107933,4.4756645e-05,0
5.0000424,75.00002,16.000034,1.9470297e-05,4.412776e-05,6.515428e-05,-1.4467659,-0.08409969,1.0000335,1.0000547,2.0000732,2.0000277,2.9999652,4.376242e-05,7.657807e-05,375.00003,80.000015,-0.0005318786,4.4200908e-05,0
0.9999934,190.0,191.00003,4.1364303e-05,3.676324e-05,2.2394355e-05,-1.2173123,-0.19061501,1.0000341,1.0000273,1.000003,28.999979,44.99998,-1.9045458e-05,7.34715e-06,190.00002,190.99995,-0.0006412415,9.179063e-06,0
4.9999943,240.00002,49.000057,1.2860496e-05,-2.1303606e-05,0.00013546296,-1.4940196,-0.0140723195,0.99999684,1.0000216,1.0000389,7.99998,15.000047,5.7421978e-05,9.563979e-05,1200.0,244.99997,-0.0005159478,2.9505818e-05,0
0.99999964,162.0,146.0,0.026900968,0.0015320654,0.039193124,-0.7456828,0.9674636,1.9999943,1.0000027,1.0000006,12.0000105,17.0,3.9524228e-05,9.076878e-05,204.0,146.0,-6.7700195e-05,1.319373e-05,1
1.0001202,281.00003,265.0,0.23029657,0.054022096,0.2322274,-1.124132,0.599146,0.99999934,1.0000293,0.9998726,20.000044,45.000072,0.00013138022,0.00021720928,387.00003,265.00003,-0.0005860582,0.00019601625,0
0.9999879,288.9999,290.0001,0.00015565117,3.0104131e-05,4.9752864e-05,-0.6481826,-0.69153976,0.99988496,1.0001074,0.9999845,86.00009,91.99976,5.8548474e-05,5.3975647e-05,389.00003,289.99994,-0.0014977873,-7.972113e-05,0
4.999948,385.0,78.000084,0.64647436,0.11265137,0.33560938,-1.4507799,0.13812317,1.0000607,1.000007,0.9999428,7.000055,24.000166,0.00064933684,0.00026898566,1925.0,390.0,-0.00072475715,0.0014073466,0
4.999996,79.99999,17.000084,-2.2335282e-05,-8.121749e-06,5.944708e-05,-1.2363224,-0.26217183,1.00006,0.9999931,1.9999892,1.0000316,3.999973,3.5611116e-05,5.0636565e-05,399.99994,85.00003,-0.0005238436,-3.03865e-05,0
4.999989,320.00003,65.000015,0.21062681,0.10809541,0.3288715,-0.07546766,1.2448504,1.0000119,0.99999726,1.0000051,1.9999713,3.9999638,0.0028059096,0.0009321774,1600.0,325.0,-0.00010924871,0.0016434637,0
0.99988157,301.00015,302.00018,1.6685728e-05,-5.486797e-05,0.00029957102,-0.9134129,-0.4649763,0.99986213,0.9998275,1.0001341,93.00017,102.999756,0.00020675454,0.00043025936,413.00024,302.0001,-0.0016947794,-0.00012183916,0
5.0000367,190.00009,39.000065,5.5372e-07,2.0541147e-05,3.805011e-05,-1.4484736,-0.124797314,1.0000105,1.0000814,0.9999316,6.999995,13.999999,1.1095182e-05,-8.671598e-06,950.0,194.99997,-0.00059329305,-7.5978925e-05,0
5.000064,236.00002,47.999977,-3.093904e-05,5.5237433e-05,6.245961e-05,-1.4614478,-0.011032597,0.9999999,0.99995303,1.0000044,5.999946,15.0000725,-3.2636282e-05,1.437509e-05,1186.0,240.00005,-0.0005147059,-4.3830165e-05,0
0.99998367,372.00003,362.99994,0.004788387,7.247994e-05,0.005033834,-1.3094501,0.4846391,47.000034,1.0000168,1.0000318,59.0,69.000114,-1.5146374e-05,4.8896138e-05,482.0,363.00003,-0.00048902247,4.295993e-05,0
0.9999992,231.0,232.0,5.0988506e-06,-8.351848e-07,2.6837703e-05,-1.4683497,-0.03628492,0.9999997,0.9999999,1.000002,5.000001,12.000001,1.8960641e-06,6.9644857e-06,231.0,232.0,-4.6433204e-05,1.6722395e-06,1
5.000004,214.99997,43.999973,1.4533513e-06,-1.0350892e-05,2.6125294e-05,-1.4203504,-0.028514244,1.0000176,0.99996895,0.99993294,6.000048,16.00001,-6.205395e-07,-6.9003445e-06,1075.0,220.00006,-0.00057011814,-4.0442224e-05,0
5.00001,95.0,20.000042,0.1109436,0.008150548,0.09052656,-1.3844728,0.26969856,1.0000033,0.99995816,1.0000341,2.0000093,3.000074,0.0009983397,0.00033637803,475.0,100.00004,-0.00043759725,0.00040560466,0
4.99998,885.0,177.99998,3.475991e-05,2.9565894e-05,7.854309e-06,-0.20712596,-0.89948714,1.0000019,0.99997395,1.0000572,56.000034,58.000053,3.60727e-05,8.709576e-05,4425.0,890.0,-0.00045932128,4.7737776e-05,0
1.0000567,302.00003,284.00006,0.24422468,0.11641555,0.3410946,-0.14675124,1.2089739,1.0000143,1.000011,1.0000206,14.000034,17.000006,0.0003172064,0.0006813609,422.0,284.00006,-0.00015317275,0.0004990601,1
4.999971,85.00004,18.000055,-2.3956343e-05,-3.6380814e-05,8.7712164e-05,-1.2230725,-0.24432522,0.9999671,1.0000219,2.0000203,0.9999837,1.9999784,6.287776e-05,0.000106210384,425.0,89.999954,-0.0004777778,-5.7012036e-05,0
5.0000052,249.99995,50.999977,0.2356836,0.11315226,0.33629492,-0.48080787,1.0707151,1.0000583,0.9999351,1.0000224,3.0000916,4.999978,0.0039215265,0.001040032,1249.9999,255.00005,-0.00023337372,0.0022230677,0
5.000025,300.0,61.000023,0.19478242,0.087980874,0.2966835,-0.20002076,1.1916798,0.9999637,1.0000254,1.0000483,1.9999553,5.000027,0.0023881549,0.00037025756,1500.0,305.00003,-0.00019651894,0.0014602066,0
5.000043,39.999954,9.000021,1.013075,0.019219287,0.13874727,-1.1482188,-0.2592923,1.0000516,1.0000533,1.0000478,0.99991107,-2.712981e-05,0.0074679004,0.0024523681,200.00003,44.999954,-0.00024471883,0.0021248122,0
1.0000032,130.0,130.99998,0.05657464,0.0029354654,0.05421344,-1.2022754,0.47292244,2.999998,0.999976,1.0000238,19.00001,24.000023,2.894382e-05,0.00013135507,130.00003,130.99998,-0.00025317643,1.4059491e-05,1
4.9999895,202.00002,40.999966,-2.1385344e-05,2.2095406e-05,-5.3732606e-07,-1.0030981,-0.45142496,1.0000098,1.0000597,0.9999877,3.0000002,12.999984,1.983198e-06,5.8261532e-05,1038.0,205.00003,-0.0004793031,-5.03315e-05,0
4.9999924,226.00002,46.000053,5.617555e-05,3.4455617e-05,6.505965e-05,-1.4774351,-0.037767682,1.000018,1.0000193,0.9999923,6.9999948,15.000036,4.848803e-05,0.00011175104,1136.0,230.0,-0.0005404628,4.1087176e-05,0
4.9999804,266.00003,53.999996,6.7768437e-06,-6.015505e-05,-1.0736391e-05,-1.3529208,-0.059452996,0.99996173,1.0000324,0.9999862,9.999985,18.000013,1.5509706e-05,9.6192525e-05,1336.0,270.0,-0.00054483814,-3.6665286e-05,0
4.9999332,265.00006,53.999973,0.23803394,0.059182424,0.24336338,-1.1275823,0.6268945,0.99999505,1.0001042,1.0000437,1.9999428,8.999936,0.0012959429,0.00031919815,1324.9999,270.0,-0.00037998846,0.0010854038,1
4.9999857,65.00004,13.999942,0.94770557,0.019191211,0.13826516,-1.3147316,-0.10379229,0.999999,1.0000019,0.99998623,1.0001193,2.9999576,0.0034564028,0.0008996049,325.00012,70.00002,-0.0005965315,0.001453798,0
4.999929,375.0001,76.00006,0.64286125,0.09485604,0.30791283,-1.4607534,0.12459082,1.0000342,0.99995834,1.0001613,7.9999375,25.000038,0.0007974232,0.00019116355,1875.0,380.0001,-0.00074513024,0.00128152,0
1.0000416,513.0,514.00006,2.14325e-05,-2.8869608e-06,2.5323252e-05,-0.8594967,0.30600134,1.000044,1.0000049,0.99996823,4.000034,2.0000317,-7.838554e-06,-4.6358055e-06,707.0,514.0,0.00026895406,1.5297335e-05,1
4.9999948,830.0,167.0,0.2264631,0.08316322,0.2883903,-0.83795387,0.8699435,2.0000095,0.9999989,0.9999974,11.999997,26.999996,0.00022304028,7.212338e-05,4150.0,835.0,3.1540807e-05,0.0004972675,0
5.000062,75.00002,15.99996,-6.262865e-06,2.4205723e-05,3.0162433e-05,-1.4411145,-0.1138122,1.000076,1.0000066,2.0000017,0.99999565,0.99999857,8.391442e-05,0.00012344802,375.0,79.99998,-0.000507242,3.7714002e-05,0
5.0000625,85.00001,17.99995,1.2803582e-05,3.596407e-06,7.447549e-05,-1.4968512,-0.012041479,1.0000323,0.9999836,2.000027,0.9999845,2.0000198,5.578877e-05,6.618289e-05,425.0,90.00003,-0.0005158474,1.3103693e-05,0
1.00002,192.0,192.99994,1.0331626e-06,-3.007707e-05,4.0609757e-05,-1.5102154,-0.028172601,1.0000284,1.0000706,0.99997485,26.999996,26.000008,4.3480504e-05,6.6273926e-05,191.99998,193.00002,-0.00037472567,-2.3417902e-05,1
5.000052,210.0,43.00003,2.1831136e-05,-3.2956163e-05,2.6466063e-05,-0.99275666,-0.4541161,0.99999666,1.0000149,0.99998426,9.000013,10.000026,8.4378604e-05,4.7271005e-05,1050.0,215.00005,-0.00046486166,-2.232973e-05,0
1.0001266,170.00008,171.99998,5.761842e-05,-1.9643958e-05,-7.22041e-05,-1.0257403,-0.42353266,1.0000054,1.0000522,1.0000571,52.000004,59.99998,3.977762e-05,0.00014560342,233.99991,172.00008,-0.00095106696,-2.6388439e-06,0
5.0000253,69.99998,15.000028,4.4154753e-05,5.835594e-05,2.6277663e-05,-1.4517126,-0.14182505,1.0000015,1.000006,2.000001,1.0000582,0.99999356,9.4910836e-05,0.000121711244,350.0,74.99999,-0.00049516343,4.482923e-05,0
0.9999885,500.99994,501.99994,0.00012970441,-4.7865356e-05,6.5850756e-05,-0.45078355,-0.39023522,4.0000596,3.9999483,4.000049,4.000033,8.000011,1.3918896e-05,-1.9360677e-05,657.00006,502.00006,0.0008759627,0.0001897825,1
1.000001,482.00006,483.00006,4.0115512e-05,-0.00013496148,5.0187868e-05,-1.2390965,-0.2168139,11.999952,2.000048,1.0000079,48.00012,81.00006,6.0865394e-05,0.0001544126,482.00006,482.99994,-0.00078001374,-3.0421097e-05,1
1.0000317,198.0,200.00005,1.1799054e-05,-3.1305623e-05,3.8316986e-05,-1.4026532,-0.12006659,1.0000261,0.99997616,1.0000048,34.000008,39.99997,-1.393283e-05,0.000111705245,264.0,199.99997,-0.00060594006,3.152718e-05,0
1.0001521,184.00005,175.00006,9.286573e-05,-1.788887e-06,0.000111547415,-1.3314415,0.005811209,0.99992824,0.9999954,0.99999297,37.000015,52.99999,1.7827528e-05,0.000118332595,294.0,175.0,-0.0007804132,-8.621369e-05,1
1.000009,172.0,173.00002,0.064042285,0.00278807,0.05274733,-1.4087414,-0.0075240037,5.000009,1.9999982,0.99999905,24.000002,27.000006,4.5896755e-05,0.00010089863,172.0,173.00002,-9.126776e-05,1.6028042e-05,1
5.000006,220.00008,44.999973,0.1851641,0.043526288,0.20847885,-1.353568,0.5576224,1.0000153,1.0000335,0.99997896,1.0000066,3.999982,0.0014848976,0.00081672956,1100.0,225.00005,-0.0002581674,0.00095759926,0
0.9999984,153.0,155.00002,0.166435,0.020383902,0.14283931,-1.4311881,0.17711437,3.00002,0.999989,0.9999852,18.000029,20.000038,0.00017554425,0.00046087324,156.99998,155.0,-0.00019140421,0.000110303445,0
5.00003,100.0,20.999996,-3.4413704e-05,-5.970693e-07,-6.999356e-06,-1.3816178,-0.114626676,1.0000284,1.0000435,1.9999483,1.0000569,6.0000277,3.9809896e-05,4.044661e-05,499.99997,104.99998,-0.00054453185,-1.2169715e-05,0
0.9999379,298.0,290.0,0.38121346,0.15932555,0.3992641,-1.3606607,0.5014371,1.0000633,1.0000416,1.0000081,26.000113,32.000065,0.00041319572,0.0003564866,356.00015,290.0001,-0.00074956723,0.00059989956,0
1.0000039,1000.99994,1001.99994,8.0792546e-05,0.00010123531,1.4979152e-05,-1.0982598,-0.115449786,1.0000409,1.0000281,1.0000759,70.00003,91.99989,6.1384424e-05,2.733215e-05,1297.0,1002.0,-0.0011992466,8.77265e-06,1
5.0000024,205.0,42.0,0.29398775,0.07792774,0.27914608,-1.411575,0.3655442,2.0000007,1.0000002,1.0000024,1.9999987,2.0000017,0.004026091,0.0058688484,1025.0,210.0,0.00042316096,0.0018535937,1
1.0000263,178.99994,180.00008,1.0840531e-05,-5.2912543e-05,2.7412196e-05,-1.4558705,-0.0007632203,0.999942,0.9999457,1.000041,52.99991,58.0,-0.00011358834,0.0001860831,205.0001,180.0,-0.0009711867,-9.5398645e-05,0
5.0000215,244.99997,50.00003,-9.609086e-05,-4.842846e-06,9.300068e-06,-1.4212817,-0.07591988,0.99999416,1.0000719,0.99992967,10.999908,19.999989,8.4997104e-05,4.9667782e-05,1225.0,250.00003,-0.0005901605,-8.400428e-05,0
4.999974,109.99999,23.000008,4.5143337e-05,5.7030466e-05,9.224905e-06,-1.4893621,0.07775125,1.0000288,1.0000441,1.9999948,1.0000906,4.9999757,5.6614346e-05,7.916516e-05,550.0,115.00002,-0.00051910855,-4.4862303e-05,0
1.0000514,181.99994,183.00002,5.8942656e-05,0.00010230528,-9.346196e-05,-1.4863213,0.013222913,1.0000297,1.0000697,0.9998566,50.999905,58.000042,5.6922257e-05,0.00024603578,181.99998,183.00002,-0.00093287125,-4.9968465e-05,0
4.9999967,95.000046,19.99999,1.5150488e-05,0.000105526946,0.00010422112,-1.5268842,-0.029214332,1.0000018,1.000082,2.0000093,0.9999861,4.9999757,1.3833329e-05,0.000111896894,475.00006,99.999985,-0.0005426297,6.883889e-05,0
0.99992126,177.00003,178.0,1.5046718e-05,6.3191364e-05,-0.00013576866,-1.4847856,-0.01904383,1.0000039,1.0001043,1.000033,54.00001,60.00002,0.0001768226,0.0001026529,239.00005,178.00014,-0.0010006975,-7.40053e-05,0
1.0000491,497.0,498.00003,-3.7838574e-05,1.1813857e-05,4.6788933e-05,-1.4722764,0.098842524,2.0000103,2.0000021,2.0000112,1.0000296,2.9999957,4.016462e-06,-1.5492842e-05,597.0,497.99997,0.00043885005,7.9354155e-05,1
4.9999924,230.0,46.999985,-3.0889157e-06,4.581789e-05,6.9822e-05,-1.4813377,-0.0193248,1.0000454,1.0000103,1.0000095,4.999966,14.999997,4.5677763e-05,7.397309e-05,1150.0,235.0,-0.0005362365,-9.354256e-06,0
4.9999843,95.00003,20.00003,0.06922372,0.006871511,0.08327583,-1.0885109,0.7337317,1.0000219,1.0000373,1.0000603,1.0000287,3.0000446,0.0011110945,0.0004471031,474.99997,99.99996,-0.0003724497,0.0003372635,0
5.0000277,509.99997,102.999985,-7.037914e-05,-3.597151e-05,4.3654774e-05,-1.5020722,-0.048856717,0.99999666,1.0000579,1.0000181,26.000048,34.000027,7.422001e-05,2.6445487e-05,2550.0,515.0,-0.0005535032,-2.7464688e-05,0
5.000033,189.99997,39.000065,0.24048144,0.0598914,0.24472243,-1.3219526,0.51281524,1.0001278,1.0001146,0.9999471,1.0000921,5.0000935,0.002178236,0.00037623814,949.99994,195.00008,-0.00040754935,0.001521647,0
1.0000832,454.99994,404.99997,0.042168137,0.0031917994,0.056044757,0.41416037,1.3881453,2.0000942,0.99997693,1.0000519,37.999977,76.99997,2.9126717e-05,4.280152e-05,629.0001,405.00006,-0.00081585685,8.487721e-05,1
4.9999833,95.00001,20.000025,1.9578782e-05,5.2477635e-06,1.6345275e-05,-1.3821305,-0.25981817,1.0000435,1.0000424,1.0000129,1.9999574,4.0000267,4.193934e-05,2.7151353e-05,475.0,99.99999,-0.00052367244,-1.319922e-05,0
4.999984,605.0,121.99999,1.661498e-06,6.981984e-06,2.9787678e-05,-1.4041678,-0.18316823,0.99997306,1.0000309,0.9999971,34.000103,41.000008,4.9049708e-05,0.00015030973,3025.0,610.00006,-0.00056184054,4.16833e-05,0
4.999951,155.00005,31.99999,0.272408,0.03731215,0.19311687,-1.4174762,-0.32601908,1.0000337,1.0000017,1.0001357,2.0000432,5.000068,0.0011202076,0.00024990103,774.99994,160.00012,-0.0004950513,0.001032002,0
4.999987,605.0,121.99999,-1.3468995e-05,5.3936865e-06,1.716295e-05,-1.4297092,0.08629247,2.0000167,1.0000156,1.00001,0.9999842,3.9999866,-4.4746407e-06,-3.1105315e-05,3025.0,610.0,0.00013987327,1.467517e-07,1
5.0000043,84.999985,18.000036,-1.122179e-05,3.7158476e-05,2.453543e-05,-1.2236277,-0.25017828,1.0000066,1.0000429,-5.2063948e-05,1.0000107,5.000011,-2.5357324e-06,1.9927453e-05,425.00003,89.99996,-0.00053057645,-3.2277538e-05,0
5.0000134,265.0001,54.00007,0.3556593,0.08487365,0.29152557,-1.4470471,0.17047386,0.9999849,1.0000243,1.0000634,2.0000658,9.000031,0.0012163124,0.00029591704,1325.0001,270.00003,-0.0005382225,0.0015296309,0
4.999969,95.000015,19.999975,5.462447e-05,2.3873028e-05,2.1625542e-06,-0.8455523,-0.24020539,1.0000025,1.0000396,1.0000199,2.9999778,5.0000553,4.6332392e-05,5.644705e-05,475.00006,100.00006,-0.0004954567,6.510894e-06,0
5.0000896,55.000034,12.000103,0.9665009,0.019393742,0.13946371,-1.1111858,-0.16762792,1.0000544,1.0001129,1.0000001,1.0000088,1.0001291,0.005136656,0.0011080832,274.99997,60.000027,-0.0004750967,0.0016194786,0
1.0000937,178.00005,180.00009,9.223971e-05,-1.2779367e-05,-1.3361012e-05,-1.4255698,-0.0035735352,0.9999788,1.0000274,0.9999077,44.000027,53.999958,-9.758224e-06,5.6600635e-05,248.00005,180.00006,-0.0008606352,2.5303569e-05,0
5.000016,95.0,12.000031,-1.2262085e-05,2.25526e-05,3.0599145e-05,-1.2547878,0.44697377,1.0000226,1.0000299,1.0000055,1.0000056,0.99997985,-9.8817445e-06,6.3704545e-05,2275.0,59.999996,-0.00028222287,1.5266613e-06,1
4.9999804,105.00002,22.0,-1.0087071e-05,2.1171401e-05,5.4711134e-05,-1.152809,-0.23310944,0.9999853,0.999945,1.0000207,0.99996895,2.999967,4.6388068e-05,6.42929e-05,525.00006,109.999985,-0.00044957842,3.0153333e-05,0
5.0000806,215.00002,43.999943,9.493849e-06,-1.12361695e-05,2.576306e-05,-1.1528624,-0.23534559,1.0000421,0.9999824,1.000004,2.9999928,10.999999,4.179631e-05,7.59715e-05,1075.0,219.99997,-0.00044529812,-3.320942e-05,0
0.99999255,194.0,195.00002,1.6202339e-05,5.1287753e-07,7.796972e-06,-1.374379,-0.069706626,2.0000014,2.000017,0.99999094,3.9999855,15.000006,1.9732188e-06,-8.518561e-06,194.0,195.00002,0.00013879774,1.6504066e-05,1
4.99999,94.99993,20.000029,0.1226402,0.009344094,0.09642,-1.425233,0.15829763,0.99995196,0.9999904,0.99996495,1.0000411,3.000014,0.0011389878,0.00035789484,475.00006,100.0,-0.00041922816,0.0005139748,0
5.00001,239.99995,49.000042,9.194987e-06,-5.152157e-05,5.0434002e-05,-1.4406897,0.1205228,0.9999524,1.0000594,1.0000021,2.9999874,16.000086,1.255501e-05,2.8659135e-05,1200.0,245.00002,-0.0004941662,-3.5617926e-05,0
5.0000057,105.0,21.999952,-3.8029862e-05,-6.272411e-05,6.815459e-06,-1.5023104,0.06103819,1.0000718,0.9999981,2.000022,0.9999759,4.99999,-3.7017995e-05,0.00011930064,525.00006,110.000015,-0.0005174747,-9.9454235e-05,0
1.000091,187.00008,187.99995,2.4378689e-05,-0.00013221693,2.7678308e-05,-1.4463987,-0.012888273,1.0000174,1.0000275,0.9999848,61.0001,64.999985,-9.605719e-05,0.00019887202,197.00014,187.99985,-0.0011304393,-2.781151e-05,0
4.999978,220.00003,44.999985,1.1850329e-05,-9.917879e-06,-4.181356e-05,-1.4810668,0.013380497,0.99992174,1.0000807,0.99996555,5.0000296,14.999968,-3.941077e-05,-2.8654831e-05,1100.0001,225.00003,-0.0005523112,3.0101386e-05,0
1.0000285,505.99997,453.00003,0.12101151,0.030167202,0.17375812,-0.6122766,1.0296398,2.9999766,1.0000111,1.0000635,25.000044,49.00001,1.998678e-05,8.372395e-05,674.0,453.0,-0.0004268139,2.9919516e-05,0
0.9999897,568.00006,569.00006,-4.7212466e-06,4.533682e-05,2.171575e-05,-1.2621258,-0.2464293,1.9999341,2.0000324,2.0000181,2.0000262,5.000011,-1.0233918e-05,-9.130161e-05,568.0,569.0,0.0004280738,-1.350378e-06,1
5.000018,302.00003,60.99996,0.23299421,0.07569222,0.27517653,-1.2040918,0.66741776,0.9999797,1.0000693,1.0000376,1.0000483,6.000019,0.0013807038,0.00049822364,1528.0,305.00006,-0.00029073562,0.0012856335,0
1.0000031,195.00002,195.0,-3.240899e-05,6.738975e-05,3.369616e-05,1.3072361,-0.57209283,2.0000067,2.0000436,2.0000231,2.000009,1.9999902,-8.00507e-05,-6.227939e-05,197.0,195.00003,0.0005730125,-5.2017534e-05,1
5.0000043,174.99998,36.000008,8.285672e-06,1.4278222e-05,2.0118525e-06,-1.4795562,-0.017972454,0.9999658,1.000016,0.9999789,2.9999833,8.999978,1.7200753e-05,3.1506897e-05,875.0,180.00003,-0.00048454048,-1.6722413e-05,0
0.99996054,228.9999,229.99982,0.00014681948,-5.5115717e-05,0.0001427201,-1.4812365,-0.067309275,0.9999735,0.99996907,1.0000546,57.00008,70.000046,0.0002285204,0.0001335916,229.0,230.00009,-0.0011541483,-6.232736e-05,0
4.999994,79.99998,16.999977,4.9049864e-05,-2.9555205e-05,2.4882704e-05,-1.0777954,-0.2656385,0.99999505,1.0000451,1.0000478,1.999974,3.0000536,9.964278e-05,6.7104185e-05,400.0,84.99995,-0.00048693526,-6.7590474e-05,0
0.99994296,188.00006,189.99998,3.9483302e-06,1.3579071e-05,-1.4273915e-07,-1.1297817,0.17987944,2.9999745,3.000051,1.0000048,2.000043,5.0000105,-5.424797e-05,-7.1709415e-05,251.99992,190.00003,0.00053300924,1.3520628e-05,1
5.000056,59.999992,13.000025,0.897612,0.0223244,0.14964701,-1.1098222,-0.2027941,0.99994373,1.0000069,0.99999493,0.99998,-2.0542633e-05,0.0046506906,0.0012751064,300.00003,64.99998,-0.00042487634,0.0016816286,0
1.0000014,456.00003,457.00003,-1.8567647e-05,-2.4407515e-05,8.301965e-05,-0.61000425,0.17569028,2.0000188,1.9999809,2.0000503,1.0000547,2.00005,-1.7980685e-05,-5.4321736e-05,598.0,457.0,0.00051470473,6.900801e-05,1
5.00019,390.00012,79.000046,0.37656876,0.1493829,0.3865805,-1.3495705,0.51508814,0.9999212,1.0000587,0.9999481,2.0000453,9.000029,0.0015170078,0.0005181453,1950.0001,394.99988,-0.00045581837,0.0019379295,0
4.9999948,236.0,47.999977,2.3522496e-05,2.6511036e-05,1.8576162e-06,-0.88557655,-0.4110337,2.0000267,1.0000213,0.9999921,1.9999905,5.0000186,7.591673e-06,5.3574622e-05,1186.0,240.0,-0.00029393422,1.6296796e-06,1
5.0000205,145.00005,30.000004,-2.3894092e-05,3.9076698e-05,1.8594343e-05,-0.9620056,-0.2860506,0.9999348,1.0000097,5.2470816e-05,6.999975,8.999989,1.30725075e-05,9.185424e-05,724.99994,150.00002,-0.0005192492,-1.6824097e-05,0
0.9999177,221.00006,204.00014,0.26533037,0.09273648,0.30438876,-1.2622111,0.6319345,0.9999562,0.9999873,1.0000156,20.000013,24.999996,0.00024349983,0.00033473002,295.00003,204.00006,-0.00044337127,0.0004511842,0
4.999986,95.00005,19.99998,2.0892587e-05,1.2316878e-05,5.808081e-05,-1.3240116,-0.18464163,1.0000231,1.0000703,2.000016,3.0000002,5.999957,9.673808e-05,0.00010988405,475.00006,100.00001,-0.00055376114,1.1402742e-05,0
5.0000377,360.00006,72.99996,0.25541866,0.11933524,0.3453911,-0.75486016,0.9436954,0.99995756,1.0000186,0.99995995,1.99999,12.000062,0.0016879407,0.00029561442,1800.0,365.0,-0.00039725236,0.0016875442,0
5.000056,400.0,80.999985,-2.6466207e-05,4.244373e-06,3.4568046e-05,-1.465462,0.0826618,1.0000522,1.0000428,1.0000052,15.000087,26.000042,6.0780196e-05,4.7945192e-05,2000.0,405.00003,-0.00052047876,-3.2404587e-05,0
1.0000062,130.0,131.0,0.00927082,0.00030110867,0.017089244,0.3083334,1.4375858,6.000016,1.0000094,1.0000023,6.9999957,11.000002,1.7425195e-05,6.6670686e-06,130.0,131.00002,0.00015516694,1.62e-05,1
0.9999926,223.99998,224.99998,4.422369e-06,2.6135185e-08,2.9955989e-05,-0.80250216,-0.5833127,2.0000064,0.9999891,0.9999995,2.0000033,7.0000033,-8.5266913e-07,-1.4560499e-05,226.0,225.00002,0.00010792497,1.1252971e-06,1
1.0000197,255.00003,255.9999,9.0165224e-05,0.00010921915,3.67879e-05,-1.5019855,-0.004497933,0.99990857,1.000059,1.0000285,55.000046,66.000084,0.0001069049,0.000107610766,255.00009,255.99997,-0.0010840083,4.400595e-06,0
5.0000796,190.00005,38.999973,0.26789996,0.11311924,0.336196,-1.0139902,0.79431176,0.99997723,1.0000283,0.9999931,1.0000161,2.000006,0.0049514645,0.0005751374,950.0,194.99995,-0.00042651306,0.0029574132,0
0.999991,208.0001,208.9999,-0.000106862855,-2.8935288e-05,9.930016e-06,-1.4755386,-0.031145714,1.000145,0.99997765,1.0000801,50.000034,61.00011,5.034358e-05,0.00011418035,208.00018,208.99992,-0.0009723632,-7.222278e-05,0
0.9999459,229.00005,230.00009,0.32520226,0.15988913,0.3999911,-0.88329834,0.859722,0.9999627,1.0000622,0.999968,14.000056,26.000027,0.00041351994,0.00056019425,229.00012,229.9999,-0.0006094546,0.0008368122,0
4.9999948,70.00002,15.000002,-1.541648e-05,3.0276291e-05,5.637224e-06,-1.4237568,-0.09828491,1.0000044,1.0000283,2.000028,1.0000246,0.9999676,3.068864e-05,7.033673e-05,350.0,74.99999,-0.00050836033,3.5065917e-05,0
5.000015,80.000015,17.000027,3.7018865e-05,-5.548199e-06,-1.2006098e-05,-1.4797754,-0.0578291,1.0000445,1.0000032,2.0000086,1.0000013,1.0000136,4.344938e-05,1.597089e-05,400.0,85.000015,-0.00049270235,1.8376159e-05,0
5.000045,261.0,53.000042,0.2216621,0.05298535,0.23016042,-1.359485,0.58932483,1.0000299,1.0000232,1.0000468,1.000091,7.0000157,0.0013595574,0.0005012195,1311.0,265.00003,-0.00031731697,0.0009330698,0
5.000038,205.00002,41.999977,0.12645032,0.020646261,0.14366992,-0.8543221,0.8557407,1.0000472,1.0000494,1.0000284,2.0000637,11.000033,0.0009104647,0.00024353334,1025.0,210.00008,-0.00037950862,0.00049542304,0
5.000012,225.00002,45.999977,0.08102897,0.009122562,0.09518926,-1.2649126,0.6205054,1.0000371,1.0000205,0.9999872,2.9999728,4.9999776,0.00035558277,0.0003048676,1125.0,230.0,-0.00029052404,0.00018582,0
5.000114,220.00006,45.000084,5.0804347e-06,-2.8160024e-05,4.008512e-05,-1.4651662,-0.017758274,1.0000433,1.0000259,1.0000383,6.000027,13.999995,2.7965332e-05,0.00013121082,1100.0,224.99994,-0.00051659613,7.852224e-06,0
0.99998283,537.00006,539.0,-4.6650624e-05,3.9703327e-06,7.226358e-05,-1.3862197,0.1611091,3.000001,2.0000014,2.0000324,1.9999965,2.0000126,-3.2632037e-05,-4.512783e-05,729.0,539.0,0.0004968483,1.6071126e-05,1
4.9999695,220.00002,45.000053,-8.137202e-06,6.0202452e-05,7.337614e-05,-1.4881954,-0.10951147,0.9999389,0.99998,0.9999856,4.0000453,17.000032,-2.0925647e-06,0.00012030054,1100.0,225.00003,-0.0005439234,1.9499357e-05,0
5.000047,415.00003,83.99996,0.6179263,0.09368086,0.30621135,-1.4469995,0.19330737,0.9999143,0.9999901,0.9999984,9.000051,27.000036,0.00059273955,0.00014264527,2075.0,420.00006,-0.00068540405,0.0010050583,0
1.0000151,222.0,222.99998,-4.0942805e-06,5.327999e-06,-1.7652947e-06,-1.5499915,-0.099039026,1.9999968,1.999995,1.0000616,2.000003,4.9999905,-4.8925438e-05,-5.2626663e-05,268.0,222.99998,0.00027332272,-1.3410612e-05,1
0.999996,329.99997,312.0001,0.18788585,0.040318865,0.20054567,-0.42034295,0.9072332,1.9999776,1.0000552,1.0000434,38.99999,48.999973,0.00019770642,0.00025826306,438.0,311.99997,-0.0005905756,4.303977e-05,1
4.9998145,185.99994,37.99996,0.38937795,0.20569478,0.45384273,-1.1375983,0.6900531,1.0000383,0.9998277,0.99983525,1.9998038,10.000124,0.008846476,0.0018351412,935.9999,190.00005,-0.00065345404,0.0053381054,0
4.9999924,160.0,32.999996,0.12349955,0.01772851,0.13313761,-1.2787457,0.56820124,1.0000464,0.9999634,0.9999656,1.9999994,5.0000267,0.0010127535,0.0004795442,800.0,165.0,-0.00034298623,0.00052341784,0
1.0000386,281.00015,282.00012,0.2407867,0.14784348,0.3846658,0.06259875,1.2944164,1.0000294,1.000056,1.000034,18.999992,26.99999,0.00034637298,0.00015276176,280.99997,282.0001,-0.0005116497,0.00042522984,0
1.000043,203.00005,204.00006,8.237176e-05,0.00014280723,-0.00010388065,-1.4728192,-0.06185104,0.99997306,1.0000397,1.0000422,58.000042,66.00013,0.000111203386,9.005678e-05,224.99995,204.00012,-0.0011196339,-8.231356e-05,0
0.9999942,182.00008,183.00014,-1.9121553e-05,4.8330246e-05,-2.2725285e-06,-1.4493008,-0.030563429,1.0000215,1.0000831,1.0001624,52.00002,62.000046,-0.00014449515,0.00013610069,182.0001,183.00002,-0.0010272191,-3.4150175e-06,0
1.0001231,330.00018,313.9999,0.41149238,0.19209446,0.43830824,-1.2573842,0.5652406,1.9999014,0.99998057,0.9999419,31.000208,33.00018,0.000210309,0.000543259,420.0,314.00024,-0.0008043502,0.0006219493,0
5.0000315,210.00002,43.000015,-4.6800782e-05,5.038342e-05,4.8436435e-05,-1.4673797,-0.079546124,0.9999743,1.000043,1.0000062,3.9999359,12.000013,2.5185096e-05,9.2026836e-05,1050.0,215.0,-0.0005043469,1.0765474e-05,0
4.999996,271.00006,54.99996,-1.5506503e-05,1.477133e-06,7.136254e-05,-1.394017,-0.08000797,1.0000477,0.9999259,1.0000565,5.000021,18.000006,-6.0949583e-06,6.747042e-05,1361.0,275.0001,-0.00050713477,-1.1902499e-05,0
4.999984,80.0,16.999989,0.00010916498,-2.4508308e-05,2.2075938e-06,-1.4747334,-0.06489539,1.0000046,0.9999998,2.000008,1.0000231,2.0000076,3.417736e-05,0.00013696839,399.99997,85.0,-0.00051835214,-4.0395877e-05,0
0.9999,276.00006,278.0001,7.582417e-05,-6.582034e-05,-8.85704e-05,-0.72231233,-0.62562567,1.0000651,1.0000186,1.0000832,73.00001,88.0001,0.00020245962,0.00016504955,356.00015,277.99994,-0.0014049334,-7.331425e-06,0
0.9999484,534.99994,536.00006,8.896133e-05,1.5684863e-06,0.00012459856,-0.6667082,-0.45848548,5.999955,5.000087,2.99995,7.9999113,12.99995,-6.154863e-05,-0.00011916542,615.00006,536.00006,0.0010092686,1.1883985e-05,1
1.0002246,475.00034,476.00018,-5.03396e-05,0.00022306564,1.0469341e-05,-1.4851536,0.09525046,0.99977285,1.0000603,1.000169,140.00018,158.99995,0.00040975853,0.0006430998,655.00024,476.00024,-0.002658877,0.00028785187,0
0.99999875,187.99995,189.0,-2.0952937e-05,6.9421585e-05,8.413071e-05,-1.2108134,0.006831518,2.9999804,2.9999535,0.99997604,2.0000536,4.999977,-2.2021139e-05,-3.7803733e-05,251.99994,189.00003,0.00052771566,-3.9784754e-05,1
0.99996006,177.99988,179.00014,2.5413747e-05,-4.456249e-06,0.00012376752,-1.4623837,0.007919415,1.0000631,0.9999749,0.99991167,49.99999,59.999985,6.467303e-05,0.00022723323,244.00008,178.99994,-0.0009677724,1.0618772e-05,0
4.9999948,345.0,70.0,-1.998274e-06,1.1045987e-06,3.0928564e-05,-0.6553989,-0.74699545,3.000016,1.0000031,0.99999774,2.9999993,3.0000064,3.6630545e-06,1.734997e-05,1725.0,350.0,-0.00010426531,8.979043e-06,1
1.000028,288.00006,257.99994,0.25555852,0.12185342,0.34901783,-0.7008503,0.9703606,1.0000478,1.0000788,0.99994457,13.000016,25.000034,0.00013978872,0.00016071853,388.00003,257.99997,-0.0004247124,0.00049238687,0
4.999987,215.0,43.999985,3.1380645e-05,1.0673181e-05,5.655293e-06,-1.3973236,0.017394181,1.0000128,1.0000088,1.0000042,4.0000157,13.000028,2.060567e-05,0.00012559448,1075.0,220.00006,-0.0004985177,3.6004414e-07,0
1.0001589,208.99994,210.00003,0.35947227,0.18641293,0.4314406,-1.0610058,0.7461783,2.0002182,0.999932,1.0001183,21.000076,25.999943,0.00034094282,0.0005447507,208.99992,210.00008,-0.0007704402,0.0008362901,0
4.999966,370.0001,75.0,0.7083784,0.035355195,0.18811479,-1.4500768,0.09365005,0.99998796,1.0000895,0.9999703,15.000033,24.999924,0.0003440544,0.00021831006,1850.0,375.00006,-0.00069309666,0.00048883853,0
4.9999657,85.00005,17.999966,-3.0946754e-05,3.6558763e-06,-3.0951393e-05,-1.0956265,-0.20452373,1.0000206,1.0000681,1.999988,2.0000174,3.0000339,9.9836296e-05,0.00011077562,424.99997,90.00001,-0.0004945181,1.9633762e-05,0
5.000008,275.0,56.000004,0.19586436,0.057073455,0.23893021,-1.103838,0.7467721,0.9999328,1.0000501,1.0000306,2.000026,8.000037,0.0013217247,0.00035550338,1375.0,280.0,-0.00031050298,0.0010237462,0
0.9998901,431.00003,432.00003,7.664692e-05,-3.0946137e-06,1.7970677e-05,1.7182167,0.7142173,1.999945,3.000009,1.9999515,1.0000042,2.0000434,-1.8834078e-05,-6.8607886e-05,431.0,431.9999,0.0009123652,-1.4137163e-06,1
5.000042,215.00006,44.000076,0.32207534,0.079499684,0.28193435,-1.5477315,0.19500417,1.0000036,1.0000347,0.9999481,1.9999598,6.9998803,0.0020641664,0.00058522477,1075.0,220.0,-0.00050056254,0.0017871987,0
1.0001656,469.00015,470.00006,0.26149797,0.14557666,0.3817041,-0.17620091,1.1890485,1.9998983,1.0000086,1.0000428,36.000027,71.00016,0.0002995365,0.00020255709,468.99982,470.0,-0.0010739595,0.00020962993,0
5.0000153,224.99995,46.000008,0.12424853,0.027562885,0.16604885,-0.79582715,0.93191963,1.0000517,1.0000343,0.999998,3.0000162,7.0000544,0.0011264894,0.00047441595,1125.0,230.00005,-0.00026746627,0.0006284996,0
5.0000696,170.00002,34.99999,0.04940108,0.005830082,0.07616964,-0.13817634,1.2053623,2.0001261,0.99997735,1.0000124,1.9999871,2.0000129,0.003057873,0.008741378,850.0,174.99992,0.0011155272,0.00011731899,1
5.000096,292.00006,59.000015,0.34136787,0.21772787,0.46662205,-0.16539301,1.1707228,1.0000265,0.9999769,0.9999846,0.99997795,9.999876,0.0059240144,0.0011842786,1474.0002,294.9999,-0.0004944606,0.0036001857,0
5.0000553,285.00006,58.00006,0.31021786,0.109801844,0.33126897,-1.1360507,0.68722534,1.0000614,0.9999832,1.000041,2.0000508,7.9999857,0.0021062905,0.0003278475,1425.0,290.0,-0.00047066034,0.0019054242,0
1.0000316,262.99988,263.99988,-1.3927647e-05,-1.2033129e-05,0.00016506808,-1.4366381,-0.032465763,1.0000122,0.99994946,0.9999328,68.0,86.00015,0.00011614675,0.00029694338,262.99988,264.00003,-0.0013984478,-2.8735327e-05,0
4.9999604,375.00006,76.00002,-4.4917888e-05,-4.39409e-06,5.450996e-05,-1.4798707,0.009117398,0.99999,0.9999637,0.9999996,22.000011,25.000053,9.601394e-05,5.002251e-05,1874.9999,380.0,-0.00058963103,-4.2985253e-06,0
1.0001144,238.00002,216.99988,0.31183273,0.16355279,0.4044432,-0.8825868,0.86640173,0.9999968,1.0001737,1.0000341,19.000055,25.999928,0.00029885897,0.0004456518,321.99997,217.0,-0.00066569494,0.00085323234,0
0.9999407,327.00006,310.00006,0.23702975,0.111013435,0.3333778,-0.19799319,1.1931685,0.9998806,0.9999972,0.99996275,31.999958,59.00008,0.00027260534,0.00037723733,451.00003,310.0001,-0.00085274194,0.00019076526,0
4.99995,95.00001,19.999985,5.50453e-05,4.9200103e-06,3.3677232e-05,-1.4422046,-0.11701973,0.999997,1.0000279,1.9999878,1.9999393,2.9999788,5.5837398e-05,7.739275e-05,475.0,99.99998,-0.0005079909,-2.4913465e-05,0
4.9999666,265.0,54.000065,6.872114e-05,2.0155496e-05,5.0330593e-05,-1.490635,0.0755234,0.9999558,1.0000046,0.99998087,2.9999886,15.99998,-2.397289e-05,3.748545e-05,1325.0,270.0,-0.00048860634,-3.279022e-06,0
5.000001,174.99998,36.00004,3.4413755e-05,-3.386273e-05,5.5719855e-05,-1.3499427,-0.011811953,2.0000274,1.0000023,1.000044,1.0000347,1.9999694,-1.40388165e-05,6.1076986e-05,875.0,180.0,-0.0003727188,2.2457507e-05,1
4.999991,255.00005,52.000004,7.762402e-06,-3.7219503e-05,-1.3947749e-05,-1.5000799,0.013289623,1.0000119,1.0000143,1.0000515,3.9999764,16.00003,3.086762e-05,7.185492e-05,1275.0001,259.99994,-0.00050022197,-3.4699286e-05,0
5.00004,340.0,68.99998,-3.260038e-05,-4.3710115e-05,-1.944478e-05,-1.4732596,-0.10643333,1.00005,0.99998724,0.99999154,10.000033,25.999962,0.000116731455,5.427991e-05,1700.0,344.99994,-0.00056478224,-9.870469e-05,0
0.9999902,748.0,749.0,9.408228e-05,3.56656e-05,1.1590616e-05,-1.0188888,-0.67698604,2.0000381,2.0000474,0.9999907,0.9999814,3.0000508,-3.935608e-05,4.7289914e-06,1037.9999,749.00006,0.00060125015,-2.0284198e-05,1
0.9999947,162.00003,162.99994,0.00014010345,-7.931138e-06,3.2157925e-05,-1.4644073,-0.025108106,0.9999975,1.0000104,0.9999696,47.999893,54.99997,1.8626406e-05,6.9641224e-05,162.00002,162.99998,-0.0009377287,-4.4381643e-05,0
5.00002,195.00006,40.00005,9.959929e-06,1.2062043e-05,5.2986863e-05,-1.528396,0.06587249,1.0000005,1.0000254,1.000041,1.0000012,11.000036,-1.690013e-05,0.00010990125,975.00006,200.0,-0.00048284917,-3.2544343e-05,0
1.0002155,232.00005,212.00006,0.40238792,0.19036198,0.43644685,-1.2853829,0.5659699,1.9999889,0.9999324,1.0000093,20.00007,32.00001,0.00037309199,0.00056461844,326.00018,211.99992,-0.00089078356,0.0009511391,0
1.0000283,390.0002,390.9999,0.00010800061,4.0760322e-05,0.00013398718,-1.3622289,-0.066878706,0.9999376,1.0000589,0.9999982,115.00029,128.00002,6.866066e-05,0.00039640695,484.00006,390.99982,-0.002181443,0.00033809,0
0.9998924,347.99997,323.9999,0.42139417,0.17888317,0.42288274,-1.260888,0.5568533,1.0001328,1.00007,1.0000694,24.00006,31.000006,0.00014283563,0.00042317362,483.9999,324.00015,-0.0007703959,0.00050169183,0
5.0,640.0,129.0,2.7664453e-05,8.1347725e-06,1.0037677e-05,-0.9441761,-0.37986323,2.0000165,1.0000039,1.0000036,1.9999822,2.000007,6.005453e-06,-2.1276006e-05,3200.0,645.0,0.00025951085,-7.6004953e-06,1
1.0001036,503.0,503.99994,0.00016407695,-7.8306475e-05,7.533134e-05,-1.3671359,-0.14025769,1.9999431,0.99979764,1.0001475,82.00005,101.999916,4.9780603e-05,0.0002876233,503.0,504.0,-0.001608354,0.00015264211,0
5.000004,91.000015,19.000042,-1.1029911e-05,-2.0373936e-06,-2.4643947e-05,-1.3880601,-0.20709343,0.999995,1.0000341,1.999971,1.0000489,3.0000386,-5.0762694e-05,7.324809e-05,461.00003,94.99999,-0.00051028957,-6.333806e-05,0
5.000046,335.00012,67.99987,0.26269555,0.10212226,0.31958538,-1.0128193,0.7731449,2.0001018,1.000199,1.0000671,2.000095,2.000037,0.0061003845,0.014030815,1674.9999,340.0,0.0018527997,0.0015041678,1
5.0000296,285.0,58.000057,2.633371e-05,-1.06802945e-05,1.9886576e-05,-1.4636748,-0.050611537,1.0000567,0.9999766,1.0000223,4.999987,16.00001,5.056542e-05,7.3423624e-05,1425.0,289.99997,-0.0004632399,3.5274293e-06,0
1.0001819,438.00003,439.0,0.024136221,0.00040156784,0.022239171,-1.4532108,0.29253012,11.999981,0.99983704,0.9998902,82.000175,93.99988,0.00014542304,0.00021222765,438.0001,439.0002,-0.001374595,-8.004618e-05,0
4.9999757,225.00005,45.999996,-4.7955346e-06,2.0680074e-05,-1.0826326e-05,-1.5077902,0.022435378,1.0000337,0.99996734,1.0000386,6.9999843,15.000025,9.215722e-05,4.9514147e-05,1125.0,229.99997,-0.0005470191,3.222144e-05,0
5.0000587,615.0,124.000015,-3.29906e-05,-2.0602914e-05,3.7907428e-06,-1.4290941,0.25377676,0.9999979,1.0000255,1.0000013,34.999958,42.00001,1.067898e-05,7.942623e-05,3075.0,620.0,-0.0005797344,0.00012281921,0
4.9980893,195.0008,39.999725,0.12714948,0.04422539,0.20780018,1.3285259,1.6072071,3.0027754,1.9990497,1.0008854,2.0011458,4.000136,0.040713392,0.10649939,975.0001,200.00143,0.01706489,0.002770465,1
5.0000362,480.0001,97.00011,0.49158546,0.17546132,0.41874516,-1.50591,0.18767473,1.0000961,0.9999854,1.0000148,11.999882,26.000097,0.00094920193,0.00036996367,2400.0002,484.99997,-0.0008129251,0.0018068472,0
0.9999872,511.99973,512.0,-0.00024396095,-6.598828e-05,0.00013462508,-1.4759979,0.038596783,1.0002888,0.9997295,1.0001649,149.00015,165.99963,2.2717628e-05,0.0007183459,620.0003,512.0001,-0.0027932401,-5.4430806e-05,0
1.0001771,182.99997,175.99997,0.24804054,0.0739551,0.27188236,-1.2765211,0.5987694,0.99996036,0.99999267,0.99999547,16.000048,24.999872,0.00013304505,0.00022163201,232.99998,176.00005,-0.0004325519,0.00038689226,0
1.0000751,171.00008,173.00005,-6.481625e-05,-3.1394426e-05,0.00020661479,-1.3290335,-0.089095026,1.000013,0.9998749,1.0000496,46.0,59.999985,-4.9496874e-05,0.00025950035,236.99991,173.00012,-0.0009299835,9.768127e-05,0
5.000021,201.00005,41.0,1.3065319e-06,4.6388297e-05,4.6961024e-05,-1.4791896,-0.065158926,1.0000432,1.0000045,1.0000266,5.0000196,13.00001,0.000111180634,0.000146742,1015.00006,205.00005,-0.00052786176,-3.6534193e-06,0
0.9999435,230.00005,231.00006,0.31181785,0.16708569,0.4086537,-0.8279864,0.89277273,1.0002207,1.000068,1.0000712,20.999996,21.999998,0.00035035083,0.00034208962,230.00003,231.00014,-0.000643024,0.0005938933,0
5.0000315,89.99999,19.000032,2.034165e-05,2.249633e-05,4.707912e-05,-0.84825474,-0.38886058,1.0000539,0.99996805,0.99995273,1.9999812,4.000042,6.440879e-05,0.000100075464,450.0,95.000046,-0.00048746547,-4.1818945e-05,0
4.9999695,234.9999,48.00003,0.391602,0.22845224,0.47794807,-1.053414,0.75112456,0.99998045,1.0001236,1.0002006,1.000014,4.000104,0.0064849383,0.000878441,1174.9999,240.00026,-0.0007195172,0.0047992948,0
4.999996,145.00002,29.999989,0.024593404,0.00082151114,0.028562304,-0.1354233,1.0728204,2.0000067,0.9999686,0.9999853,2.9999819,3.9999936,0.00022701957,0.00039127067,725.0,149.99998,-0.0002667201,4.8500882e-05,1
5.000012,94.99992,20.000053,3.151503e-05,-2.1362286e-05,6.368425e-05,-1.3116542,-0.20001504,1.0000416,1.0000688,2.0000017,1.0000092,2.0000758,4.8224905e-05,3.9100585e-05,475.00003,99.99995,-0.00048477348,-5.6702505e-05,0
5.000032,70.00002,15.000097,2.220308e-05,4.6130906e-05,4.7983543e-05,-1.4627895,-0.09282176,1.0000222,1.0000542,1.9999712,1.0000464,1.9999932,3.3153647e-05,6.7705536e-05,350.0,75.00008,-0.0005241011,3.3747387e-05,0
1.0000559,196.00005,197.00005,2.9748317e-05,4.2846405e-05,4.7949976e-05,-1.485089,-0.06671955,1.0000942,1.0000608,0.99999833,43.999947,55.00003,3.630769e-05,3.8472913e-06,272.0,197.0,-0.00087824924,2.2739505e-05,0
0.99998575,246.99992,238.00009,0.39716634,0.14855085,0.3853679,-1.3678244,0.4660035,0.99993116,0.9999636,0.99993634,23.000013,36.999855,0.0003403402,0.0003194127,343.00012,238.00003,-0.00081508525,0.0007309864,0
5.0000534,220.00002,45.000015,-1.745304e-06,4.078543e-05,-1.778624e-05,-1.4934818,0.04361599,1.0000339,1.0000483,0.99999803,10.000004,15.00003,4.8976268e-05,4.7150374e-05,1100.0,225.00002,-0.000587795,2.2375729e-05,0
4.999918,510.00003,103.00003,0.36807105,0.14500995,0.3808028,-1.3638171,0.4700096,1.000044,0.999979,1.0000365,9.999962,27.000006,0.00077773636,0.0002661422,2550.0,515.00006,-0.00061518385,0.0014584168,0
1.0000372,207.99997,209.0,5.9556634e-05,-4.869237e-07,7.998046e-05,-0.94495547,-0.4554956,0.99999976,1.0000014,1.0000405,45.99997,52.0001,5.737171e-05,0.0002238184,220.00006,208.99994,-0.0007723276,-4.061797e-05,0
4.999997,230.0,47.000057,2.3599194e-05,-3.2254025e-05,6.567121e-05,-1.4785681,0.12507267,1.0001003,0.9999949,0.99997014,1.000049,13.999959,3.4706492e-05,5.858972e-05,1150.0,234.99992,-0.00048513868,-5.352735e-06,0
5.0001187,190.99994,39.00005,0.32415387,0.15131247,0.38907042,-1.1749879,0.6960766,0.99985766,1.0000612,1.0000584,1.0000802,4.0000176,0.0061625876,0.0007295934,964.99994,194.99998,-0.0005810275,0.0038625305,0
4.9998937,295.0,60.00001,0.37318298,0.14720426,0.38353676,-1.3979193,0.45440912,0.9999409,0.99997836,1.000037,3.0000584,12.000109,0.0020489357,0.0007482821,1500.9999,299.99994,-0.00062235043,0.0023691126,0
1.0000181,675.00006,675.99994,-4.118783e-06,-1.9555491e-05,6.316147e-05,1.7998883,-1.0915987,1.9999381,2.0000038,1.9999944,1.9999119,1.9999726,2.9720362e-05,-3.5950452e-05,674.99994,676.00006,0.0008196643,4.8846982e-06,1
5.0000215,175.0,36.00002,0.13016574,0.022338616,0.14946972,-1.4555663,0.49391454,0.9999609,1.0000374,1.0000148,2.000011,5.00003,0.0015042591,0.0013303527,875.0,179.99998,-0.00021739169,0.0006417722,0
4.9985566,60.000206,13.00052,0.9539376,0.03706143,0.19344833,0.83636296,-1.0130666,0.99985385,0.99927807,0.9997944,0.0004544813,0.00028058575,0.03524478,0.080373056,300.00015,65.00133,0.012150242,0.004211462,1
0.99999803,635.99994,638.0002,9.922684e-06,-8.223548e-05,-0.0002826066,-1.3351312,0.17335157,1.0000712,1.0002031,0.9998723,180.99992,193.99982,-0.00017756982,0.0004589882,888.00024,638.0,-0.0034368422,-8.32955e-05,0
5.0000014,85.00004,17.99999,-8.39454e-06,-1.2589976e-05,2.3517483e-05,-1.4764309,0.026387183,1.0000274,1.0000178,2.0000048,2.0000014,4.0000067,3.599898e-05,6.897768e-05,424.99997,90.00005,-0.00054683065,1.3083179e-05,0
0.9999803,219.00006,220.00008,-9.2653296e-05,-9.352678e-05,7.590028e-05,-1.4723767,0.03736588,0.9999852,1.0000826,1.0001571,64.00013,71.99991,-7.8829136e-05,0.00025322038,269.00012,220.00014,-0.0011818439,-4.226268e-05,0
4.999963,275.00003,56.000008,0.21147464,0.05367948,0.2317428,-1.2404554,0.6441474,0.9999619,0.9999933,1.0000585,1.9999509,6.0000033,0.0011903463,0.0003031779,1375.0,280.00003,-0.00031392163,0.00094629143,0
4.9999423,235.0,48.000004,0.36461163,0.21025118,0.45870867,-0.93321484,0.82270753,1.000077,0.99991345,1.0000312,1.0001591,5.0001354,0.006060228,0.00063731725,1175.0,240.00015,-0.0006962041,0.0044068773,0
4.999985,620.0,124.999954,5.1158742e-05,3.4030312e-05,3.297206e-05,-1.1553618,-0.3965302,1.0000101,0.99998814,0.99999374,28.000036,41.000046,-2.5760492e-05,2.7223548e-05,3100.0,625.00006,-0.00047697153,-3.3065182e-06,0
5.000012,195.00006,40.000004,3.51265e-05,-1.1648887e-05,9.7299046e-05,-0.56890374,-0.79224867,0.9999934,0.999983,1.0000275,9.99998,14.999988,8.322703e-05,8.037185e-05,975.0,200.00002,-0.00051750126,-1.5026096e-05,0
1.0000532,216.00003,217.00006,4.4896315e-05,2.194864e-05,7.3602234e-05,-1.4890643,0.0019687512,2.000018,0.999996,1.0000826,26.000067,51.000008,3.2516487e-05,4.584311e-05,254.00005,216.99997,-0.0006943815,-2.966771e-05,1
0.9999631,232.99997,233.99992,8.9568755e-05,-4.679723e-06,7.24212e-05,-1.4340708,-0.07161998,1.0000389,1.000039,1.0000408,63.000072,73.99993,0.00014311179,0.00011173682,233.00015,233.99995,-0.001211301,-0.00015530882,0
5.000004,305.00003,62.000004,9.106142e-06,-1.659342e-06,4.5907767e-05,-0.92767483,-0.42058098,2.0000083,1.0000082,0.9999895,3.0000153,3.0000134,4.3319275e-07,2.9552883e-05,1525.0,310.0,-0.00018639231,-1.41133405e-05,1
5.0001264,415.00006,83.99998,0.52914685,0.16398716,0.4049115,-1.5118217,0.17519532,1.0000176,1.0000746,1.0000273,8.000042,16.00005,0.0010627555,0.00042271573,2075.0002,419.99985,-0.00067023997,0.0019500521,0
5.000008,250.00012,26.999783,-0.00016345875,-0.00015615101,2.6043379e-05,-0.7261465,0.6217215,1.0000141,1.0001961,0.0001253916,1.0001117,0.9999857,4.2659053e-06,-0.0001575011,16250.0,134.99994,0.001443923,0.00010583397,1
0.99999636,191.00009,193.00017,-0.00011714772,7.537011e-05,-2.9505558e-05,-1.4227884,-0.019357694,1.0001091,1.0000087,0.9999722,50.00002,68.0,0.00014071963,0.0002334351,267.0,192.99995,-0.0010811909,6.311965e-05,0
4.9999723,94.999985,20.000021,5.1401123e-05,-1.9009683e-05,9.988849e-06,-1.3808829,-0.3075992,1.0000714,1.0000066,1.9999933,2.0000625,4.0000434,2.241292e-05,3.9198683e-05,475.0,100.00002,-0.00052427064,-4.846087e-06,0
1.0000031,196.0,197.0,1.1402358e-05,8.250486e-07,1.076134e-05,-1.2208334,-0.06129526,0.99999994,0.9999982,0.9999986,13.000002,9.999999,3.2619619e-06,4.7844087e-06,244.0,197.0,-5.4847347e-05,4.3184814e-06,1
5.000023,75.000046,16.0,-2.204254e-05,-1.3108194e-05,-9.754795e-06,-1.4785223,-0.06712897,0.99999654,0.9999533,2.0000012,1.0000249,3.4095014e-05,-7.311986e-06,0.00014920862,375.00006,79.99992,-0.00049484585,-4.116241e-05,0
5.0000634,229.99998,47.000023,-6.155928e-06,-1.0608967e-05,2.627882e-05,-1.4354714,-0.037261207,0.99996096,1.0000075,0.99999046,3.9999943,14.999958,0.000103324375,3.0051919e-05,1150.0,235.0,-0.0005253847,-1.1965434e-05,0
1.000009,192.99998,195.00005,1.4937194e-05,-5.797466e-06,-5.1103384e-06,-0.85867596,-0.49607292,2.0000074,2.0000198,1.000012,3.000024,6.999989,-8.406574e-06,-2.3649041e-05,223.00003,195.0,0.00030225658,1.9989846e-05,1
5.000034,244.99997,49.999992,4.920289e-05,2.4686733e-05,4.286213e-06,-1.4899316,0.020184668,0.9999383,0.99997514,0.9999842,5.00005,15.000033,4.7761114e-05,1.9711379e-05,1225.0,250.00003,-0.00051769585,1.6908114e-05,0
0.9999182,174.99994,175.99998,0.31466466,0.08244906,0.2869975,-1.4453454,0.33952218,1.9999522,1.0000509,0.99995565,28.000086,33.000122,0.00033188786,0.00051261834,175.00003,175.99994,-0.0006409489,0.0003215372,0
0.99999994,483.0,484.0,-3.6372947e-07,1.0158059e-05,2.0932983e-05,-1.5389124,-0.055020668,1.9999924,1.0000124,0.9999966,16.999992,21.000008,4.2515203e-06,1.5466576e-05,483.0,484.0,-0.00014404122,5.2284227e-06,1
1.0000054,166.00006,167.00008,6.2633353e-06,-2.7912727e-05,8.0924954e-05,-1.0196222,-0.392789,0.99993277,1.0000108,1.000018,49.99996,53.00001,6.662365e-05,9.885444e-05,166.00003,167.00012,-0.00086538686,-4.49523e-05,0
0.999943,351.99997,353.0,0.005904601,0.00011209015,0.013224935,3.1367087,2.1361182,5.0000587,2.000067,0.99997056,7.0000043,20.000076,-1.2625166e-05,-2.3408433e-05,352.00003,353.0,0.00055921054,-1.7863487e-06,1
1.0000758,215.0,209.0001,0.2653374,0.074618995,0.2731291,-1.2206836,0.6194639,1.0000042,1.0000771,0.9999321,28.999968,31.0001,0.0002075119,0.00025716386,271.00012,209.00002,-0.0005576469,0.00027553373,0
1.000024,199.99994,201.99992,-3.2880424e-05,4.9284266e-05,0.00012429374,-1.478589,-0.02816752,1.0000865,0.9999588,1.0000243,56.000065,67.00009,-4.5928566e-05,0.00023842863,277.99997,202.0,-0.0010823307,-6.4683964e-06,0
5.0000477,289.99994,58.99995,-3.622723e-05,-1.0382862e-05,2.6175769e-05,-1.3594446,-0.039098196,1.0000184,0.9999884,1.0000281,15.000053,18.000013,5.972564e-05,4.037338e-05,1450.0,295.00006,-0.0005290865,8.136332e-06,0
4.999993,79.99996,17.000015,6.820133e-06,-1.1678897e-05,1.2138198e-05,-1.436672,-0.08392169,1.0000482,1.000022,2.0000196,1.0000299,2.9999778,2.518127e-07,0.00011651341,400.00003,85.000046,-0.0005249024,8.303068e-06,0
5.0000453,139.99998,29.000025,0.27841863,0.033624902,0.1834603,-1.4773133,-0.1828454,1.9999719,0.9999624,0.99998987,2.9999719,3.9999638,0.0014178384,0.000678304,700.0,145.0001,-0.00043255094,0.001134808,0
5.0000157,629.9999,127.00017,0.40505612,0.17946811,0.42372984,-1.3821433,0.47994053,2.000009,1.0000441,1.0000508,12.000044,26.000038,0.0006963079,0.00013336523,3150.0,634.99994,-0.00054014695,0.0013450551,0
5.000007,185.00002,38.000023,0.05306997,0.0052688266,0.072616585,-0.53939515,1.0152022,2.0000181,1.000005,1.0000112,1.9999975,3.0000281,0.0015513167,0.0029945914,925.0,190.0,0.0002054513,0.00015634847,1
4.999993,286.00018,57.99997,0.3569481,0.16187093,0.4024535,-1.148458,0.6761095,1.0000848,0.99988014,1.0000442,1.999968,13.000016,0.003126733,0.0005441037,1436.0001,290.0,-0.0006398366,0.0027079356,0
4.9999766,200.00002,41.000008,0.11050786,0.019734627,0.14047262,-1.2218509,0.7123478,0.9999907,1.0000031,1.0000095,2.000003,4.0,0.0012500859,0.0013904347,1000.0,205.00002,-0.00013104646,0.00049102487,0
5.000006,330.0,67.000015,0.18894632,0.02819058,0.16790989,-1.4820615,0.10957121,2.0000143,0.9999869,1.0000066,3.0000014,5.0000033,0.00089211325,0.001027134,1650.0,335.0,-7.3501455e-05,0.00042510402,1
0.9999909,272.00018,241.0001,0.28088802,0.15215397,0.39034352,-0.67324084,0.9880586,0.9999957,1.0000038,1.0000377,18.999956,30.99988,0.00027435017,0.00016360133,378.00015,241.00005,-0.0006148382,0.00054480805,0
0.9999873,169.0,169.99998,-2.138831e-05,2.8568655e-05,4.6824964e-05,-1.13404,-0.27703,2.0000167,2.000004,1.0000246,2.0000403,3.9999998,-4.6489462e-05,-6.078136e-05,168.99995,170.00003,0.00029920472,2.2482987e-05,1
5.000013,215.00009,44.00003,0.25483784,0.114423215,0.33820742,-1.0007337,0.8309555,1.0000935,1.0000311,1.0000132,0.9999548,2.999995,0.004847996,0.0017059433,1075.0,220.00002,-0.00021609504,0.0026522686,0
1.0000678,182.0,182.99994,-2.0115482e-05,3.6779016e-05,4.999927e-05,-0.8338311,-0.44876978,0.99997073,1.0000322,1.0000038,25.999996,37.00002,8.8766246e-05,9.220358e-05,182.00005,183.0,-0.00045617402,-1.6820126e-05,0
1.0000331,167.00002,169.00005,-1.7629201e-05,-1.3612152e-05,8.714008e-05,-1.187868,-0.23290105,1.0000097,1.0000049,0.9999656,37.00005,43.00002,2.6706099e-05,7.4238844e-05,233.00005,168.99997,-0.00065331097,-8.406455e-05,0
4.999957,90.000046,18.999966,2.6674586e-06,-1.0999249e-05,4.5281173e-05,-1.3009278,0.097573966,1.0000257,1.0000471,1.9999651,0.9999816,3.0000682,1.3065639e-05,7.214517e-05,450.00003,94.99994,-0.00049523945,-8.9957675e-06,0
5.0000234,194.99995,39.999954,0.35285944,0.08488712,0.2913309,-1.4926355,0.13901187,1.0000393,0.99997324,1.0000167,3.0000532,6.99995,0.0025188625,0.0006489566,975.0,200.00012,-0.0005514352,0.0020541705,0
0.999982,671.0,672.00006,2.7207558e-05,-1.6021222e-05,-7.9561454e-07,-1.295036,-0.0033796625,1.9999287,2.000039,2.000019,1.0000077,9.000015,-3.4846325e-05,-2.2432117e-05,671.00006,672.0,0.00043099798,-1.3051927e-05,1
0.9999832,181.99998,184.0,5.6323977e-05,1.14384075e-05,2.5964884e-05,-1.0406947,0.2775589,3.0000074,2.0000222,0.99995935,3.0000086,5.999991,2.4717501e-05,-3.402764e-05,227.99998,184.00003,0.00031559597,5.749101e-06,1
4.9999733,364.99997,74.00002,0.26447028,0.12270237,0.35022348,-0.81453735,0.91026616,1.0000511,1.0000479,0.99998343,3.0000122,7.0000153,0.0017490502,0.00041106844,1825.0001,369.99994,-0.0003215262,0.0016720061,0
5.0000114,240.00002,49.000034,-4.9314465e-05,-1.4295669e-05,5.3042422e-05,-1.5090078,0.028868908,1.000019,1.0000699,1.000043,5.0000134,16.999994,-1.8400055e-05,8.4945445e-05,1199.9999,244.99998,-0.00054648955,-4.8802587e-05,0
4.9999685,80.00002,17.000029,-4.045038e-06,5.247898e-05,1.6469245e-06,-1.0984437,-0.30917692,0.9999663,1.000045,2.0000184,1.0000138,2.0000436,8.410188e-05,8.771669e-05,400.0,85.00003,-0.00048040276,-3.1334384e-05,0
1.0001665,483.99966,486.00018,-0.00018615989,-8.915187e-05,0.00031759008,-0.81091386,-0.57878727,0.9998611,1.0002813,1.0000592,142.99977,153.99995,0.00015351445,0.00039387963,657.99994,486.00018,-0.0026377097,-0.00026762515,0
0.9998691,180.00002,181.00006,1.26506475e-05,-1.4297331e-06,1.8464567e-05,-1.497014,-0.028989494,1.0000198,1.0000387,1.0000068,49.000008,57.99998,9.829438e-05,0.00012301443,242.0001,181.0,-0.0009527928,0.0001007344,0
5.0000024,525.0,106.0,-1.10378494e-07,1.3682501e-06,2.5134097e-05,-1.260686,0.06326814,2.999999,1.0000021,1.0000013,3.0000036,11.999999,-1.3206433e-06,6.039109e-06,2625.0,530.0,-5.2967156e-05,-1.975641e-06,1
4.999913,264.99997,54.000076,0.21630645,0.09747169,0.31228632,-0.41294718,1.0976516,1.0000274,0.9999884,0.9999652,0.9999757,5.0000076,0.0028882998,0.00039664228,1325.0,269.99994,-0.00026307924,0.0017865755,0
5.0000377,95.00007,19.999985,-3.7572347e-06,-6.088492e-05,5.9780177e-05,-1.3833545,0.18339938,0.9999842,0.9999833,0.9999994,1.9999645,6.0000467,7.06569e-05,3.7130125e-05,474.99997,99.99998,-0.0005365898,5.6412778e-06,0
5.0000124,179.99998,37.00002,2.097554e-05,-1.7606033e-05,5.5344342e-05,-1.1593288,-0.27968875,0.99997413,1.0000049,0.9999736,5.0000396,10.000045,1.2469335e-05,7.8418554e-05,900.00006,185.00002,-0.000491408,1.27705825e-05,0
1.0000085,256.0,257.0,-6.0666125e-06,-1.0140972e-05,3.529669e-05,-1.236132,-0.08655714,1.0000082,0.99999404,0.9999992,0.9999941,5.000001,-5.4246743e-06,-1.4438442e-05,256.0,257.0,0.00010286924,5.2931487e-06,1
5.000061,40.000076,8.999936,0.97466207,0.014511331,0.12065409,-1.2073336,-0.22663672,1.0000234,1.000115,1.0000293,1.0000378,-8.085626e-05,0.006458432,0.0023273542,200.0,45.000114,-0.00027275874,0.0016219753,0
4.999977,264.0,53.99997,0.23151597,0.11404866,0.3377065,-0.322629,1.1386471,1.0000539,0.9999426,1.0000161,1.0000768,5.999996,0.0035487972,0.00046405816,1318.0001,270.00003,-0.0003195619,0.002179215,0
0.99996793,387.00003,388.00003,1.261689e-05,2.0026204e-05,4.7254543e-05,-1.1401975,0.112378545,2.0000246,1.999991,1.9999696,0.9999833,2.0000243,-4.5190976e-05,-2.3891476e-05,508.99997,388.0,0.0004346985,2.985292e-05,1
5.0000186,74.999954,16.000008,2.3951068e-05,-3.118046e-06,3.1989042e-05,-1.3703387,-0.16438594,1.0000248,0.9999731,2.0000482,0.9999935,3.000006,7.552261e-05,0.00010265009,375.0,80.00002,-0.0005242774,5.3732238e-05,0
5.000021,254.99997,52.000057,0.23471001,0.11399326,0.33760414,-0.45096448,1.0807221,1.0000637,0.99997514,1.0000477,1.000077,4.9999633,0.003581943,0.0004365484,1275.0,259.99994,-0.00033818168,0.0022007488,0
5.0000043,420.00003,85.00009,0.32656035,0.13147782,0.36225858,-1.3275346,0.55352384,1.0000169,1.0000489,0.999947,0.9999091,10.999991,0.0011075662,0.00027456364,2100.0,425.00003,-0.0004024233,0.0015513333,0
5.0000243,301.00003,60.999977,0.39056596,0.18607025,0.43135744,-0.8875133,0.82638407,1.0002087,1.0000465,1.0000721,4.000116,12.000083,0.0033909003,0.00075507513,1511.0,304.99988,-0.0006665117,0.0029007979,0
0.9998731,774.0001,711.0,0.23724152,0.08655114,0.29424423,-1.1471114,0.73563075,1.0000454,0.99999744,0.99983245,32.999897,102.000175,0.0002458971,0.00023521329,1012.0,711.0,-0.0012758225,0.00010672113,0
5.0000734,210.00002,43.000015,1.7936962e-05,1.2464827e-05,1.2109423e-06,-0.8542478,-0.66220707,1.0000106,0.99999547,0.9999999,8.000029,14.000016,-5.6020755e-05,8.015753e-05,1050.0,215.00003,-0.00049758464,-4.2635824e-05,0
1.0000103,268.0,269.0,-5.767783e-06,-1.5764845e-05,4.455258e-05,-1.3811964,0.1249988,2.0000193,1.9999868,2.0000265,1.0000005,3.999967,-1.0647206e-05,-2.7884687e-05,360.0,269.00003,0.0003432588,3.2322583e-05,1
5.000052,95.0,19.999992,-1.894755e-05,7.783582e-05,-5.34522e-06,-1.4406619,0.13712649,1.0000229,1.0000811,1.9999648,3.0000181,4.999981,-1.0657982e-05,9.303099e-05,475.00003,100.00005,-0.0005467859,2.8050001e-06,0
0.99988794,213.00002,214.99994,4.5689394e-05,6.179861e-06,6.2756204e-05,-1.4953051,-0.0036507489,0.9999489,1.0000074,0.99996006,59.00002,70.00006,0.00019126768,0.00014286173,249.00006,215.00006,-0.0011530151,-0.00015518971,0
1.0000293,184.99992,186.00005,0.00011879308,7.514424e-05,5.8586244e-05,-1.0282553,-0.36935556,0.9999358,1.0000978,0.9998899,53.999973,63.999992,3.7235866e-05,9.767183e-05,259.0,186.00003,-0.0010440127,-2.305161e-05,0
5.0000243,239.99979,48.999836,0.35514197,0.20760328,0.4559746,-0.8541463,0.86311865,0.9999789,1.0000141,1.0000976,1.0000945,1.9999835,0.0058841496,0.0006127774,1200.0,245.00009,-0.0006327648,0.0040487815,0
4.999996,470.0,95.0,0.23720601,0.08481801,0.2912642,-0.3689051,1.1203163,1.0000056,1.0000093,0.99998945,0.99999446,11.999975,0.0009774592,0.00026763947,2350.0,474.99997,-0.00011165167,0.00089699106,0
0.99999976,171.0,172.0,9.387666e-06,-6.2954194e-07,1.7505034e-05,-0.97764355,-0.38304767,1.9999963,2.0000033,1.0000005,16.0,26.000002,-3.2954144e-06,4.024415e-06,233.0,172.0,-5.286264e-05,3.1336624e-06,1
4.999981,189.99998,39.000042,0.14329618,0.02932528,0.17116313,-1.1175255,0.7592971,0.9999986,1.0000081,1.0000211,1.0000155,4.0000267,0.0015252485,0.00049911,950.0,195.0,-0.00027227364,0.0007886617,0
1.0000498,229.0,230.00024,6.633221e-05,-3.1528933e-05,6.724539e-05,-1.2643363,-0.23190722,0.9999975,1.0000147,1.0000807,70.99999,83.999886,4.5779103e-05,0.000118717726,288.99994,230.00003,-0.0013875669,-4.2150486e-06,0
0.9999952,270.0,271.0,-9.229764e-06,-8.5060365e-06,1.5670985e-05,-1.3624142,-0.27658224,0.9999883,0.99999434,0.99999493,2.0000033,2.0000188,-1.7831979e-05,-1.195606e-05,362.0,271.0,0.00013857546,2.5186164e-05,1
5.000055,324.99997,66.00002,0.18427293,0.0856223,0.2925828,0.04581234,1.288702,0.9999971,1.0000464,1.0000182,2.00001,6.0000086,0.0021812338,0.00055071927,1625.0,330.00006,-0.00011756434,0.0012451224,0
5.0000772,600.00006,120.99998,1.6273945e-05,1.740535e-05,3.5436693e-05,-1.097767,-0.24221845,1.000003,1.000025,1.000001,32.00005,39.999992,-1.4821187e-06,0.000110061206,3000.0,605.00006,-0.0005134131,2.1901007e-05,0
0.99998945,204.00002,205.00005,3.427456e-06,-3.2690914e-05,2.0352814e-05,-1.4369341,-0.11763439,1.9999797,1.9999857,1.0000112,1.0000236,4.999988,3.9021998e-06,-2.594621e-06,234.00002,205.0,0.00029283387,2.8155178e-05,1
4.9999995,100.0,21.000021,0.11454065,0.018904595,0.13744281,-1.0552887,0.7472437,0.9999704,0.9999954,0.99995667,1.0000023,5.000028,0.0026467468,0.0007406539,500.00006,104.99998,-0.00032500597,0.0008934044,0
1.0000654,299.99997,284.00006,0.20834346,0.045131832,0.21255608,-0.83572125,0.69260186,2.0000482,0.9999485,1.0000693,19.000015,43.000008,0.00012768676,9.2693816e-05,358.00003,284.0,-0.00048615146,9.6892174e-05,0
1.0001078,331.00006,313.9999,0.22991775,0.038161952,0.19531523,-1.5892563,0.104587674,2.9999902,0.9999746,1.0000973,45.999996,51.000076,0.0003616705,0.0005414174,445.0,314.00006,-0.0007359908,0.00010739664,0
0.9999774,184.00003,185.00006,-4.83565e-05,-4.910508e-05,4.187349e-06,-1.4574285,-0.04688886,1.0000077,0.9998805,0.99990284,51.999874,64.0001,8.789282e-05,2.1190772e-05,254.00012,185.00017,-0.0010284751,1.1657867e-05,0
4.9999447,94.99999,20.00003,0.0979892,0.01306589,0.11418817,-1.1420308,0.69253767,1.00001,1.0000027,1.000029,0.9999847,3.0000312,0.0019524615,0.00062110554,475.00003,99.99995,-0.0003320371,0.000631246,0
4.99998,271.00003,55.000004,3.917729e-06,6.694219e-06,2.0769961e-05,-1.4985532,-0.011918808,1.0000472,0.9999936,1.0000039,7.0000257,17.000004,3.4055807e-05,0.00010700945,1361.0,275.00003,-0.00051650853,-4.0372022e-05,0
1.0000002,557.99994,559.00006,-1.7983835e-05,2.2596214e-05,1.4200923e-05,-1.3952479,-0.06124757,3.000016,3.000031,2.0000722,4.000025,22.999971,-2.2562146e-05,1.0946002e-06,654.0,559.0,0.0003888055,1.3853676e-05,1
1.0001655,424.99997,426.0001,-0.0002591571,0.00024797433,0.00030031506,-1.3783075,0.038398676,1.0000762,0.9999639,0.9999887,139.0001,149.00002,0.00030141318,0.0003462508,589.00006,426.00015,-0.002570502,-1.2247634e-06,0
5.0000486,255.0,51.999992,-5.5726946e-07,-8.779995e-06,8.816077e-05,-1.4555185,-0.01396743,1.0000069,1.0000075,1.0000491,1.0000714,17.000038,2.7938111e-05,6.531749e-05,1275.0,260.0,-0.00049691024,8.5269916e-05,0
1.0000024,447.0,448.0,-1.6724866e-06,3.2137464e-06,8.730761e-06,-1.5077227,-0.104935326,2.0000021,1.9999986,2.000001,4.0,28.999996,4.453842e-07,-4.0281607e-06,447.0,448.0,3.0498288e-05,-6.5576154e-07,1
5.000021,260.0,52.999977,0.14678958,0.037576504,0.19394939,-0.9301988,0.8604299,1.0000548,0.999983,1.0000007,2.0000908,4.000039,0.0010242991,0.00024957146,1300.0,264.99997,-0.00021618519,0.0006907464,0
4.9999857,74.99995,16.00002,5.8403693e-05,-9.644373e-06,2.8429058e-05,-1.466248,-0.0985575,0.99997354,0.99996614,2.000006,1.0000309,-1.5661488e-05,3.9810016e-05,4.2476502e-05,374.99997,80.0,-0.0004914185,-2.2220464e-05,0
1.000038,452.99994,453.99994,0.0069952137,9.727745e-05,0.008941101,-0.7758176,0.89155513,26.000034,1.0000969,1.0000514,63.00003,84.00003,-4.095864e-05,9.37698e-05,452.99994,454.00006,-0.0009285781,-1.1634209e-05,0
4.999977,289.99997,57.000053,0.2707275,0.091742165,0.3028434,-0.45792463,1.0485594,1.0000383,0.99999404,1.0000712,2.9999971,5.0000224,0.0023960427,0.0004248103,1600.0,285.0,-0.00024317,0.0015484577,0
0.9999413,177.00003,178.00014,-1.547909e-05,-0.00010817155,-9.2353264e-05,-1.4957631,0.015286697,1.0000141,1.0000821,1.0000566,53.999996,62.00006,9.266648e-05,0.0001077424,247.00015,178.00005,-0.0010248916,3.6187096e-06,0
5.0000114,99.99999,20.999992,3.2287076e-05,-2.5140189e-05,3.6983733e-05,-1.3959469,-0.08534968,1.0000494,1.0000471,2.0000074,1.9999957,7.0000086,-8.739521e-06,0.000111079185,499.99994,105.00004,-0.0005467044,-9.819031e-05,0
0.9998379,174.99995,175.99991,9.282948e-05,2.3101902e-05,8.4072264e-05,-1.4675322,-0.008466378,0.99997073,0.99999815,0.9999778,54.00013,59.00002,9.0065514e-05,0.00017832858,235.00006,176.00018,-0.0009748926,2.405178e-06,0
5.000072,154.99994,32.00005,0.22424304,0.035063434,0.18708503,-1.418453,0.17465761,2.0000007,1.0000689,1.000035,1.9999303,0.99999505,0.0038929265,0.008039286,775.0,160.00002,0.0007961657,0.0011515574,1
5.00002,275.00003,55.999973,3.830009e-05,4.474967e-05,7.878598e-05,-1.4822229,0.008331157,1.0000565,0.9999878,0.9999696,7.999918,17.00001,1.0178425e-06,3.265199e-05,1375.0,280.00003,-0.0005189881,1.3983647e-05,0
1.0000129,195.00008,195.99997,2.95391e-07,3.0511967e-05,-2.1599775e-05,-1.4230213,-0.062027752,1.9999783,0.99994105,1.000026,41.000015,36.000027,7.316399e-05,7.642834e-05,227.00002,196.00003,-0.00057999516,-3.7662546e-06,0
5.000009,805.0,162.00002,0.28721192,0.121774994,0.34894997,-1.1904787,0.7031084,1.0000114,1.000004,1.0000218,12.999996,24.000002,0.00034299566,6.780043e-05,4025.0,810.0,-0.0001084747,0.00073503336,0
4.999991,75.00005,16.00003,4.8581463e-05,6.950041e-05,3.448394e-05,-1.4153177,-0.1035628,0.9999843,1.00006,2.0000181,1.0000714,3.9999983,5.503958e-05,8.86218e-05,375.0,79.99996,-0.00053059246,-4.32538e-05,0
0.99986136,310.0001,287.99994,0.27086085,0.082864925,0.28795657,-1.3982695,0.5041232,2.0000107,0.99993056,0.9999489,37.000114,53.000015,0.00016084129,0.0001887295,422.00003,288.0,-0.00085851667,0.0003303882,0
1.0000826,382.00003,383.00003,0.28634152,0.05218544,0.22840016,-1.272997,0.21059808,3.0000794,1.9999796,2.0000584,32.999996,58.00005,6.913625e-05,0.00016727774,382.0,383.00012,-0.0006057672,0.00023460035,1
5.000013,85.00006,18.000029,0.10627418,0.008071732,0.08987312,-1.452051,0.24576695,1.0000062,1.000045,0.9999936,0.9999848,2.0000355,0.0011057312,0.0002705884,425.00003,89.99999,-0.0004444322,0.00045553053,0
0.9999023,236.0,237.00008,-2.18896e-05,0.00012266004,-1.9430765e-06,-1.4579438,0.0040821345,0.9999236,1.0001731,1.0000057,66.999794,76.00003,0.0001312286,0.0001982222,235.99997,237.00009,-0.0012826527,1.4319507e-05,0
0.9999849,186.00002,187.00005,7.2655195e-05,4.148294e-05,5.285021e-05,-1.4220474,-0.08954799,0.99995846,1.0000082,1.0000006,37.000008,47.000042,-2.4607443e-05,9.361652e-05,186.00009,187.00009,-0.0007257195,-9.299111e-05,0
5.0001664,80.00016,17.000053,-0.00013853506,-8.405857e-05,-0.000110132714,-1.4750468,-0.009082107,1.0001768,1.0002298,2.0000844,0.99982125,2.000336,0.001131182,0.0005567057,399.99985,85.000046,-0.00030683668,-0.0018918425,0
1.0002207,173.99998,174.99986,0.0001235903,0.00039880746,0.00034213657,-1.3482713,-0.060091604,0.99984175,0.9998833,1.0003254,45.000523,55.000084,0.0012022933,0.00035525276,230.00005,174.9999,0.0005470126,-0.0035398048,0
4.999991,639.99994,128.99983,-1.7255677e-05,-3.3044078e-05,8.4551775e-06,-0.9441443,-0.3798644,1.9998975,1.0000687,1.0001643,1.9999801,2.0000882,-0.0006948691,-0.0002887777,3200.0,645.00006,0.00016302329,0.001441743,1
5.0003376,980.0001,197.00015,0.0005435161,-0.00010961342,4.494639e-05,-0.19568524,-0.86795825,0.9999943,1.0002302,1.0001477,66.99986,67.999794,0.0014033606,0.00038302637,4900.0,984.9996,0.00039771348,-0.0035744957,0
4.9997096,185.00081,38.00012,0.2794807,0.08448628,0.2904542,-1.3241391,0.5279487,1.0000329,0.99968094,1.0001221,2.000322,5.999643,0.005104827,0.0018791719,924.99927,190.00002,0.0008051355,-0.0019287098,0
5.000152,249.99992,51.000175,-1.4002131e-05,5.249781e-05,1.6118736e-05,-0.7687343,-0.5430867,1.0000346,0.9997823,1.0001153,9.999987,17.00048,0.0011336606,0.00091276446,1250.0002,255.00027,0.00039023158,-0.0029238027,0
4.9997687,100.00023,21.000137,0.00013063745,-7.3195675e-05,9.836949e-05,-1.1074867,-0.37847334,0.99986553,1.000594,1.0000281,2.0000293,4.999859,0.0009426029,0.0005352719,500.00018,105.000244,0.0003715682,-0.0028360218,0
5.0001106,640.00006,128.99977,0.00014772078,-0.00014944401,0.000113459944,-1.1779155,-0.12978478,0.99994296,0.999921,1.0000788,30.00001,41.00015,0.0010468406,0.000430644,3200.0,645.00024,0.00034390637,-0.0018313627,0
4.9998775,686.00024,137.00021,6.3469342e-06,9.182352e-05,0.00035652265,-1.2885848,-0.19016334,1.0001839,1.0005425,0.99999136,42.000107,46.000416,0.0013506277,0.00024347022,3467.9998,685.0001,0.00045086056,-0.0024593882,0
5.0004597,390.00006,79.00006,0.27746314,0.11399458,0.3381666,-1.0922455,0.73883855,0.9998083,0.9999418,1.0006152,3.0000722,6.000032,0.0033202015,0.001461043,1950.0005,395.0002,0.0010654915,-0.001909696,0
1.0003461,183.99998,174.9997,0.0002054101,-0.00015921041,0.00059102086,-1.3312712,0.005703051,0.99996,1.0003041,0.9999716,36.999996,52.999714,0.0015873199,0.00062574976,294.00006,174.99995,-0.0002663688,-0.0028008288,1
5.0001206,95.0,20.00014,0.00014850077,-0.00018830293,0.00027203673,-1.3240674,-0.18445455,1.000251,1.000246,1.9996704,3.0000618,6.0001397,0.0013765403,0.00032618968,475.00006,100.00021,0.00049295544,-0.0022815396,0
5.000023,830.0,166.99992,0.22654216,0.083187066,0.28833213,-0.83802295,0.8698435,2.0000286,0.99995166,1.0000216,11.999931,27.000015,0.0005746167,0.00025685225,4150.0,835.0,0.00016454037,-0.00023903218,0
4.9997616,385.00018,78.000206,0.6225729,0.09271713,0.30397406,-1.416159,0.18690339,1.000158,0.9996347,1.0001903,9.000652,26.000103,0.003775266,0.0014936235,1924.9994,390.00018,0.0013251757,-0.004012671,0
5.000027,255.00002,52.00018,6.0645467e-05,-0.00022197682,0.00011759041,-1.332257,-0.078370355,1.000063,1.0001248,1.0001028,4.000196,20.00005,0.0010972163,0.00047692092,1275.0001,260.0,0.00036550302,-0.0023144707,0
5.0001874,94.999825,20.000057,0.18092449,0.029902367,0.17281325,-1.3328753,0.49467134,1.0000145,1.0000302,1.0003115,0.999957,2.000209,0.0046226806,0.0014784393,475.00012,100.00009,5.1244948e-05,-0.0004555556,0
0.99988806,177.99994,178.99986,-6.338706e-05,5.67382e-05,7.766019e-05,-1.5101177,0.033067577,0.99983275,1.0001473,1.0000119,38.000153,44.00011,0.0009761625,0.0006994608,205.99997,178.99992,0.00033246735,-0.0022415011,1
1.0000312,190.99979,192.00002,-8.130333e-06,0.00017820434,-0.00011411588,-0.6751326,-0.69105345,1.0002785,1.0000074,1.0002409,37.999638,35.999996,0.0012895536,0.0005899433,239.0,192.00009,-0.00017704906,-0.0023080313,0
0.9997219,220.00017,220.99991,0.00039588302,0.0001749479,0.00015946943,-0.7053033,-0.6712387,2.9997947,2.0001965,0.9997678,2.999911,16.000156,-0.0012391263,-0.0003161575,245.99995,221.00053,-0.0002529412,0.0034780481,1
1.0003943,321.00015,321.99997,-0.00044876395,-0.0003575493,0.00039044494,-1.4000939,0.047974817,1.000576,1.0010859,0.9998038,96.99976,112.99969,0.0038650334,0.0016893097,321.0011,321.99973,0.000886907,-0.00819336,0
5.0002003,199.99998,41.000896,0.28794113,0.097920366,0.3129187,-0.9959359,0.7797333,1.0004932,0.9997652,1.00021,0.99989814,4.9991612,0.005921358,0.0015768489,999.99963,204.99979,0.001078215,-0.0015072463,0
1.0000913,171.0002,172.0,0.00010163301,-0.0001167993,7.49217e-05,-0.9776913,-0.38316423,2.000117,2.0000103,1.000252,15.999918,25.999987,-0.0007883305,-0.0004303075,233.0,172.00009,-0.00051455345,0.002148117,1
4.998627,400.00058,80.99984,0.5879618,0.14295498,0.3799595,-1.362958,0.23874958,0.99942505,1.0002718,1.0002247,10.000275,27.000084,0.004648367,0.001986316,1999.9989,405.0012,-0.00095193717,-0.0059598503,0
0.99989367,600.99994,601.0001,6.46595e-05,0.00025213568,-4.0161027e-05,-1.4828801,-0.10030208,2.0000825,0.9998319,1.0000418,5.9999084,35.000076,-0.0011828281,-0.00032887264,787.00006,600.9999,-0.00039346202,0.002884246,1
5.000102,160.0001,32.999958,0.16763705,0.042234693,0.20534047,-1.0662537,0.77042526,0.9999827,1.0001217,1.0001794,1.0003251,7.0001984,0.0037760872,0.0009395455,800.00037,165.00017,0.0008322937,-0.0007745185,0
4.9995947,214.99992,44.000187,0.3139697,0.14022869,0.3751243,-1.1111253,0.7206486,1.0000315,1.0003401,0.99987227,1.0002533,6.000479,0.0075846976,0.00079659384,1074.9995,219.99956,0.0017456764,-0.0026096862,0
5.0004277,360.0004,71.000374,0.75207376,0.053549927,0.23215374,-1.4867301,-0.0759349,1.0002009,0.9999596,0.9998798,6.9999547,22.000662,0.0030646133,0.0005518653,1950.0,355.00037,0.0005867024,-0.003247156,0
5.000772,400.00064,81.000404,0.5794391,0.14007264,0.37398925,-1.4621958,0.11596362,1.0004497,1.0001644,0.99957865,9.000904,28.999943,0.0049150256,0.0019684134,2000.0004,405.00043,0.0010412182,-0.0053192778,0
0.9995242,536.9996,538.9997,-0.0007429077,0.000131887,-0.00040676826,-1.3863792,0.1618224,3.0001624,1.9999915,2.0008464,2.0013366,1.9994308,-0.0034731699,-0.0014275052,729.0005,539.00116,-0.0023375542,0.007748149,1
5.0000606,580.0,116.99977,0.0001712675,6.438182e-05,-6.7054185e-05,-1.4018,-0.10442714,0.99990994,0.99970293,0.9997633,25.999819,39.0001,0.0011939901,0.0006974064,2900.0,585.00006,-6.55061e-05,-0.0019228845,0
0.999838,330.0,312.00006,0.18829177,0.04012431,0.20061925,-0.42010146,0.90729815,2.0001438,0.9998543,1.0000422,39.00001,49.000298,0.0011318171,0.00048314373,437.99988,311.9999,0.00044236187,-0.0017903621,1
5.000308,239.99988,49.00034,0.2696741,0.13400953,0.36641607,-0.70575166,0.9636622,1.0004501,0.9998241,1.0007539,1.0001609,4.9996934,0.0068081953,0.0014339425,1200.0001,245.00027,0.001591078,-0.0018826567,0
4.999774,95.000046,19.999971,-0.00010990436,-7.316751e-05,0.0003905945,-1.5195647,0.048567712,0.999986,1.0003474,2.0000684,2.9999583,6.0001073,0.0013228357,0.0003991281,475.00024,99.9997,0.0003894262,-0.001981362,0
0.9997982,182.00015,183.00006,-0.00024522986,7.364473e-05,0.0004172012,-1.4682851,0.007209092,1.0003186,1.0002198,1.0002546,49.999844,64.00041,0.002337404,0.0005691334,254.00066,183.00035,-6.633614e-05,-0.0040352885,0
5.0000467,530.0001,107.000015,0.3793488,0.16150829,0.40116903,-1.2273327,0.5746713,1.0009416,1.0004996,1.0001024,10.99944,27.000277,0.0033236623,0.0014682855,2649.9995,535.0012,0.0012561908,-0.0050550904,0
0.9999646,196.0005,197.0001,-0.00010479428,3.8771686e-05,0.0003146554,-1.4848561,-0.06690308,0.99988794,1.0001118,1.0001452,44.000053,55.00024,0.0017331934,0.0007167066,272.00043,196.99962,0.00094602164,-0.002989474,0
1.000376,359.99985,362.0003,0.0003579886,9.00458e-05,0.00012118244,-1.279087,0.08493838,1.999144,2.0004678,2.0000978,3.0004125,5.999532,-0.0029738117,-0.0005156484,466.00043,362.00012,-0.0010847193,0.006299562,1
0.9999667,268.00085,269.00085,-0.00012340929,9.3590046e-05,0.00046074548,-1.3819124,0.124790356,2.0007582,1.9998411,1.999498,1.0005897,3.9993992,-0.0029834777,-0.001341707,359.9998,269.00073,-0.00042503444,0.005638358,1
5.000126,957.0,192.00063,-2.8032198e-05,0.0002978752,0.00050654216,-1.089981,0.04135772,2.000255,1.9999856,1.0006418,3.0008702,10.999902,-0.0027503548,-0.0009142325,4797.0,959.99927,-0.00086304575,0.0067455033,1
4.999996,145.00005,30.000103,0.15010703,0.01767898,0.1336499,-1.4051744,0.31113485,1.0002317,0.9998961,0.99996126,2.000273,3.999868,0.0021089544,0.0012979163,724.99976,150.0003,0.00025915896,-0.0012820755,0
1.0001396,181.00006,183.00014,-7.251051e-05,6.126128e-05,0.00026618975,-1.2834392,-0.2905724,0.9999705,0.999701,1.0002079,1.0001249,0.99996907,-0.00085471134,6.007532e-05,241.00002,183.00003,-0.00019663533,0.0019408579,1
0.9998179,445.00006,384.0002,0.014033794,-6.639574e-05,0.015316188,-1.2447482,0.58088386,15.00009,0.99995923,1.0008678,64.00022,65.99983,0.002701917,0.0008811278,714.9998,383.99976,0.0010705779,-0.0049569127,0
5.0002294,209.99982,42.999836,-0.00013234197,-3.472805e-05,0.0004312718,-1.5231811,-0.04571493,0.99999845,0.9999965,1.000036,2.9997478,12.999944,0.0011545143,0.00027056335,1050.0001,214.99991,0.00047374284,-0.0020482934,0
1.0002099,181.99997,184.00002,-1.2668194e-05,-4.7902056e-05,0.0001587218,-1.4902225,0.03250378,1.0000453,1.0002182,0.999966,25.999947,42.00011,0.00059040537,0.00024870824,254.00003,184.00009,0.00035368142,-0.0016305172,0
5.0000143,80.0,17.000057,1.5869178e-05,-0.00021231815,0.00024141672,-1.3327591,-0.089328244,0.9998589,1.0000596,2.000232,1.000112,4.999778,0.0012929322,-9.509828e-06,400.00043,84.99995,0.00022501315,-0.002192006,0
0.99979097,489.00082,489.99945,0.00019312526,-0.0013795283,0.001563577,-1.3520303,-0.047647435,1.0006168,1.0003744,1.0004283,104.00001,135.0006,0.005714725,0.0024900474,488.99908,489.9994,0.0012549019,-0.007619367,0
4.9997,785.0001,158.00005,0.00018618324,-0.00023062178,0.00017829955,-1.3451642,-0.25877747,0.9998698,0.99981153,1.0002807,37.99992,55.999844,0.0013230214,0.0006218023,3925.0,790.0,0.00033599755,-0.002137847,0
1.0007144,202.00002,202.99992,0.00023536172,0.00010633773,0.00027031725,-1.5036451,-0.016565466,1.0002298,0.9999707,1.0003196,54.000114,61.000126,0.0021262423,0.000794208,206.0001,203.00012,0.00036447973,-0.003919748,0
1.0002954,438.00034,406.00027,0.21695772,0.08230797,0.28621608,-0.7950989,0.9318029,1.000622,1.0000559,0.9998996,52.999653,59.99989,0.0021417884,0.0011402882,612.0002,405.9999,-0.00014615394,-0.003339229,0
1.0009307,180.00012,180.99997,7.538459e-05,-0.00021818343,-0.0003565908,-1.414938,-0.03564982,1.0002273,1.0002649,1.0001038,54.000122,57.99982,0.0017399008,0.0006939601,247.99968,181.0003,9.0373105e-05,-0.004029691,0
5.0002046,94.999855,20.000376,0.00025271453,-5.4866538e-05,3.36461e-05,-1.3820846,-0.259828,1.0002643,1.0001873,1.0000733,2.0000305,4.000394,0.0015023949,0.00055764127,475.0,99.99991,-0.00010156716,-0.002420974,0
0.9997458,347.9998,324.00006,0.42253372,0.17785895,0.42352194,-1.2608522,0.5574111,1.0005876,1.0001462,0.9998499,24.000135,30.999449,0.0023793431,0.0011313604,483.99988,323.9996,-3.2180087e-05,-0.004366116,0
0.9997246,190.99977,191.0002,-0.00022164296,-0.00025555867,0.00021970949,-1.4832522,-0.03933309,1.0003062,1.0005766,0.99940795,54.000015,67.00011,0.0023429273,0.0009814585,217.00002,191.00047,0.00086356245,-0.004219498,0
5.0005183,214.9999,43.999535,0.32227188,0.07952553,0.2819568,-1.5477908,0.19490387,0.9996416,1.0001045,0.9998631,2.000076,6.999756,0.0044525666,0.0015529484,1075.0001,219.99974,0.0011263117,-0.002436805,0
1.0001464,483.0002,484.0001,0.00031253436,0.0001872658,-4.7450532e-05,-1.5388657,-0.054968808,2.000058,1.0000161,1.0001218,17.000225,20.99998,-0.0008715845,-0.0005840607,482.99985,484.00012,-0.0002597256,0.0023888643,1
5.0000925,265.0001,54.000042,0.0002921,-0.00015501694,-8.966968e-05,-1.4908158,0.075815275,1.0000223,1.0001858,1.0000131,3.0001893,15.999995,0.0009038724,0.00023715358,1324.9998,270.00012,-7.523424e-05,-0.0017647131,0
5.0001235,100.00009,21.00007,4.7093712e-05,-6.505426e-05,8.483941e-06,-1.4912838,-0.15230052,0.9999646,1.0000803,1.9998449,3.000152,3.9999506,0.0010347669,0.00029644652,499.99988,104.99993,0.000350653,-0.002111145,0
1.000043,161.00027,161.9998,-4.2728512e-05,-0.00016028195,0.00048487235,-1.3995082,-0.09550733,1.000215,1.0000418,0.9998676,40.99961,50.99974,0.0014702476,0.0007283288,221.00015,161.99953,0.00048360944,-0.0030219601,0
4.999868,75.0002,16.000267,-0.00012626583,-0.000102658705,0.00015532946,-1.3765965,-0.098143205,1.0000861,0.99990994,2.000026,2.0000415,1.9999404,0.0009457353,0.00021654861,375.0002,79.99999,0.00038592957,-0.0020865148,0
4.9998794,80.00031,16.999933,0.15160148,0.016337091,0.12861563,-1.3276259,0.30881593,1.0000366,0.9999777,1.0002449,1.0001035,1.000012,0.0034734767,0.0009624176,400.00003,85.000046,0.00028033773,-0.0008833146,0
1.0002476,324.00034,313.0,0.24209982,0.1331883,0.3646781,-0.28836828,1.1624515,1.0002127,0.9999687,0.99993175,23.000492,35.00008,0.0016511875,0.00066992134,374.0005,313.00018,0.0009415085,-0.0025630512,0
0.99987566,204.99992,207.00024,0.00029097727,0.00021347159,-0.00026104995,-1.411532,-0.112928115,0.9998965,1.0003184,0.99934745,52.99994,66.99984,0.00203244,0.001492887,287.00003,207.00046,0.0007539605,-0.004096176,0
4.9998927,80.00013,16.999859,0.10532865,0.008570493,0.092431985,-1.4239681,0.32829386,1.0000403,1.0001001,0.9997907,0.9998739,0.9999918,0.002210902,0.0005340228,400.00006,85.00011,0.0004046401,-0.0013496383,0
1.0001813,192.9999,194.00026,-4.023406e-05,0.000118631986,-0.00010466647,-1.3177507,0.07174653,1.0000306,1.000383,1.0000563,1.000031,1.0000799,-0.0011055787,-0.0003456519,258.99988,194.00017,-0.00013303384,0.002355074,1
0.99994004,153.00003,155.0,0.16648728,0.020393975,0.14287427,-1.4311256,0.17711508,3.000023,1.0000198,1.000032,17.999924,20.00001,0.0005178676,0.00050754886,157.0,154.99998,0.00017100383,-0.00064742053,0
0.99923855,353.00085,354.0005,-0.00026795454,0.00014749872,0.000103705825,-1.4845161,0.028552689,0.9992796,1.000435,1.0000163,101.00071,118.00043,0.0043608546,0.0010460619,475.00104,354.0005,0.0016966129,-0.008104748,0
4.999978,229.99997,47.000248,-0.00022274036,0.00017471754,0.00015333906,-1.4351932,-0.036834616,1.0000978,0.9998806,0.99999446,3.999872,15.000147,0.0012248158,0.00030934243,1149.9999,234.99992,0.00048659364,-0.002006926,0
1.000208,425.00043,362.00003,0.00897267,6.2231076e-05,0.010536457,-1.4513552,0.4573104,17.000107,1.0008705,0.9998539,58.000057,71.000145,0.00327993,0.00095392874,588.99976,361.99957,0.0008493003,-0.0057042646,0
0.9997655,176.00008,177.00012,-7.198962e-05,-0.00025728237,-0.0002233058,-1.4529362,-0.04213237,0.9999479,1.0000262,0.99976456,51.000263,64.0003,0.0019065132,0.0012702431,244.00021,176.99998,0.0010851892,-0.004173986,0
4.999685,79.999985,16.99985,0.00010472353,-4.9997825e-06,-9.937395e-05,-1.4920332,-0.006116687,1.0001525,1.0001371,1.9998143,0.99979585,0.9999296,0.00087998994,0.00027618613,400.00012,85.00001,-0.00011502802,-0.0019157924,0
5.0002346,301.0003,60.999035,0.3903991,0.1856075,0.43169716,-0.88719535,0.8265033,1.0001651,1.0001824,1.0003768,4.0009046,12.000328,0.007222514,0.0021131877,1511.0016,305.0001,0.0006278329,-0.0044846684,0
1.0003744,178.99995,180.00053,-0.00026093438,-0.00014767038,-0.0004441368,-1.4562063,-0.00048375127,0.9999958,0.9998589,0.99999696,52.999977,58.000298,0.0017255296,0.0006390652,204.99998,179.99982,0.0006285047,-0.0038578971,0
5.0000587,84.99988,17.999992,0.00022522865,0.00016095093,0.00011967979,-1.5155015,-0.015508806,1.0000616,1.000117,1.9997311,0.99988085,2.0000675,0.0010940838,0.00023051014,425.00003,89.999954,4.0872623e-05,-0.0019098576,0
5.000177,95.00035,20.000317,-0.00018690433,-0.00013267036,-8.002983e-05,-1.5268005,-0.029274512,1.0000123,1.0004034,1.9997402,1.0001032,5.000023,0.0011580368,0.0004915131,475.00006,100.00019,-0.00029063394,-0.001988124,0
1.000145,162.00056,162.99971,-0.0003868125,-5.216091e-05,0.0005277078,-1.4640917,-0.025224682,0.999781,1.0000458,1.000373,48.000233,55.00059,0.0022193454,0.00042894293,162.00035,163.00037,-0.0005927641,-0.0036788567,0
1.000325,232.00003,212.00003,0.4025305,0.19067006,0.43694943,-1.2843692,0.5657336,2.0001757,1.0000802,1.0000777,19.999674,31.999779,0.002799318,0.0023051614,326.00052,211.99966,0.0019102534,-0.0059855985,0
4.99989,100.00004,20.99976,0.00017973933,-8.597994e-05,4.445482e-05,-1.4986843,-0.008687457,1.000204,1.0001714,1.9998012,1.0001314,3.99971,0.0010446513,0.00042471677,500.00012,104.9999,0.00044894236,-0.0018756567,0
0.99995095,179.00009,180.00017,1.2150263e-05,6.952683e-05,-0.00014256554,-1.3938564,-0.08245481,2.0002017,0.99999315,1.0001335,2.0000336,3.0000331,-0.0007310625,-0.0002753887,244.99985,179.99998,-5.9667258e-05,0.0017465728,1
1.0003899,515.00073,517.0014,0.0015580865,4.588008e-05,4.523294e-05,-1.2369561,-0.20086476,6.0000687,0.9998051,1.0000303,92.000755,122.999916,0.004082224,0.002537233,645.00024,516.9999,0.000401212,-0.008186847,0
5.000075,225.00009,46.000298,0.000119700395,-0.00017361312,0.00018331571,-1.500393,0.06879378,1.0001731,1.000125,1.0000123,9.000019,14.000117,0.0012790737,0.00035081196,1125.0001,230.00002,5.399057e-05,-0.0021160955,0
4.9999595,235.00014,47.999985,0.00016229472,6.534441e-05,-2.5377816e-05,-1.1484334,-0.18374737,0.9999351,1.0000584,1.0001266,10.000215,15.999746,0.001347318,0.000635672,1174.9999,240.00034,0.00024775078,-0.0023880687,0
5.000067,210.00034,43.00013,-0.00013240638,5.5789784e-05,7.202447e-05,-1.5007325,0.010486419,1.0002106,0.99989885,1.0001061,5.0000734,15.000004,0.0012261018,0.0003581459,1049.9999,215.00023,0.00070067594,-0.0021142242,0
5.000116,495.0007,100.00001,-0.00043447752,2.2478738e-05,3.412719e-05,-1.4076589,0.14796466,1.0000558,1.0002931,1.0000944,20.000101,33.999996,0.0011505709,0.0004558568,2475.0,500.00027,-0.00021569934,-0.0017915578,0
4.9995646,264.00003,54.00003,0.23200579,0.11398877,0.33778903,-0.32277536,1.1389477,1.0002748,1.0004303,1.0001259,1.000327,6.0001483,0.0049838643,0.0015312143,1317.9999,269.99957,0.0005292954,-0.0013748956,0
0.9999147,292.00015,293.00012,0.17331469,0.0436049,0.20906627,-1.0971007,0.7480533,2.0001342,1.000045,0.9999066,31.99991,42.000282,0.00096597185,0.00050078967,291.99985,292.9999,0.00046123634,-0.0014944777,0
0.9999128,231.99995,233.00064,-0.00037457832,0.0003408092,0.00018312178,-1.3667912,-0.109485194,2.0002148,1.9999583,2.0006273,1.999843,2.9996889,-0.002632388,-6.12525e-05,232.00046,233.00021,-0.00088476465,0.005294528,1
5.000107,79.99968,16.99963,0.00012822737,-0.00014259394,0.00018665749,-1.504428,-0.1186466,0.9998858,1.0000906,2.0003204,1.0000228,3.000223,0.00093781046,0.00033273542,399.9999,84.999794,0.00073552487,-0.0021196592,0
1.0000455,208.0,208.99998,4.392133e-05,7.2378054e-05,-6.6996745e-06,-1.2844812,-0.15980875,1.9999723,0.9999847,1.0000112,10.999944,16.999935,-0.00033667622,-9.1217924e-05,268.00003,209.00005,-0.00013357266,0.0004952813,0
1.0000937,1000.99994,1001.99994,9.76921e-05,3.823104e-05,3.070381e-05,-1.0982329,-0.115420885,0.99999785,1.0000633,1.000071,70.00005,91.99989,0.0002873841,8.595114e-05,1297.0,1001.99994,-0.0011829385,-0.00041154772,1
1.0000507,186.00023,187.0001,0.00012582631,-8.923074e-05,0.00039767413,-1.4221596,-0.089969,1.0000883,0.9998975,1.0000577,37.00007,46.999886,0.0014559486,0.00061043917,186.00009,186.99983,0.0002017772,-0.0023779199,0
5.0002294,75.0001,16.000248,0.00013921823,4.7225607e-05,0.00015030983,-1.4094747,-0.07133304,1.0002962,0.9996787,1.9998759,2.0000105,4.9998875,0.0011324335,0.0005793922,374.9997,80.00033,0.00044681353,-0.0022392527,0
4.999979,210.0001,43.000168,-0.0002008307,-7.71568e-05,9.708827e-05,-1.137083,-0.19171546,1.0000627,1.0004448,1.0003283,8.000433,13.000283,0.0011286322,0.00063477363,1050.0,214.99982,0.00045489596,-0.0023979023,0
1.0017395,455.9988,456.9992,0.0006531327,0.00043431242,8.722867e-05,-1.4050726,-0.04070011,1.0003829,1.0013793,0.9998709,143.00058,155.00195,0.0064476,0.0016331874,638.001,457.0008,0.0006917891,-0.011646159,0
1.0002979,177.99959,179.99991,0.0003167138,-6.6444394e-05,-0.00013664117,-1.4254776,-0.0032391667,1.0001881,1.0001202,1.0002166,44.000355,54.00024,0.001498696,0.0005361376,248.00014,180.00055,-0.00025951516,-0.0033482697,0
5.000375,230.00017,47.00018,0.00039840295,-3.6520974e-05,0.00012238462,-1.4893756,-0.015818967,1.000148,1.0000525,1.000115,2.0001862,13.999931,0.0009578504,0.00051795697,1150.0001,235.00024,0.0003483234,-0.0019608333,0
4.99956,284.99982,58.00055,0.2940559,0.08948671,0.2994312,-1.4942398,0.4206813,0.9998031,1.0004216,1.0004259,2.0001302,15.999993,0.003760334,0.0012543936,1424.9999,289.99982,0.0006108696,-0.0030826952,0
4.9997673,214.99968,43.999954,0.1767481,0.040457953,0.20143309,-1.3520993,0.5755643,1.0000906,1.0001078,1.0000869,1.0000271,6.000153,0.0025048351,0.0006261041,1075.0001,220.00012,0.0003616405,-0.0012230205,0
5.0000863,94.99991,11.999985,-3.5556837e-05,-0.00030148975,-0.000121693025,-1.254919,0.44721338,1.0000503,1.0000681,0.9999594,1.0000037,1.0000566,0.00088176265,0.00031680806,2275.0002,60.000095,0.0002499638,-0.0014723201,1
5.000007,164.99995,33.99951,0.19880547,0.048684653,0.22066659,-1.3265415,0.57418543,1.0000771,1.0002377,1.0003453,1.0002806,5.9999533,0.0040045036,0.0010405916,825.00006,170.00021,0.00057085505,-0.0011094457,0
1.0000961,229.00038,229.99985,0.00061546086,-0.00010866911,-3.981945e-05,-1.4814872,-0.06811693,1.0002526,1.0003027,1.000121,57.00007,70.000496,0.0022095537,0.00079144863,229.00093,229.99974,0.0006668265,-0.0044339765,0
5.000061,365.0001,73.999756,0.26429802,0.12250728,0.35063758,-0.8144123,0.90957904,0.99995095,1.0001788,1.0000036,3.0000622,7.0000277,0.0035543519,0.0009876466,1825.0,370.00034,0.0008779,-0.0023338066,0
4.999804,130.00024,27.000055,0.00020174679,0.00015201855,3.528952e-05,-1.297794,0.1634717,0.99994147,0.9999468,0.99983126,0.9999082,7.000032,0.0010329573,0.0005793953,649.99994,135.00037,9.858506e-05,-0.0020231437,0
4.999846,224.99979,46.000294,5.0059214e-05,-6.126656e-05,0.00019445733,-1.2904713,-0.070815615,1.000145,0.9998857,1.0000495,3.9999328,17.000193,0.0010479154,0.0002436234,1125.0002,229.99991,2.2383429e-05,-0.0024139273,0
1.0000392,213.00081,195.0008,0.3657199,0.17558113,0.41936564,-1.1991328,0.6524543,1.0011015,1.0002365,0.99964243,15.000373,22.000193,0.0023866573,0.0022318042,290.99957,195.0004,-2.7256121e-05,-0.0044297935,0
5.000121,94.99994,20.00009,0.0873967,0.010156969,0.10074522,-1.2108794,0.6496734,1.0000621,1.0000055,0.99994546,1.0000044,2.0001748,0.0021484469,0.00055759505,475.00012,99.999985,0.00042071255,-0.00083713623,0
1.0004593,841.0,737.0004,0.11371386,0.024544647,0.15681571,-0.68078786,0.98635507,5.000191,1.0006622,1.0003159,112.00028,113.999916,0.0022049327,0.0015182914,1151.0007,737.0001,-0.00014725784,-0.00616366,0
5.000675,225.00032,43.999,0.3283412,0.14762223,0.38434157,-0.7783822,0.9095517,1.0003699,0.9992251,1.0003011,1.0001409,3.000161,0.008660751,0.0021704037,1275.0,219.99985,0.00094662554,-0.0014578616,0
4.9997663,190.00026,39.000214,3.5400928e-06,-7.552574e-05,3.9452447e-05,-1.448477,-0.124635994,1.0001436,1.0001607,1.0002323,7.0001993,14.000125,0.0012471155,0.00019291563,950.00037,195.00018,-0.00032811242,-0.0027192624,0
4.99995,380.00012,77.00005,0.19842286,0.06899351,0.26284412,-0.9301068,0.86108136,1.0000676,1.0001374,0.99989027,2.0001903,2.9997907,0.0017927169,0.0008043177,1900.0001,385.00018,0.00049278385,-0.00040922852,0
4.99985,210.0001,43.000294,-1.7863431e-05,5.2867294e-05,0.00015332348,-1.4670503,-0.07940136,0.99996096,1.0000113,0.9999754,3.999768,12.000114,0.0010562842,0.00071787013,1050.0001,214.99988,0.0004446131,-0.001926519,0
5.00001,204.99985,42.000195,0.000105931555,-0.00016507946,8.822571e-05,-1.4308797,0.022658225,0.99984443,0.99984705,1.0002707,4.0002255,11.000113,0.0008622847,0.0005041318,1024.9999,210.00002,0.00028193954,-0.0019136445,0
1.0000266,175.00021,172.99998,0.28424743,0.08284078,0.28800434,-1.3478553,0.5161506,0.9998909,1.0000821,0.9999766,13.000208,14.000055,0.0009337157,0.00040762307,206.99994,173.00008,0.00062577915,-0.0011001131,0
1.0002788,196.00008,197.00002,-0.0002256969,7.7564844e-05,-0.0001404872,-1.4847734,-0.06654989,1.0001026,1.0003124,1.0003173,44.00047,55.000076,0.002165178,0.000677622,272.00027,197.00027,-0.00024792043,-0.003033812,0
5.000103,384.99994,77.99989,0.70108974,0.045344897,0.21484512,-1.417627,0.15257408,1.0005983,0.99997777,0.9998692,14.00044,24.000237,0.0025106017,0.00078524277,1924.9996,390.0005,0.00034008038,-0.003480514,0
5.000118,80.00003,16.999996,-0.00025925663,-4.023614e-05,-0.00010407065,-1.3790841,-0.12820986,1.000064,0.99996066,1.9999669,1.000263,0.00017628873,0.0010868827,0.00030057694,400.00024,84.99974,0.00038213533,-0.001856836,0
1.000144,202.99997,203.99997,3.4629164e-05,4.4839246e-05,-6.8726267e-06,-0.6214269,-0.6428743,1.0000144,1.0000268,1.0000398,10.999945,12.000052,-0.00031326065,-6.5221466e-05,203.00003,204.00005,-7.94e-05,0.00054748036,1
1.0010906,368.99985,370.00162,-0.00048097485,-0.000350884,0.0013242809,-1.3911842,-0.14047861,1.0005147,1.0002737,1.0009768,96.00045,113.99998,0.0036686072,0.002032528,382.99948,370.0003,0.0020439962,-0.007857674,0
1.0001795,307.9999,282.99976,0.38951495,0.15963593,0.40098065,-1.388646,0.47018704,1.9999437,0.99966186,1.0003575,18.000227,24.999447,0.002252788,0.0006653113,425.99988,283.00034,0.001447278,-0.003855739,0
5.000135,70.00012,15.000332,4.9099537e-05,-1.8115112e-05,0.00011346456,-1.4796851,-0.100180976,1.0001549,1.0000633,2.0000165,1.000134,-0.00014139037,0.00074908946,0.0004225915,349.99985,75.000175,0.00036825324,-0.0020930625,0
4.999685,315.00046,64.00017,-0.00017030918,8.017916e-06,9.0688917e-07,-1.4827123,-0.038670626,0.99990064,1.0007765,0.9999783,10.99985,24.00017,0.0012352561,0.0001610585,1575.0001,319.9999,0.00046037635,-0.0024222936,0
1.0001725,328.00052,328.99988,0.00010010526,0.00061526115,0.000987567,4.8576546,-1.2283552,1.9998577,1.9998405,3.0004244,1.999522,2.00104,-0.0030252724,0.00014669517,458.00012,329.00027,-0.0004562851,0.005382504,1
4.9996557,241.0004,49.000263,-4.025131e-05,-0.00014672823,-0.000119058044,-1.4247801,-0.071786515,1.000009,1.0002136,1.0001218,7.000254,16.000246,0.0011986606,0.00056522276,1211.0,244.99982,0.00017340269,-0.0021628789,0
4.9998717,75.00021,15.999989,-0.00012291178,-0.000114812996,0.00033974147,-1.3422747,0.056275222,1.0003595,0.9997616,2.0000536,2.000044,4.0000043,0.00087421335,0.0004846273,375.00003,80.00025,0.00048702717,-0.0021722175,0
5.0002117,204.99995,41.999775,0.00017038758,-0.00012089345,0.00030437534,-1.3104848,-0.027972322,1.0001493,1.0001507,1.000376,7.0001125,12.999951,0.0011288817,0.00029245004,1025.0,210.00027,0.00017859272,-0.0022972247,0
1.0002799,233.00061,234.00008,0.00019614723,-0.00011821324,0.00060279836,-1.433749,-0.071765,1.000229,1.0005478,1.000863,63.000053,74.00049,0.0028544795,0.0008127634,232.9998,233.99968,0.0010532844,-0.004802173,0
5.0000663,85.00006,18.000101,0.0003434945,4.0913095e-05,0.00022392948,-1.3349432,-0.14890443,1.0002732,0.9999756,0.9999422,2.0000863,6.9995155,0.0013660531,0.0007895045,424.99997,90.000084,0.0004249546,-0.0025985462,0
4.999825,620.0003,124.999886,2.7762335e-05,8.995407e-05,-2.4652878e-05,-1.1118561,-0.33725977,1.000015,0.99999905,0.9998485,32.000042,38.999928,0.0013045189,0.00049865514,3099.9998,625.0,-0.00038508527,-0.0021541796,0
1.0002685,174.99974,175.99992,0.00056782237,0.00023827644,0.00088208425,-1.4917226,-0.015626209,1.0003376,0.99982446,1.0000162,50.000156,57.000423,0.0020491518,0.00074639544,235.001,176.00034,-0.00031064352,-0.003700595,0
5.0003843,365.00027,73.99978,0.26429242,0.12230204,0.350622,-0.8145252,0.910302,1.0004063,1.0003494,0.9998507,3.0003386,7.0002704,0.003303486,0.0013528488,1825.0005,370.0005,-4.679961e-05,-0.0024708032,0
5.00046,489.99997,98.99879,0.46700448,0.18292019,0.4294578,-1.4489206,0.3068294,0.9994078,1.0008606,1.0007361,5.0006986,23.999937,0.0054369075,0.0021370025,2450.0,495.00128,0.0020544198,-0.004884021,0
4.9998674,89.99988,18.999939,0.00018794903,-2.731385e-06,0.00021393811,-1.4907901,-0.06416066,0.9998176,0.99986917,1.9998043,2.000018,4.9999175,0.0010029956,0.0005076387,450.0001,94.9999,0.00020924032,-0.0021806883,0
1.0007092,177.00044,177.99963,0.0001879472,-0.0001134067,0.00068438676,-1.4940418,-0.012838959,0.9997878,1.0004315,0.99987423,55.999374,60.000496,0.001955906,0.000527127,202.99985,177.99974,0.00033690632,-0.0042804303,0
1.0001489,329.99982,312.00012,0.18803024,0.040268343,0.20097794,-0.4203558,0.9073401,2.000203,1.0002465,1.0003188,39.000046,49.000103,0.001158234,0.0007923444,437.99982,312.0002,-0.00038423695,-0.0017616173,1
0.9999036,292.0002,286.00003,0.41861773,0.15901318,0.39927703,-1.2191449,0.58376515,0.99999046,0.9994684,0.9998014,40.001026,48.00058,0.0029551315,0.001438234,391.9997,285.99976,0.001398851,-0.0061472687,0
4.999948,250.00002,50.99994,-0.00016790656,-0.00026950086,-1.0783052e-05,-1.456648,-0.0696145,0.9998762,0.9999341,1.0000837,10.000118,17.999823,0.001397299,0.00036964205,1249.9999,255.0003,0.0004970698,-0.0023150288,0
1.0000036,136.0,123.0,0.07085832,0.005069004,0.07121386,-1.327179,0.46423978,0.9999931,1.0000111,1.0000052,17.999996,21.000011,4.7735582e-05,0.00016930742,190.0,123.0,1.899414e-05,0.00012103308,1
0.9996005,182.00046,183.00044,-0.00020215605,-9.735151e-05,0.000323623,-1.4493154,-0.029872464,1.0000002,0.9999837,0.99959844,51.99967,62.000233,0.002044257,0.0010465039,182.0001,183.00043,-0.0008491042,-0.004158523,0
1.0003961,206.00047,206.99998,0.000342441,-0.00014634695,0.000363416,-1.4958352,0.010577046,1.0006676,1.0001969,0.9999988,57.999805,69.00045,0.0018764648,0.0017325878,287.9998,207.00018,0.0005454907,-0.0046153553,0
4.999984,185.00002,38.000023,0.053092737,0.0052944645,0.07266177,-0.5394107,1.0152185,2.0000248,1.0000082,1.0000367,1.9999747,3.0000117,0.0013812255,0.0029765044,925.0,190.00005,0.00015862129,0.0005945913,1
0.9999472,247.00015,230.00006,0.17459139,0.040060233,0.20020741,-0.90676683,0.8458788,1.000153,1.0001886,0.9999702,23.000053,36.000072,0.0005449854,0.00036675154,345.0,230.00012,0.00028260885,-0.0008102097,0
0.99933803,348.00073,348.9994,0.00070227124,5.317288e-05,-0.0005119918,-0.56788605,-0.6967225,2.000193,2.0002522,2.0006406,0.99992853,3.0001438,-0.0032743094,-0.0015276038,348.0001,349.0002,-0.0012076562,0.0053286827,1
5.0001125,220.00014,45.00026,6.8883724e-05,8.527388e-05,-8.5121974e-05,-1.4881105,-0.10931074,0.9998856,1.0001755,0.99994403,4.0002265,17.000032,0.001145494,0.00029235176,1100.0,225.00006,0.00072638557,-0.0024613154,0
1.0005786,184.99985,185.99982,-0.00015988684,-0.00032498367,-2.8242705e-06,-1.0280378,-0.3694052,1.0001906,1.0001608,0.99966717,54.000237,63.99998,0.0018353553,0.001410725,258.99966,186.00056,0.0011202813,-0.004519503,0
4.9997287,85.000084,17.999872,0.106328614,0.00794944,0.09024276,-1.4519027,0.24568142,0.9997157,1.000392,1.0001668,0.99994713,2.0003226,0.0020252573,0.0006032058,425.00006,90.000175,-0.00010876859,-0.0015531437,0
0.999732,231.00049,232.00009,0.00067313574,0.00035931738,0.00028755344,-1.3689361,0.00974948,1.9997271,1.9998794,0.99955344,1.0003724,7.0003524,-0.0022274153,-0.0006421548,231.00018,231.9994,-0.0007588555,0.004871993,1
0.9991238,288.9995,276.0002,0.3687796,0.17351882,0.41645607,-1.2282662,0.6201859,2.0003774,0.9999612,0.9992445,33.000206,48.99959,0.0037137903,0.0017615581,357.0,275.99988,-0.00015068668,-0.0063660904,0
4.9999714,310.0,53.000034,1.0049414e-07,2.4859297e-05,1.615595e-05,-0.8727184,0.37818143,2.000047,0.99999607,1.0000286,2.0000212,2.999992,0.0001060053,5.5198027e-05,4300.0,265.0,3.084409e-05,-0.0002754187,1
5.0000663,210.00015,42.999954,-0.00034150662,0.00033800324,-0.00024061007,-0.8541581,-0.6621392,1.000589,0.99995196,1.0004038,7.9999366,14.0002985,0.0014002571,0.0005261528,1050.0,214.99974,1.9171515e-05,-0.0030537779,0
1.0013051,232.00009,212.0001,0.4024837,0.19032927,0.43619016,-1.2857038,0.5655917,2.0006185,0.99925935,1.0004768,19.999851,32.00006,0.0040138797,0.0012266797,326.00137,212.00047,0.00096943293,-0.0056732865,0
4.999769,70.99985,14.999965,0.00014683159,0.00017413571,0.00016172625,-1.1804652,-0.19639911,1.0002455,1.000081,1.9998615,0.9998241,2.000276,0.001101452,0.00053619716,360.9999,75.00005,0.00022126352,-0.0021872327,0
4.9999943,249.99956,51.000057,0.00023159527,-3.3449578e-05,-2.2534667e-05,-1.4548242,-0.039887577,1.0000858,1.000016,0.99958616,7.000142,15.000083,0.0011523564,0.00066568726,1249.9999,254.99995,0.000291438,-0.001979869,0
1.0005183,685.001,686.99835,-0.00026032302,0.00018677025,-9.659668e-05,-1.0054418,-0.6081747,0.9982733,1.0000215,0.9985325,211.00073,229.99939,0.0083697755,0.0025188057,938.99976,686.9987,0.0028879903,-0.018115597,0
5.000035,235.00017,48.000137,0.00010359431,-8.235725e-06,8.647755e-05,-1.2922442,-0.08684932,1.0002922,1.0003641,0.9997772,6.0000505,15.000222,0.0010863962,0.0004899116,1175.0001,240.00006,0.00029353803,-0.0021687665,0
5.000042,220.0,45.000256,0.00014319763,-0.00031183352,0.000100008474,-1.1490605,-0.29058895,1.0000924,0.99994093,1.0000341,3.0001693,2.9999497,0.0006675644,0.00023531857,1100.0001,224.99974,0.00033124504,-0.0016007232,1
5.001017,234.99985,48.000305,0.31532353,0.13822716,0.3728656,-1.1378267,0.6979924,0.99981123,0.99994063,1.000313,1.9996123,3.000296,0.006084197,0.002277661,1174.9999,240.0001,0.0010979167,-0.0027425585,0
1.0000062,293.0001,267.0001,0.07326455,0.009387188,0.097209476,-0.5608789,1.0200238,1.0000201,1.0001578,1.0000938,34.999954,52.000206,0.0006766081,0.00027470707,398.99997,267.0,0.00029269702,-0.00094375474,0
5.00014,80.000114,16.99984,0.00030540826,-0.00014160688,-4.9920003e-05,-1.474483,-0.06488446,1.0002365,0.9999743,1.9998622,1.0003138,2.0001912,0.0012667835,0.0006019283,399.99985,85.000175,-0.00029005553,-0.0018846805,0
0.9999165,221.00023,204.00047,0.2653321,0.092906065,0.30431548,-1.2621545,0.631916,1.0002098,0.99991524,0.99999094,20.000343,24.999817,0.0014133307,0.00082200195,295.00018,204.00006,8.776244e-05,-0.0019147814,0
4.9999566,235.9999,48.000126,2.6669752e-05,-3.8849612e-05,-2.7067694e-05,-0.88548493,-0.41104543,2.0003757,1.0000534,0.99970317,2.0001066,5.0003457,0.00095311215,0.00014493061,1185.9999,240.00021,-0.00011820072,-0.0019129777,1
5.0005336,410.00055,83.00008,0.56281406,0.12695651,0.35602102,-1.4122342,0.20450193,0.9999908,0.9996222,0.9999856,7.0008955,24.99984,0.0037135992,0.0006285997,2049.9993,415.00052,0.0013094156,-0.0051389146,0
1.000076,184.00002,185.00008,0.00027974378,8.220994e-06,0.00014150294,-1.5033226,-0.01150431,0.99949723,1.0007281,1.000338,53.00023,63.999302,0.0019147127,0.0007457692,183.99988,185.00058,0.00038213356,-0.0044209273,0
4.9998713,184.99991,38.000187,0.14659728,0.037641507,0.19411424,-0.7707312,0.93634737,0.9998783,0.9999114,0.99995106,1.9998668,7.0001554,0.002973048,0.00085929385,925.00006,189.99998,0.00048955716,-0.0006906581,0
0.9999919,200.00002,201.0,0.14624256,0.027209396,0.16495974,-0.93719906,0.81695,2.0000057,0.9999929,0.9999871,17.000017,22.000021,4.4490578e-05,0.00018272553,200.0,200.99998,0.00010180175,0.00026721362,0
5.000172,205.00003,42.000233,0.19183457,0.044097606,0.20968872,-1.3492163,0.56356597,0.99973184,1.0000151,0.9999657,2.0002222,3.0000815,0.0028429027,0.0012214675,1025.0002,210.00002,0.00047873578,-0.0009291085,0
4.999909,220.00037,45.000587,0.27187517,0.07365727,0.27071765,-1.4876388,0.37849498,0.9995642,1.000064,0.9999703,3.0000591,3.999675,0.0036489675,0.0016599203,1099.9998,224.99973,0.00048164744,-0.0020522783,0
5.000343,84.99998,18.000011,0.00026359336,-0.00021860572,9.2727656e-05,-1.3746699,0.04115998,0.99995005,0.99979854,1.9999945,0.99977684,2.9999812,0.0009769745,0.0003586413,424.99988,90.000015,0.00017276753,-0.0018400467,0
5.0000896,195.00037,40.00022,0.00023102005,-0.00036101244,0.00012142695,-0.6496603,-0.5948368,1.000519,1.0000334,0.9999756,9.000173,15.00013,0.0015179275,0.0005868392,974.99976,199.99995,0.00017901605,-0.0032440277,0
4.999986,239.99966,49.00011,0.00021440776,-4.6416444e-06,5.694547e-05,-1.5002958,0.0040778704,1.0002272,0.99983007,1.0004838,6.0000677,18.000027,0.0012537797,0.00039224845,1200.0001,245.00014,0.0002865083,-0.0022317471,0
5.0002112,240.0,48.99989,0.00034613197,-1.7044345e-05,-0.00017538444,-1.0990214,-0.26591626,1.0001779,1.0001427,1.0001811,6.9999175,18.000134,0.0010719422,0.0004552396,1199.9995,244.99974,5.5424538e-05,-0.0026891488,0
0.99996495,266.9999,238.99976,0.26589563,0.122924305,0.3510972,-0.8548436,0.892986,1.9995712,1.0001662,1.0000013,19.00014,25.000263,0.001869632,0.0011221697,369.0002,239.00002,0.0007910433,-0.0022559173,0
4.999759,75.000336,16.000084,-0.000113286354,0.00012738057,0.00020446995,-1.4656644,0.003864151,0.99998266,0.9999681,1.9997905,1.0000027,3.0001333,0.0011834201,0.00047826397,374.99988,80.00037,0.00016709938,-0.001916012,0
5.0000753,825.0,166.0001,0.27326027,0.10286191,0.32047272,-1.2632285,0.6439291,1.0000575,0.999889,0.99995905,9.999867,26.000053,0.0009856715,0.0003647442,4125.0,830.0001,0.00029448702,-0.00078596757,0
0.9999285,174.00009,174.99994,0.000501298,0.0006419813,0.0001113475,-1.3449335,0.056738153,2.0002873,1.9998144,2.000048,2.000096,5.0004845,-0.0019866019,-0.00057656236,206.00049,175.00005,-0.00038138116,0.005032892,1
4.9997654,215.00035,44.000015,6.622081e-05,0.0001254716,-7.1492745e-05,-0.8814308,-0.63018626,1.0000365,0.99984473,1.000109,9.000137,15.000232,0.0013599789,0.000699413,1091.0,220.00009,0.0002633595,-0.0030537243,0
4.9993715,425.001,83.99996,0.6521421,0.16716108,0.4085896,-1.4004557,0.21447505,1.0003861,1.0005479,0.999716,11.000328,23.999731,0.004871124,0.0033354694,2274.9995,420.00024,0.0019012712,-0.0059461184,0
1.0016462,312.00034,313.99988,0.0012831823,0.00018052511,0.000526807,-1.509105,0.04257452,0.99928635,1.0015115,1.000499,87.00091,105.00019,0.003427825,0.0016897861,426.00116,313.99936,-0.0007240503,-0.007497951,0
5.0009637,469.9999,95.00045,0.5676365,0.10404785,0.32324573,-1.44858,0.22692265,1.0000561,1.0005822,1.0002578,10.999877,29.999863,0.003534005,0.0022367905,2349.9998,475.00027,0.0015196215,-0.0039812457,0
1.0001101,316.00018,303.99982,0.38140237,0.12032495,0.34676912,-1.1832539,0.6523344,1.9998775,0.99988574,1.0005758,16.000174,22.0001,0.0012739323,0.00047126628,438.0,303.99994,0.0007746192,-0.001980119,0
5.0001335,235.00003,48.000137,9.985954e-05,-0.00018310998,0.00031512982,-1.4831632,-0.009289987,0.99999267,1.0001856,1.0001802,5.000035,14.000027,0.00122417,0.00018648477,1175.0001,240.00008,0.000264534,-0.0018264463,0
0.999279,537.00104,538.99927,2.2713562e-05,0.0003782751,0.0008106465,-1.3864082,0.16171548,3.000221,1.9990615,2.0000114,2.0001943,1.9998128,-0.0048447116,-0.0014424818,729.00146,538.99945,-0.0012221044,0.0074029244,1
4.9998984,65.00008,14.000352,3.4572888e-05,-9.763895e-05,-0.00031140188,-0.6505595,-0.5853453,1.0000126,0.9998455,2.0004468,1.9999311,3.000018,0.0013326587,0.0005294477,325.0002,70.00006,0.000109988716,-0.0027342683,0
4.999695,79.99986,17.000113,4.8278496e-05,-2.0570747e-05,0.00034351222,-1.5057675,-0.018131426,1.0003282,1.0000193,1.9999734,0.99980617,2.000198,0.0011872503,0.00030725112,400.00012,85.00003,0.00017626883,-0.0018633694,0
4.999993,201.00005,41.00026,0.00024396017,-0.00011543335,2.803435e-05,-1.4792819,-0.06511131,0.99990934,1.0001576,1.0002074,4.999905,13.0003195,0.0012317055,0.0007695635,1015.00037,204.9998,-0.0001871827,-0.0022333553,0
0.9995809,512.002,511.99933,-0.0004082225,-0.00046392676,0.00051406765,-1.4743986,0.038049825,1.0007851,1.0005076,1.0005338,149.00009,165.99889,0.0062031667,0.0027246152,620.00006,512.0002,0.0030814451,-0.012023837,0
0.9991702,308.00067,309.00058,-3.554267e-05,-3.0091256e-05,0.0013715691,-0.98895186,-0.3637423,1.0005891,1.0012045,1.0010784,88.99967,105.000275,0.0033098857,0.0018506298,307.9999,309.00076,0.000802793,-0.008239233,0
5.0002537,100.00022,21.00017,4.2112726e-05,3.6016056e-05,0.00010606556,-1.4447242,-0.04704235,1.0001987,0.9999779,2.000187,0.9999536,4.9999285,0.00091633695,0.00073901896,499.99997,105.00005,0.00012582332,-0.0020444582,0
4.9999175,195.0001,40.000004,0.12578788,0.015371737,0.1252077,-1.2798002,0.5042157,0.99974823,1.0000683,1.0001087,1.0000633,6.0001493,0.0013892415,0.0003366038,975.0001,200.00015,0.00034807215,-0.0011456435,0
5.0000134,134.99998,28.000013,0.0892901,0.0059956484,0.077353455,-1.4251398,0.1334752,2.00001,0.99998945,1.000001,1.000002,2.0000048,0.0026068876,0.0055525126,675.0,140.00002,3.331882e-05,0.00038708924,1
5.0001307,80.0001,17.000034,4.037689e-05,-0.00011810652,-0.0002658222,-1.4921353,-0.006107099,0.9999243,1.000024,2.0001667,0.99993986,0.99984324,0.0010506244,0.00026613558,400.00018,85.00005,0.00033212043,-0.0017978147,0
1.0002103,158.00005,159.9998,-0.00015432014,-1.4833238e-05,-3.9967217e-05,-1.4286081,-0.022081252,0.9999768,1.0002307,0.9999725,31.000284,40.000027,0.00075011834,0.0003847942,220.00014,160.00023,0.00042891447,-0.0019006435,0
4.9996853,215.00049,44.000378,0.4037134,0.21703021,0.465772,-1.171783,0.6618968,0.99936795,0.99866825,0.99964476,0.9996491,2.0015626,0.011929076,0.0027179655,1075.0001,220.00003,0.0018943865,-0.0029641022,0
5.000039,235.00043,47.99991,0.2459455,0.10203286,0.31904215,-0.8578476,0.8840148,1.0004302,0.9998667,1.0001416,1.0003879,5.0002356,0.005047541,0.001151911,1175.0001,239.99982,0.0010559252,-0.0016594748,0
4.999978,190.00017,39.000134,0.1433456,0.029315626,0.17113736,-1.117598,0.75933754,0.9999427,1.0002438,1.0000527,0.99999493,4.000063,0.0021863198,0.000739058,950.0002,195.0,0.00031137982,-0.0006809675,0
4.9999075,275.00003,55.999954,-8.676233e-05,-0.0001630115,0.00011067393,-1.3932709,-0.13682266,0.99999964,0.9999859,0.99995846,9.000202,18.000221,0.0010540148,0.00020906464,1375.0001,280.0001,0.0005176486,-0.0023387333,0
1.0010152,398.00012,399.99997,-0.0005736572,-3.3588124e-06,0.00075449987,-1.3223575,-0.051556293,2.0001545,1.9999144,1.9997151,2.0004487,3.000118,-0.0033805193,-0.0003202298,544.00055,399.99985,9.9619e-05,0.006985409,1
4.9997187,275.00015,55.999634,0.22817373,0.03577949,0.18971694,-1.3225158,0.18060598,0.9999989,0.9998654,1.0001042,2.000228,11.99999,0.0018719644,0.00064107147,1374.9999,279.99997,0.0006952418,-0.0018758248,1
1.0006037,284.9996,285.9999,0.00058284786,0.00034525836,0.00057022896,-1.440845,0.029356074,0.9995326,1.0006531,1.0005387,91.0003,100.0001,0.0029053832,0.0013950429,391.00125,286.00018,-0.00025594744,-0.0077965865,0
4.9999375,44.99988,10.0000515,0.91242737,0.014495616,0.12089732,-1.3893055,0.12479794,0.99996376,1.0000682,1.000143,1.000206,-0.00017170707,0.0066335774,0.0028356854,225.00017,49.99987,0.0006927783,3.5115394e-05,0
0.99913555,670.9999,673.00116,0.00030416058,0.00064815657,0.0009780279,-1.2697114,-0.18755071,3.0005445,1.9988157,1.0003569,1.9994756,2.99923,-0.00383445,-0.0015388443,920.99963,673.0005,-0.0015776656,0.008242311,1
4.999968,331.0,66.99999,-1.4737728e-05,-5.5409623e-06,5.2876436e-05,-1.1995896,0.20873839,9.000038,2.0000494,2.0000317,10.000011,12.000041,-0.0002095745,-9.936292e-05,1663.0,335.00003,-1.2356146e-05,0.00053032086,1
1.0000516,328.9996,323.0003,0.2522521,0.14352597,0.37920526,0.06751434,1.2902454,0.9999402,0.99994975,1.0001274,23.99975,32.000393,0.0018786156,0.00044582802,379.0003,322.9999,0.0007624057,-0.0024120281,0
5.000036,500.00043,100.999825,0.39344123,0.14484489,0.3809992,-1.3178325,0.52000105,1.0000796,1.0006207,1.0003433,4.0009637,15.000322,0.003976116,0.0007484169,2499.9998,504.99976,0.0005029698,-0.0032766731,0
0.99933726,472.00018,473.00006,0.014628267,-5.5615466e-05,0.014661582,-1.3510245,0.50158244,20.000166,2.0005348,0.9996026,74.0,89.999504,0.0024428614,0.0017919398,472.00034,473.00034,0.00094096176,-0.0044141044,0
5.0004034,385.00006,78.00039,0.21879962,0.12400916,0.35213685,0.1710206,1.3301802,1.0002698,0.9999821,0.9997774,2.0001361,7.0001154,0.0038159334,0.000876323,1925.0,389.99982,0.00045423134,-0.0013382094,0
4.999849,160.00002,33.000057,3.461208e-05,1.6656026e-05,1.7842432e-05,-1.5398176,0.08000851,1.0002397,1.0001698,1.0000256,4.0001545,9.999977,0.0010980528,0.00023591239,800.00006,164.99995,0.0004818766,-0.0021895985,0
5.000204,74.9999,16.000174,0.00010075809,0.00014126423,-0.00031948823,-1.4600328,-0.06970793,1.0002623,1.0000988,1.9999516,1.000248,2.0001435,0.0008641934,0.00041243306,374.99997,79.99997,0.0005465769,-0.0021035706,0
4.9999685,154.99988,31.999817,0.11803684,0.018399967,0.13582605,-1.2283906,0.64383763,0.9999743,1.0001216,1.0000802,2.0000248,3.9999473,0.0020188915,0.00088058546,775.00006,160.00015,0.00043045543,-0.0008881886,0
5.0002255,241.99983,49.000225,-7.047547e-05,-4.408891e-05,-6.559107e-05,-0.92174935,-0.5010917,1.0002613,0.99991053,0.9998154,10.999954,16.000042,0.0014779463,0.0006380911,1232.0,245.00034,0.00024820876,-0.002737618,0
5.0002875,139.99977,28.999962,0.27845752,0.033608235,0.18348669,-1.4774855,-0.18303466,2.000234,1.0001968,1.0003375,3.0000613,4.0002627,0.0034162104,0.0016186616,699.9998,145.00023,0.00079534296,-0.0023959791,0
5.0000777,265.00003,54.0,-4.2033767e-05,-0.00023459476,9.918431e-07,-1.473702,0.064155035,0.99989223,1.0000947,0.99997336,7.000028,16.000198,0.0008562552,0.00014044462,1325.0002,270.0,0.00038335705,-0.0020282941,0
1.0000697,393.99997,369.00006,0.20368712,0.12285247,0.35057154,0.47585216,1.4473573,0.99987614,1.0000414,1.0000093,14.000019,24.000029,0.00057186955,0.00022646713,472.0,369.0,0.00043281508,-0.00033572377,0
5.0000734,85.000084,17.999992,0.0002404789,-0.00022055542,-1.1697601e-05,-1.0955501,-0.20436816,1.000056,0.9999406,1.9999692,2.000193,3.000159,0.0012028114,0.0008160365,425.0002,90.000374,0.000103236096,-0.0020205248,0
4.999938,605.0001,121.99996,-0.00012007359,0.0002040306,3.0411453e-05,-1.4295133,0.08618564,2.0000696,1.0001606,0.99994403,0.99990976,3.9999251,-0.00072245375,-0.0002973527,3025.0002,610.0002,-0.00028218125,0.0014935726,1
0.99976355,553.99994,555.0002,-0.00016069287,-0.00013031665,0.00025776975,-1.4937806,0.00827802,3.9996789,1.000125,1.0004232,88.00033,108.00095,0.00332382,0.0010394434,742.00116,555.0001,0.0019652762,-0.005867279,0
5.0000777,110.00021,23.000223,0.0001971952,2.4217812e-05,-2.5822648e-05,-1.5008,0.004908479,1.0001613,1.0001338,2.000238,0.9997664,5.0000663,0.00091884175,0.0002883687,549.99994,114.99969,0.00041246554,-0.0018756046,0
4.999988,254.99995,51.99999,7.166378e-05,0.0002988498,7.2491195e-05,-1.3322185,-0.078513786,1.0001953,1.0001259,0.99997777,3.999902,20.00007,0.0009133202,0.0003983101,1274.9999,260.00037,-0.00026541462,-0.0025235368,0
0.9999401,195.00012,195.99998,1.586203e-05,-1.7704907e-06,2.4735727e-05,-1.5240834,0.03878709,1.9999874,1.0000367,0.9999646,19.00002,30.999998,0.00033190992,0.00022629852,212.99998,196.00003,7.5411706e-05,-0.0006078669,0
5.000005,79.999886,17.000114,0.00016778299,-1.5566255e-05,0.00022388129,-1.0984837,-0.3091285,1.0002863,0.9999795,2.0000422,1.0003102,2.0000107,0.0012752181,0.0005845471,400.00012,85.00006,0.000116592964,-0.0021957771,0
4.9999466,104.999855,21.999935,0.12263213,0.016867723,0.12986618,-1.1943947,0.6158305,0.999874,0.9999448,0.99996746,0.99987084,3.000062,0.0028721392,0.0008715244,525.0002,110.000114,0.00045510184,-0.0007167103,0
5.000127,174.99979,36.000008,0.21308148,0.015631877,0.1257243,-1.0461973,-0.40079933,2.9999425,0.9999952,0.9998815,3.0001662,4.0001526,0.0026406043,0.0010386092,875.00006,180.00035,0.0004302169,-0.0021904742,1
4.999901,90.00008,19.000126,-0.00024495414,-9.261363e-05,0.00028526087,-1.0186552,-0.23186837,1.0000461,1.0001034,1.00052,1.0000691,4.999866,0.0015902357,0.00037646148,449.9999,95.00001,-0.00015268433,-0.002402232,0
5.0001655,285.00018,57.999996,5.4032782e-05,-0.000384113,0.00020071979,-1.4637268,-0.050631817,1.0001305,1.0000418,0.9997957,5.00003,15.999971,0.0006563593,0.00043531155,1425.0001,290.0001,-0.00025296948,-0.00193082,0
0.9999059,225.99934,227.0001,0.00041136198,0.00016484944,0.00017030531,-1.1287588,-0.26078793,1.000373,1.0000639,1.0000129,57.000053,73.00099,0.0023837783,0.00047578532,306.00082,227.00041,0.0009757797,-0.0049595963,0
5.000117,200.00009,40.999866,0.00013950294,-0.0001168078,-0.00015351368,-0.8923262,-0.4231864,0.9997738,1.0000148,1.0002062,5.000096,11.999934,0.0010791052,0.0005547078,1016.00006,205.00005,0.00020040017,-0.002632146,0
4.9999504,80.00015,16.999859,3.4442866e-05,-0.0004416499,0.000250242,-1.447406,0.009992998,1.0000463,1.0000523,1.9998277,3.0000987,3.9999626,0.001042102,0.00027080814,400.00006,85.00004,0.00035288846,-0.0021433216,0
5.0001383,235.00005,48.000114,6.466735e-05,-0.00022823575,-0.00036795295,-1.1210381,-0.27080992,0.99985045,1.0001736,1.0000052,4.9998956,15.000064,0.0011059127,0.00013919052,1175.0005,240.00006,0.0003429204,-0.0023869863,0
5.0001373,100.00021,21.000116,-6.67969e-05,-0.00014723382,6.2960025e-05,-1.4905956,-0.13159266,0.99989605,1.0001069,2.0000398,1.0001811,6.0000267,0.0011053144,0.0006418237,500.0002,105.00001,0.00013975234,-0.002122545,0
1.000129,180.00014,180.99991,-7.754504e-05,-8.662537e-05,-3.153879e-05,-1.4615425,-0.00017404473,4.999935,1.0000418,0.99989843,26.000006,32.00006,0.0010838233,0.00014499681,207.99997,181.00006,0.0002614189,-0.0016557261,0
4.9997897,90.00022,19.000296,5.7490495e-05,5.115145e-05,0.00012820991,-1.3947465,-0.036051866,0.9999545,1.0003325,2.0001748,1.9997984,6.999869,0.0013022964,0.0003675278,449.99994,95.00026,0.0003281981,-0.002134578,0
0.9998867,176.99983,178.99998,6.954517e-05,-0.00032158167,0.00020373821,-1.308362,-0.11843544,1.9999664,0.99988675,1.0002064,2.000115,0.9999062,-0.00083550013,-0.00033551562,241.00002,179.00018,-0.0002813848,0.0018266294,1
1.0001134,328.99997,311.0,0.19432387,0.028478533,0.1688433,-1.3145661,0.16800778,1.999892,1.9999306,0.9999508,38.000084,44.000053,-0.00042847017,-6.91621e-05,423.00003,311.00006,9.9543155e-05,0.00096117414,1
5.001393,270.00018,55.0015,0.34444597,0.17419066,0.41687605,-0.7109443,0.9334796,0.9998178,1.000732,1.0000648,2.0002995,11.000609,0.0067588286,0.0017571702,1378.0011,275.0006,0.0020854857,-0.004061693,0
4.999753,195.00029,15.000034,0.14859481,0.010382177,0.10188175,-1.5368164,-0.11780118,1.0000908,0.99986166,1.0003289,1.0000182,1.9999472,0.0021575897,0.0062127407,17225.0,75.0,-0.00047525764,0.0028323177,1
5.0000653,85.00006,17.999945,-5.854452e-05,9.811005e-05,0.00020383927,-1.4728066,-0.038579945,1.0000659,0.99985147,2.0001554,1.0000547,0.9999253,0.0010008904,0.00035663223,425.00012,90.00014,0.00032118443,-0.0017895164,0
1.0012733,288.99945,276.00034,0.36950874,0.17322885,0.41810733,-1.2289526,0.61961275,2.0008724,1.000005,1.0004748,33.000244,49.000385,0.004567356,0.0013357536,356.9997,276.00098,0.00129551,-0.0058417697,0
0.99962634,525.0,526.0007,0.0019337441,-0.00069010694,0.00018676213,-0.7182858,-0.8067919,1.0009874,0.9991679,1.0008152,160.00154,178.0021,0.006222051,0.002960912,732.9997,525.9995,0.00108523,-0.015078477,1
5.0002737,370.00012,74.999825,0.70847154,0.035367087,0.18805815,-1.4497992,0.09318399,1.0001899,1.0004333,1.0001355,14.999607,25.000326,0.0026128641,0.000966377,1850.0002,375.00024,0.0007368649,-0.0030759317,0
1.0003496,289.00058,290.00055,0.00024858065,0.00033349724,-0.00021226054,-0.648364,-0.6917679,1.0010508,1.0002911,0.9995296,86.00017,91.999504,0.0037060748,0.001546908,388.9999,289.99997,0.0011110342,-0.006927411,0
5.000017,99.99977,21.000078,-6.437581e-05,-0.00025305102,-8.633148e-06,-1.4613796,-0.06352299,1.0001793,1.000031,1.9999143,1.0002669,4.000166,0.0009795385,0.0002580028,500.00006,105.00002,0.00023785987,-0.0020374022,0
1.0001074,511.99994,514.0,8.768794e-05,0.00013308293,3.1624997e-05,-0.42610204,-0.5658902,3.999847,1.9998662,1.9999958,42.000034,59.999844,-0.0005458843,-0.00019546418,648.0,514.0001,-0.00020128855,0.0012683078,1
1.000048,301.99988,284.0,0.24415174,0.11630898,0.34116822,-0.14675014,1.2089542,1.0000069,1.0000466,1.0000606,13.999998,17.000061,0.0007709654,0.0008169301,422.00003,284.0,0.0006615223,-0.0004704408,1
1.000237,298.00052,284.00085,0.33809435,0.14240117,0.3785568,-1.264827,0.6136149,0.99980056,0.99990076,0.9998061,30.000275,34.00034,0.0024552885,0.0010411175,400.0002,283.9998,0.0011289556,-0.003792503,0
0.9998821,211.00055,196.00052,0.36276162,0.15048698,0.38859314,-1.3507779,0.5273068,0.99959207,1.0000631,1.0000031,13.000202,29.00004,0.0022948182,0.001820417,290.99973,196.00038,0.0013997304,-0.0038208738,0
5.0003986,770.00006,154.99974,0.35685837,0.1544657,0.3931945,-1.1681263,0.64469683,0.999998,0.9998573,0.99991965,6.9996123,12.000045,0.0018558686,0.0010777167,3850.0,775.0,0.0005051372,-0.00166239,0
5.000069,235.00008,47.99992,0.34032875,0.15765958,0.39789513,-0.87308764,0.8352872,1.0002333,1.0000533,0.9993175,3.0001986,6.9995475,0.0074778134,0.0041760667,1175.0,240.00037,0.0012330584,-0.0024474352,0
5.0000687,94.99991,19.999989,0.00013569456,-7.826468e-06,-0.000215615,-0.9765989,-0.2116344,1.0002851,1.0001873,2.0000322,2.0000024,4.000153,0.0012320847,0.00040810442,475.00015,100.00018,0.0005395449,-0.0021187274,0
4.9997334,100.00001,20.999987,0.00014174345,-0.00024806455,-5.1183844e-05,-1.3961662,-0.08495383,1.0001922,1.0001477,1.9998636,1.9998648,6.999952,0.0012543912,0.0006282815,500.0001,104.99984,5.0497147e-06,-0.002184639,0
0.99995255,281.00018,265.00006,0.23026693,0.053974744,0.23210417,-1.1239905,0.59929705,0.9999939,1.0003177,1.0000311,20.000065,44.99981,0.0012956954,0.0003892248,387.00024,265.0,-0.00030428806,-0.0016857582,0
0.99997824,423.0,373.0,0.16240248,0.046238106,0.21504252,-0.85318005,0.8974746,1.000011,1.0000066,0.9999916,26.000002,32.0,-6.804077e-05,4.098647e-05,577.0,373.00003,0.000120007404,0.00038533882,0
0.9996223,267.0002,238.00056,0.27376324,0.12631601,0.35554695,-0.90697944,0.8638994,1.0004462,1.0002909,1.0001854,16.999722,31.00082,0.0015715042,0.00058665796,348.99997,238.00014,0.000447319,-0.0028403911,0
0.99987125,214.9999,215.99998,7.223587e-05,0.00010322009,8.0249054e-05,-1.3007907,-0.09220515,2.0001855,0.99998444,1.0000577,27.00008,30.999893,0.00057791866,0.00028209723,215.00003,215.99995,5.765383e-05,-0.00090051926,0
1.0002762,488.00006,489.00034,0.085561156,0.017335923,0.13208386,-0.25685617,1.1902266,2.000258,1.0000573,1.000067,10.999917,32.99999,-0.0011842011,-0.00032890638,487.99966,488.99985,-0.00048543914,0.0027486742,0
4.9999547,245.00018,49.999928,2.5227067e-05,-0.00016349641,-8.198697e-05,-1.503972,0.028156098,1.0001669,1.0000207,1.0001733,2.999742,14.000082,0.001033951,0.00036629755,1225.0001,250.00012,0.00011342501,-0.0016605941,0
4.9998546,859.99994,172.99982,0.28282622,0.08686748,0.29431394,-1.240963,0.66188836,0.9994341,1.0002155,0.99991053,31.000334,46.999863,0.0015952461,0.000904949,4300.0,865.00006,0.00042067337,-0.002382593,0
0.9999997,387.0,388.0,-1.920595e-06,8.6854055e-07,1.3619068e-05,-1.255168,-0.20063344,0.9999998,1.0000013,1.0000007,31.0,36.0,-2.8499837e-06,-9.694916e-07,387.0,388.0,-1.8431293e-06,8.663213e-06,1
5.0009804,409.99966,82.99963,0.5553713,0.16101412,0.40195233,-1.519168,0.14490478,1.0011969,1.0003805,1.0004249,4.999744,28.000256,0.004075073,0.0017558573,2050.0,415.00067,0.0008680348,-0.006374616,0
0.99998003,230.00037,231.00003,0.0004230646,0.00047696443,-0.00012839801,-0.81507236,0.374153,1.0001507,0.99989,0.99978024,1.0001986,0.99985445,-0.0009990124,-0.0005433324,230.00014,231.00038,-0.00018807706,0.0030860598,1
1.0003135,178.00037,179.9999,-0.00025728575,0.00021517108,-0.0003505061,-1.4258933,-0.0033680585,1.0003401,0.99973154,1.0003766,43.99997,53.999897,0.001627359,0.0006307514,248.00029,180.00047,0.0005367677,-0.0029764066,0
0.9998114,301.00076,302.00015,-0.0010656812,0.0003032149,0.00034779025,-0.913561,-0.4649296,1.0002536,0.9990857,0.9996726,93.00088,102.99976,0.0035899165,0.0021335569,412.99966,301.99942,0.000895204,-0.008118757,0
5.0000005,280.00003,56.99992,0.19368185,0.07644609,0.2763065,-0.42789656,1.0863403,0.99990153,1.0001036,0.99978423,2.0001953,7.0000343,0.0031833295,0.0006079161,1400.0,285.0002,0.0005324712,-0.001107441,0
5.000374,215.00023,43.999966,5.182727e-05,7.762169e-05,5.5004148e-05,-1.1528255,-0.2350503,0.9999539,1.0000125,0.99995583,2.9997687,11.000161,0.001050566,0.0004862266,1075.0,220.00008,0.00030912802,-0.0019951172,0
1.0000058,164.99998,166.0,-1.09552375e-05,-4.527052e-06,1.4126714e-05,-1.4462969,0.020191526,2.0000107,0.99999255,0.9999946,8.999995,25.999983,6.664569e-05,2.2834785e-05,165.00002,166.0,1.2781388e-05,-0.00014068765,1
5.0001397,104.99984,22.000076,0.00037008536,-0.00019807444,0.00016813242,-1.5158012,-0.0037325975,0.9998883,1.0000145,2.0000215,1.0001581,4.0002217,0.0010008757,0.000511046,525.0,110.000015,0.00018009802,-0.0018029647,0
4.999904,70.00016,15.000194,9.009107e-05,-0.00028843925,0.00017359629,-1.4843972,-0.09738053,1.000007,1.0000081,1.9997786,1.0000813,2.0001533,0.0009979021,0.00028800848,349.99994,75.00018,0.00034870123,-0.002104986,0
5.0003915,374.99994,76.00016,-0.00025110718,0.000110379166,0.00015140559,-1.4797828,0.009366592,0.9998719,1.0001557,0.999925,22.000084,25.000013,0.0012735073,0.00055634143,1875.0,379.9998,0.00017367532,-0.0023676094,0
5.0000076,79.999886,16.999987,0.00015694687,-0.00011999394,8.031322e-05,-1.4072112,-0.08888451,1.0000187,1.0000244,2.0000417,1.0001016,0.00014429513,0.0010101073,0.00022606764,399.99988,85.00009,-5.194399e-05,-0.0018871836,0
1.0004417,211.99988,212.99994,0.00017778682,0.00016723563,-0.00012870562,-1.219916,-0.18318985,1.0003316,0.9996455,1.0004373,53.00023,56.999878,0.0018895671,0.0009867854,211.99968,212.99997,0.00083918305,-0.0036761204,0
1.0002208,307.0002,273.00015,0.23402357,0.13048667,0.36100644,-0.13380033,1.220105,1.0001118,0.9999814,0.9999954,13.99984,24.000305,0.0012027232,0.0005418274,419.00018,273.00015,0.00071581156,-0.0015374969,0
1.0003912,178.00075,179.00049,0.42624736,0.15665789,0.39585623,-1.3016875,0.567381,0.99944794,1.000045,0.9993791,24.999805,30.000565,0.003420129,0.0018945311,177.99962,179.0005,0.0015100953,-0.004648352,0
5.000088,204.99998,41.99971,0.00016427189,-5.9339178e-05,0.00026175394,-1.4875352,0.061802525,1.0001994,1.0001352,1.0000883,8.000297,11.999875,0.0013541197,0.0002446426,1024.9999,209.99977,-0.00011641368,-0.002123444,0
5.000106,255.0,51.999817,0.23485357,0.11404739,0.33788496,-0.4510254,1.0808328,0.9998376,0.99990135,1.0003941,0.999567,5.000254,0.0049051656,0.0009877472,1275.0002,260.0,0.00159013,-0.0016423318,0
5.0000787,204.99997,42.00025,0.00011380754,0.00016670785,-0.00018716982,-1.355506,-0.10101859,0.9998365,1.0000367,0.9998797,3.9996758,11.999908,0.0009215948,0.00027742915,1024.9998,209.99988,0.00042890327,-0.0022008142,0
5.000175,65.00011,13.999819,9.837435e-05,-7.497015e-05,6.6899534e-05,-1.5687393,-0.043435127,1.0002562,1.0001388,1.9999202,0.9999202,1.9998456,0.0009119365,6.947639e-05,325.0001,70.00014,0.0002469916,-0.0022049262,0
4.999873,255.00002,52.000114,-7.957793e-05,0.00018386159,5.7502042e-05,-1.4552715,-0.013987239,1.0000919,0.99989367,0.99996746,0.9998774,17.000154,0.0011361828,0.00043093317,1275.0001,260.00012,-0.00028771572,-0.0019078254,0
1.0006562,329.99973,313.9996,0.41139054,0.19190012,0.43758887,-1.2578464,0.56539565,2.000183,1.0008788,1.0008322,30.999754,33.00021,0.0032530392,0.0010711356,420.00006,314.00073,0.0007796439,-0.0054880963,0
1.0005865,675.0005,676.00055,4.9198057e-05,0.0012420756,-0.0002946409,1.7997444,-1.0910108,2.000578,2.0005739,1.9998192,2.0009544,2.0001166,-0.004438236,-0.0012561533,675.0009,675.9998,0.0004501346,0.007964316,1
5.0002604,314.99997,63.999996,-0.00022553779,0.00013750218,-0.00016427778,-1.4824587,-0.03866531,1.0001086,1.0001663,0.99994373,11.000025,24.000212,0.0013524841,0.0006617251,1574.9999,319.99976,-0.00040080247,-0.0023157182,0
5.0003133,85.0001,17.999935,-1.1625491e-06,-0.00030894106,0.00013922104,-1.1318053,-0.27782437,0.9999011,0.9997831,0.99999636,2.0001628,5.0000577,0.0013261498,0.00042911133,425.0003,89.99999,0.00048906443,-0.002676639,0
4.999988,174.99998,36.000015,0.02630112,0.0015421277,0.039545324,-0.42821634,1.080651,2.0000007,0.99999356,1.0000091,3.0000212,4.000025,0.00079118874,0.0015203073,875.0,180.00005,8.872053e-05,-0.00023474492,1
4.9999137,95.00003,20.000013,1.2476758e-05,-0.00021974849,2.8269438e-05,-1.4420753,-0.11699965,1.000291,1.0004394,2.0000417,2.0000458,2.9998732,0.0011925342,0.00015261416,475.00012,100.00007,0.00028592907,-0.0019590007,0
5.000231,275.00006,55.999947,0.22637874,0.120957464,0.34790832,-0.14382572,1.2122115,0.9997222,1.0001383,1.0001899,1.0002625,5.0000205,0.005144857,0.0008053536,1374.9999,280.00006,0.0009902958,-0.0014184538,0
0.9990445,362.00064,362.9995,-0.000297965,0.0007936549,0.00012986877,-1.3593739,-0.088269405,1.0003078,1.0005891,0.99987406,109.00028,118.0004,0.0048167184,0.0018950385,456.0006,363.00104,0.000980503,-0.0086069815,0
4.999764,205.00012,41.9999,0.00021361961,0.00022805513,0.00016378642,-1.4790354,-0.05431557,0.99982786,1.0000286,1.0001255,3.0001209,11.000132,0.0010068208,0.0005848521,1025.0004,210.00005,-0.00021260885,-0.0020220506,0
0.9998868,176.99968,178.00008,-0.00018911564,0.00017201796,-0.00019462964,-1.3705602,-0.097937725,1.0003417,1.0002679,1.0003797,51.000477,56.99975,0.001647897,0.00065208407,243.00037,178.00023,0.000240624,-0.003820816,0
4.999949,271.00015,54.999905,0.0001650156,-0.00018658258,-0.00014854406,-1.49859,-0.0119945975,1.0000066,1.0000271,1.0001848,6.9998975,17.000128,0.00089674495,0.00040873187,1361.0,275.0,0.00028618012,-0.0020724472,0
4.9999537,314.99994,64.00003,0.16881406,0.054902505,0.23457745,-0.694631,0.9947699,0.99994886,0.9999468,1.0001352,1.0001537,3.9998252,0.0018735068,0.00074805605,1574.9999,320.00012,0.0003476542,-0.0002564483,0
5.0007386,390.00122,79.00103,0.37663963,0.14941058,0.3862124,-1.3489188,0.5150538,1.0001988,1.0000639,0.9999724,1.9988581,9.000145,0.0037697514,0.0011984782,1950.0006,395.00037,7.226851e-06,-0.0037473212,0
1.0009084,308.99948,310.00146,-0.00022657726,0.00081521727,0.00031470825,-1.4877585,-0.07297958,1.0005121,0.9993212,0.9989812,86.000984,102.99987,0.0035630376,0.0019060799,309.00037,309.9998,0.0013907545,-0.007225681,0
1.0008314,458.99902,460.00055,0.00062217115,-0.0015090706,0.0017588778,-1.4621322,-0.05230313,0.99941164,1.0016097,1.0019178,134.99934,153.0015,0.006188138,0.001012917,643.0004,459.99905,0.0015023145,-0.011644361,0
1.0002121,202.99927,204.00055,0.00015112112,0.00013144397,0.0003094713,-1.4735084,-0.06203846,1.0002499,1.0000594,1.0009005,58.000015,66.00025,0.0019878172,0.00044078578,224.99998,204.0004,-0.0004225378,-0.004590788,0
5.0000615,224.99995,46.000294,0.00023275743,-0.00019624423,0.00028435772,-1.4791509,-0.0036452159,1.0002661,0.9999945,1.0002371,7.00012,14.999978,0.0009986839,0.00091913145,1124.9998,230.00009,0.00018858864,-0.0022026931,0
1.0004333,496.9997,498.0002,0.0013651181,4.232374e-05,-6.7515684e-05,-1.47331,0.09923949,2.000802,2.001321,2.0003977,1.0001465,3.000557,-0.003860205,-2.060688e-05,597.0005,498.0003,-0.0010063191,0.007943053,1
1.000957,368.99985,369.99942,0.0008902864,-0.00066070654,0.00018456721,-1.3507365,-0.082539,1.0011302,0.99975526,0.9994059,116.00224,123.999985,0.0029645008,0.0014439415,459.00064,370.00082,0.0013958365,-0.00970201,0
1.0002828,179.00029,180.00015,-4.7282352e-05,-0.00016747635,-0.0002397731,-1.390482,-0.04180416,1.000054,1.0001267,1.0001839,43.000534,48.000103,0.0016119888,0.0006567205,213.00006,179.99992,0.0004679999,-0.0026114597,0
5.000225,234.99991,48.000164,0.00010534871,-0.00022482932,-6.222309e-05,-1.3183277,-0.15468915,0.9999073,0.9999142,0.99989605,5.0000286,17.000248,0.0013363345,0.00029488685,1175.0,240.00015,0.00030144813,-0.0021945562,0
5.000156,245.00002,49.99994,0.00023563356,-0.00021387324,0.0003601284,-1.4482064,-0.008897305,1.0000407,0.99990165,1.000277,5.0001125,13.000003,0.0009993563,0.00042515842,1224.9998,250.00018,0.00034170246,-0.0018471278,0
0.9996354,335.99988,337.00037,-0.0007220295,0.00018969945,-0.0002031354,-1.0120173,-0.5672959,1.9993944,2.0002062,2.0008776,1.0002304,3.0006537,-0.0024795504,-0.00092808506,466.00012,337.00015,-0.0008962352,0.0055389744,1
1.0002457,183.99954,185.00087,0.00038847513,-0.00033111768,0.00021043433,-1.4575554,-0.046412595,1.000209,1.0000693,0.9999747,52.00034,63.99987,0.0019717852,0.0005444991,254.0,185.00008,0.0004993274,-0.004110384,0
5.000044,95.0001,19.999971,0.15048364,0.019636476,0.14034627,-1.3483448,0.4300318,1.0000834,1.0000148,1.0001695,1.0001924,2.9999442,0.0034324767,0.0007553779,475.00003,99.99978,0.00031167094,-0.0009161097,0
5.0004716,204.99991,42.000225,0.00016987292,-1.0161469e-05,-9.066617e-05,2.410666,0.80514234,2.000012,2.000229,1.0001205,1.9997315,3.9999712,-0.0012466385,-0.00035877113,1025.0001,209.99971,-0.0003714561,0.002026877,1
1.0001173,231.0,231.99995,-0.00042491782,-0.0002538625,-0.00028954603,-1.4389348,-0.015078747,1.0000159,1.0002894,0.9998346,58.000145,75.9999,0.0023568901,0.0010535392,231.00053,231.99983,0.00029574335,-0.0049390267,0
1.0000579,207.9998,209.00027,-0.00044873258,-0.0002184391,0.00023518245,-1.4752183,-0.031001354,1.000313,1.0000985,0.99994963,50.00033,60.99945,0.001931139,0.0009025085,208.00026,209.00012,-3.3314096e-05,-0.0036862458,0
4.9998913,155.00053,32.00046,0.2733172,0.037493646,0.1930198,-1.4174328,-0.32611987,0.99957865,0.9999699,0.9998773,1.9997036,5.0003233,0.0032762617,0.0004524484,774.99976,159.99988,0.0008971144,-0.002738349,0
5.0000463,185.00018,37.999958,0.19974196,0.06851556,0.26146787,-0.8452548,0.89467144,1.0001404,1.0001103,0.9996708,0.99999875,7.0004406,0.0049782195,0.0012762347,925.0002,190.00009,0.0007830574,-0.0008698153,0
4.9998026,420.0001,84.99963,0.32654378,0.13116369,0.36269918,-1.3269643,0.5534336,1.0000001,1.0007919,1.0000875,1.0003728,10.999984,0.0033946072,0.00154047,2099.9998,425.00015,-0.00032994166,-0.0030488565,0
5.000006,140.0002,28.99941,0.27809596,0.03369328,0.1835415,-1.4772006,-0.18276046,1.9997487,0.9998488,0.9996701,3.0006776,4.000456,0.0029109134,0.0013527101,700.0001,144.9999,9.473208e-05,-0.0026437691,0
5.00009,269.99997,55.00023,-0.00013687924,-0.000104378196,0.00015479157,-1.4828873,0.053261682,0.9999637,1.0000601,0.9999955,2.9998753,20.000172,0.0012240453,0.00059006066,1350.0,274.99994,0.0003889843,-0.0018827586,0
4.999772,189.9996,38.999935,0.00013138725,3.386456e-05,0.00016127371,-1.5019044,0.014332702,1.0003791,1.0000231,0.99995315,7.0000505,13.000312,0.0013681139,0.00044638634,949.99994,194.99998,0.00050553377,-0.0022428872,0
5.0001864,254.99995,52.000088,0.000115932606,0.00021300501,4.5099652e-05,-1.4556184,-0.014072797,0.99989706,1.0001291,0.99994445,1.0002947,17.000004,0.0009444826,0.00022780798,1275.0,260.00015,0.00013799316,-0.0019516646,0
0.99960905,358.99957,359.9997,-0.00015152496,0.0006206035,0.00038501938,-0.5860483,-0.80233836,1.9995975,1.9996655,1.0001193,1.0001365,3.00012,-0.0025709618,-7.335217e-05,499.00037,360.00027,-0.00071593444,0.005461929,1
1.0002048,219.00008,216.00015,0.37258664,0.16556808,0.40761936,-1.0614289,0.7337701,2.0003276,1.0001504,0.9999283,25.999977,41.000534,0.0031831812,0.0010461981,239.00021,216.00009,0.0008696826,-0.005692287,0
5.000301,235.00018,47.999973,0.00010888626,-3.055159e-05,0.00021266284,-1.4799055,0.033702318,1.0000297,0.99997866,1.0003016,6.9999404,16.000143,0.0013418081,0.0005777667,1174.9999,240.00005,0.00045356917,-0.0020959345,0
0.99974144,229.99995,230.99968,0.31159377,0.1667081,0.40864953,-0.82801527,0.89321387,1.0004331,1.0007768,1.0010344,21.000195,22.000103,0.0024749879,0.0012617824,230.00015,230.99982,-0.00041439445,-0.0038214829,0
5.000129,499.99994,100.99983,0.0003254207,9.766076e-05,-0.00021561113,-1.3969631,0.004823088,0.9998845,1.0000646,1.0000812,27.999908,33.000324,0.001224688,0.00041319578,2500.0,505.00003,0.00019563267,-0.0021359683,0
5.0000362,74.99991,16.000057,-0.00015350606,-0.0002838579,3.52954e-05,-1.5344454,-0.007840116,1.0001835,1.0001463,2.0000374,0.999956,0.00025298868,0.0008896418,0.00025708583,375.0,80.00013,0.00012253756,-0.0019490949,0
5.00015,230.00027,46.99961,-0.00018562048,-0.00015213387,2.3622833e-05,-1.3885615,-0.13288786,1.0001755,1.0004623,1.0001512,10.9999485,14.000657,0.001095768,0.0006364665,1149.9999,235.00009,0.000707131,-0.0023796053,0
4.9999905,640.00006,128.99994,-2.5918813e-05,1.0798472e-05,2.8447359e-05,-0.94408876,-0.37989187,2.0000696,0.9999377,1.0001262,1.9999969,2.0001113,-0.00073963567,-0.0003214179,3200.0,645.0,-0.00012866844,0.0013753688,1
1.0000129,290.0,278.0,0.22693594,0.03609788,0.18999112,-0.9641178,0.44453448,2.9999945,0.99998736,0.9999943,17.999994,18.0,5.2871703e-05,0.0002459839,402.00003,278.0,9.8936376e-05,0.0002773241,1
5.000019,504.99982,102.00064,0.42955896,0.16017507,0.40016055,-1.2861305,0.5250608,1.0001826,0.999766,0.9997986,7.0004306,19.999514,0.0037739556,0.0013992816,2524.9998,509.9994,0.0011045046,-0.004411668,0
1.0002465,179.99983,182.0005,-0.00023517814,-0.00024409531,-0.00013354047,-1.4937079,-0.030264298,0.9998547,0.9999804,0.9999028,42.999893,57.999863,0.0015946956,0.0006443816,251.99994,182.0005,0.00033061136,-0.003478439,0
5.0001426,110.00003,22.999866,6.0880713e-05,0.00012941663,6.353117e-05,-1.489148,0.078040004,1.0001119,1.000238,1.999986,0.9998821,5.000055,0.0009897614,0.00047073048,550.00006,115.00012,-8.406749e-05,-0.0017776395,0
4.999701,226.00012,45.999985,7.183201e-05,-8.9579094e-05,9.7107855e-05,-1.4171537,-0.022677194,0.99991465,1.0000602,0.999665,3.0002682,15.000153,0.0013016905,0.000619751,1140.0001,230.0002,0.00031477193,-0.0019486783,0
1.001106,442.00082,442.99982,0.0011739383,-0.0010654496,-0.0007316538,-1.292589,-0.17977086,0.99983376,1.0011209,1.0009375,135.00111,148.99983,0.0056327637,0.0041476097,582.00085,442.99948,0.0012198816,-0.011191098,0
4.9998546,205.00006,42.000427,0.3193695,0.105543226,0.3245417,-1.3097413,0.53872854,0.99903584,1.0002081,1.0005746,2.0006356,7.000284,0.006096619,0.0013054487,1025.0,210.00038,0.0011956011,-0.002583589,0
5.0002933,240.00002,49.000294,-0.00039587464,0.00014940112,-2.9503155e-05,-1.5037427,0.11459449,1.0001534,1.000091,0.99998355,9.000282,15.000026,0.0009992572,0.00066669466,1200.0001,245.00018,-0.00046917074,-0.0021939855,0
0.9999522,282.99997,284.0,0.22165461,0.112882435,0.3363136,-0.2432692,1.181188,1.0000823,1.0000892,1.0000814,18.000055,23.999998,0.001015025,0.00043522666,283.00003,284.0001,0.0007177976,-0.0012138549,0
1.0001745,299.99988,284.0,0.20830204,0.04517384,0.2126352,-0.83582664,0.69273144,2.0002315,0.9999306,1.0000356,19.000084,43.00008,0.0007420571,0.00019423015,357.99997,284.0,-0.00024680851,-0.0012663594,0
1.000087,216.99998,203.0001,0.08960841,0.010819809,0.1042574,-1.0865328,0.7189224,4.0000715,0.9999887,1.0000658,22.00002,31.999985,0.00044850327,0.00039871788,287.0,203.00005,-0.00020446948,-0.00059737917,1
5.0001245,265.00006,54.00009,-6.0058228e-05,-1.838784e-06,4.7166366e-05,-1.5042374,0.084513724,1.0001595,1.0001316,0.9999318,5.9999413,17.000174,0.0010351179,0.00010793863,1325.0,270.00024,0.00027080916,-0.0019491109,0
5.000195,99.99999,20.999708,-0.00017879759,-0.00015932582,3.6321602e-05,-1.1382056,-0.3461219,1.00006,0.9998912,1.000224,0.9999383,4.000038,0.0011630524,0.00056492287,500.00006,105.00021,0.0004180949,-0.0025517195,0
1.0005776,170.00005,172.0006,-0.00029180452,-0.0005111244,0.0003743756,-1.0255648,-0.42325637,0.9997295,0.99992305,1.0001076,51.99997,60.000015,0.0017286398,0.001258642,233.99986,172.0001,-0.00068791525,-0.004737569,0
4.9999633,235.00005,47.999958,0.04881467,0.0035217346,0.059403896,-0.7790922,0.9206307,1.0000309,1.0000579,1.0000334,2.9999483,6.0000434,0.00044463063,0.00031088368,1175.0,240.0001,4.5134733e-05,-0.0003591743,0
1.0002034,350.99954,332.00027,0.32751358,0.11132948,0.33315372,-1.366663,0.52560765,2.0001876,0.999903,0.9995908,28.000435,39.000053,0.002499798,0.00039573223,475.0002,331.9999,0.0006660148,-0.0029483656,0
1.0000066,170.0,171.00002,0.20822605,0.04010565,0.20025381,-1.2971561,0.51991814,0.99996495,1.0000254,1.0000049,18.000021,17.000034,0.00046062405,0.00060330995,170.0,171.00002,0.0002841309,-3.1997155e-05,0
4.999595,414.99988,84.00027,0.63533276,0.10569742,0.3253946,-1.4901458,0.08093124,1.000264,1.0006884,1.0003997,13.999662,27.000002,0.004414362,0.00075561774,2075.0,419.99973,0.0015285207,-0.004770578,0
4.999945,240.00017,48.999912,-7.656389e-06,2.8659693e-05,0.00016518183,-1.3966645,0.031403307,0.99972266,0.9997969,1.0000867,6.9998837,13.99978,0.0010387462,0.00062530884,1200.0,244.99986,0.0006812835,-0.0019134028,0
5.0000343,174.99997,36.000046,0.10171284,0.01270651,0.113075174,-1.040208,0.7227151,1.9999943,0.999993,0.9999695,3.0000005,2.999986,0.0016888872,0.002977247,874.99994,180.00008,0.00017982259,-0.0001228453,1
1.0004617,452.00073,452.99976,-0.0004945534,-0.00029889314,-0.00046743214,-1.2921202,0.06334489,1.999326,2.0003965,2.000383,1.9995185,4.00016,-0.003898882,-0.0012700052,619.99976,453.00052,-0.00016843085,0.007075051,1
5.000113,85.00003,18.00013,-0.00016734382,-5.844711e-05,0.00012824718,-1.0956506,-0.20444997,0.999501,1.000366,1.9999769,2.000127,3.0001488,0.0012904085,0.00043559837,424.99997,89.99997,0.00018607666,-0.0021331825,0
5.0000086,1030.0,206.99994,4.2882682e-05,-0.000117667434,-6.129722e-05,-1.4902706,0.09334,1.0001172,1.0002222,1.0001326,56.999958,63.999817,0.00076533074,0.00019950197,5150.0,1035.0,4.966041e-05,-0.0013775355,0
5.0002513,231.99985,47.00012,0.000100268175,-9.127915e-05,0.00013258214,-1.507306,-0.02696196,1.0001398,1.0002016,0.9999702,7.0000396,14.999844,0.00118609,0.0006215903,1172.0,234.99997,0.0002538502,-0.002115632,0
4.9996696,64.99988,13.999997,-0.00042791406,-0.00016904707,-1.801363e-06,-0.68182915,-0.6273049,1.0003853,0.999939,2.000431,1.0002264,2.9998567,0.0013275939,0.00085179723,325.0,69.9998,0.00019344935,-0.0025725444,0
4.999785,279.99982,57.00026,0.20906523,0.07903589,0.28187865,-0.6769793,0.9683953,1.0000236,0.9999544,1.0002822,1.9998416,2.9999108,0.0032784834,0.0010866267,1400.0004,285.00003,0.00043649782,-0.0009005894,0
1.0004121,349.99985,350.99887,-1.1772996e-05,0.00051503064,0.00022218164,-1.3307453,-0.033943117,2.0007713,2.0003397,2.0001087,1.0001602,4.0004005,-0.002847091,-0.0022809582,482.00073,351.00003,-0.00038001782,0.0062091444,1
0.9996579,671.00073,672.00024,5.002751e-05,0.00082142616,1.5089327e-05,-1.2947837,-0.0030493496,1.9999862,1.9999921,1.9995818,1.0000278,9.000214,-0.002907669,-0.0014821548,671.0008,672.00024,-0.0014155719,0.009272837,1
4.9999976,190.0,38.999992,0.11316482,0.019381711,0.13921666,-0.9810746,0.86341786,1.0000182,1.0000105,1.0000188,3.0000157,4.0000143,0.0020298928,0.0030088504,950.0,195.0,0.00012323652,0.0003131993,0
0.99974126,175.99986,177.00029,-6.772672e-05,2.521288e-05,-0.00014134326,-1.1654292,-0.20911068,1.0000554,1.0001992,1.0001103,38.000248,46.00016,0.0014873976,0.0004685609,175.99983,176.99986,-6.309402e-05,-0.0025515815,0
1.0004873,399.00046,399.99875,-0.00037925577,0.0015544551,0.00019885949,-0.11252172,0.5985943,3.0006351,2.9997618,1.9996966,1.0009395,2.0015082,-0.003773058,-0.0027153972,535.0007,399.99997,-2.88395e-05,0.010343708,1
1.000711,329.00024,330.0004,-0.0005654919,-0.00035174616,-2.4429522e-05,-1.4708534,-0.019467,1.0003974,1.0009395,1.0000448,96.00036,108.001274,0.0031948064,0.0012198963,329.00058,330.00006,0.0005899094,-0.007976489,0
5.000037,94.99998,20.000193,0.12276869,0.009412314,0.09659689,-1.4252928,0.15850553,0.999949,0.9999789,1.0002177,0.99983144,3.0000887,0.002486041,0.00084026286,475.0004,99.99991,-5.8026002e-05,-0.0015163195,0
4.998901,59.999996,13.003015,0.95413417,0.04000215,0.19832978,0.8362323,-1.0117282,0.9996162,0.9995301,0.9982674,0.002146432,0.0031923966,0.026790868,0.07681999,299.9998,65.00284,0.011110597,0.030067978,1
1.000114,439.99997,440.99954,-0.00013031124,0.000100158264,-9.79051e-06,-1.1416963,0.13403973,1.9997736,2.000014,0.9999072,2.0009413,3.0004106,-0.0032175384,-0.0020535723,606.0,441.00064,-0.00029759263,0.006736986,1
5.0003204,370.00015,75.000374,0.70881414,0.03534722,0.18889399,-1.4498869,0.09385581,0.9998524,1.0006047,1.0001781,15.000402,24.999989,0.0020266348,0.000875085,1850.0001,375.00027,-6.713834e-05,-0.0035704381,0
4.999244,374.99905,76.000015,0.64376473,0.09472696,0.30764782,-1.4603423,0.12437134,0.9996703,1.0002693,1.0000887,7.9995747,25.000265,0.0036430792,0.00058469403,1875.0001,379.99988,0.00019453581,-0.004602851,0
5.0001144,174.9999,36.00015,0.00019813533,-7.987044e-06,0.0001608027,-1.4792932,-0.018110266,1.0001217,1.000365,0.99990547,3.0003142,8.9995985,0.0010311009,0.00045944852,875.0,180.00012,-0.00011240733,-0.0021595543,0
5.0002084,221.00021,45.000385,0.32143307,0.16457854,0.4064378,-0.93326575,0.83357304,0.99962425,1.0000993,1.0004001,3.9995432,8.999682,0.009471341,0.0013675527,1110.9998,224.99997,0.0018991991,-0.002682945,0
1.0002615,437.00003,438.00055,0.014016773,0.00066152186,0.031057822,1.7244054,1.8302133,3.0002892,2.0006897,0.9989796,1.9987823,9.001353,-0.0030631595,-0.0006955141,436.99927,438.0001,-0.0008208641,0.008656707,1
0.99985707,557.99976,558.99976,0.00026657042,-5.8548547e-05,7.95014e-05,-1.3949916,-0.06060983,2.9995298,3.0000973,1.9996873,4.0001044,23.000166,-0.0044144,-0.0012783556,654.00024,559.00085,-0.0016306652,0.009114001,1
4.9999976,95.00024,12.000073,-0.00010063609,0.000108765846,0.0001789661,-1.2548028,0.44694415,0.9999868,1.0002087,0.9997734,0.99995875,0.99997383,0.0005533378,0.00048277565,2274.9998,60.00008,-1.4654001e-06,-0.0016419806,1
1.000082,181.00032,182.00021,0.00034490845,-0.0006107796,-0.00017924102,-1.4975373,0.011934204,1.000627,1.0001523,0.9997807,42.000175,58.00066,0.0018599968,0.00081278937,242.99995,181.99988,-0.00042698233,-0.0031732025,0
5.0000987,160.00026,32.99995,0.12329797,0.017580518,0.13315038,-1.2788589,0.5683762,1.0001516,1.000102,1.0000423,2.0002131,5.000427,0.0018505597,0.000798489,799.99994,164.99997,-7.6354554e-05,-0.0011507116,0
4.999913,224.99982,45.999977,0.00013073004,-2.7018723e-05,0.00018646588,-1.50777,0.022525927,0.9999742,1.0000144,0.9998526,7.0000687,14.999988,0.0012129851,0.00037200522,1125.0001,230.00005,-0.0001731548,-0.0021488215,0
1.0006276,520.9996,522.00104,-0.0003806909,0.0001541235,0.0005222459,-1.3812883,0.07293838,1.9998823,2.0000799,0.9988968,2.00041,3.9999726,-0.0042461,-0.0016225661,521.00195,522.00134,-0.0005945474,0.007287774,1
4.999957,185.00009,38.000008,0.17810792,0.043177746,0.20764504,-1.1578234,0.6670025,2.0000484,0.9999867,1.0000085,1.9998723,2.0000145,0.00447355,0.009803343,925.0,190.0,0.00010996587,0.002121947,1
5.000214,234.99973,48.00002,0.00011021848,-7.144008e-05,0.00011330701,-1.2209136,-0.178566,0.9999982,1.0002549,1.0000463,4.999968,15.999877,0.001116028,0.00047860094,1175.0001,240.00009,0.00033268036,-0.0023334695,0
5.000443,639.99976,129.00006,8.6691485e-05,-4.5420275e-05,0.00015380935,-1.0390497,-0.33175898,0.99985814,1.0000287,0.999657,36.999626,42.999836,0.00093657145,0.00048058314,3199.9998,644.9997,0.0005698768,-0.0026612044,0
1.0001886,460.00037,462.0004,0.00059434614,0.00023345248,0.0006050725,-0.87982476,-0.6118212,0.99991643,1.0000367,0.9986664,133.0007,142.9998,0.005912202,-0.0003564918,615.9995,462.0013,0.0011227151,-0.011637254,0
5.000042,224.99986,46.000202,0.3617946,0.15692444,0.39558515,-1.0136901,0.7435434,0.99969417,0.99951375,0.99954695,1.9998459,4.000555,0.007643733,0.0014738755,1125.0002,229.99991,0.0007260698,-0.0030729675,0
1.0000693,192.99992,195.00012,-0.00018169574,-0.00019404615,-3.784082e-05,-1.2966528,-0.06999932,1.999959,0.9997597,0.99993277,1.0000482,2.0000112,-0.0008853557,-0.00031488016,256.99985,195.00008,6.3719444e-06,0.001965556,1
0.9999369,178.99947,180.00026,0.0006685842,0.000196117,0.00047265034,-1.4248867,-0.020008482,1.0008655,1.000488,1.0002215,51.000095,57.000034,0.0018277289,0.0012732632,239.00034,179.99962,0.00059128774,-0.0036226122,0
1.0000074,313.00024,279.99976,0.24666631,0.12489918,0.35370934,-0.53924745,1.0515578,1.0000356,1.0001038,1.0000575,20.000223,26.999878,0.0014572934,0.00042933383,420.99997,280.00015,0.0009404369,-0.001918956,0
1.0004781,237.99918,238.99973,-0.00022843159,1.914978e-05,0.00012322587,-1.4766043,-0.044535685,0.99959356,0.9995227,1.0000377,66.00013,75.999954,0.002967203,0.00061143364,237.99953,238.99939,0.00037621206,-0.0051244223,0
5.000148,308.00015,62.000095,5.611407e-05,0.00039525298,0.00040523658,-1.3286817,-0.10256902,1.000491,0.9998527,0.99993634,17.999481,21.000008,0.0011035013,0.0006443481,1558.0,309.99963,0.0005649832,-0.002622328,0
5.000149,274.99988,56.00012,3.213966e-06,0.00038192634,-2.1190996e-05,-1.4816854,0.00820668,1.0000843,1.0002002,1.0000955,8.000099,17.000029,0.0008973062,0.0005709494,1375.0001,280.0001,-0.00043702344,-0.0021061306,0
1.0000601,221.00034,222.00006,0.29754645,0.10766096,0.32863414,-1.2732987,0.6158765,1.0006295,1.0001366,1.0001285,20.000084,29.000212,0.0016339009,0.0010608637,221.00005,222.00018,-0.00035629212,-0.002811733,0
1.0006944,617.9998,618.9998,0.0002730654,0.0005190572,0.00036464576,-1.1404452,-0.44146413,3.9999378,1.9999971,1.9996896,19.00052,40.000237,-0.0024843866,-0.00077887083,618.0002,619.00055,-0.00030632963,0.004459598,1
5.0001793,345.00006,69.9999,0.11120292,0.025657287,0.159823,-0.62774926,1.0276889,1.9997251,0.99990237,1.0000991,2.9999037,2.9999392,0.0013240275,0.004531505,1725.0,350.0001,-0.00012500958,0.0017266499,1
5.000041,390.00073,78.99967,0.60728633,0.13701355,0.37032956,-1.4256699,0.2259251,2.00015,0.99979025,0.9997135,8.999961,12.000858,0.0042201574,0.001901158,1950.0001,395.00018,-0.0003890546,-0.0047229165,0
1.0000085,207.99994,208.99998,-4.717632e-05,-8.3328916e-05,-0.00030069085,-1.3778578,-0.0590743,0.99986273,1.0002624,1.000105,69.000275,71.001205,0.0025350188,0.0009509152,274.00018,208.99995,0.001320369,-0.0051396405,0
5.000311,244.99983,49.99972,-5.920232e-05,0.00013011195,-0.00018927608,-1.411206,0.0026192733,1.0000294,1.0002424,0.9999047,17.000214,19.000103,0.001443949,0.0006526008,1224.9998,249.99988,0.0004431676,-0.002710298,0
5.000557,619.99994,125.00037,0.39001054,0.18992975,0.43495354,-1.2079107,0.61907417,1.0002842,0.9994352,0.99980885,9.000136,24.0004,0.0034328636,0.0015487528,3100.0002,625.0003,0.0011779632,-0.0050007124,0
1.000126,182.99982,185.00049,0.00016248568,-0.00032054333,0.0003386974,-1.4978652,0.013838648,0.99996483,1.0007534,1.0001658,56.00035,59.99977,0.0017847981,0.00061189494,245.00017,184.99977,0.00093479705,-0.0041167447,0
1.0010879,442.00003,444.00012,-0.0007594418,-0.00041978495,0.0015696782,-1.4413792,0.033971168,0.9992482,1.0000072,1.001028,115.00012,126.99921,0.004560012,0.0026794237,618.001,443.99957,-0.0022750793,-0.009006466,0
5.0006757,295.00064,60.000626,0.3733469,0.14793237,0.38389564,-1.3972894,0.45417583,0.9997239,1.0004783,0.99958426,2.9997344,12.000179,0.006427511,0.002787031,1500.9984,300.00034,2.2063901e-05,-0.0035088586,0
4.999915,789.99994,158.99995,0.28815398,0.13921544,0.37327105,-0.8710306,0.8777532,0.9998621,1.0000042,0.99993247,9.000094,20.000011,0.0014571346,0.00032331134,3950.0002,795.0,0.00032387,-0.0015553857,0
4.9999714,80.00013,17.00013,0.00015863228,-0.00027406882,0.00036105613,-1.4888678,-0.08333795,0.9998703,1.0001308,0.00045012706,1.9996805,6.000067,0.0017026691,0.0007217866,400.0001,84.99985,0.00044924332,-0.0026562042,0
5.0000215,230.00014,46.999836,0.00014025316,-0.00027996243,-7.439157e-05,-1.3124015,-0.07385817,1.0000627,1.0001636,1.000198,4.000008,12.999972,0.001091166,0.00040386102,1150.0002,235.00008,0.00034789028,-0.0019145712,0
0.9997552,178.00009,180.00063,-8.0478654e-05,-1.3096647e-05,-4.308429e-05,-1.4953529,-0.0037182816,0.99993056,1.0001733,1.0000194,48.0004,55.99985,0.0020789893,0.0010537404,247.99974,180.00018,-8.364019e-05,-0.0033486756,0
4.9997606,234.9997,48.000923,0.39626718,0.26457068,0.5160239,-0.6151161,0.94553816,1.0004861,0.99981135,0.99984515,0.99954027,2.999779,0.012822309,0.002633875,1175.0005,239.99982,0.0011286784,-0.0040786136,0
5.000048,265.00024,54.000084,0.22050878,0.05945938,0.2437017,-1.3689152,0.5371844,1.0000823,1.0003567,1.000286,1.0001255,4.0000834,0.0025062393,0.000912283,1325.0,270.0001,0.00046992293,-0.0013872796,0
4.999901,59.999886,13.000441,0.80812144,0.014807851,0.12126324,-1.317381,0.17144477,1.0000674,0.9998689,1.0001371,1.0003241,-0.00034792308,0.0051969225,0.0017947776,300.00027,64.99999,0.0004654558,-0.0008919916,0
4.999547,225.00002,46.000164,0.32483715,0.16736898,0.40930924,-0.9413706,0.8203671,1.0002573,1.0006549,0.99992317,2.0008445,9.000254,0.008927639,0.0018034485,1125.0012,229.99971,0.00041187744,-0.003116316,0
1.000068,330.99997,313.99982,0.23030855,0.038413707,0.1956172,-1.5892667,0.10521226,3.0002956,1.0001546,1.000323,45.999886,51.00037,0.0017978983,0.0010446141,444.99957,313.99994,-0.0001772585,-0.0032248243,0
4.9999156,274.99985,55.999886,0.19597207,0.056764666,0.23896495,-1.1038041,0.7470127,1.000295,0.99993706,0.9999014,2.0000243,8.000115,0.0027111676,0.0009688182,1374.9998,280.00003,0.000610799,-0.0010619716,0
1.0000374,203.00003,185.99998,0.04487355,0.003305853,0.056677993,-0.97716475,0.7820292,2.0000043,0.9999848,1.0000594,17.000002,27.000023,-0.00014873507,-4.4184322e-05,259.00003,186.00002,-3.177395e-05,0.00041310166,1
5.000174,170.00005,35.000095,0.049311984,0.00612126,0.076518916,-0.13830389,1.2053124,2.0000362,0.999919,1.0003039,2.0002964,2.0001667,0.0016908883,0.008277594,849.9998,175.00012,0.0008093152,0.0025763551,1
5.0001917,419.99985,84.999596,0.6230305,0.09245304,0.30486965,-1.4307978,0.17250228,1.0014361,0.9996876,0.9998186,16.99951,24.999643,0.0035739692,0.0011131202,2100.0002,425.00034,0.001241754,-0.0042518866,0
1.0000217,282.99994,252.00006,0.23467635,0.10391025,0.3228627,-0.67105776,0.9874603,3.0000472,0.99979067,0.99982184,16.000008,28.000006,0.0012536322,0.00072808785,376.99985,251.99994,0.00080914894,-0.0018370311,0
4.9999433,45.00003,9.999891,0.8682637,0.018371277,0.13578169,-1.3599484,0.03371536,0.9999689,1.0000452,1.0001116,0.999977,0.00028248568,0.0076161562,0.0029468695,224.99992,50.00002,0.00054809527,0.0004183806,0
1.0001466,271.00018,261.9999,0.23899695,0.11594743,0.3410286,-0.5556429,1.0466201,1.0002605,1.0001881,1.0000614,19.000006,30.00025,0.0013189709,0.00062564237,303.00012,261.99982,0.0010259544,-0.0020479609,0
0.99998397,287.99988,257.9998,0.2552472,0.121841416,0.3492726,-0.7006767,0.9704319,1.0002503,1.0001284,1.0000263,13.000098,25.000322,0.0014371374,0.00046227293,388.00012,258.00015,-7.106228e-05,-0.0017691462,0
1.0000186,205.99968,207.00002,0.00058417814,-0.00014543148,0.00032603112,-1.4961122,0.009854976,0.99993706,1.000758,0.99921113,58.000492,69.00091,0.0025556658,0.0012323667,287.9996,207.00047,-0.0011909537,-0.0046194373,0
4.999995,84.999985,17.999958,0.0002109896,-0.00021857525,0.00021329944,-1.4809759,-0.11279712,1.0001686,0.999988,2.0002677,0.9998742,1.9998431,0.0009810881,0.0003790029,425.00043,90.00001,0.00043018183,-0.0020328497,0
4.9997888,302.00006,61.000076,0.2332438,0.07558685,0.2753994,-1.2038975,0.66776204,1.0003437,1.00022,0.9996546,1.0000376,6.0000906,0.0029624498,0.00087503064,1528.0002,304.9996,0.00088896306,-0.0013703515,0
5.000015,174.99982,36.00009,0.00034818225,-0.00018458405,4.2885673e-05,-1.1345521,-0.2842511,1.0001189,1.0002942,1.0000455,4.000056,11.000048,0.0012423255,0.00085237523,874.99976,179.99997,0.00015386814,-0.0024204555,0
0.99978507,176.99983,178.00053,0.00025992878,0.000114701244,-0.00023517977,-0.36447358,0.00557946,0.9999617,1.0001298,1.0000471,1.0001205,1.0002555,-0.0010688836,-0.00048722318,220.99991,177.99997,-0.0003553713,0.0020835625,1
1.0001696,421.00113,417.0005,0.02033046,0.00033375443,0.021423833,-1.3937007,0.44702688,8.999902,1.000696,2.0000648,71.00063,79.99979,0.0029430243,0.0010900451,431.00076,417.00024,0.0006184817,-0.004313953,0
4.9997873,100.00024,21.000185,0.000115815186,3.920204e-06,0.00032362435,-1.138399,-0.34565926,0.99996144,1.0002836,0.999824,1.0000781,4.0002265,0.0011792236,0.00051150983,500.0,105.0001,-0.00031831505,-0.0026880417,0
4.9999566,355.00018,71.99994,0.25164816,0.060158912,0.24482433,-0.46401203,0.84253013,2.0002284,2.000029,0.99992716,3.000009,3.9999964,0.000727099,1.9056279e-05,1775.0002,360.00018,8.787167e-05,0.0022317632,1
5.0002637,99.9999,21.000126,7.25674e-05,-0.00016757079,7.7655764e-05,-0.86500734,-0.5295624,1.0002128,1.0000303,0.9999907,0.99991846,5.000146,0.0012254836,0.00049621874,500.00018,105.000374,0.0001953042,-0.0028468138,0
1.0006627,200.00046,202.00008,-0.00031485638,7.1445116e-05,-0.0003345458,-1.478242,-0.028200611,0.9998595,0.999884,1.000296,56.000137,66.99961,0.0027281812,0.0011220725,277.99982,202.00015,0.00016326932,-0.004056374,0
4.9999423,140.00029,29.00016,-0.0002583584,3.391734e-05,0.0001401204,-1.5040361,0.014085748,1.0000722,0.9999837,1.0001225,3.0000315,6.9999385,0.0009522549,0.00054065156,699.99994,145.00034,0.0004814209,-0.0021692438,0
4.9998374,254.99995,51.99994,0.23556803,0.026393635,0.1630242,-1.4253168,-0.42983523,1.9998114,1.0001705,1.000058,3.9998627,5.999881,0.0025745814,0.0020647063,1275.0002,260.00037,0.00022803032,-0.001669948,1
4.9998693,220.00017,44.9998,0.00015268534,0.00046581007,0.0002873092,-1.4880947,-0.109570995,0.9997942,0.9999485,1.0002472,4.00036,16.99992,0.001197746,0.0006107734,1100.0,225.00015,-0.00021764313,-0.002385834,0
1.0000318,195.9999,197.00003,5.3399748e-05,0.00011019569,7.646631e-05,-1.2207733,-0.06122025,1.0001674,0.99989176,1.000019,12.999989,10.000031,-0.00053035707,-0.00019487792,244.0001,197.00014,-0.00013116495,0.0011110948,1
1.0003437,175.00032,176.00023,0.00039243104,9.436587e-05,0.00036086875,-1.4672972,-0.008354788,1.0000112,0.99971795,0.99959815,53.99948,58.99981,0.0021602684,0.0007672558,234.99979,176.00006,-0.00084895996,-0.003958753,0
1.0002636,463.99976,439.99985,0.27635795,0.08653959,0.2936345,-1.3325348,0.5723013,1.0002159,0.9998755,0.99992186,28.000156,76.00012,0.0021659643,0.000853785,575.99994,440.0001,0.00020177517,-0.003760264,0
0.99990094,407.0001,379.00003,0.22682497,0.07582241,0.2754652,-1.0328836,0.7927915,2.0000687,0.99999744,0.99999976,15.000004,40.000004,0.0005648052,0.00035767772,563.0001,378.99994,0.0002329506,-0.0008955682,0
0.9997189,439.9999,442.0002,-1.6486834e-05,0.00013829523,0.0010780778,-1.1157881,-0.3640205,1.0009099,1.0004395,0.99976575,137.00105,151.99962,0.004768914,0.0025263638,615.99896,441.99988,0.003105593,-0.012338989,0
5.0001783,194.99953,40.00069,0.2781452,0.104593515,0.32511958,-1.1071461,0.7372569,1.0000136,1.0000205,1.0005866,0.9995912,1.9997715,0.006463106,0.0017702725,975.00037,200.0,-0.00024302561,-0.0012501827,0
5.000574,214.99962,44.000916,0.27482048,0.116657175,0.34043437,-0.97970635,0.8036178,0.999565,1.0003067,0.9999164,2.0000534,6.0000186,0.0062587443,0.0014541179,1074.9998,220.00061,0.00021394611,-0.002169147,0
0.99993545,495.0015,495.99857,-4.5054137e-05,0.0014460488,0.0011010731,-1.3960861,0.17470516,2.999409,3.0007632,1.9999493,2.0006855,4.9990096,-0.005352909,-0.0017950065,675.00073,495.99966,-0.0015910816,0.010072166,1
1.0001328,179.99997,181.00009,-7.469854e-05,-0.00010495355,-5.49078e-05,-1.4226989,-0.07719526,1.0001668,1.0000877,1.0000823,31.00011,34.00001,0.0007089658,0.0001634285,180.00002,180.99995,4.527014e-05,-0.001448568,0
0.99984276,224.99936,226.00024,0.0008550344,1.9134746e-05,0.00051811925,-1.2414545,-0.010919314,2.0007641,2.0004132,0.9995574,8.000183,15.000998,-0.0021093532,-0.0010628881,292.99966,226.0002,-0.00048450925,0.003858528,1
4.9999657,100.00002,21.000418,-2.858479e-05,-0.0003138955,0.00027114258,-1.4901936,-0.025517523,0.9999269,1.0000803,2.0001698,1.0000162,1.99986,0.00075553247,0.0006369884,500.00015,104.99993,0.00036102624,-0.0017767752,0
5.000765,424.99966,85.999756,0.48317635,0.17518942,0.41968077,-1.527588,0.19457261,1.0014913,1.0011016,0.9993328,5.0009527,21.001465,0.0049749548,0.0016342705,2125.0012,429.9998,0.0018963034,-0.0055080676,0
5.000162,220.00014,45.000034,0.25483543,0.06529726,0.25488493,-1.4646869,0.3759661,1.0001448,0.9999876,0.99984574,0.999877,3.0002027,0.0038391447,0.0010260285,1100.0001,225.00005,0.0008826717,-0.0015132914,0
4.999769,234.99998,48.00009,0.00018358242,3.9915692e-05,-1.4229026e-05,-1.0619404,-0.3307288,1.0002398,1.0003899,0.99978375,10.999861,15.000161,0.0014686943,0.0004393778,1175.0002,239.9997,-0.00012957027,-0.0026133573,0
0.9999998,293.00024,294.00055,-0.00046444597,-0.00058515195,0.0005777518,-1.5093133,0.06844661,1.0000303,1.0008299,1.0000851,90.99991,99.99978,0.0034679961,0.0011727188,410.9996,294.00052,0.00024133422,-0.0071514864,0
0.99983656,456.0,457.00027,-0.00050129776,-0.00033709966,-0.00044376552,-0.609441,0.17545106,2.0006578,2.000102,2.0000148,1.0010742,1.9993538,-0.0040453877,-0.0011003033,597.9996,457.00064,-0.00055336027,0.007376959,1
0.999586,372.00095,363.00104,0.0032395753,-0.0011555605,0.0051442226,-1.3083962,0.48601708,46.999744,1.001581,1.0006875,59.0006,68.999695,0.005307893,0.0050722943,481.9994,363.00058,0.0008630434,-0.0112996735,0
4.999834,239.99994,49.000095,-0.0001274465,-0.00011957723,0.0002511182,-1.4937494,-0.01409339,1.0000511,0.9999438,1.0004208,7.999674,15.000138,0.0011062975,0.00036780207,1200.0001,245.0001,8.33776e-06,-0.002203798,0
1.000641,275.99997,277.99924,0.0006388993,-0.00045265062,0.00048624811,-0.72206575,-0.6257147,1.0003561,0.9996438,1.0002228,72.99951,88.00075,0.003734998,0.0022950224,356.00006,278.00092,-6.1014987e-05,-0.0059526986,0
0.9999737,187.00018,188.00049,1.0629174e-05,-0.00016815144,0.00035239197,-1.5024402,0.06154274,0.99997616,1.0001252,0.9998841,51.00034,59.999996,0.001929825,0.0008563471,187.0003,188.00046,0.00052449654,-0.0036415595,0
4.999544,890.0,179.00006,-8.2204286e-05,-0.00022568178,0.00014029346,-1.282051,-0.179986,1.000022,1.00009,1.000294,51.999744,60.000023,0.0011237279,0.00033369512,4450.0,895.0,0.0002134597,-0.0022446197,0
4.9997816,239.99992,48.99994,3.3324664e-05,0.0001567086,3.9386097e-05,-1.4939039,-0.014337166,1.0002909,0.9998959,1.0000594,7.9998183,14.999904,0.0011657206,0.0005031688,1200.0004,244.99973,0.00030992288,-0.0021352463,0
4.9999223,205.00018,41.99994,9.406879e-05,-7.647873e-05,0.00018300152,-1.4927462,-0.01919789,1.0001045,1.0003856,1.0001458,3.0002763,14.0001545,0.001163943,0.0006131446,1025.0001,209.99997,-0.00031460292,-0.0021622458,0
1.0000645,572.00055,573.0,0.0005997874,0.00019698935,-9.849622e-05,-1.2429508,0.07056654,2.0007117,1.9998333,2.0003986,1.9997653,1.999858,-0.0036949737,-0.0012559675,782.0004,572.9999,-0.0006507218,0.008651066,1
4.9999447,329.9999,67.00014,0.18900578,0.028195523,0.16783133,-1.481902,0.1096639,2.0000942,1.0000676,1.0000193,3.0000155,5.0001016,0.001486207,0.0012569199,1649.9999,334.99994,0.00021723838,-0.0008255614,1
4.999954,99.99619,21.000456,0.31823456,0.17676717,0.40532875,-1.1364653,0.7943321,1.9974954,0.9964203,0.9972479,2.0077395,1.9985179,0.047016587,0.2212516,500.0046,105.00474,-0.007143365,0.07595659,1
4.999813,80.00007,16.99986,-1.3421868e-05,-0.0003390273,0.00010112993,-1.1325057,-0.35865808,0.99989593,1.0000974,2.0000484,0.9999,2.0000086,0.0010802452,0.00017905228,400.0,85.000114,0.0003140458,-0.0023301302,0
5.000275,201.00037,41.000206,-2.9945804e-05,-8.950518e-05,2.0783364e-05,-1.4791439,-0.065176904,1.0000118,1.0001,1.0000508,5.00004,12.999964,0.0012978616,0.00070614065,1014.99976,204.99992,0.0004646966,-0.002111065,0
5.0001173,224.9998,46.000244,2.8923398e-05,0.00015424991,-0.0001713973,-1.4011348,-0.03538941,1.0000292,0.99997073,0.99990857,0.99999225,14.000029,0.00094332715,0.0003654474,1124.9999,230.00012,0.00033399437,-0.001955248,0
4.999991,100.000244,20.999836,-0.0001859143,-5.6266476e-06,0.00038271595,-1.3959963,-0.085279614,1.0003293,1.0000042,1.9999737,1.9999757,7.000183,0.0011247258,0.00036806866,500.00003,105.00006,-0.00024806286,-0.0022909446,0
1.0000067,125.99997,127.00001,0.11804779,0.00717878,0.08482906,-1.3823406,0.37613535,0.99999046,1.0000514,1.0000006,19.000021,22.999987,0.00019273974,0.0002333522,126.00002,126.99997,7.0886505e-05,-0.00024145174,1
0.9999992,191.0,193.00002,1.2184725e-05,7.455335e-06,1.2041612e-05,-1.0864699,-0.08021248,1.0000112,0.9999947,0.9999996,20.000013,23.00001,4.6512047e-05,2.1807631e-05,229.0,193.0,2.1405094e-05,-9.802532e-05,1
5.000009,94.99993,20.000011,0.09813852,0.013234716,0.114185415,-1.1418254,0.69246936,1.0001042,1.0000756,0.99999565,0.999823,3.0000923,0.0026837564,0.0008116506,475.0001,100.00025,-0.00017742293,-0.00073788327,0
1.0002253,171.99968,172.99986,5.6861718e-05,0.00034133726,0.0005116364,-1.4813248,-0.017429175,1.0005205,1.0005559,1.000347,53.000248,60.00027,0.0022399493,0.00042310383,224.0002,172.99986,0.00034327494,-0.0038654371,0
1.0002607,180.00023,181.00043,0.00021280319,-0.00020638843,0.00020458517,-1.4971243,-0.02920272,0.9998499,1.0002754,1.0002007,49.00036,57.999958,0.0019979626,0.0004953008,241.99995,181.00014,0.00061233423,-0.003530564,0
5.000678,509.99966,102.999504,0.36808115,0.144485,0.3812028,-1.3634855,0.46962023,1.0003626,1.0002499,1.000254,10.000574,26.999224,0.004861243,0.0016781582,2549.9998,515.00006,0.0018168305,-0.003760228,0
1.0000061,124.00006,104.99994,0.007482099,0.00018259646,0.013746446,-0.046500508,1.3537722,4.9999046,0.99990875,1.0001645,6.000189,9.000095,-0.00069968577,-0.00027563833,170.00006,105.000084,-1.9763762e-05,0.001406495,1
5.0000014,90.00037,19.000092,-0.00011676736,-5.611304e-05,0.0002362292,-1.4298439,0.071499504,1.0002215,1.0000849,2.0000465,2.9998665,5.000007,0.0010123247,0.00039006412,450.0,94.999855,0.00034091884,-0.0020315805,0
0.99982756,213.00002,195.00073,0.36434588,0.17585954,0.41931403,-1.198322,0.65234524,0.99969447,0.99952984,1.0002644,14.999491,22.000536,0.0036319923,0.00064272346,290.99982,195.00021,0.0011530197,-0.0038431527,0
4.9999995,200.00003,41.00015,0.110584624,0.019809663,0.14053644,-1.2219149,0.7123145,1.0000314,1.0000229,1.0000238,2.0001295,3.999986,0.001638608,0.0016062555,1000.00006,204.99995,0.0002124702,-0.00038291118,0
5.0001354,224.99979,46.00056,0.32505378,0.16693246,0.4091397,-0.9426012,0.8197331,0.99970126,1.0002954,0.99959195,2.0002332,9.000323,0.00821537,0.0024453914,1125.0002,229.99945,0.0017086315,-0.0030401303,0
0.9988934,459.99927,460.99945,0.0012935926,0.00059619406,-0.0012622556,-0.6324549,-0.79482543,3.0001569,3.0004158,2.0004325,2.0004308,7.0010543,-0.0043517747,-0.0012184931,633.99976,460.99976,-0.0005037958,0.009223313,1
0.9996393,263.00037,264.00018,-0.00052983133,-0.00030548015,0.00035891787,-1.4372301,-0.03255643,1.0000563,1.0000904,0.9991593,68.00047,86.00035,0.0026546123,0.0012151861,263.0005,264.00082,0.0017240983,-0.0056177247,0
5.0000677,265.0001,53.99999,3.5521887e-05,-0.00013120969,-1.4512512e-05,-1.4068992,-0.09013475,0.9999564,1.0002124,1.0000165,5.999793,19.000086,0.0009778291,0.0004155706,1325.0,269.99982,0.00055243715,-0.0022678543,0
5.0000167,261.0001,53.000305,0.22157708,0.05293245,0.22998627,-1.3591118,0.58918315,0.9999919,1.0000477,1.0002017,1.0003877,7.0003114,0.0023635116,0.00045220787,1310.9999,265.00027,0.00012495693,-0.0015721024,0
0.9999928,183.00067,184.99988,0.000775695,0.0008035468,0.0005042189,-1.3150206,0.079135895,2.999906,1.9996713,1.9995588,2.000162,14.999755,-0.0018990025,-8.735915e-05,249.00018,185.00035,-0.0008635074,0.004189266,1
0.9999901,147.00041,147.00003,0.03845724,0.0010575127,0.033541735,-1.6680657,0.124130115,9.999737,0.9999478,0.999972,26.999647,36.000034,0.0013986041,0.0006767459,148.99965,146.9999,0.00038899662,-0.0031556427,1
0.9993754,369.9999,372.00015,0.00033727544,0.00027583324,-0.00060449383,-1.3624498,-0.09272834,1.9995933,2.0006287,2.0001059,2.9998477,12.000079,-0.0030060017,-0.0008677255,468.00012,371.99918,-0.001226261,0.0056393566,1
0.99998593,400.0001,400.99988,0.27798563,0.08601505,0.2934019,-0.1502527,1.0707422,2.9998753,2.0003734,2.0000646,55.00001,80.99985,0.0013155157,0.0006212868,401.99963,401.00006,0.0007094263,-0.0021422529,1
4.999962,185.00015,38.000122,8.197667e-05,8.915417e-05,1.6863222e-06,-1.3476605,-0.1134996,1.0004307,0.9996547,1.0000225,6.0000386,11.999887,0.0008979249,0.00033760077,925.00006,189.9999,0.00026295256,-0.002489494,0
5.000184,209.9997,43.000336,4.8589565e-05,2.0987589e-05,-8.167213e-05,-1.1725092,-0.36136046,0.99995565,0.9999873,0.99975234,10.000239,13.999975,0.001512796,0.00077175454,1049.9999,214.99995,-0.00029352354,-0.0026371537,0
0.9998509,176.0001,159.99998,0.20997281,0.04823806,0.21936801,-1.3829135,0.5030736,0.9998088,1.0000688,1.0001658,16.999971,27.000122,0.0009033837,0.00043770572,245.99995,159.99992,0.0005167557,-0.0010486596,0
5.0000763,80.000275,16.999971,1.026689e-06,-0.0003106883,-9.610328e-05,-1.4074037,-0.089356,1.0000417,0.999902,1.9999596,0.9998863,-0.0003713072,0.001195693,0.00060494407,400.0001,85.000275,-0.00017476903,-0.0017474622,0
4.9995737,210.00063,42.99983,0.30837756,0.10522577,0.32476258,-0.8121327,0.86321265,1.0002489,1.0005882,1.0003778,1.0003064,5.0000896,0.006173516,0.00070184923,1050.0004,215.00082,0.0004283673,-0.0016573915,0
5.0000176,70.00037,15.000114,-3.933301e-05,-7.045034e-05,0.00021177338,-1.4430503,-0.13355745,0.9999551,0.999834,2.000217,1.0001574,-9.31545e-05,0.0010517422,0.00016793574,349.99997,75.00005,0.00045458417,-0.0019996508,0
5.000172,360.00015,73.00012,0.25596133,0.118989006,0.3457771,-0.7549069,0.9434527,1.0001564,1.000002,1.0005244,2.000885,11.999997,0.0032970828,0.00089905364,1800.0,364.99988,0.0012835307,-0.0025527433,0
5.000288,109.99998,23.00012,2.012737e-05,2.2538714e-05,4.2784828e-05,-1.5246954,0.015933074,1.0000412,1.0001804,1.9998505,1.0001708,7.0002112,0.00079346163,0.00053674553,550.00024,115.00006,0.00020343401,-0.0021001804,0
0.999956,161.00067,163.00027,-9.755025e-06,-5.7387235e-05,-0.00016697103,-1.4272428,-0.0599807,1.0001256,1.000067,1.0001353,49.000507,55.000206,0.0014891023,0.00052748143,219.0,163.00021,0.00047026394,-0.0038777597,0
1.001082,311.99994,313.00134,-0.00060243864,-0.00052629254,0.0003740095,-1.3548,-0.085492246,1.0000886,0.99975103,0.9995044,98.0022,105.0,0.0032659622,0.0022362713,408.00092,313.00055,0.0015759582,-0.007934649,0
5.000075,200.00021,40.99978,0.25540066,0.11859641,0.3442372,-0.9036273,0.8770832,0.99996716,1.0002939,1.0001645,0.99980754,3.0004091,0.0077056494,0.002023933,999.9999,204.99966,0.0010413341,-0.0006756857,0
5.0002275,95.00014,20.000084,-4.8926304e-05,9.8440185e-05,5.4748357e-06,-0.9664611,-0.5793659,0.9999481,0.999969,-0.00010684989,1.0001278,3.0004015,0.0011491267,0.0007026234,474.99997,99.99994,0.00024222457,-0.003182625,0
5.00019,195.00027,40.000145,0.27826843,0.105170324,0.32457116,-1.107264,0.7369626,1.000445,1.0000954,1.0003803,0.9997792,1.9997588,0.006504826,0.000681792,975.0001,200.00044,0.0012703348,-0.0013428881,0
5.0000086,104.99993,21.99984,-3.6289894e-05,0.00032216957,0.00020064242,-1.1528492,-0.23260126,1.0000744,1.0002391,1.0002171,0.9997829,2.9999607,0.001203197,0.00015554982,525.00006,109.99996,0.00026689874,-0.0024165316,0
1.0001463,627.99994,629.0002,-0.00090715685,0.0010594784,0.000252025,-0.9475456,-0.229549,1.9997431,2.0009625,2.0000958,0.9995928,2.0002122,-0.0034211627,-0.0016155437,656.0006,629.0015,-0.0011184821,0.0085232705,1
5.000178,75.0002,16.000135,-0.00016044249,-0.00012610239,0.00013792305,-1.5054278,0.07768296,0.9999829,1.0003057,2.000197,0.9999364,3.0002692,0.0009414965,0.00021320693,375.00024,80.00011,0.00021772596,-0.0020156056,0
4.999865,220.00012,45.000103,-0.00020506953,-0.00026024674,0.00055976433,-1.2247195,-0.24443081,1.0003706,0.99982744,1.0000367,8.000148,14.000271,0.0010784771,0.00024258405,1100.0,225.0,0.0004297663,-0.0025705989,0
4.9999166,239.99973,49.000225,-0.000120559474,-0.00012428641,0.00031406773,-1.5087202,0.029074285,1.0001124,1.0000937,1.0000161,4.9997025,16.999968,0.0012697837,0.000500767,1199.9999,245.0,-0.00026884043,-0.0020546983,0
5.000014,275.00027,55.999947,0.21152,0.053511944,0.231573,-1.2403041,0.6443548,1.0001441,1.0001805,1.0001643,1.999787,5.999921,0.002153056,0.0008610427,1375.0001,280.00006,0.00049503415,-0.001321209,0
0.9995962,315.99908,317.00046,1.8321365e-05,-0.00033608775,0.0006092764,-1.356181,-0.061610285,1.0008426,1.0004818,1.0003408,85.00057,99.99954,0.0029492045,0.0021019964,316.0004,316.99963,0.0011028536,-0.006828662,0
1.000094,167.00003,168.9998,0.00012570636,-0.00049147283,0.00035338438,-1.1880051,-0.23319557,0.99996394,0.99990684,1.0002375,37.000065,42.999973,0.0012845771,0.0006239573,232.99991,168.9999,-0.0002961517,-0.0024281605,0
4.9999847,380.0001,77.000305,-0.00012661368,9.248173e-05,0.00015813975,-1.4768063,-0.088724315,0.99986136,0.999949,0.9998159,18.999626,25.000164,0.0013122547,0.00025859,1931.9998,384.9998,0.00044968148,-0.002251343,0
5.000078,224.99998,45.999565,-7.4246636e-05,-0.00025263024,0.00020704656,-1.4605093,0.019129565,1.0000359,0.9999708,1.0000314,8.000059,15.000241,0.001303404,0.00039450373,1125.0001,229.99995,0.0006001005,-0.0020786158,0
5.000658,235.00053,48.000347,0.27996835,0.10702723,0.32738778,-1.2063661,0.6608187,1.000125,1.000655,0.9999792,2.9992354,6.0002017,0.005690845,0.0011763877,1174.9998,240.0003,0.0009483725,-0.0022754478,0
1.0000185,216.0001,216.9999,0.00028687078,5.3476975e-05,0.00013098422,-1.4891295,0.0021587668,2.0000467,0.9999939,0.9999339,26.0001,50.999996,0.00096168974,0.00051534123,253.99994,217.00006,-0.00026750896,-0.0022317388,1
5.000109,380.00034,77.00001,0.21094745,0.1147499,0.33885884,0.5807927,1.469489,1.0000284,1.0003957,1.0002886,1.9997725,11.99978,0.003927692,0.0006937518,1900.0001,384.99973,0.0006586451,-0.0012581939,0
5.0001,220.00012,45.00003,6.0325103e-05,0.00024957734,3.232369e-05,-1.4755822,-0.032472707,1.0003171,0.99968636,1.000179,6.0002003,14.0001,0.0015448497,0.00029681696,1100.0002,225.00044,-0.00037116767,-0.0021176802,0
5.000121,95.00004,20.000172,-0.000117245276,6.706888e-05,4.4358298e-05,-0.845475,-0.24027559,0.99994844,0.99983495,1.0000906,2.9998403,4.999869,0.0015358388,0.0004661605,475.0,100.0001,-5.5841952e-05,-0.002586754,0
5.000223,175.0052,36.001186,0.33115783,0.14944261,0.38909012,-0.8682174,0.8139901,2.003337,0.9994181,1.0024394,1.997165,2.9989717,0.031803038,0.09168848,874.9998,179.99928,-0.0018789581,0.035798945,1
4.999884,100.00009,21.00038,2.5364309e-06,-0.00030509214,-0.00018490726,-1.2794497,-0.06262636,1.0001441,0.9999396,2.000129,2.0001354,7.9998755,0.0012004321,0.0005607919,499.99966,105.00013,0.00049602916,-0.0022191077,0
0.99960333,226.00058,227.00061,0.00044611972,-0.00059286685,-3.8858485e-05,-1.48357,-0.02920837,1.0002548,0.99996835,1.0003216,68.00032,72.99978,0.0017732936,0.0016525261,259.99997,226.9994,0.00020093801,-0.0052688685,0
5.000579,620.0003,124.99973,0.40906218,0.17588267,0.41870704,-1.3941599,0.45768225,1.0003514,0.99977106,1.0003414,14.000402,22.999813,0.0028565351,0.0017158991,3100.0002,624.9998,0.0017632087,-0.004911526,0
1.0003715,181.00003,182.00005,0.00019426366,9.3034105e-06,-0.00011110285,-1.1398965,-0.27831504,1.0000638,1.0001457,0.9998152,41.00008,42.00031,0.0012619812,0.00027607143,181.00018,181.99974,0.00032242746,-0.002529982,0
5.000065,226.00032,46.000237,4.0141582e-05,1.1974311e-05,0.00015559018,-1.4777912,-0.037609298,1.0002027,0.9998458,1.0001361,6.9998145,15.000105,0.001094282,0.00061374594,1136.0,229.99986,-0.00032568685,-0.0022842218,0
1.0001339,263.0003,245.00021,0.29510126,0.118664116,0.3445467,-1.1107731,0.7267013,0.9996717,0.99999183,0.9999028,14.000044,35.000122,0.0017220441,0.0012221879,367.00003,244.99982,0.0007922545,-0.0027392912,0
5.0001497,100.000114,21.000063,0.00010546852,-0.00013283135,-2.3601378e-05,-1.3274505,-0.14656587,1.0001347,1.0000672,2.0001476,0.9996786,4.999874,0.0012092525,0.00050168193,500.0002,104.9999,0.0005639319,-0.0019564335,0
0.9997435,351.99887,352.99982,0.0058115376,0.0005984732,0.013095002,3.1367347,2.136191,5.000356,1.9989437,1.0002735,6.9994473,20.00033,-0.0032189633,-0.0005923352,352.0005,353.0007,2.5521156e-05,0.0066215387,1
