nominal_pred,guardian_pred,nominal_conf,guardian_conf,nominal_anom_prob,guardian_anom_prob,prob_diff_anomaly,detected,reason
0,0,0.9928938150405884,0.9814875721931458,0.007106170058250427,0.018512455746531487,0.01140628568828106,False,none
0,0,0.9815394878387451,0.9707366228103638,0.01846049539744854,0.02926335483789444,0.0108028594404459,False,none
0,0,0.9908438920974731,0.9867616891860962,0.009156105108559132,0.01323828473687172,0.004082179628312588,False,none
1,1,0.8208587169647217,0.663136899471283,0.8208587169647217,0.663136899471283,-0.15772181749343872,False,none
0,0,0.9935436248779297,0.9945843815803528,0.006456368137151003,0.00541561096906662,-0.001040757168084383,False,none
0,0,0.9653856754302979,0.9452332258224487,0.03461434319615364,0.05476679280400276,0.02015244960784912,False,none
0,0,0.7211054563522339,0.6927366256713867,0.2788945436477661,0.3072633445262909,0.02836880087852478,False,none
0,0,0.5257282257080078,0.6422410011291504,0.4742717742919922,0.3577589988708496,-0.11651277542114258,False,none
0,0,0.9878742098808289,0.9798387289047241,0.012125805020332336,0.020161252468824387,0.00803544744849205,False,none
0,0,0.9970921874046326,0.9824360013008118,0.0029077869839966297,0.017563993111252785,0.014656206592917442,False,none
1,1,0.77882981300354,0.834113359451294,0.77882981300354,0.834113359451294,0.055283546447753906,False,none
0,0,0.9936720728874207,0.980694591999054,0.006327900569885969,0.019305426627397537,0.01297752559185028,False,none
0,0,0.7240120768547058,0.6684054136276245,0.2759879529476166,0.3315945863723755,0.05560663342475891,False,none
0,0,0.9986924529075623,0.9947063326835632,0.0013075483730062842,0.005293687805533409,0.003986139316111803,False,none
0,0,0.8904840350151062,0.8653498291969299,0.1095159649848938,0.13465015590190887,0.025134190917015076,False,none
0,0,0.979326605796814,0.9756876230239868,0.02067338488996029,0.024312352761626244,0.0036389678716659546,False,none
0,0,0.9758822917938232,0.9674911499023438,0.024117691442370415,0.03250882774591446,0.008391136303544044,False,none
0,0,0.9623169302940369,0.951215922832489,0.03768305107951164,0.04878408834338188,0.01110103726387024,False,none
0,0,0.997283935546875,0.9682558178901672,0.002716075163334608,0.03174417093396187,0.029028095304965973,False,none
0,0,0.9226083159446716,0.9115875959396362,0.07739168405532837,0.08841239660978317,0.011020712554454803,False,none
0,0,0.977561354637146,0.964927077293396,0.022438624873757362,0.0350729301571846,0.012634305283427238,False,none
0,0,0.9843387007713318,0.941670298576355,0.01566132716834545,0.058329708874225616,0.042668379843235016,False,none
0,0,0.9976710677146912,0.9969137907028198,0.002328937640413642,0.0030861871782690287,0.0007572495378553867,False,none
1,1,0.6976768374443054,0.6515620350837708,0.6976768374443054,0.6515620350837708,-0.04611480236053467,False,none
1,1,0.9999340176582336,0.9996411800384521,0.9999340176582336,0.9996411800384521,-0.00029283761978149414,False,none
1,1,0.9892857074737549,0.8961470127105713,0.9892857074737549,0.8961470127105713,-0.0931386947631836,False,none
0,0,0.9755147099494934,0.973587691783905,0.02448529191315174,0.02641230821609497,0.0019270163029432297,False,none
0,0,0.996666669845581,0.9944020509719849,0.0033333334140479565,0.0055979350581765175,0.002264601644128561,False,none
1,1,0.9999570250511169,0.9996930956840515,0.9999570250511169,0.9996930956840515,-0.0002639293670654297,False,none
0,0,0.9333965182304382,0.9529308080673218,0.06660345196723938,0.04706921800971031,-0.019534233957529068,False,none
0,0,0.9889037013053894,0.9776289463043213,0.011096328496932983,0.022371040657162666,0.011274712160229683,False,none
1,1,0.9984074234962463,0.9950762391090393,0.9984074234962463,0.9950762391090393,-0.0033311843872070312,False,none
0,0,0.999301016330719,0.9874624609947205,0.0006989984540268779,0.012537522241473198,0.011838523671030998,False,none
0,0,0.9814596772193909,0.960690438747406,0.018540343269705772,0.039309557527303696,0.020769214257597923,False,none
0,0,0.9963065981864929,0.9641505479812622,0.0036934041418135166,0.035849470645189285,0.03215606510639191,False,none
0,0,0.9821581840515137,0.9775338172912598,0.01784183830022812,0.022466186434030533,0.004624348133802414,False,none
0,0,0.9941743016242981,0.9899758696556091,0.005825669039040804,0.010024101473391056,0.004198432434350252,False,none
0,0,0.99749755859375,0.9885990619659424,0.0025024551432579756,0.011400924995541573,0.008898469619452953,False,none
0,0,0.9908559918403625,0.9840237498283386,0.00914399791508913,0.01597624272108078,0.00683224480599165,False,none
0,0,0.8568520545959473,0.8339170813560486,0.14314796030521393,0.16608290374279022,0.022934943437576294,False,none
0,0,0.9959148168563843,0.9770230650901794,0.004085187800228596,0.022976946085691452,0.01889175921678543,False,none
0,0,0.997710108757019,0.990767240524292,0.0022898619063198566,0.009232759475708008,0.006942897569388151,False,none
0,0,0.9967217445373535,0.9743700623512268,0.0032782405614852905,0.025629911571741104,0.022351671010255814,False,none
0,0,0.8776578903198242,0.824626088142395,0.12234209477901459,0.1753738969564438,0.0530318021774292,False,none
0,0,0.9973498582839966,0.9948192238807678,0.002650159178301692,0.005180752370506525,0.002530593192204833,False,none
1,1,0.5708932876586914,0.6723340749740601,0.5708932876586914,0.6723340749740601,0.10144078731536865,False,none
0,0,0.9264285564422607,0.9338271021842957,0.07357142865657806,0.06617290526628494,-0.007398523390293121,False,none
0,0,0.9803600311279297,0.9539888501167297,0.01963997632265091,0.04601115360856056,0.026371177285909653,False,none
0,0,0.9697791337966919,0.9762372970581055,0.030220892280340195,0.023762688040733337,-0.006458204239606857,False,none
0,0,0.9986106753349304,0.9941818118095398,0.0013893055729568005,0.005818170495331287,0.004428864922374487,False,none
1,1,0.987712562084198,0.9624266028404236,0.987712562084198,0.9624266028404236,-0.025285959243774414,False,none
1,1,0.7067636847496033,0.6940853595733643,0.7067636847496033,0.6940853595733643,-0.012678325176239014,False,none
0,0,0.9391533732414246,0.8974113464355469,0.060846634209156036,0.10258864611387253,0.04174201190471649,False,none
0,0,0.9938622713088989,0.9890457987785339,0.006137707736343145,0.010954175144433975,0.00481646740809083,False,none
0,0,0.9032340049743652,0.8966919779777527,0.09676600992679596,0.10330800712108612,0.006541997194290161,False,none
0,0,0.9664310812950134,0.9670219421386719,0.03356889262795448,0.032978031784296036,-0.0005908608436584473,False,none
0,0,0.9408682584762573,0.8572313785552979,0.059131722897291183,0.14276860654354095,0.08363687992095947,False,none
1,1,0.5516456961631775,0.6562836766242981,0.5516456961631775,0.6562836766242981,0.1046379804611206,False,none
1,1,0.7976620197296143,0.8351360559463501,0.7976620197296143,0.8351360559463501,0.03747403621673584,False,none
1,1,0.7017775774002075,0.7820140719413757,0.7017775774002075,0.7820140719413757,0.08023649454116821,False,none
0,0,0.9571375846862793,0.9670626521110535,0.04286244139075279,0.032937366515398026,-0.009925074875354767,False,none
0,0,0.948542058467865,0.9143190383911133,0.05145793780684471,0.08568096905946732,0.034223031252622604,False,none
1,1,0.87130206823349,0.9140461087226868,0.87130206823349,0.9140461087226868,0.04274404048919678,False,none
0,0,0.9991743564605713,0.9915362000465393,0.0008256692090071738,0.008463785983622074,0.007638116832822561,False,none
1,1,0.9999570250511169,0.9996516108512878,0.9999570250511169,0.9996516108512878,-0.00030541419982910156,False,none
0,0,0.9371322393417358,0.8643512725830078,0.06286775320768356,0.1356487274169922,0.07278097420930862,False,none
0,0,0.8635841012001038,0.7389867305755615,0.13641588389873505,0.26101329922676086,0.12459741532802582,False,none
0,0,0.8194148540496826,0.7141312956809998,0.18058517575263977,0.28586870431900024,0.10528352856636047,False,none
0,0,0.999058187007904,0.9958220720291138,0.0009418255649507046,0.0041779144667088985,0.003236088901758194,False,none
0,0,0.9372672438621521,0.955657958984375,0.06273277848958969,0.04434206709265709,-0.018390711396932602,False,none
0,0,0.9884085059165955,0.9887268543243408,0.011591468937695026,0.011273115873336792,-0.0003183530643582344,False,none
0,0,0.8083392381668091,0.7025784850120544,0.19166073203086853,0.29742151498794556,0.10576078295707703,False,none
0,0,0.9994474053382874,0.9949216842651367,0.0005526040331460536,0.0050782980397343636,0.004525694064795971,False,none
0,0,0.9819862842559814,0.9673682451248169,0.018013739958405495,0.032631780952215195,0.0146180409938097,False,none
1,1,0.994648277759552,0.9902615547180176,0.994648277759552,0.9902615547180176,-0.004386723041534424,False,none
0,0,0.9167162775993347,0.8684147000312805,0.08328370004892349,0.13158529996871948,0.04830159991979599,False,none
0,0,0.9569543600082397,0.9353548884391785,0.043045662343502045,0.06464513391256332,0.02159947156906128,False,none
0,0,0.972353994846344,0.9522122144699097,0.027645982801914215,0.047787781804800034,0.02014179900288582,False,none
0,0,0.9324527978897095,0.9481505751609802,0.06754717975854874,0.05184940621256828,-0.015697773545980453,False,none
0,0,0.8566985130310059,0.8817541003227234,0.14330148696899414,0.11824590712785721,-0.025055579841136932,False,none
1,1,0.8601264953613281,0.7251790165901184,0.8601264953613281,0.7251790165901184,-0.13494747877120972,False,none
1,0,0.5678993463516235,0.6179403066635132,0.5678993463516235,0.3820596933364868,-0.18583965301513672,True,disagreement
0,0,0.998787522315979,0.9917648434638977,0.0012124694185331464,0.008235174231231213,0.007022704929113388,False,none
0,0,0.996396005153656,0.9702298641204834,0.0036039745900779963,0.029770130291581154,0.0261661559343338,False,none
1,1,0.6046629548072815,0.6629533171653748,0.6046629548072815,0.6629533171653748,0.05829036235809326,False,none
0,0,0.9978687763214111,0.9755236506462097,0.0021312450990080833,0.024476341903209686,0.02234509587287903,False,none
1,1,0.9102526307106018,0.7992371916770935,0.9102526307106018,0.7992371916770935,-0.1110154390335083,False,none
0,0,0.9359697699546814,0.88531893491745,0.06403020024299622,0.11468105763196945,0.050650857388973236,False,none
0,0,0.8894426822662354,0.9094763994216919,0.11055730283260345,0.09052359312772751,-0.020033709704875946,False,none
0,0,0.9874390363693237,0.9555991291999817,0.012560960836708546,0.044400863349437714,0.03183990344405174,False,none
0,0,0.975960910320282,0.9698790311813354,0.02403911016881466,0.03012099303305149,0.006081882864236832,False,none
0,0,0.9989932775497437,0.9848917126655579,0.0010067163966596127,0.0151082593947649,0.014101542532444,False,none
0,0,0.9692391753196716,0.9720872044563293,0.030760833993554115,0.027912795543670654,-0.002848038449883461,False,none
0,0,0.8766602873802185,0.8438402414321899,0.1233396902680397,0.15615975856781006,0.032820068299770355,False,none
1,1,0.978729784488678,0.9606603980064392,0.978729784488678,0.9606603980064392,-0.01806938648223877,False,none
0,0,0.9913066029548645,0.9666880965232849,0.008693404495716095,0.03331192955374718,0.024618525058031082,False,none
0,0,0.9911960959434509,0.9855260848999023,0.008803877048194408,0.014473935589194298,0.005670058540999889,False,none
0,0,0.8745774626731873,0.8781460523605347,0.12542256712913513,0.12185394763946533,-0.0035686194896698,False,none
0,0,0.9985743165016174,0.9848016500473022,0.0014256691792979836,0.015198356471955776,0.013772686943411827,False,none
0,0,0.993261456489563,0.9657062292098999,0.0067385477013885975,0.03429374098777771,0.0275551937520504,False,none
1,1,0.8104189038276672,0.7833533883094788,0.8104189038276672,0.7833533883094788,-0.027065515518188477,False,none
0,0,0.9992554783821106,0.9899669289588928,0.0007445155060850084,0.010033098049461842,0.00928858295083046,False,none
0,0,0.9150375723838806,0.9015222787857056,0.08496244996786118,0.09847769886255264,0.013515248894691467,False,none
0,0,0.9984134435653687,0.992674708366394,0.0015865276800468564,0.007325267419219017,0.0057387398555874825,False,none
0,0,0.8056280612945557,0.779416561126709,0.19437193870544434,0.22058340907096863,0.026211470365524292,False,none
0,0,0.9990426898002625,0.9947029948234558,0.0009573163115419447,0.0052969790995121,0.004339662846177816,False,none
0,0,0.9980238080024719,0.9801831245422363,0.001976188737899065,0.019816888496279716,0.01784070022404194,False,none
0,0,0.9978687763214111,0.9751502871513367,0.0021312450990080833,0.02484969235956669,0.02271844819188118,False,none
0,0,0.8198688626289368,0.6203843951225281,0.18013115227222443,0.3796156048774719,0.1994844526052475,False,none
0,0,0.9994474053382874,0.9943192601203918,0.0005526040331460536,0.005680751521140337,0.005128147546201944,False,none
0,0,0.9868685007095337,0.9837000370025635,0.013131491839885712,0.016299962997436523,0.0031684711575508118,False,none
0,0,0.9918463230133057,0.9860691428184509,0.008153696544468403,0.01393086090683937,0.005777164362370968,False,none
0,0,0.9380382895469666,0.9360046982765198,0.061961736530065536,0.06399530172348022,0.002033565193414688,False,none
0,0,0.6472814679145813,0.6667531728744507,0.3527185618877411,0.33324679732322693,-0.01947176456451416,False,none
0,0,0.6815361976623535,0.5492021441459656,0.3184638023376465,0.4507978856563568,0.13233408331871033,False,none
0,0,0.9986982345581055,0.9851629137992859,0.0013017550809308887,0.014837062917649746,0.013535307720303535,False,none
0,0,0.5840992331504822,0.6467130780220032,0.4159007966518402,0.3532869219779968,-0.06261387467384338,False,none
0,0,0.8110343813896179,0.7405635118484497,0.18896563351154327,0.2594364881515503,0.07047085464000702,False,none
0,0,0.9977968335151672,0.9756813049316406,0.002203187672421336,0.02431868575513363,0.022115498781204224,False,none
1,1,0.9999570250511169,0.9996516108512878,0.9999570250511169,0.9996516108512878,-0.00030541419982910156,False,none
1,1,0.9995576739311218,0.989990234375,0.9995576739311218,0.989990234375,-0.009567439556121826,False,none
0,0,0.9648793339729309,0.9355726838111877,0.0351206436753273,0.06442728638648987,0.029306642711162567,False,none
0,0,0.9587962627410889,0.9581044316291809,0.04120372235774994,0.0418955460190773,0.0006918236613273621,False,none
0,0,0.9913498163223267,0.9947329163551331,0.0086501594632864,0.005267083644866943,-0.0033830758184194565,False,none
0,0,0.9963208436965942,0.975781261920929,0.003679153975099325,0.024218708276748657,0.020539553835988045,False,none
0,0,0.9732597470283508,0.9944266080856323,0.026740258559584618,0.005573375150561333,-0.021166883409023285,False,none
0,0,0.993253231048584,0.9971991181373596,0.0067467899061739445,0.0028008976951241493,-0.003945892211049795,False,none
0,0,0.9992146492004395,0.9907748103141785,0.0007853466086089611,0.009225204586982727,0.008439857512712479,False,none
0,0,0.9297474026679993,0.8999596834182739,0.07025259733200073,0.10004032403230667,0.02978772670030594,False,none
0,0,0.9944288730621338,0.9546067118644714,0.0055711236782372,0.04539327695965767,0.03982215374708176,False,none
0,0,0.826382577419281,0.8942848443984985,0.173617422580719,0.10571513324975967,-0.06790228933095932,False,none
0,0,0.9860919713973999,0.982440173625946,0.013908002525568008,0.017559798434376717,0.003651795908808708,False,none
0,0,0.9086014032363892,0.8606427907943726,0.09139861166477203,0.13935719430446625,0.047958582639694214,False,none
0,0,0.9855014085769653,0.9858863353729248,0.014498570002615452,0.014113644137978554,-0.00038492586463689804,False,none
0,0,0.9516003727912903,0.8745030164718628,0.048399653285741806,0.1254969984292984,0.0770973414182663,False,none
1,1,0.9499478936195374,0.9759253263473511,0.9499478936195374,0.9759253263473511,0.02597743272781372,False,none
1,1,0.8417119979858398,0.842262327671051,0.8417119979858398,0.842262327671051,0.0005503296852111816,False,none
1,1,0.9900000095367432,0.9492383599281311,0.9900000095367432,0.9492383599281311,-0.04076164960861206,False,none
0,0,0.9089500904083252,0.949542760848999,0.0910499095916748,0.05045722424983978,-0.04059268534183502,False,none
1,1,0.5605865716934204,0.640617847442627,0.5605865716934204,0.640617847442627,0.08003127574920654,False,none
0,0,0.9835720062255859,0.9735260605812073,0.01642799936234951,0.026473913341760635,0.010045913979411125,False,none
0,0,0.9242030382156372,0.9005738496780396,0.07579696178436279,0.09942615032196045,0.023629188537597656,False,none
0,0,0.9934918880462646,0.984229564666748,0.006508115213364363,0.015770457684993744,0.009262342005968094,False,none
0,0,0.9856109619140625,0.9773626327514648,0.014389066025614738,0.02263736166059971,0.00824829563498497,False,none
0,0,0.9875616431236267,0.9716506600379944,0.012438335455954075,0.028349319472908974,0.015910983085632324,False,none
0,0,0.9934918880462646,0.9794825315475464,0.006508115213364363,0.020517461001873016,0.014009345322847366,False,none
0,0,0.9895586371421814,0.9461029767990112,0.010441345162689686,0.05389701947569847,0.04345567524433136,False,none
0,0,0.9055330157279968,0.806181788444519,0.09446700662374496,0.19381821155548096,0.09935120493173599,False,none
0,0,0.999058187007904,0.9941312670707703,0.0009418255649507046,0.0058687240816652775,0.004926898516714573,False,none
0,0,0.999058187007904,0.9947337508201599,0.0009418255649507046,0.005266270600259304,0.0043244450353085995,False,none
0,0,0.9860664010047913,0.9792739152908325,0.013933580368757248,0.020726054906845093,0.006792474538087845,False,none
1,0,0.5002269744873047,0.5878511667251587,0.5002269744873047,0.4121488332748413,-0.08807814121246338,True,disagreement
0,0,0.9988474249839783,0.9913622736930847,0.0011526040034368634,0.008637751452624798,0.007485147565603256,False,none
0,0,0.9988413453102112,0.9789347052574158,0.0011586378095671535,0.021065276116132736,0.01990663819015026,False,none
0,0,0.5528544187545776,0.7633926272392273,0.44714561104774475,0.23660734295845032,-0.21053826808929443,False,none
1,1,0.9843021035194397,0.9857674837112427,0.9843021035194397,0.9857674837112427,0.0014653801918029785,False,none
0,0,0.98248291015625,0.9503219127655029,0.017517084255814552,0.04967809468507767,0.032161012291908264,False,none
1,1,0.9995757341384888,0.9961608052253723,0.9995757341384888,0.9961608052253723,-0.003414928913116455,False,none
0,0,0.9982180595397949,0.9586082696914673,0.0017819253262132406,0.04139172285795212,0.039609797298908234,False,none
0,0,0.5973145365715027,0.683188259601593,0.4026854634284973,0.316811740398407,-0.08587372303009033,False,none
0,0,0.7719573974609375,0.6735621690750122,0.2280426174402237,0.3264378309249878,0.0983952134847641,False,none
1,1,0.9587023854255676,0.958730161190033,0.9587023854255676,0.958730161190033,2.777576446533203e-05,False,none
0,0,0.9510579109191895,0.8898236155509949,0.048942066729068756,0.11017640680074692,0.06123434007167816,False,none
0,0,0.9924863576889038,0.9685496091842651,0.007513623684644699,0.031450383365154266,0.023936759680509567,False,none
0,0,0.8483046293258667,0.8461628556251526,0.1516953557729721,0.1538371443748474,0.002141788601875305,False,none
0,0,0.9047030806541443,0.8171853423118591,0.09529688954353333,0.18281464278697968,0.08751775324344635,False,none
0,0,0.9950504302978516,0.9912586808204651,0.004949592053890228,0.008741302415728569,0.0037917103618383408,False,none
0,0,0.9769570827484131,0.9134262204170227,0.023042913526296616,0.0865737572312355,0.06353084743022919,False,none
0,0,0.6791886687278748,0.7070356607437134,0.32081136107444763,0.292964369058609,-0.027846992015838623,False,none
1,1,0.8997904658317566,0.8659830093383789,0.8997904658317566,0.8659830093383789,-0.033807456493377686,False,none
1,1,0.7715369462966919,0.8158863186836243,0.7715369462966919,0.8158863186836243,0.04434937238693237,False,none
0,0,0.9935719966888428,0.9650976061820984,0.006427999120205641,0.03490239754319191,0.02847439795732498,False,none
1,1,0.9435582756996155,0.9076631665229797,0.9435582756996155,0.9076631665229797,-0.03589510917663574,False,none
0,0,0.9923543334007263,0.9611416459083557,0.007645654026418924,0.03885833919048309,0.031212685629725456,False,none
0,0,0.9816370606422424,0.9812825918197632,0.018362954258918762,0.018717382103204727,0.00035442784428596497,False,none
0,0,0.9969774484634399,0.9854984283447266,0.003022570861503482,0.014501548372209072,0.011478977277874947,False,none
0,0,0.9380542635917664,0.9146205186843872,0.06194574385881424,0.085379458963871,0.023433715105056763,False,none
0,0,0.9899467825889587,0.9800642728805542,0.010053243488073349,0.019935723394155502,0.009882479906082153,False,none
0,0,0.7751362323760986,0.7323880195617676,0.22486379742622375,0.2676120102405548,0.042748212814331055,False,none
0,0,0.9871233701705933,0.9717006683349609,0.012876632623374462,0.028299320489168167,0.015422687865793705,False,none
1,1,0.9849569797515869,0.9987825155258179,0.9849569797515869,0.9987825155258179,0.013825535774230957,False,none
1,0,0.5627761483192444,0.5774549841880798,0.5627761483192444,0.42254504561424255,-0.14023110270500183,True,disagreement
0,0,0.9979100227355957,0.9763306975364685,0.002089968416839838,0.023669298738241196,0.021579330787062645,False,none
0,0,0.8372441530227661,0.7769351601600647,0.16275586187839508,0.2230648547410965,0.060308992862701416,False,none
0,0,0.9083122611045837,0.9639950394630432,0.09168771654367447,0.03600494936108589,-0.05568276718258858,False,none
0,0,0.9994474053382874,0.990546703338623,0.0005526040331460536,0.009453297592699528,0.008900693617761135,False,none
1,1,0.9927030205726624,0.9858826994895935,0.9927030205726624,0.9858826994895935,-0.006820321083068848,False,none
0,0,0.9374879002571106,0.8263354897499084,0.0625121146440506,0.17366449534893036,0.11115238070487976,False,none
0,0,0.9962865710258484,0.9773560762405396,0.003713402198627591,0.022643938660621643,0.01893053576350212,False,none
0,0,0.9979751110076904,0.978761613368988,0.00202486221678555,0.021238375455141068,0.019213512539863586,False,none
0,0,0.9414042830467224,0.9228817820549011,0.058595724403858185,0.07711821049451828,0.018522486090660095,False,none
0,0,0.9954735040664673,0.9868175983428955,0.004526475444436073,0.01318241935223341,0.008655943907797337,False,none
0,0,0.9957420229911804,0.971560537815094,0.004257960710674524,0.028439447283744812,0.024181487038731575,False,none
0,0,0.9986982345581055,0.9923692345619202,0.0013017550809308887,0.007630740758031607,0.006328985560685396,False,none
1,1,0.8455426692962646,0.8106802701950073,0.8455426692962646,0.8106802701950073,-0.034862399101257324,False,none
1,1,0.9580408334732056,0.9357820153236389,0.9580408334732056,0.9357820153236389,-0.02225881814956665,False,none
0,0,0.9905005693435669,0.9589871168136597,0.009499456733465195,0.04101287201046944,0.03151341527700424,False,none
0,0,0.9982321262359619,0.9901403188705444,0.0017678553704172373,0.009859658777713776,0.008091803640127182,False,none
1,1,0.9996482729911804,0.9988574981689453,0.9996482729911804,0.9988574981689453,-0.0007907748222351074,False,none
1,1,0.6278572082519531,0.6765781044960022,0.6278572082519531,0.6765781044960022,0.04872089624404907,False,none
0,0,0.8223015069961548,0.7206510305404663,0.17769847810268402,0.2793489396572113,0.10165046155452728,False,none
0,0,0.9992961883544922,0.9777680039405823,0.0007037828327156603,0.022231966257095337,0.021528182551264763,False,none
0,0,0.9814456701278687,0.9425594806671143,0.01855430379509926,0.05744052305817604,0.03888621926307678,False,none
0,0,0.8908754587173462,0.7899245023727417,0.109124556183815,0.2100754976272583,0.1009509414434433,False,none
0,0,0.9943108558654785,0.9596496224403381,0.005689165089279413,0.04035039618611336,0.03466122969985008,False,none
0,1,0.523628830909729,0.5386980175971985,0.4763711392879486,0.5386980175971985,0.06232687830924988,True,disagreement
0,0,0.9925446510314941,0.9802533984184265,0.007455357350409031,0.01974661648273468,0.01229125913232565,False,none
0,0,0.9983731508255005,0.9902705550193787,0.0016268502222374082,0.009729462675750256,0.00810261256992817,False,none
0,0,0.7496200203895569,0.6875671744346619,0.2503799796104431,0.3124328553676605,0.06205287575721741,False,none
1,1,0.8752833604812622,0.8486381769180298,0.8752833604812622,0.8486381769180298,-0.026645183563232422,False,none
0,0,0.9675814509391785,0.922742486000061,0.032418522983789444,0.07725752145051956,0.04483899846673012,False,none
1,1,0.9930660128593445,0.9863128066062927,0.9930660128593445,0.9863128066062927,-0.006753206253051758,False,none
1,1,0.8933504819869995,0.9205589294433594,0.8933504819869995,0.9205589294433594,0.027208447456359863,False,none
1,1,0.9695956110954285,0.9925918579101562,0.9695956110954285,0.9925918579101562,0.022996246814727783,False,none
0,0,0.7401132583618164,0.7271412014961243,0.2598867416381836,0.27285876870155334,0.012972027063369751,False,none
0,0,0.8655952215194702,0.9023552536964417,0.1344047635793686,0.09764471650123596,-0.03676004707813263,False,none
0,0,0.9793606996536255,0.952204167842865,0.020639291033148766,0.04779583215713501,0.027156541123986244,False,none
1,1,0.9996482729911804,0.9986845850944519,0.9996482729911804,0.9986845850944519,-0.0009636878967285156,False,none
0,0,0.9456351399421692,0.9005331993103027,0.05436484143137932,0.09946680814027786,0.045101966708898544,False,none
0,0,0.9494904279708862,0.9468765258789062,0.050509557127952576,0.05312347039580345,0.002613913267850876,False,none
0,0,0.9316341876983643,0.8847407698631287,0.06836579740047455,0.11525925248861313,0.04689345508813858,False,none
0,0,0.9865768551826477,0.9649397134780884,0.013423166237771511,0.03506028652191162,0.021637119352817535,False,none
0,0,0.9901025295257568,0.9901608824729919,0.009897447191178799,0.009839123114943504,-5.832407623529434e-05,False,none
0,0,0.9689301252365112,0.8798520565032959,0.031069889664649963,0.12014792859554291,0.08907803893089294,False,none
0,0,0.9946215748786926,0.973874032497406,0.005378433503210545,0.0261259563267231,0.02074752375483513,False,none
0,0,0.9881728887557983,0.9866656064987183,0.011827138252556324,0.01333441399037838,0.0015072757378220558,False,none
0,0,0.9885044097900391,0.987094521522522,0.011495604179799557,0.012905451469123363,0.0014098472893238068,False,none
0,0,0.9979819655418396,0.9790384769439697,0.002018026076257229,0.02096155285835266,0.018943525850772858,False,none
0,0,0.9849287867546082,0.9506005048751831,0.015071207657456398,0.049399517476558685,0.034328311681747437,False,none
1,1,0.9841176867485046,0.9701390266418457,0.9841176867485046,0.9701390266418457,-0.013978660106658936,False,none
1,1,0.9994760751724243,0.9936456084251404,0.9994760751724243,0.9936456084251404,-0.0058304667472839355,False,none
0,0,0.9586039185523987,0.9534750580787659,0.041396088898181915,0.04652492329478264,0.005128834396600723,False,none
0,0,0.9495770335197449,0.9417234659194946,0.050422996282577515,0.05827651545405388,0.007853519171476364,False,none
0,0,0.9707828760147095,0.9084857702255249,0.029217123985290527,0.0915142223238945,0.06229709833860397,False,none
0,0,0.8580935597419739,0.7830584645271301,0.14190642535686493,0.21694156527519226,0.07503513991832733,False,none
0,0,0.9727227091789246,0.989007294178009,0.027277294546365738,0.010992717929184437,-0.016284577548503876,False,none
0,0,0.8723556399345398,0.8807039260864258,0.1276443898677826,0.11929605901241302,-0.008348330855369568,False,none
0,0,0.9949234127998352,0.9778450131416321,0.005076593719422817,0.022154975682497025,0.017078381031751633,False,none
0,0,0.921346127986908,0.8489284515380859,0.07865388691425323,0.15107151865959167,0.07241763174533844,False,none
0,0,0.9922801852226257,0.9625229835510254,0.007719791494309902,0.037477023899555206,0.02975723147392273,False,none
0,0,0.9992146492004395,0.9641629457473755,0.0007853466086089611,0.035837043076753616,0.03505169600248337,False,none
0,0,0.9985144734382629,0.9949572682380676,0.0014855345943942666,0.005042749457061291,0.003557214979082346,False,none
1,1,0.9796153903007507,0.9401079416275024,0.9796153903007507,0.9401079416275024,-0.03950744867324829,False,none
1,1,0.6712225079536438,0.7189868092536926,0.6712225079536438,0.7189868092536926,0.04776430130004883,False,none
0,0,0.9981359243392944,0.9682155251502991,0.001864046324044466,0.031784456223249435,0.029920410364866257,False,none
0,0,0.9713894128799438,0.9851875901222229,0.028610602021217346,0.01481238380074501,-0.013798218220472336,False,none
0,0,0.7557476758956909,0.88249671459198,0.24425232410430908,0.11750331521034241,-0.12674900889396667,False,none
0,0,0.9987349510192871,0.9789759516716003,0.0012650208082050085,0.021024055778980255,0.019759034737944603,False,none
1,1,0.999525785446167,0.9861898422241211,0.999525785446167,0.9861898422241211,-0.013335943222045898,False,none
0,0,0.9768006205558777,0.9782755374908447,0.02319939434528351,0.021724477410316467,-0.001474916934967041,False,none
0,0,0.9681817293167114,0.9528467059135437,0.03181827440857887,0.04715331271290779,0.015335038304328918,False,none
0,0,0.936380922794342,0.8799564242362976,0.06361908465623856,0.12004358321428299,0.056424498558044434,False,none
0,0,0.9944474101066589,0.9933385848999023,0.005552603863179684,0.006661433260887861,0.0011088293977081776,False,none
0,0,0.7064158320426941,0.7645924687385559,0.2935841679573059,0.2354075312614441,-0.058176636695861816,False,none
0,0,0.9687535166740417,0.9785275459289551,0.031246483325958252,0.021472470834851265,-0.009774012491106987,False,none
0,0,0.9881378412246704,0.9929335713386536,0.011862142942845821,0.007066430523991585,-0.004795712418854237,False,none
0,0,0.9858493208885193,0.9774566292762756,0.014150702394545078,0.022543368861079216,0.008392666466534138,False,none
1,1,0.9843496084213257,0.9150037169456482,0.9843496084213257,0.9150037169456482,-0.06934589147567749,False,none
1,1,0.9798973202705383,0.9850265979766846,0.9798973202705383,0.9850265979766846,0.00512927770614624,False,none
0,0,0.6386120915412903,0.6970202922821045,0.3613879382610321,0.3029797077178955,-0.0584082305431366,False,none
0,0,0.9002685546875,0.8715519309043884,0.0997314527630806,0.12844803929328918,0.028716586530208588,False,none
0,0,0.9940581917762756,0.9891026020050049,0.005941825453191996,0.010897417552769184,0.0049555920995771885,False,none
0,0,0.9982852339744568,0.9873875975608826,0.0017147480975836515,0.012612402439117432,0.010897654108703136,False,none
0,0,0.9217451810836792,0.866680383682251,0.07825479656457901,0.13331961631774902,0.05506481975317001,False,none
0,0,0.976671576499939,0.9192119836807251,0.02332841232419014,0.08078799396753311,0.05745958164334297,False,none
1,1,0.9780105948448181,0.9424245357513428,0.9780105948448181,0.9424245357513428,-0.03558605909347534,False,none
0,0,0.999058187007904,0.9958494901657104,0.0009418255649507046,0.0041504972614347935,0.003208671696484089,False,none
0,0,0.9921214580535889,0.974185049533844,0.007878569886088371,0.025814980268478394,0.017936410382390022,False,none
0,0,0.9980844855308533,0.9879610538482666,0.0019154910696670413,0.01203893218189478,0.010123440995812416,False,none
0,0,0.9941295981407166,0.9903655648231506,0.005870419554412365,0.009634433314204216,0.003764013759791851,False,none
0,0,0.9402405023574829,0.8444398641586304,0.0597594752907753,0.15556015074253082,0.09580067545175552,False,none
0,0,0.6877875924110413,0.7414289712905884,0.31221237778663635,0.2585710287094116,-0.05364134907722473,False,none
0,0,0.9884640574455261,0.9910945296287537,0.011535926721990108,0.008905450813472271,-0.0026304759085178375,False,none
1,1,0.932498037815094,0.8573825359344482,0.932498037815094,0.8573825359344482,-0.07511550188064575,False,none
0,0,0.999058187007904,0.9947337508201599,0.0009418255649507046,0.005266270600259304,0.0043244450353085995,False,none
0,0,0.6871464848518372,0.7353118062019348,0.31285348534584045,0.2646882236003876,-0.04816526174545288,False,none
0,0,0.9984989166259766,0.9804775714874268,0.0015011037467047572,0.019522415474057198,0.01802131161093712,False,none
0,0,0.9843496084213257,0.9538035988807678,0.015650419518351555,0.04619642719626427,0.030546007677912712,False,none
0,0,0.9721570014953613,0.9498617053031921,0.027842970564961433,0.05013832077383995,0.022295350208878517,False,none
0,0,0.9913498163223267,0.9947329163551331,0.0086501594632864,0.005267083644866943,-0.0033830758184194565,False,none
0,0,0.9880158305168152,0.9839711785316467,0.011984153650701046,0.016028812155127525,0.004044658504426479,False,none
0,0,0.9674449563026428,0.9538719058036804,0.03255503997206688,0.04612809792160988,0.013573057949543,False,none
0,0,0.6530183553695679,0.5975658893585205,0.34698164463043213,0.4024340808391571,0.055452436208724976,False,none
0,0,0.9836793541908264,0.9525719285011292,0.016320621594786644,0.047428060322999954,0.03110743872821331,False,none
0,0,0.9888622760772705,0.9892153143882751,0.011137707158923149,0.010784683749079704,-0.0003530234098434448,False,none
0,0,0.9113825559616089,0.9133391976356506,0.08861742168664932,0.08666083216667175,-0.0019565895199775696,False,none
0,0,0.8939808011054993,0.8337498903274536,0.10601916909217834,0.16625012457370758,0.060230955481529236,False,none
0,0,0.981432318687439,0.9664836525917053,0.018567703664302826,0.03351635858416557,0.014948654919862747,False,none
0,0,0.9742730855941772,0.9677501916885376,0.025726929306983948,0.032249804586172104,0.006522875279188156,False,none
0,0,0.9940598011016846,0.9449547529220581,0.00594020402058959,0.055045224726200104,0.049105022102594376,False,none
0,0,0.991654098033905,0.96405428647995,0.008345892652869225,0.03594573214650154,0.027599839493632317,False,none
0,0,0.8345246315002441,0.6579188704490662,0.16547538340091705,0.34208109974861145,0.1766057163476944,False,none
0,0,0.9984023571014404,0.9934645295143127,0.0015976389404386282,0.00653547840192914,0.0049378396943211555,False,none
0,0,0.9990426898002625,0.9831036925315857,0.0009573163115419447,0.01689632423222065,0.015939008444547653,False,none
0,0,0.9953687787055969,0.9775243997573853,0.004631245043128729,0.022475624457001686,0.01784437894821167,False,none
0,0,0.9181740880012512,0.8874836564064026,0.08182592689990997,0.11251632869243622,0.030690401792526245,False,none
0,0,0.9992636442184448,0.991108238697052,0.0007363834884017706,0.008891773410141468,0.008155389688909054,False,none
0,0,0.9361829161643982,0.9097312092781067,0.06381706893444061,0.09026877582073212,0.026451706886291504,False,none
1,1,0.9562077522277832,0.9548418521881104,0.9562077522277832,0.9548418521881104,-0.0013659000396728516,False,none
0,0,0.9989646673202515,0.9727085828781128,0.0010353096295148134,0.027291396632790565,0.02625608630478382,False,none
1,1,0.965603232383728,0.9118039608001709,0.965603232383728,0.9118039608001709,-0.05379927158355713,False,none
0,0,0.8679985404014587,0.7750287055969238,0.13200147449970245,0.22497129440307617,0.09296981990337372,False,none
1,1,0.7501664161682129,0.7200254201889038,0.7501664161682129,0.7200254201889038,-0.030140995979309082,False,none
0,0,0.9720298051834106,0.9108462333679199,0.02797020599246025,0.08915378898382187,0.06118358299136162,False,none
0,0,0.8082542419433594,0.6844744682312012,0.19174575805664062,0.31552553176879883,0.1237797737121582,False,none
0,0,0.9966763854026794,0.9864893555641174,0.003323605051264167,0.013510655611753464,0.010187050327658653,False,none
0,0,0.9887884855270386,0.9647741913795471,0.011211488395929337,0.03522578999400139,0.024014301598072052,False,none
1,1,0.9753444194793701,0.9789285063743591,0.9753444194793701,0.9789285063743591,0.0035840868949890137,False,none
0,0,0.6685686111450195,0.6190155744552612,0.33143141865730286,0.38098442554473877,0.04955300688743591,False,none
0,0,0.9677971601486206,0.9474169015884399,0.03220285847783089,0.052583128213882446,0.02038026973605156,False,none
0,0,0.9531788229942322,0.9390192627906799,0.04682116210460663,0.06098070740699768,0.014159545302391052,False,none
0,0,0.9396237134933472,0.9190526604652405,0.060376282781362534,0.08094734698534012,0.020571064203977585,False,none
0,0,0.9832596182823181,0.9791045188903809,0.016740398481488228,0.020895488560199738,0.00415509007871151,False,none
1,1,0.5226430296897888,0.5062669515609741,0.5226430296897888,0.5062669515609741,-0.016376078128814697,False,none
0,0,0.9866307377815247,0.9967354536056519,0.013369260355830193,0.0032645429018884897,-0.010104717686772346,False,none
0,0,0.9941039681434631,0.9915058016777039,0.005896060727536678,0.008494226261973381,0.0025981655344367027,False,none
1,1,0.6072949171066284,0.610352098941803,0.6072949171066284,0.610352098941803,0.0030571818351745605,False,none
0,0,0.9950000047683716,0.9697234630584717,0.004999999888241291,0.03027653694152832,0.025276537984609604,False,none
0,0,0.9358416199684143,0.9250650405883789,0.0641583800315857,0.07493498176336288,0.010776601731777191,False,none
1,1,0.9996712803840637,0.9993804693222046,0.9996712803840637,0.9993804693222046,-0.00029081106185913086,False,none
0,0,0.9945802688598633,0.9794503450393677,0.005419715773314238,0.020549675449728966,0.01512995921075344,False,none
1,1,0.9946712851524353,0.9891449809074402,0.9946712851524353,0.9891449809074402,-0.005526304244995117,False,none
0,0,0.9901081919670105,0.9666081666946411,0.00989183597266674,0.033391840755939484,0.023500004783272743,False,none
0,0,0.9974818229675293,0.9917312860488892,0.0025181686505675316,0.00826869998127222,0.005750531330704689,False,none
1,1,0.9315484762191772,0.9123289585113525,0.9315484762191772,0.9123289585113525,-0.019219517707824707,False,none
0,0,0.876954197883606,0.7925824522972107,0.12304580211639404,0.20741751790046692,0.08437171578407288,False,none
0,0,0.9655158519744873,0.9451190829277039,0.0344841443002224,0.054880887269973755,0.020396742969751358,False,none
0,0,0.9975516200065613,0.991063117980957,0.002448401181027293,0.00893690437078476,0.006488502956926823,False,none
0,0,0.995009183883667,0.9952917695045471,0.004990837536752224,0.0047082058154046535,-0.0002826317213475704,False,none
0,0,0.9932999014854431,0.9841342568397522,0.0067000859417021275,0.015865737572312355,0.009165652096271515,False,none
1,1,0.9993072152137756,0.9996930956840515,0.9993072152137756,0.9996930956840515,0.0003858804702758789,False,none
1,1,0.97967129945755,0.9941449761390686,0.97967129945755,0.9941449761390686,0.014473676681518555,False,none
1,1,0.9712183475494385,0.9096633195877075,0.9712183475494385,0.9096633195877075,-0.06155502796173096,False,none
0,0,0.6870214939117432,0.6786397695541382,0.31297847628593445,0.3213602304458618,0.008381754159927368,False,none
1,1,0.9929789304733276,0.9897054433822632,0.9929789304733276,0.9897054433822632,-0.003273487091064453,False,none
1,1,0.9855748414993286,0.9173938035964966,0.9855748414993286,0.9173938035964966,-0.06818103790283203,False,none
0,0,0.9977146983146667,0.9699516296386719,0.002285309601575136,0.030048375949263573,0.027763066813349724,False,none
0,0,0.9981400966644287,0.9868369698524475,0.0018599096219986677,0.0131630077958107,0.011303097940981388,False,none
0,0,0.966414213180542,0.9166309833526611,0.033585771918296814,0.08336904644966125,0.04978327453136444,False,none
0,0,0.9993681311607361,0.9897395372390747,0.0006318403757177293,0.010260432958602905,0.009628592990338802,False,none
1,1,0.9999570250511169,0.9993821382522583,0.9999570250511169,0.9993821382522583,-0.0005748867988586426,False,none
0,0,0.9939495921134949,0.9894106388092041,0.006050388794392347,0.010589378885924816,0.004538990091532469,False,none
1,1,0.9919604659080505,0.9771296381950378,0.9919604659080505,0.9771296381950378,-0.014830827713012695,False,none
0,0,0.986752986907959,0.9806790947914124,0.01324701402336359,0.019320931285619736,0.0060739172622561455,False,none
0,0,0.9915530681610107,0.9908996224403381,0.008446930907666683,0.00910040270537138,0.0006534717977046967,False,none
0,0,0.9930067658424377,0.987899124622345,0.006993251387029886,0.012100886553525925,0.0051076351664960384,False,none
0,0,0.9983731508255005,0.9915614128112793,0.0016268502222374082,0.008438605815172195,0.006811755709350109,False,none
0,0,0.9909365773200989,0.9816871285438538,0.009063422679901123,0.01831287145614624,0.009249448776245117,False,none
0,0,0.9896349310874939,0.9705231189727783,0.010365067981183529,0.029476871713995934,0.01911180466413498,False,none
0,0,0.9986301064491272,0.9889609813690186,0.0013698744587600231,0.011039040051400661,0.009669166058301926,False,none
0,0,0.6453733444213867,0.6640983819961548,0.3546266555786133,0.3359016478061676,-0.01872500777244568,False,none
0,0,0.9714285731315613,0.9622372388839722,0.02857142873108387,0.037762753665447235,0.009191324934363365,False,none
1,1,0.9861657023429871,0.9932346940040588,0.9861657023429871,0.9932346940040588,0.007068991661071777,False,none
0,0,0.9869804978370667,0.958947479724884,0.013019487261772156,0.04105251282453537,0.028033025562763214,False,none
0,0,0.9709103107452393,0.9598975777626038,0.029089661315083504,0.040102433413267136,0.011012772098183632,False,none
0,0,0.9742730855941772,0.9780650734901428,0.025726929306983948,0.021934902295470238,-0.00379202701151371,False,none
0,0,0.9898825287818909,0.9603009223937988,0.01011747121810913,0.039699070155620575,0.029581598937511444,False,none
1,1,0.7537436485290527,0.6623558402061462,0.7537436485290527,0.6623558402061462,-0.0913878083229065,False,none
0,0,0.9994474053382874,0.9949216842651367,0.0005526040331460536,0.0050782980397343636,0.004525694064795971,False,none
1,1,0.7448974847793579,0.7051210999488831,0.7448974847793579,0.7051210999488831,-0.039776384830474854,False,none
0,0,0.5261070728302002,0.54327392578125,0.4738928973674774,0.45672607421875,-0.017166823148727417,False,none
0,0,0.965251624584198,0.9716416001319885,0.034748394042253494,0.028358416631817818,-0.006389977410435677,False,none
0,0,0.9871887564659119,0.9744502902030945,0.012811228632926941,0.025549719110131264,0.012738490477204323,False,none
0,0,0.8759286403656006,0.8429833650588989,0.1240713819861412,0.15701662003993988,0.032945238053798676,False,none
0,0,0.5979808568954468,0.5887185335159302,0.4020191729068756,0.4112814664840698,0.009262293577194214,False,none
0,0,0.9943804144859314,0.9893137216567993,0.005619584117084742,0.010686250403523445,0.0050666662864387035,False,none
0,0,0.9978508353233337,0.9894592761993408,0.0021491493098437786,0.010540714487433434,0.008391564711928368,False,none
0,0,0.9969406127929688,0.9718610048294067,0.0030594165436923504,0.0281390231102705,0.025079606100916862,False,none
1,1,0.9664191007614136,0.6894804835319519,0.9664191007614136,0.6894804835319519,-0.27693861722946167,False,none
0,0,0.9959685802459717,0.981414794921875,0.004031411837786436,0.018585192039608955,0.014553779736161232,False,none
0,0,0.9146013855934143,0.887578010559082,0.08539862185716629,0.11242197453975677,0.027023352682590485,False,none
0,0,0.9414780139923096,0.9680336713790894,0.05852201208472252,0.03196631371974945,-0.026555698364973068,False,none
0,0,0.9137250781059265,0.9695445895195007,0.08627494424581528,0.030455391854047775,-0.0558195523917675,False,none
0,0,0.9574564099311829,0.9457095861434937,0.04254359006881714,0.05429043620824814,0.011746846139431,False,none
1,1,0.9948743581771851,0.9992362856864929,0.9948743581771851,0.9992362856864929,0.004361927509307861,False,none
0,0,0.9177678823471069,0.858617901802063,0.08223214000463486,0.1413821130990982,0.05914997309446335,False,none
0,0,0.936762809753418,0.9465246796607971,0.06323721259832382,0.05347529798746109,-0.009761914610862732,False,none
0,0,0.9984251856803894,0.9937238693237305,0.0015748202567920089,0.006276114843785763,0.004701294470578432,False,none
0,0,0.9928622841835022,0.9880790710449219,0.007137707434594631,0.011920907534658909,0.004783200100064278,False,none
0,0,0.9912880659103394,0.9812220931053162,0.008711953647434711,0.018777897581458092,0.01006594393402338,False,none
0,0,0.9980067610740662,0.9872210025787354,0.001993251498788595,0.012779022566974163,0.010785771533846855,False,none
1,1,0.5724492073059082,0.6369037628173828,0.5724492073059082,0.6369037628173828,0.06445455551147461,False,none
0,0,0.9965006113052368,0.9882746934890747,0.003499381709843874,0.011725279502570629,0.008225897327065468,False,none
0,0,0.9968788027763367,0.9873427152633667,0.0031211923342198133,0.012657299637794495,0.009536107070744038,False,none
0,0,0.9836951494216919,0.9867804050445557,0.01630485989153385,0.013219575397670269,-0.0030852844938635826,False,none
0,0,0.9808423519134521,0.9416286945343018,0.019157659262418747,0.058371320366859436,0.03921366110444069,False,none
0,0,0.9930067658424377,0.9857750535011292,0.006993251387029886,0.014224965125322342,0.007231713738292456,False,none
0,0,0.9849461317062378,0.9866262674331665,0.015053876675665379,0.013373753055930138,-0.001680123619735241,False,none
0,0,0.8318663835525513,0.8079569935798645,0.16813363134860992,0.1920430064201355,0.023909375071525574,False,none
0,0,0.9740052819252014,0.9520384073257446,0.025994716212153435,0.04796161502599716,0.021966898813843727,False,none
0,0,0.9787250757217407,0.9776340126991272,0.021274948492646217,0.022365981712937355,0.0010910332202911377,False,none
0,0,0.9864880442619324,0.9618747234344482,0.013511939905583858,0.03812525421380997,0.024613313376903534,False,none
0,0,0.9984581470489502,0.9855079650878906,0.0015418255934491754,0.01449203584343195,0.012950209900736809,False,none
0,0,0.9871410131454468,0.9842888712882996,0.012858975678682327,0.015711113810539246,0.0028521381318569183,False,none
0,0,0.9893700480461121,0.9675298929214478,0.01062997430562973,0.032470133155584335,0.021840158849954605,False,none
0,0,0.9841036796569824,0.967937707901001,0.015896335244178772,0.03206230700016022,0.016165971755981445,False,none
0,0,0.9179581999778748,0.8861261606216431,0.08204179257154465,0.11387380957603455,0.0318320170044899,False,none
1,1,0.6796513199806213,0.7024758458137512,0.6796513199806213,0.7024758458137512,0.022824525833129883,False,none
0,0,0.9955185651779175,0.982621967792511,0.004481463227421045,0.017378054559230804,0.012896591797471046,False,none
1,1,0.5214681029319763,0.5510140657424927,0.5214681029319763,0.5510140657424927,0.029545962810516357,False,none
0,0,0.7202897667884827,0.7536224722862244,0.27971020340919495,0.24637751281261444,-0.033332690596580505,False,none
0,0,0.9920607805252075,0.987068772315979,0.0079392334446311,0.01293121837079525,0.00499198492616415,False,none
0,0,0.9686413407325745,0.9547146558761597,0.031358636915683746,0.045285359025001526,0.01392672210931778,False,none
0,0,0.974392294883728,0.9440800547599792,0.025607729330658913,0.05591992661356926,0.030312197282910347,False,none
0,0,0.9338333606719971,0.9453794360160828,0.06616665422916412,0.05462057888507843,-0.011546075344085693,False,none
0,0,0.9799925684928894,0.9828641414642334,0.020007459446787834,0.01713586039841175,-0.0028715990483760834,False,none
0,0,0.9737654328346252,0.9814913868904114,0.026234561577439308,0.018508633598685265,-0.007725927978754044,False,none
0,0,0.8926389813423157,0.7463884949684143,0.10736103355884552,0.2536115050315857,0.14625047147274017,False,none
1,1,0.9890761971473694,0.9975759387016296,0.9890761971473694,0.9975759387016296,0.008499741554260254,False,none
0,0,0.9948143362998962,0.9627030491828918,0.0051856739446520805,0.03729693219065666,0.03211125731468201,False,none
0,0,0.7279704213142395,0.7997880578041077,0.2720295786857605,0.20021195709705353,-0.07181762158870697,False,none
1,1,0.8866593837738037,0.8913845419883728,0.8866593837738037,0.8913845419883728,0.004725158214569092,False,none
1,1,0.9935154914855957,0.9754520058631897,0.9935154914855957,0.9754520058631897,-0.018063485622406006,False,none
0,0,0.9990023374557495,0.9934656023979187,0.0009976389119401574,0.006534385494887829,0.005536746699362993,False,none
0,0,0.7533120512962341,0.5128583312034607,0.24668796360492706,0.4871416389942169,0.24045367538928986,False,none
0,0,0.9825971722602844,0.9785093665122986,0.01740282215178013,0.021490653976798058,0.004087831825017929,False,none
0,0,0.9901007413864136,0.9833366870880127,0.00989927165210247,0.0166633203625679,0.006764048710465431,False,none
0,0,0.9462671875953674,0.9420118927955627,0.05373280122876167,0.05798809975385666,0.004255298525094986,False,none
0,0,0.9833781123161316,0.9669933319091797,0.016621893271803856,0.0330066904425621,0.016384797170758247,False,none
0,0,0.9798714518547058,0.9684696197509766,0.020128576084971428,0.03153037652373314,0.011401800438761711,False,none
0,0,0.9971237778663635,0.9895799160003662,0.002876193495467305,0.010420054197311401,0.00754386093467474,False,none
0,0,0.9945098757743835,0.9866859912872314,0.005490104667842388,0.013313986361026764,0.007823881693184376,False,none
0,0,0.991791307926178,0.9571543335914612,0.00820870790630579,0.04284566640853882,0.0346369594335556,False,none
0,0,0.992556631565094,0.944482684135437,0.007443340495228767,0.055517345666885376,0.04807400703430176,False,none
0,0,0.9982321262359619,0.9911292791366577,0.0017678553704172373,0.00887072179466486,0.007102866657078266,False,none
1,0,0.9046341776847839,0.997875988483429,0.9046341776847839,0.0021240327041596174,-0.9025101661682129,True,disagreement
1,0,0.9067500233650208,0.9702947735786438,0.9067500233650208,0.029705220833420753,-0.8770447969436646,True,disagreement
1,0,0.8466342091560364,0.9996776580810547,0.8466342091560364,0.00032234887476079166,-0.8463118672370911,True,disagreement
1,1,0.5798333287239075,0.8441309332847595,0.5798333287239075,0.8441309332847595,0.26429760456085205,False,none
1,0,0.9620392918586731,0.9984791278839111,0.9620392918586731,0.001520900521427393,-0.9605184197425842,True,disagreement
1,0,0.921750009059906,0.9951987266540527,0.921750009059906,0.0048012807965278625,-0.9169487357139587,True,disagreement
1,0,0.7495613694190979,0.7878153324127197,0.7495613694190979,0.21218469738960266,-0.5373766422271729,True,disagreement
0,1,0.891739547252655,0.6957312226295471,0.10826046764850616,0.6957312226295471,0.5874707698822021,True,"disagreement,high_confidence_disagreement"
1,0,0.9567059874534607,0.9995260238647461,0.9567059874534607,0.0004739943833556026,-0.9562320113182068,True,disagreement
1,0,0.9567059874534607,0.9792968034744263,0.9567059874534607,0.02070319838821888,-0.936002790927887,True,disagreement
0,1,0.6598746180534363,0.8912097811698914,0.3401253819465637,0.8912097811698914,0.5510843992233276,True,"disagreement,high_confidence_disagreement"
1,0,0.9341490268707275,0.9995011687278748,0.9341490268707275,0.000498854904435575,-0.9336501955986023,True,disagreement
1,0,0.5644741654396057,0.7647550702095032,0.5644741654396057,0.23524492979049683,-0.3292292356491089,True,disagreement
1,0,0.9654632210731506,0.9975337982177734,0.9654632210731506,0.002466185949742794,-0.9629970192909241,True,disagreement
1,0,0.9572045803070068,0.9998440146446228,0.9572045803070068,0.00015597946185152978,-0.9570485949516296,True,disagreement
1,0,0.9600393176078796,0.9994276165962219,0.9600393176078796,0.0005723550566472113,-0.9594669342041016,True,disagreement
1,0,0.9566946029663086,0.9703232049942017,0.9566946029663086,0.029676781967282295,-0.9270178079605103,True,disagreement
1,0,0.9620279669761658,0.9995140433311462,0.9620279669761658,0.0004859278560616076,-0.961542010307312,True,disagreement
1,0,0.7372493147850037,0.9721599817276001,0.7372493147850037,0.027840042486786842,-0.7094092965126038,True,disagreement
1,0,0.8055269122123718,0.9404798150062561,0.8055269122123718,0.0595201812684536,-0.7460067272186279,True,disagreement
1,0,0.9607484936714172,0.9996320009231567,0.9607484936714172,0.00036799878580495715,-0.960380494594574,True,disagreement
1,0,0.7325091361999512,0.9819761514663696,0.7325091361999512,0.018023865297436714,-0.7144852876663208,True,disagreement
1,0,0.9135386347770691,0.9997768402099609,0.9135386347770691,0.00022313887893687934,-0.91331547498703,True,disagreement
0,1,0.7376480102539062,0.9819912314414978,0.26235198974609375,0.9819912314414978,0.719639241695404,True,"disagreement,high_confidence_disagreement"
0,1,0.5614978671073914,0.9936644434928894,0.43850213289260864,0.9936644434928894,0.5551623106002808,True,disagreement
0,1,0.8002426028251648,0.8269239664077759,0.199757382273674,0.8269239664077759,0.6271665692329407,True,"disagreement,high_confidence_disagreement"
1,0,0.8774999976158142,0.9468958973884583,0.8774999976158142,0.053104087710380554,-0.8243958950042725,True,disagreement
1,0,0.8550000190734863,0.9753297567367554,0.8550000190734863,0.02467026561498642,-0.8303297758102417,True,disagreement
0,1,0.5989694595336914,0.999535858631134,0.401030570268631,0.999535858631134,0.5985052585601807,True,disagreement
1,0,0.944181501865387,0.9998440146446228,0.944181501865387,0.00015597946185152978,-0.9440255165100098,True,disagreement
1,0,0.9017500281333923,0.9991319179534912,0.9017500281333923,0.000868109695147723,-0.9008819460868835,True,disagreement
0,1,0.7490624189376831,0.997470498085022,0.2509376108646393,0.997470498085022,0.7465329170227051,True,"disagreement,high_confidence_disagreement"
1,0,0.9607779383659363,0.9995695948600769,0.9607779383659363,0.0004303811292629689,-0.9603475332260132,True,disagreement
1,0,0.9543469548225403,0.9890888929367065,0.9543469548225403,0.010911095887422562,-0.9434358477592468,True,disagreement
1,0,0.9543469548225403,0.9942113757133484,0.9543469548225403,0.00578861590474844,-0.9485583305358887,True,disagreement
1,0,0.7665714025497437,0.9607981443405151,0.7665714025497437,0.03920185938477516,-0.7273695468902588,True,disagreement
1,0,0.9620392918586731,0.9984642267227173,0.9620392918586731,0.0015357815427705646,-0.9605035185813904,True,disagreement
1,0,0.9607484936714172,0.9996320009231567,0.9607484936714172,0.00036799878580495715,-0.960380494594574,True,disagreement
1,0,0.9567059874534607,0.9928669333457947,0.9567059874534607,0.007133085280656815,-0.9495729207992554,True,disagreement
0,1,0.8638824820518494,0.6858134865760803,0.13611754775047302,0.6858134865760803,0.5496959686279297,True,disagreement
1,0,0.7638606429100037,0.9635687470436096,0.7638606429100037,0.036431245505809784,-0.7274293899536133,True,disagreement
1,0,0.9620392918586731,0.9994992017745972,0.9620392918586731,0.0005008088191971183,-0.9615384936332703,True,disagreement
1,0,0.7394713163375854,0.9906593561172485,0.7394713163375854,0.009340672753751278,-0.730130672454834,True,disagreement
0,0,0.7457194328308105,0.7285009622573853,0.25428053736686707,0.27149900794029236,0.017218470573425293,False,none
1,0,0.9185386300086975,0.9997768402099609,0.9185386300086975,0.00022313887893687934,-0.9183154702186584,True,disagreement
0,1,0.8485527634620667,0.8486056923866272,0.15144722163677216,0.8486056923866272,0.6971584558486938,True,"disagreement,high_confidence_disagreement"
1,0,0.8974999785423279,0.9846031069755554,0.8974999785423279,0.01539689116179943,-0.8821030855178833,True,disagreement
1,0,0.9607484936714172,0.9996320009231567,0.9607484936714172,0.00036799878580495715,-0.960380494594574,True,disagreement
1,0,0.9607893228530884,0.9989721775054932,0.9607893228530884,0.0010278072440996766,-0.9597615003585815,True,disagreement
1,0,0.9654632210731506,0.9981212615966797,0.9654632210731506,0.0018787666922435164,-0.9635844826698303,True,disagreement
0,1,0.7725091576576233,0.8978618383407593,0.2274908423423767,0.8978618383407593,0.6703709959983826,True,"disagreement,high_confidence_disagreement"
0,1,0.8505491018295288,0.7763619422912598,0.14945088326931,0.7763619422912598,0.6269110441207886,True,"disagreement,high_confidence_disagreement"
1,0,0.9473469853401184,0.976762592792511,0.9473469853401184,0.02323739044368267,-0.9241095781326294,True,disagreement
1,0,0.9607484936714172,0.9802234172821045,0.9607484936714172,0.019776595756411552,-0.9409719109535217,True,disagreement
1,0,0.9600279331207275,0.9992586374282837,0.9600279331207275,0.0007413459243252873,-0.9592865705490112,True,disagreement
1,0,0.9651775360107422,0.993322491645813,0.9651775360107422,0.006677495315670967,-0.9585000276565552,True,disagreement
1,0,0.6155789494514465,0.8487282395362854,0.6155789494514465,0.1512717455625534,-0.46430718898773193,True,disagreement
0,1,0.8505491018295288,0.6487855315208435,0.14945088326931,0.6487855315208435,0.4993346333503723,True,disagreement
0,1,0.555148184299469,0.8701320290565491,0.444851815700531,0.8701320290565491,0.42528021335601807,True,disagreement
0,1,0.6003809571266174,0.9956436157226562,0.39961904287338257,0.9956436157226562,0.5960245728492737,True,"disagreement,high_confidence_disagreement"
1,0,0.9587779641151428,0.9872736930847168,0.9587779641151428,0.01272632647305727,-0.9460516571998596,True,disagreement
1,0,0.8528841733932495,0.9007599949836731,0.8528841733932495,0.09923999011516571,-0.7536441683769226,True,disagreement
0,1,0.613476037979126,0.9699320197105408,0.386523962020874,0.9699320197105408,0.5834080576896667,True,"disagreement,high_confidence_disagreement"
1,0,0.9620392918586731,0.9995615482330322,0.9620392918586731,0.00043842647573910654,-0.9616008400917053,True,disagreement
1,1,0.5726178288459778,0.9815107583999634,0.5726178288459778,0.9815107583999634,0.4088929295539856,False,none
1,0,0.7444141507148743,0.9566946625709534,0.7444141507148743,0.04330535978078842,-0.7011088132858276,True,disagreement
1,0,0.7948354482650757,0.9162197113037109,0.7948354482650757,0.08378030359745026,-0.7110551595687866,True,disagreement
0,1,0.8583946228027344,0.6807659268379211,0.14160534739494324,0.6807659268379211,0.5391606092453003,True,disagreement
1,0,0.9654632210731506,0.9975337982177734,0.9654632210731506,0.002466185949742794,-0.9629970192909241,True,disagreement
1,0,0.8684166669845581,0.983851432800293,0.8684166669845581,0.016148550435900688,-0.8522680997848511,True,disagreement
1,0,0.9620392918586731,0.9895140528678894,0.9620392918586731,0.010485927574336529,-0.9515533447265625,True,disagreement
1,0,0.7912232279777527,0.9025658965110779,0.7912232279777527,0.09743411093950272,-0.6937891244888306,True,disagreement
1,0,0.9654632210731506,0.9975337982177734,0.9654632210731506,0.002466185949742794,-0.9629970192909241,True,disagreement
1,0,0.8855000138282776,0.9962548017501831,0.8855000138282776,0.0037451819516718388,-0.8817548155784607,True,disagreement
0,1,0.6306245923042297,0.9992701411247253,0.3693753778934479,0.9992701411247253,0.6298947334289551,True,"disagreement,high_confidence_disagreement"
1,0,0.9607484936714172,0.9995695948600769,0.9607484936714172,0.0004303811292629689,-0.9603180885314941,True,disagreement
1,0,0.9587779641151428,0.9624619483947754,0.9587779641151428,0.03753803297877312,-0.9212399125099182,True,disagreement
1,0,0.6844056844711304,0.9178382158279419,0.6844056844711304,0.0821617990732193,-0.6022439002990723,True,disagreement
1,0,0.8837500214576721,0.9844855666160583,0.8837500214576721,0.015514440834522247,-0.8682355880737305,True,disagreement
1,0,0.8987500071525574,0.9476378560066223,0.8987500071525574,0.05236213281750679,-0.8463878631591797,True,disagreement
1,0,0.9602730870246887,0.943837583065033,0.9602730870246887,0.05616239085793495,-0.9041106700897217,True,disagreement
1,0,0.8362058997154236,0.90274977684021,0.8362058997154236,0.09725023061037064,-0.7389556765556335,True,disagreement
1,0,0.9654632210731506,0.9970027804374695,0.9654632210731506,0.0029972190968692303,-0.9624660015106201,True,disagreement
1,0,0.8817856907844543,0.9955536127090454,0.8817856907844543,0.004446413833647966,-0.8773393034934998,True,disagreement
0,1,0.8269990086555481,0.8176925778388977,0.1730010211467743,0.8176925778388977,0.6446915864944458,True,"disagreement,high_confidence_disagreement"
1,0,0.7432591319084167,0.9930846691131592,0.7432591319084167,0.006915342062711716,-0.7363438010215759,True,disagreement
0,1,0.7430658340454102,0.641403079032898,0.25693416595458984,0.641403079032898,0.3844689130783081,True,disagreement
1,0,0.9522943496704102,0.788278341293335,0.9522943496704102,0.21172164380550385,-0.7405726909637451,True,disagreement
0,1,0.8716227412223816,0.6135779023170471,0.12837722897529602,0.6135779023170471,0.4852006733417511,True,disagreement
1,0,0.9587779641151428,0.9960405230522156,0.9587779641151428,0.003959473222494125,-0.9548184871673584,True,disagreement
1,0,0.7345091104507446,0.9915555119514465,0.7345091104507446,0.00844451691955328,-0.7260646224021912,True,disagreement
1,0,0.9634632468223572,0.9941407442092896,0.9634632468223572,0.005859257187694311,-0.9576039910316467,True,disagreement
1,0,0.9036815166473389,0.9798440337181091,0.9036815166473389,0.020155979320406914,-0.883525550365448,True,disagreement
0,1,0.7873567342758179,0.5250415205955505,0.21264323592185974,0.5250415205955505,0.3123982846736908,True,disagreement
0,1,0.7480658292770386,0.65858393907547,0.2519341707229614,0.65858393907547,0.40664976835250854,True,disagreement
1,0,0.9543469548225403,0.9893071055412292,0.9543469548225403,0.010692905634641647,-0.9436540603637695,True,disagreement
1,0,0.8929072618484497,0.9996776580810547,0.8929072618484497,0.00032234887476079166,-0.8925849199295044,True,disagreement
1,0,0.9600393176078796,0.9992586374282837,0.9600393176078796,0.0007413459243252873,-0.9592979550361633,True,disagreement
1,0,0.9620392918586731,0.9996599555015564,0.9620392918586731,0.00034006580244749784,-0.9616992473602295,True,disagreement
1,0,0.9607779383659363,0.9996320009231567,0.9607779383659363,0.00036799878580495715,-0.960409939289093,True,disagreement
0,1,0.7799698710441589,0.8748117089271545,0.22003014385700226,0.8748117089271545,0.6547815799713135,True,"disagreement,high_confidence_disagreement"
1,0,0.9607779383659363,0.9995844960212708,0.9607779383659363,0.0004155001661274582,-0.960362434387207,True,disagreement
1,0,0.6890486478805542,0.8867619037628174,0.6890486478805542,0.11323807388544083,-0.5758105516433716,True,disagreement
1,0,0.9620392918586731,0.9996599555015564,0.9620392918586731,0.00034006580244749784,-0.9616992473602295,True,disagreement
1,0,0.784471869468689,0.8559691905975342,0.784471869468689,0.14403082430362701,-0.6404410600662231,True,disagreement
1,0,0.9620392918586731,0.9996599555015564,0.9620392918586731,0.00034006580244749784,-0.9616992473602295,True,disagreement
1,0,0.9367499947547913,0.9995530843734741,0.9367499947547913,0.00044690686627291143,-0.9363030791282654,True,disagreement
1,0,0.7519314885139465,0.9930669665336609,0.7519314885139465,0.0069330413825809956,-0.7449984550476074,True,disagreement
0,1,0.8583946228027344,0.7334325909614563,0.14160534739494324,0.7334325909614563,0.5918272733688354,True,"disagreement,high_confidence_disagreement"
1,0,0.9654632210731506,0.9969878792762756,0.9654632210731506,0.00301210000179708,-0.9624511003494263,True,disagreement
1,0,0.8867499828338623,0.9994747638702393,0.8867499828338623,0.000525234208907932,-0.8862247467041016,True,disagreement
1,0,0.9567059874534607,0.9995861053466797,0.9567059874534607,0.00041387497913092375,-0.9562920928001404,True,disagreement
1,0,0.9607484936714172,0.9983564019203186,0.9607484936714172,0.0016435947036370635,-0.9591048955917358,True,disagreement
1,1,0.6293289661407471,0.5364243388175964,0.6293289661407471,0.5364243388175964,-0.09290462732315063,False,none
1,0,0.7658955454826355,0.6240763068199158,0.7658955454826355,0.37592369318008423,-0.38997185230255127,True,disagreement
1,0,0.9654632210731506,0.9991212487220764,0.9654632210731506,0.000878766702953726,-0.964584469795227,True,disagreement
1,0,0.5519599318504333,0.8325897455215454,0.5519599318504333,0.1674102544784546,-0.38454967737197876,True,disagreement
0,0,0.5264109969139099,0.6144804954528809,0.4735890030860901,0.38551950454711914,-0.08806949853897095,False,none
1,0,0.7389535307884216,0.9805467128753662,0.7389535307884216,0.01945328898727894,-0.7195002436637878,True,disagreement
1,1,0.5252261757850647,0.983887255191803,0.5252261757850647,0.983887255191803,0.4586610794067383,False,none
0,1,0.7597348093986511,0.9967818856239319,0.24026519060134888,0.9967818856239319,0.756516695022583,True,"disagreement,high_confidence_disagreement"
1,0,0.9607779383659363,0.9994789361953735,0.9607779383659363,0.0005210600211285055,-0.9602568745613098,True,disagreement
1,0,0.8205357193946838,0.9998307228088379,0.8205357193946838,0.00016928763943724334,-0.8203664422035217,True,disagreement
1,0,0.9185386300086975,0.9997768402099609,0.9185386300086975,0.00022313887893687934,-0.9183154702186584,True,disagreement
1,0,0.8855000138282776,0.9967337250709534,0.8855000138282776,0.003266263287514448,-0.882233738899231,True,disagreement
1,0,0.9215386509895325,0.9980441927909851,0.9215386509895325,0.001955782761797309,-0.9195828437805176,True,disagreement
1,0,0.9620392918586731,0.9989431500434875,0.9620392918586731,0.0010568770812824368,-0.9609824419021606,True,disagreement
1,0,0.9620392918586731,0.9984642267227173,0.9620392918586731,0.0015357815427705646,-0.9605035185813904,True,disagreement
1,0,0.9135386347770691,0.9896833300590515,0.9135386347770691,0.010316649451851845,-0.9032219648361206,True,disagreement
1,0,0.8367857336997986,0.9622421860694885,0.8367857336997986,0.03775781765580177,-0.7990279197692871,True,disagreement
1,0,0.8317857384681702,0.9919973611831665,0.8317857384681702,0.008002621121704578,-0.8237830996513367,True,disagreement
1,0,0.9607484936714172,0.9996320009231567,0.9607484936714172,0.00036799878580495715,-0.960380494594574,True,disagreement
1,0,0.9086815118789673,0.9698440432548523,0.9086815118789673,0.030155979096889496,-0.8785255551338196,True,disagreement
1,0,0.9634632468223572,0.9957243800163269,0.9634632468223572,0.004275600425899029,-0.9591876268386841,True,disagreement
1,0,0.806841254234314,0.9192196130752563,0.806841254234314,0.08078036457300186,-0.7260608673095703,True,disagreement
1,1,0.5366896986961365,0.9776688814163208,0.5366896986961365,0.9776688814163208,0.4409791827201843,False,none
0,1,0.7559698820114136,0.9735376834869385,0.24403013288974762,0.9735376834869385,0.729507565498352,True,"disagreement,high_confidence_disagreement"
0,1,0.7028777003288269,0.8587580919265747,0.2971223294734955,0.8587580919265747,0.5616357326507568,True,"disagreement,high_confidence_disagreement"
1,0,0.9543469548225403,0.9793376922607422,0.9543469548225403,0.020662324503064156,-0.9336846470832825,True,disagreement
0,1,0.7640649676322937,0.6907375454902649,0.2359350174665451,0.6907375454902649,0.4548025131225586,True,disagreement
1,0,0.734471321105957,0.9912044405937195,0.734471321105957,0.008795549161732197,-0.7256757616996765,True,disagreement
1,0,0.9587779641151428,0.9994789361953735,0.9587779641151428,0.0005210600211285055,-0.9582569003105164,True,disagreement
1,0,0.9317499995231628,0.9979338645935059,0.9317499995231628,0.0020661617163568735,-0.9296838641166687,True,disagreement
1,0,0.9607779383659363,0.9993922114372253,0.9607779383659363,0.0006078078295104206,-0.9601701498031616,True,disagreement
1,0,0.9607779383659363,0.9895845055580139,0.9607779383659363,0.010415500029921532,-0.9503624439239502,True,disagreement
1,0,0.9417499899864197,0.9995530843734741,0.9417499899864197,0.00044690686627291143,-0.9413030743598938,True,disagreement
1,0,0.9557779431343079,0.9854737520217896,0.9557779431343079,0.014526271261274815,-0.9412516951560974,True,disagreement
0,0,0.7633571624755859,0.7132169008255005,0.23664285242557526,0.2867830991744995,0.050140246748924255,False,none
1,0,0.9654632210731506,0.9983224868774414,0.9654632210731506,0.0016774955438449979,-0.963785707950592,True,disagreement
1,0,0.9654632210731506,0.997420608997345,0.9654632210731506,0.002579376334324479,-0.9628838300704956,True,disagreement
1,0,0.9634518623352051,0.9991628527641296,0.9634518623352051,0.0008371265139430761,-0.9626147150993347,True,disagreement
1,0,0.8075352907180786,0.7732223272323608,0.8075352907180786,0.22677767276763916,-0.5807576179504395,True,disagreement
1,0,0.9654632210731506,0.9993225336074829,0.9654632210731506,0.0006774954963475466,-0.9647857546806335,True,disagreement
1,0,0.7411162257194519,0.9922336339950562,0.7411162257194519,0.007766374386847019,-0.7333498597145081,True,disagreement
0,1,0.8567634224891663,0.5652124285697937,0.14323656260967255,0.5652124285697937,0.42197585105895996,True,disagreement
0,1,0.6423419713973999,0.8588840961456299,0.3576580584049225,0.8588840961456299,0.5012260675430298,True,disagreement
1,0,0.7482591271400452,0.9922336339950562,0.7482591271400452,0.007766374386847019,-0.7404927611351013,True,disagreement
0,1,0.7490624189376831,0.9967818856239319,0.2509376108646393,0.9967818856239319,0.7458442449569702,True,"disagreement,high_confidence_disagreement"
1,0,0.9587779641151428,0.9793816208839417,0.9587779641151428,0.0206183809787035,-0.9381595849990845,True,disagreement
0,1,0.8407078385353088,0.5390611290931702,0.15929214656352997,0.5390611290931702,0.379768967628479,True,disagreement
1,0,0.9567059874534607,0.9998440146446228,0.9567059874534607,0.00015597946185152978,-0.9565500020980835,True,disagreement
0,1,0.5889385938644409,0.9594737887382507,0.4110613763332367,0.9594737887382507,0.5484124422073364,True,disagreement
1,0,0.9607484936714172,0.9358545541763306,0.9607484936714172,0.06414547562599182,-0.896602988243103,True,disagreement
1,0,0.9607779383659363,0.9996109008789062,0.9607779383659363,0.00038907359703443944,-0.9603888392448425,True,disagreement
1,0,0.6674047708511353,0.8832360506057739,0.6674047708511353,0.11676392704248428,-0.5506408214569092,True,disagreement
1,0,0.6065789461135864,0.9485993981361389,0.6065789461135864,0.05140060558915138,-0.5551783442497253,True,disagreement
1,0,0.9267500042915344,0.9994747638702393,0.9267500042915344,0.000525234208907932,-0.9262247681617737,True,disagreement
1,0,0.9473469853401184,0.951885998249054,0.9473469853401184,0.048113998025655746,-0.8992329835891724,True,disagreement
1,0,0.9177879095077515,0.9997920989990234,0.9177879095077515,0.00020792751456610858,-0.9175800085067749,True,disagreement
0,1,0.5849694609642029,0.999535858631134,0.4150305688381195,0.999535858631134,0.5845053195953369,True,disagreement
0,1,0.7391662001609802,0.8728424310684204,0.26083382964134216,0.8728424310684204,0.6120085716247559,True,"disagreement,high_confidence_disagreement"
1,0,0.7411162257194519,0.9915378093719482,0.7411162257194519,0.008462215773761272,-0.7326540350914001,True,disagreement
0,1,0.7065765857696533,0.9977760314941406,0.2934234142303467,0.9977760314941406,0.704352617263794,True,"disagreement,high_confidence_disagreement"
1,0,0.9587779641151428,0.9890813827514648,0.9587779641151428,0.01091859396547079,-0.9478593468666077,True,disagreement
1,0,0.9620392918586731,0.9993569254875183,0.9620392918586731,0.0006430785288102925,-0.9613962173461914,True,disagreement
1,0,0.9600393176078796,0.9994276165962219,0.9600393176078796,0.0005723550566472113,-0.9594669342041016,True,disagreement
1,0,0.9003841876983643,0.9036526679992676,0.9003841876983643,0.09634732455015182,-0.8040368556976318,True,disagreement
1,0,0.9607484936714172,0.9886443018913269,0.9607484936714172,0.011355715803802013,-0.9493927955627441,True,disagreement
1,0,0.6831793785095215,0.8640665411949158,0.6831793785095215,0.13593345880508423,-0.5472459197044373,True,disagreement
1,0,0.9654823541641235,0.9979881644248962,0.9654823541641235,0.002011829288676381,-0.9634705185890198,True,disagreement
0,1,0.5516901612281799,0.9947037696838379,0.44830983877182007,0.9947037696838379,0.5463939309120178,True,disagreement
0,1,0.8617634177207947,0.7049380540847778,0.13823656737804413,0.7049380540847778,0.5667014718055725,True,"disagreement,high_confidence_disagreement"
1,0,0.7390548586845398,0.9854663610458374,0.7390548586845398,0.014533661305904388,-0.7245212197303772,True,disagreement
0,1,0.7430658340454102,0.8370090126991272,0.25693416595458984,0.8370090126991272,0.5800748467445374,True,"disagreement,high_confidence_disagreement"
1,0,0.958748459815979,0.9982224702835083,0.958748459815979,0.001777523197233677,-0.9569709300994873,True,disagreement
1,0,0.9654632210731506,0.9983224868774414,0.9654632210731506,0.0016774955438449979,-0.963785707950592,True,disagreement
0,1,0.7614014744758606,0.9976378083229065,0.2385985106229782,0.9976378083229065,0.7590392827987671,True,"disagreement,high_confidence_disagreement"
1,0,0.7402591109275818,0.8999595642089844,0.7402591109275818,0.10004046559333801,-0.6402186155319214,True,disagreement
1,0,0.8846341967582703,0.9997920989990234,0.8846341967582703,0.00020792751456610858,-0.8844262957572937,True,disagreement
1,0,0.7432591319084167,0.9930846691131592,0.7432591319084167,0.006915342062711716,-0.7363438010215759,True,disagreement
0,0,0.5382277965545654,0.9281666278839111,0.46177220344543457,0.07183334976434708,-0.3899388611316681,False,none
1,0,0.8433928489685059,0.9931412935256958,0.8433928489685059,0.006858681794255972,-0.8365341424942017,True,disagreement
1,0,0.963177502155304,0.993622362613678,0.963177502155304,0.006377658806741238,-0.9567998647689819,True,disagreement
1,0,0.9634632468223572,0.9983325600624084,0.9634632468223572,0.0016674571670591831,-0.9617958068847656,True,disagreement
0,1,0.7551349401473999,0.9040921330451965,0.2448650747537613,0.9040921330451965,0.6592270731925964,True,"disagreement,high_confidence_disagreement"
0,1,0.6271695494651794,0.8355673551559448,0.37283045053482056,0.8355673551559448,0.46273690462112427,True,disagreement
1,0,0.9543469548225403,0.9784786701202393,0.9543469548225403,0.021521354094147682,-0.9328256249427795,True,disagreement
1,0,0.9317499995231628,0.9991838335990906,0.9317499995231628,0.0008161616278812289,-0.9309338331222534,True,disagreement
0,1,0.6306245923042297,0.9990964531898499,0.3693753778934479,0.9990964531898499,0.6297210454940796,True,"disagreement,high_confidence_disagreement"
0,1,0.5802083611488342,0.8511642813682556,0.41979166865348816,0.8511642813682556,0.43137261271476746,True,disagreement
0,1,0.8455491065979004,0.6438825726509094,0.15445087850093842,0.6438825726509094,0.4894316792488098,True,disagreement
1,0,0.9607484936714172,0.9995695948600769,0.9607484936714172,0.0004303811292629689,-0.9603180885314941,True,disagreement
1,0,0.904134213924408,0.9642933011054993,0.904134213924408,0.03570668399333954,-0.8684275150299072,True,disagreement
1,0,0.9408714771270752,0.9098057150840759,0.9408714771270752,0.09019429981708527,-0.8506771922111511,True,disagreement
1,0,0.9155969619750977,0.9788301587104797,0.9155969619750977,0.02116982638835907,-0.8944271206855774,True,disagreement
1,0,0.785007894039154,0.8969815969467163,0.785007894039154,0.1030183956027031,-0.6819894909858704,True,disagreement
1,0,0.6503609418869019,0.9846100807189941,0.6503609418869019,0.01538992952555418,-0.634971022605896,True,disagreement
1,0,0.9654632210731506,0.9993225336074829,0.9654632210731506,0.0006774954963475466,-0.9647857546806335,True,disagreement
0,1,0.7825742363929749,0.6047741174697876,0.21742577850818634,0.6047741174697876,0.38734835386276245,True,disagreement
0,1,0.8944732546806335,0.7986485362052917,0.10552673041820526,0.7986485362052917,0.6931217908859253,True,"disagreement,high_confidence_disagreement"
1,0,0.9374823570251465,0.9995011687278748,0.9374823570251465,0.000498854904435575,-0.9369835257530212,True,disagreement
0,1,0.6029192805290222,0.9686259627342224,0.39708074927330017,0.9686259627342224,0.5715452432632446,True,"disagreement,high_confidence_disagreement"
1,1,0.9733259081840515,0.5576854944229126,0.9733259081840515,0.5576854944229126,-0.4156404137611389,False,none
0,1,0.593969464302063,0.9990894198417664,0.4060305655002594,0.9990894198417664,0.5930588245391846,True,disagreement
1,0,0.6259360909461975,0.5529886484146118,0.6259360909461975,0.44701138138771057,-0.17892470955848694,True,disagreement
1,0,0.8849675059318542,0.8374118804931641,0.8849675059318542,0.16258810460567474,-0.7223793864250183,True,disagreement
1,0,0.8917499780654907,0.9991319179534912,0.8917499780654907,0.000868109695147723,-0.8908818960189819,True,disagreement
0,1,0.6306245923042297,0.9990964531898499,0.3693753778934479,0.9990964531898499,0.6297210454940796,True,"disagreement,high_confidence_disagreement"
1,0,0.9213912487030029,0.9344714879989624,0.9213912487030029,0.06552853435277939,-0.8558627367019653,True,disagreement
1,0,0.9607484936714172,0.9983564019203186,0.9607484936714172,0.0016435947036370635,-0.9591048955917358,True,disagreement
1,0,0.9438219666481018,0.9998440146446228,0.9438219666481018,0.00015597946185152978,-0.9436659812927246,True,disagreement
1,0,0.8967857360839844,0.9915388822555542,0.8967857360839844,0.008461114019155502,-0.8883246183395386,True,disagreement
1,0,0.897014856338501,0.9998440146446228,0.897014856338501,0.00015597946185152978,-0.8968588709831238,True,disagreement
1,0,0.7325091361999512,0.9379565119743347,0.7325091361999512,0.06204347684979439,-0.6704656481742859,True,disagreement
1,0,0.8964459300041199,0.9838802218437195,0.8964459300041199,0.01611979305744171,-0.8803261518478394,True,disagreement
1,0,0.8615144491195679,0.9944843649864197,0.8615144491195679,0.005515648517757654,-0.8559988141059875,True,disagreement
1,0,0.9135386347770691,0.9760268330574036,0.9135386347770691,0.023973139002919197,-0.8895654678344727,True,disagreement
1,0,0.7494713068008423,0.9917817115783691,0.7494713068008423,0.00821826420724392,-0.7412530183792114,True,disagreement
1,0,0.9096307754516602,0.9960420727729797,0.9096307754516602,0.003957927692681551,-0.9056728482246399,True,disagreement
0,1,0.7433604598045349,0.9854669570922852,0.2566395699977875,0.9854669570922852,0.7288273572921753,True,"disagreement,high_confidence_disagreement"
0,1,0.6336246132850647,0.9901056289672852,0.3663753867149353,0.9901056289672852,0.6237302422523499,True,"disagreement,high_confidence_disagreement"
1,0,0.958748459815979,0.9092400074005127,0.958748459815979,0.09075998514890671,-0.8679884672164917,True,disagreement
1,0,0.958748459815979,0.799277126789093,0.958748459815979,0.20072288811206818,-0.758025586605072,True,disagreement
1,0,0.9587779641151428,0.9424593448638916,0.9587779641151428,0.05754062905907631,-0.9012373089790344,True,disagreement
1,0,0.7973729968070984,0.9559433460235596,0.7973729968070984,0.04405663534998894,-0.753316342830658,True,disagreement
1,0,0.9215386509895325,0.9980441927909851,0.9215386509895325,0.001955782761797309,-0.9195828437805176,True,disagreement
1,0,0.958748459815979,0.9880405068397522,0.958748459815979,0.011959473602473736,-0.9467889666557312,True,disagreement
1,0,0.7444713115692139,0.9870105981826782,0.7444713115692139,0.012989379465579987,-0.7314819097518921,True,disagreement
1,0,0.8186222910881042,0.8993460536003113,0.8186222910881042,0.10065396130084991,-0.7179683446884155,True,disagreement
1,0,0.8967660665512085,0.9768510460853577,0.8967660665512085,0.023148974403738976,-0.8736171126365662,True,disagreement
1,0,0.9620392918586731,0.9989721775054932,0.9620392918586731,0.0010278072440996766,-0.9610114693641663,True,disagreement
1,0,0.9620392918586731,0.9996124505996704,0.9620392918586731,0.00038756721187382936,-0.9616517424583435,True,disagreement
0,1,0.615384578704834,0.9287489056587219,0.38461539149284363,0.9287489056587219,0.5441335439682007,True,disagreement
0,1,0.7148585915565491,0.8615071773529053,0.2851414084434509,0.8615071773529053,0.5763657689094543,True,"disagreement,high_confidence_disagreement"
1,0,0.9607779383659363,0.9497353434562683,0.9607779383659363,0.0502646379172802,-0.9105132818222046,True,disagreement
1,0,0.9634632468223572,0.9987303018569946,0.9634632468223572,0.0012697249185293913,-0.9621935486793518,True,disagreement
1,0,0.8505508899688721,0.9861934185028076,0.8505508899688721,0.013806580565869808,-0.8367443084716797,True,disagreement
1,0,0.7411162257194519,0.9908522963523865,0.7411162257194519,0.00914769060909748,-0.7319685220718384,True,disagreement
0,1,0.6207938194274902,0.9933091402053833,0.37920621037483215,0.9933091402053833,0.6141029596328735,True,"disagreement,high_confidence_disagreement"
1,0,0.8913690447807312,0.9996776580810547,0.8913690447807312,0.00032234887476079166,-0.8910467028617859,True,disagreement
1,0,0.9620392918586731,0.9994992017745972,0.9620392918586731,0.0005008088191971183,-0.9615384936332703,True,disagreement
1,0,0.9354886412620544,0.9998440146446228,0.9354886412620544,0.00015597946185152978,-0.9353326559066772,True,disagreement
1,0,0.9654632210731506,0.996431827545166,0.9654632210731506,0.0035681682638823986,-0.9618950486183167,True,disagreement
1,0,0.9036622643470764,0.8259536623954773,0.9036622643470764,0.1740463376045227,-0.7296159267425537,True,disagreement
1,0,0.9567059874534607,0.9890831112861633,0.9567059874534607,0.010916906408965588,-0.945789098739624,True,disagreement
1,0,0.9085386395454407,0.9927263855934143,0.9085386395454407,0.007273624651134014,-0.901265025138855,True,disagreement
1,0,0.9620392918586731,0.994612455368042,0.9620392918586731,0.005387566983699799,-0.9566517472267151,True,disagreement
0,1,0.6060535907745361,0.7612366080284119,0.39394643902778625,0.7612366080284119,0.3672901690006256,True,disagreement
0,1,0.7712198495864868,0.9483272433280945,0.228780135512352,0.9483272433280945,0.7195470929145813,True,"disagreement,high_confidence_disagreement"
0,1,0.7425102591514587,0.7708686590194702,0.25748974084854126,0.7708686590194702,0.513378918170929,True,disagreement
1,0,0.9483527541160583,0.9998440146446228,0.9483527541160583,0.00015597946185152978,-0.9481967687606812,True,disagreement
1,0,0.9654632210731506,0.9995615482330322,0.9654632210731506,0.00043842647573910654,-0.9650247693061829,True,disagreement
1,0,0.9607779383659363,0.9996320009231567,0.9607779383659363,0.00036799878580495715,-0.960409939289093,True,disagreement
1,0,0.9429886341094971,0.9998440146446228,0.9429886341094971,0.00015597946185152978,-0.9428326487541199,True,disagreement
1,0,0.7800548076629639,0.9547731280326843,0.7800548076629639,0.04522686451673508,-0.7348279356956482,True,disagreement
0,1,0.6977313160896301,0.7515054941177368,0.30226871371269226,0.7515054941177368,0.44923678040504456,True,disagreement
1,0,0.9654632210731506,0.9993225336074829,0.9654632210731506,0.0006774954963475466,-0.9647857546806335,True,disagreement
1,0,0.7768717408180237,0.9849461913108826,0.7768717408180237,0.015053828246891499,-0.7618179321289062,True,disagreement
1,0,0.9607484936714172,0.9996320009231567,0.9607484936714172,0.00036799878580495715,-0.960380494594574,True,disagreement
1,0,0.9317499995231628,0.9991838335990906,0.9317499995231628,0.0008161616278812289,-0.9309338331222534,True,disagreement
1,0,0.7785348296165466,0.9267197847366333,0.7785348296165466,0.0732802078127861,-0.7052546143531799,True,disagreement
1,0,0.7728272676467896,0.8772280216217041,0.7728272676467896,0.12277194857597351,-0.6500552892684937,True,disagreement
1,0,0.9135386347770691,0.9997768402099609,0.9135386347770691,0.00022313887893687934,-0.91331547498703,True,disagreement
0,1,0.8171916604042053,0.894504725933075,0.18280832469463348,0.894504725933075,0.7116963863372803,True,"disagreement,high_confidence_disagreement"
1,0,0.9654632210731506,0.9983997941017151,0.9654632210731506,0.0016002096235752106,-0.9638630151748657,True,disagreement
1,0,0.8444883823394775,0.8139143586158752,0.8444883823394775,0.18608562648296356,-0.6584027409553528,True,disagreement
1,0,0.9587779641151428,0.9578610062599182,0.9587779641151428,0.04213900491595268,-0.916638970375061,True,disagreement
1,0,0.8896307349205017,0.9997920989990234,0.8896307349205017,0.00020792751456610858,-0.8894228339195251,True,disagreement
1,0,0.7322350740432739,0.9804300665855408,0.7322350740432739,0.019569935277104378,-0.7126651406288147,True,disagreement
1,0,0.9235386252403259,0.9997768402099609,0.9235386252403259,0.00022313887893687934,-0.9233154654502869,True,disagreement
1,0,0.9634632468223572,0.9983999133110046,0.9634632468223572,0.001600114512257278,-0.9618631601333618,True,disagreement
1,0,0.9245148301124573,0.9998440146446228,0.9245148301124573,0.00015597946185152978,-0.9243588447570801,True,disagreement
0,1,0.8617634177207947,0.6350969672203064,0.13823656737804413,0.6350969672203064,0.4968603849411011,True,disagreement
1,0,0.8814459443092346,0.9922694563865662,0.8814459443092346,0.007730536628514528,-0.8737154006958008,True,disagreement
1,0,0.9607484936714172,0.9933564066886902,0.9607484936714172,0.006643594708293676,-0.9541049003601074,True,disagreement
1,0,0.8682413697242737,0.984568178653717,0.8682413697242737,0.015431808307766914,-0.8528095483779907,True,disagreement
1,0,0.9587779641151428,0.9952616691589355,0.9587779641151428,0.004738359712064266,-0.9540396332740784,True,disagreement
1,0,0.9607779383659363,0.9996320009231567,0.9607779383659363,0.00036799878580495715,-0.960409939289093,True,disagreement
1,0,0.8267857432365417,0.9922895431518555,0.8267857432365417,0.00771045358851552,-0.8190752863883972,True,disagreement
1,0,0.7186189889907837,0.9671586155891418,0.7186189889907837,0.032841362059116364,-0.6857776045799255,True,disagreement
1,0,0.9587779641151428,0.999080240726471,0.9587779641151428,0.0009197600302286446,-0.9578582048416138,True,disagreement
1,0,0.8849073052406311,0.9049962162971497,0.8849073052406311,0.09500378370285034,-0.7899035215377808,True,disagreement
1,0,0.9654632210731506,0.9889545440673828,0.9654632210731506,0.011045433580875397,-0.9544177651405334,True,disagreement
1,0,0.9620279669761658,0.9996388554573059,0.9620279669761658,0.00036114061367698014,-0.9616668224334717,True,disagreement
1,0,0.753221333026886,0.9913551807403564,0.753221333026886,0.0086448322981596,-0.7445765137672424,True,disagreement
1,0,0.9407879114151001,0.9952607154846191,0.9407879114151001,0.004739312920719385,-0.9360486268997192,True,disagreement
1,0,0.9620392918586731,0.9989579916000366,0.9620392918586731,0.0010419960599392653,-0.9609972834587097,True,disagreement
1,0,0.9634518623352051,0.950775682926178,0.9634518623352051,0.04922429472208023,-0.9142275452613831,True,disagreement
1,1,0.5413452386856079,0.8888176083564758,0.5413452386856079,0.8888176083564758,0.3474723696708679,False,none
1,0,0.7440548539161682,0.9815000295639038,0.7440548539161682,0.018499987199902534,-0.725554883480072,True,disagreement
1,0,0.9504559636116028,0.8256140947341919,0.9504559636116028,0.17438587546348572,-0.7760701179504395,True,disagreement
0,0,0.5166804194450378,0.6474162936210632,0.48331958055496216,0.35258370637893677,-0.1307358741760254,False,none
1,1,0.561119019985199,0.8565624356269836,0.561119019985199,0.8565624356269836,0.29544341564178467,False,none
1,0,0.9607779383659363,0.9853971004486084,0.9607779383659363,0.014602888375520706,-0.9461750388145447,True,disagreement
1,0,0.7079222202301025,0.8954890370368958,0.7079222202301025,0.10451094806194305,-0.6034112572669983,True,disagreement
1,0,0.9607484936714172,0.9917915463447571,0.9607484936714172,0.008208432234823704,-0.9525400400161743,True,disagreement
1,0,0.8910357356071472,0.9997920989990234,0.8910357356071472,0.00020792751456610858,-0.8908278346061707,True,disagreement
0,1,0.5826528072357178,0.9324288368225098,0.4173472225666046,0.9324288368225098,0.5150816440582275,True,disagreement
0,0,0.8355528116226196,0.592870831489563,0.16444721817970276,0.4071291387081146,0.24268192052841187,False,none
1,0,0.7963840365409851,0.9530558586120605,0.7963840365409851,0.04694412648677826,-0.7494398951530457,True,disagreement
1,0,0.9523469805717468,0.9329324960708618,0.9523469805717468,0.0670674741268158,-0.8852795362472534,True,disagreement
1,0,0.9587779641151428,0.9825295805931091,0.9587779641151428,0.017470426857471466,-0.941307544708252,True,disagreement
1,0,0.9607484936714172,0.9983564019203186,0.9607484936714172,0.0016435947036370635,-0.9591048955917358,True,disagreement
0,1,0.7847198843955994,0.9661920666694641,0.21528014540672302,0.9661920666694641,0.7509119510650635,True,"disagreement,high_confidence_disagreement"
1,0,0.9255386590957642,0.9980441927909851,0.9255386590957642,0.001955782761797309,-0.9235828518867493,True,disagreement
1,0,0.9620392918586731,0.9984642267227173,0.9620392918586731,0.0015357815427705646,-0.9605035185813904,True,disagreement
0,1,0.8843585848808289,0.9237633943557739,0.11564142256975174,0.9237633943557739,0.8081219792366028,True,"disagreement,high_confidence_disagreement"
1,0,0.887499988079071,0.9944984912872314,0.887499988079071,0.005501518025994301,-0.8819984793663025,True,disagreement
1,0,0.9607484936714172,0.9983564019203186,0.9607484936714172,0.0016435947036370635,-0.9591048955917358,True,disagreement
0,1,0.6058154106140137,0.9922580718994141,0.39418458938598633,0.9922580718994141,0.5980734825134277,True,"disagreement,high_confidence_disagreement"
1,0,0.9566946029663086,0.9993569254875183,0.9566946029663086,0.0006430785288102925,-0.9560515284538269,True,disagreement
0,1,0.5931246280670166,0.9991748929023743,0.4068754017353058,0.9991748929023743,0.5922994613647461,True,disagreement
1,0,0.9017500281333923,0.9789025187492371,0.9017500281333923,0.021097460761666298,-0.8806525468826294,True,disagreement
1,0,0.9607779383659363,0.9996320009231567,0.9607779383659363,0.00036799878580495715,-0.960409939289093,True,disagreement
0,1,0.7299098968505859,0.9982266426086426,0.2700900733470917,0.9982266426086426,0.7281365394592285,True,"disagreement,high_confidence_disagreement"
0,0,0.5144749283790588,0.6344591379165649,0.48552507162094116,0.36554086208343506,-0.1199842095375061,False,none
1,0,0.7865498065948486,0.9605923891067505,0.7865498065948486,0.03940761461853981,-0.7471421957015991,True,disagreement
1,0,0.9607779383659363,0.9996320009231567,0.9607779383659363,0.00036799878580495715,-0.960409939289093,True,disagreement
1,0,0.9654632210731506,0.9980027675628662,0.9654632210731506,0.001997219165787101,-0.9634659886360168,True,disagreement
1,0,0.9634632468223572,0.9955544471740723,0.9634632468223572,0.004445566795766354,-0.9590176939964294,True,disagreement
0,1,0.5566901564598083,0.9997037649154663,0.44330984354019165,0.9997037649154663,0.5563939213752747,True,disagreement
0,1,0.582565426826477,0.9626174569129944,0.41743460297584534,0.9626174569129944,0.5451828241348267,True,disagreement
0,0,0.7633571624755859,0.5566995143890381,0.23664285242557526,0.4433005154132843,0.20665766298770905,False,none
1,0,0.6131444573402405,0.6671839952468872,0.6131444573402405,0.3328160047531128,-0.2803284525871277,True,disagreement
0,1,0.7170743346214294,0.9439603090286255,0.28292566537857056,0.9439603090286255,0.6610346436500549,True,"disagreement,high_confidence_disagreement"
0,1,0.7349126935005188,0.6062823534011841,0.2650873064994812,0.6062823534011841,0.3411950469017029,True,disagreement
1,0,0.7433326244354248,0.9592484831809998,0.7433326244354248,0.04075152799487114,-0.7025811076164246,True,disagreement
1,0,0.9317499995231628,0.9991838335990906,0.9317499995231628,0.0008161616278812289,-0.9309338331222534,True,disagreement
0,0,0.5278111100196838,0.9381228089332581,0.47218888998031616,0.06187722086906433,-0.41031166911125183,False,none
1,0,0.9607484936714172,0.995998203754425,0.9607484936714172,0.004001809749752283,-0.9567466974258423,True,disagreement
1,1,0.5282845497131348,0.9889141321182251,0.5282845497131348,0.9889141321182251,0.46062958240509033,False,none
1,0,0.9607484936714172,0.9713398814201355,0.9607484936714172,0.028660133481025696,-0.9320883750915527,True,disagreement
0,1,0.7736514806747437,0.9977036118507385,0.22634851932525635,0.9977036118507385,0.7713550925254822,True,"disagreement,high_confidence_disagreement"
1,0,0.8316342234611511,0.9996776580810547,0.8316342234611511,0.00032234887476079166,-0.8313118815422058,True,disagreement
1,0,0.8920148611068726,0.9998440146446228,0.8920148611068726,0.00015597946185152978,-0.8918588757514954,True,disagreement
1,0,0.8539496660232544,0.9969510436058044,0.8539496660232544,0.003048941493034363,-0.8509007096290588,True,disagreement
1,0,0.9654632210731506,0.9995615482330322,0.9654632210731506,0.00043842647573910654,-0.9650247693061829,True,disagreement
1,0,0.9607484936714172,0.9995695948600769,0.9607484936714172,0.0004303811292629689,-0.9603180885314941,True,disagreement
1,0,0.9607779383659363,0.9853971004486084,0.9607779383659363,0.014602888375520706,-0.9461750388145447,True,disagreement
1,0,0.9654632210731506,0.9996216893196106,0.9654632210731506,0.00037830707151442766,-0.9650849103927612,True,disagreement
0,1,0.751801609992981,0.8415672183036804,0.24819841980934143,0.8415672183036804,0.5933687686920166,True,"disagreement,high_confidence_disagreement"
1,0,0.8774999976158142,0.9935737252235413,0.8774999976158142,0.006426277104765177,-0.8710737228393555,True,disagreement
0,1,0.6256245970726013,0.9994148015975952,0.3743754029273987,0.9994148015975952,0.6250393986701965,True,"disagreement,high_confidence_disagreement"
1,0,0.9543469548225403,0.6817480325698853,0.9543469548225403,0.31825196743011475,-0.6360949873924255,True,disagreement
1,0,0.958748459815979,0.8172797560691833,0.958748459815979,0.18272022902965546,-0.7760282158851624,True,disagreement
1,0,0.8313690423965454,0.9996776580810547,0.8313690423965454,0.00032234887476079166,-0.8310467004776001,True,disagreement
1,0,0.9543469548225403,0.9934397339820862,0.9543469548225403,0.006560252048075199,-0.9477866888046265,True,disagreement
0,1,0.6329935789108276,0.5048147439956665,0.36700642108917236,0.5048147439956665,0.13780832290649414,True,disagreement
1,0,0.9654632210731506,0.9973325133323669,0.9654632210731506,0.0026674570981413126,-0.9627957344055176,True,disagreement
0,1,0.8643724322319031,0.9882311820983887,0.13562758266925812,0.9882311820983887,0.8526036143302917,True,"disagreement,high_confidence_disagreement"
0,1,0.7545477151870728,0.7095560431480408,0.24545229971408844,0.7095560431480408,0.4641037583351135,True,disagreement
1,0,0.9607893228530884,0.9996599555015564,0.9607893228530884,0.00034006580244749784,-0.9604492783546448,True,disagreement
1,0,0.9324823617935181,0.9995011687278748,0.9324823617935181,0.000498854904435575,-0.9319835305213928,True,disagreement
1,0,0.9523469805717468,0.9226189255714417,0.9523469805717468,0.07738108932971954,-0.8749659061431885,True,disagreement
0,1,0.737412691116333,0.9673171043395996,0.262587308883667,0.9673171043395996,0.7047297954559326,True,"disagreement,high_confidence_disagreement"
1,0,0.9067500233650208,0.9994747638702393,0.9067500233650208,0.000525234208907932,-0.90622478723526,True,disagreement
1,0,0.9607484936714172,0.9983564019203186,0.9607484936714172,0.0016435947036370635,-0.9591048955917358,True,disagreement
1,0,0.8530356884002686,0.9897888898849487,0.8530356884002686,0.010211112909018993,-0.8428245782852173,True,disagreement
0,1,0.6357505321502686,0.8921714425086975,0.36424943804740906,0.8921714425086975,0.5279220342636108,True,disagreement
1,0,0.9060357213020325,0.9995011687278748,0.9060357213020325,0.000498854904435575,-0.9055368900299072,True,disagreement
1,0,0.7830548286437988,0.9447710514068604,0.7830548286437988,0.05522892251610756,-0.7278258800506592,True,disagreement
1,0,0.9607484936714172,0.9961703419685364,0.9607484936714172,0.003829645225778222,-0.9569188356399536,True,disagreement
1,0,0.9731814861297607,0.9893376231193542,0.9731814861297607,0.010662389919161797,-0.962519109249115,True,disagreement
1,0,0.8967857360839844,0.9710780382156372,0.8967857360839844,0.02892196737229824,-0.8678637742996216,True,disagreement
0,1,0.5803861021995544,0.9911644458770752,0.41961389780044556,0.9911644458770752,0.5715505480766296,True,disagreement
1,0,0.83324134349823,0.8945697546005249,0.83324134349823,0.10543026030063629,-0.7278110980987549,True,disagreement
1,0,0.958748459815979,0.8886955976486206,0.958748459815979,0.1113044023513794,-0.8474440574645996,True,disagreement
1,0,0.9620392918586731,0.9978097677230835,0.9620392918586731,0.0021902103908360004,-0.9598490595817566,True,disagreement
1,0,0.9607484936714172,0.9964091181755066,0.9607484936714172,0.003590869717299938,-0.9571576118469238,True,disagreement
1,0,0.9060357213020325,0.9957056641578674,0.9060357213020325,0.004294309299439192,-0.9017413854598999,True,disagreement
1,0,0.8465144634246826,0.9951250553131104,0.8465144634246826,0.00487496005371213,-0.841639518737793,True,disagreement
0,1,0.852165937423706,0.9874185919761658,0.14783404767513275,0.9874185919761658,0.8395845293998718,True,"disagreement,high_confidence_disagreement"
1,0,0.9654632210731506,0.9993225336074829,0.9654632210731506,0.0006774954963475466,-0.9647857546806335,True,disagreement
1,0,0.921750009059906,0.9995530843734741,0.921750009059906,0.00044690686627291143,-0.9213030934333801,True,disagreement
1,0,0.9567059874534607,0.9995260238647461,0.9567059874534607,0.0004739943833556026,-0.9562320113182068,True,disagreement
1,0,0.9523469805717468,0.9275986552238464,0.9523469805717468,0.07240134477615356,-0.8799456357955933,True,disagreement
1,0,0.8682413697242737,0.9997920989990234,0.8682413697242737,0.00020792751456610858,-0.8680334687232971,True,disagreement
1,0,0.8403841853141785,0.9989869594573975,0.8403841853141785,0.0010130509035661817,-0.8393711447715759,True,disagreement
1,0,0.6166765689849854,0.7736352682113647,0.6166765689849854,0.22636473178863525,-0.3903118371963501,True,disagreement
1,0,0.95859694480896,0.993638277053833,0.95859694480896,0.006361702922731638,-0.952235221862793,True,disagreement
1,0,0.9731814861297607,0.9893376231193542,0.9731814861297607,0.010662389919161797,-0.962519109249115,True,disagreement
1,0,0.9587779641151428,0.9791436195373535,0.9587779641151428,0.020856382325291634,-0.9379215836524963,True,disagreement
1,0,0.9654632210731506,0.997420608997345,0.9654632210731506,0.002579376334324479,-0.9628838300704956,True,disagreement
1,0,0.9567059874534607,0.9978295564651489,0.9567059874534607,0.0021704719401896,-0.9545355439186096,True,disagreement
1,0,0.9550584554672241,0.9997456669807434,0.9550584554672241,0.00025434012059122324,-0.9548041224479675,True,disagreement
1,0,0.9267500042915344,0.9995530843734741,0.9267500042915344,0.00044690686627291143,-0.9263030886650085,True,disagreement
1,0,0.9266225695610046,0.7462132573127747,0.9266225695610046,0.25378671288490295,-0.6728358268737793,True,disagreement
1,1,0.5138216614723206,0.7038514018058777,0.5138216614723206,0.7038514018058777,0.19002974033355713,False,none
1,0,0.9017500281333923,0.9991319179534912,0.9017500281333923,0.000868109695147723,-0.9008819460868835,True,disagreement
0,1,0.8767634034156799,0.5050139427185059,0.12323656678199768,0.5050139427185059,0.3817773759365082,True,disagreement
1,0,0.6440920829772949,0.8592706918716431,0.6440920829772949,0.14072932302951813,-0.503362774848938,True,disagreement
1,0,0.9567059874534607,0.9996599555015564,0.9567059874534607,0.00034006580244749784,-0.9563659429550171,True,disagreement
1,0,0.7444713115692139,0.9873265027999878,0.7444713115692139,0.01267350371927023,-0.7317978143692017,True,disagreement
1,0,0.9467251300811768,0.9997456669807434,0.9467251300811768,0.00025434012059122324,-0.9464707970619202,True,disagreement
1,0,0.9607893228530884,0.9995975494384766,0.9607893228530884,0.0004024481459055096,-0.9603868722915649,True,disagreement
1,0,0.9600393176078796,0.9977329969406128,0.9600393176078796,0.0022670135367661715,-0.9577723145484924,True,disagreement
1,0,0.9607484936714172,0.9943922162055969,0.9607484936714172,0.005607808008790016,-0.9551407098770142,True,disagreement
1,0,0.5470436215400696,0.9394840598106384,0.5470436215400696,0.06051592156291008,-0.4865277111530304,True,disagreement
0,1,0.593969464302063,0.9954743385314941,0.4060305655002594,0.9954743385314941,0.5894438028335571,True,disagreement
1,0,0.8829675316810608,0.9995011687278748,0.8829675316810608,0.000498854904435575,-0.8824687004089355,True,disagreement
1,0,0.890500009059906,0.9946586489677429,0.890500009059906,0.005341336131095886,-0.8851586580276489,True,disagreement
0,1,0.7225334048271179,0.8584662675857544,0.2774665653705597,0.8584662675857544,0.5809997320175171,True,"disagreement,high_confidence_disagreement"
0,1,0.5763965249061584,0.9555803537368774,0.42360350489616394,0.9555803537368774,0.5319768190383911,True,disagreement
1,0,0.9654632210731506,0.9949625134468079,0.9654632210731506,0.005037466995418072,-0.9604257345199585,True,disagreement
0,1,0.8603946566581726,0.7848300337791443,0.1396053582429886,0.7848300337791443,0.6452246904373169,True,"disagreement,high_confidence_disagreement"
1,0,0.9762327671051025,0.9942392706871033,0.9762327671051025,0.005760750267654657,-0.9704720377922058,True,disagreement
1,0,0.9607779383659363,0.9853971004486084,0.9607779383659363,0.014602888375520706,-0.9461750388145447,True,disagreement
1,0,0.9017857313156128,0.9979711771011353,0.9017857313156128,0.0020288045052438974,-0.899756908416748,True,disagreement
1,0,0.7445091009140015,0.977392315864563,0.7445091009140015,0.022607699036598206,-0.7219014167785645,True,disagreement
1,0,0.9684714078903198,0.9942392706871033,0.9684714078903198,0.005760750267654657,-0.9627106785774231,True,disagreement
1,0,0.9110357165336609,0.9957056641578674,0.9110357165336609,0.004294309299439192,-0.9067413806915283,True,disagreement
1,0,0.9634632468223572,0.9995615482330322,0.9634632468223572,0.00043842647573910654,-0.9630247950553894,True,disagreement
1,0,0.9587779641151428,0.9993450045585632,0.9587779641151428,0.0006549885729327798,-0.958122968673706,True,disagreement
1,0,0.9587779641151428,0.9977885484695435,0.9587779641151428,0.002211466897279024,-0.9565665125846863,True,disagreement
1,0,0.9267500042915344,0.9991838335990906,0.9267500042915344,0.0008161616278812289,-0.925933837890625,True,disagreement
