nominal_pred,guardian_pred,nominal_conf,guardian_conf,nominal_anom_prob,guardian_anom_prob,prob_diff_anomaly,detected,reason
0,0,2.0989325046539307,3.625661849975586,-2.132781744003296,-3.7183427810668945,-1.5855610370635986,False,none
0,0,3.7892038822174072,3.7328531742095947,-3.8252828121185303,-3.814439296722412,0.010843515396118164,False,none
0,0,3.3560736179351807,1.7315294742584229,-3.3911304473876953,-1.8276139497756958,1.5635164976119995,False,none
1,1,2.809347629547119,1.8354790210723877,2.809347629547119,1.8354790210723877,-0.9738686084747314,False,none
0,0,5.320479869842529,4.1016387939453125,-5.357669830322266,-4.191997528076172,1.1656723022460938,False,none
0,0,4.494540214538574,3.616299867630005,-4.531436920166016,-3.7079391479492188,0.8234977722167969,False,none
0,0,8.538036346435547,5.664656162261963,-8.576457023620605,-5.744601249694824,2.8318557739257812,False,none
0,0,6.696371555328369,7.7813897132873535,-6.736494064331055,-7.807666778564453,-1.0711727142333984,False,none
0,0,0.7288002967834473,1.1129484176635742,-0.7637715339660645,-1.2016488313674927,-0.4378772974014282,False,none
0,0,6.53504753112793,7.0638813972473145,-6.572863578796387,-7.1380085945129395,-0.5651450157165527,False,none
0,0,4.908197402954102,4.111534118652344,-4.945466995239258,-4.200151443481445,0.7453155517578125,False,none
0,0,8.751686096191406,7.673948764801025,-8.790261268615723,-7.748989105224609,1.0412721633911133,False,none
0,0,5.044004440307617,3.5121195316314697,-5.080718040466309,-3.5968823432922363,1.4838356971740723,False,none
1,1,12.866809844970703,8.18284797668457,12.866809844970703,8.18284797668457,-4.683961868286133,False,none
0,0,4.891440391540527,4.4055352210998535,-4.928885459899902,-4.495695114135742,0.43319034576416016,False,none
0,0,7.454339981079102,7.621652126312256,-7.492091178894043,-7.697760581970215,-0.20566940307617188,False,none
0,0,4.998773097991943,3.0537242889404297,-5.035541534423828,-3.145598888397217,1.8899426460266113,False,none
0,0,3.3672187328338623,2.9699316024780273,-3.404416799545288,-3.039987564086914,0.364429235458374,False,none
0,0,5.096270561218262,4.511439323425293,-5.133496284484863,-4.600958824157715,0.5325374603271484,False,none
0,0,4.1653900146484375,5.142086029052734,-4.202627182006836,-5.191020965576172,-0.9883937835693359,False,none
0,0,4.056385040283203,3.3686459064483643,-4.094510078430176,-3.435696601867676,0.6588134765625,False,none
1,1,11.099148750305176,3.631099224090576,11.099148750305176,3.631099224090576,-7.4680495262146,False,none
0,0,14.161651611328125,6.555261135101318,-14.204882621765137,-6.602382659912109,7.602499961853027,False,none
0,0,4.908627510070801,3.907353639602661,-4.945744514465332,-3.998385429382324,0.9473590850830078,False,none
1,1,46.15263748168945,29.486417770385742,46.15263748168945,29.486417770385742,-16.66621971130371,False,none
0,0,7.844973564147949,4.634336948394775,-7.884130477905273,-4.71377420425415,3.170356273651123,False,none
0,0,4.58990478515625,4.050050258636475,-4.628373146057129,-4.11039924621582,0.5179738998413086,False,none
0,0,0.4846779704093933,0.9908279180526733,-0.5195401310920715,-1.0801280736923218,-0.5605879426002502,False,none
0,0,8.864452362060547,8.339637756347656,-8.905132293701172,-8.39582347869873,0.5093088150024414,False,none
0,0,3.4421730041503906,2.6167876720428467,-3.4795913696289062,-2.6920762062072754,0.7875151634216309,False,none
0,0,5.96574592590332,5.68834924697876,-6.0023956298828125,-5.769160270690918,0.23323535919189453,False,none
0,0,4.931339740753174,3.001560688018799,-4.968084335327148,-3.0934925079345703,1.8745918273925781,False,none
0,1,4.723509311676025,0.2527058720588684,-4.7614850997924805,0.2527058720588684,5.014191150665283,True,disagreement
0,0,5.361349105834961,4.270779609680176,-5.400149345397949,-4.330406665802002,1.0697426795959473,False,none
1,1,11.34677505493164,8.914381980895996,11.34677505493164,8.914381980895996,-2.4323930740356445,False,none
0,0,6.785250663757324,5.9580464363098145,-6.82308292388916,-6.039958953857422,0.7831239700317383,False,none
0,0,5.085065841674805,4.383633136749268,-5.122317314147949,-4.4734392166137695,0.6488780975341797,False,none
0,0,7.864129066467285,9.431848526000977,-7.904140472412109,-9.48179817199707,-1.577657699584961,False,none
1,1,5.158842086791992,4.511577129364014,5.158842086791992,4.511577129364014,-0.6472649574279785,False,none
0,0,4.69061279296875,3.9236834049224854,-4.7283782958984375,-3.9846410751342773,0.7437372207641602,False,none
0,0,7.738476753234863,6.828323841094971,-7.778482437133789,-6.895256996154785,0.8832254409790039,False,none
0,0,4.466991424560547,3.180732011795044,-4.503701210021973,-3.2724223136901855,1.231278896331787,False,none
0,0,5.108803749084473,3.6832377910614014,-5.145622253417969,-3.767580986022949,1.3780412673950195,False,none
0,0,5.6523542404174805,6.229038238525391,-5.689628601074219,-6.306268692016602,-0.6166400909423828,False,none
0,0,4.538339614868164,2.757253408432007,-4.574674606323242,-2.849364757537842,1.7253098487854004,False,none
0,0,6.443321228027344,4.663671493530273,-6.480639457702637,-4.749567031860352,1.7310724258422852,False,none
0,0,4.5800371170043945,2.784881830215454,-4.616825103759766,-2.87675142288208,1.7400736808776855,False,none
0,0,7.2457427978515625,10.310129165649414,-7.286571502685547,-10.310463905334473,-3.023892402648926,False,none
0,0,6.376196384429932,4.775150299072266,-6.4131975173950195,-4.863546848297119,1.5496506690979004,False,none
0,0,4.779876708984375,3.21789288520813,-4.816644668579102,-3.309279441833496,1.5073652267456055,False,none
0,0,4.305680274963379,4.1699910163879395,-4.343257904052734,-4.261057376861572,0.08220052719116211,False,none
0,0,10.133602142333984,11.211905479431152,-10.172745704650879,-11.267791748046875,-1.095046043395996,False,none
0,0,5.0856242179870605,4.255549907684326,-5.122902870178223,-4.345942497253418,0.7769603729248047,False,none
0,0,4.029120922088623,2.868039131164551,-4.064950942993164,-2.9631543159484863,1.1017966270446777,False,none
0,1,1.593052625656128,13.615094184875488,-1.6307140588760376,13.615094184875488,15.245808601379395,True,"disagreement,high_confidence_disagreement"
0,0,3.1068599224090576,2.5408098697662354,-3.1401236057281494,-2.6262354850769043,0.5138881206512451,False,none
0,0,4.353795528411865,4.186069965362549,-4.3916015625,-4.276973724365234,0.11462783813476562,False,none
0,0,3.6270904541015625,3.7778942584991455,-3.6618661880493164,-3.870724678039551,-0.20885848999023438,False,none
1,0,3.2788336277008057,2.6747238636016846,3.2788336277008057,-2.7690272331237793,-6.047861099243164,True,disagreement
1,1,22.767770767211914,11.799200057983398,22.767770767211914,11.799200057983398,-10.968570709228516,False,none
0,0,9.174980163574219,6.440309524536133,-9.21403980255127,-6.519229888916016,2.694809913635254,False,none
0,0,2.3762199878692627,2.0733590126037598,-2.4126386642456055,-2.1697983741760254,0.24284029006958008,False,none
0,0,4.825311660766602,2.811796188354492,-4.862032890319824,-2.903827667236328,1.958205223083496,False,none
1,1,7.530252456665039,6.571707725524902,7.530252456665039,6.571707725524902,-0.9585447311401367,False,none
0,0,8.421937942504883,5.345315933227539,-8.460108757019043,-5.428062438964844,3.032046318054199,False,none
0,0,13.27790641784668,11.560772895812988,-13.320246696472168,-11.600520133972168,1.7197265625,False,none
0,0,3.105677843093872,2.426553249359131,-3.141530752182007,-2.520859718322754,0.6206710338592529,False,none
0,0,11.625996589660645,8.663688659667969,-11.665657997131348,-8.7260160446167,2.9396419525146484,False,none
0,0,8.3352632522583,10.621400833129883,-8.375557899475098,-10.662256240844727,-2.286698341369629,False,none
0,0,3.9614293575286865,3.4297192096710205,-3.9982244968414307,-3.5123291015625,0.48589539527893066,False,none
0,0,4.980108261108398,3.0891716480255127,-5.016857147216797,-3.17857027053833,1.8382868766784668,False,none
0,0,4.763153076171875,2.83205246925354,-4.7999467849731445,-2.924713611602783,1.8752331733703613,False,none
0,0,5.91117000579834,4.269449710845947,-5.9490966796875,-4.351870059967041,1.597226619720459,False,none
1,1,7.652888298034668,5.705817699432373,7.652888298034668,5.705817699432373,-1.947070598602295,False,none
0,0,3.005453109741211,2.5679614543914795,-3.0430796146392822,-2.661794662475586,0.3812849521636963,False,none
0,0,4.544447422027588,3.0704948902130127,-4.581142425537109,-3.1600699424743652,1.4210724830627441,False,none
0,0,8.611702919006348,6.476098537445068,-8.650795936584473,-6.545173645019531,2.1056222915649414,False,none
0,0,4.639447212219238,4.139941692352295,-4.677201271057129,-4.230733871459961,0.44646739959716797,False,none
0,0,4.616128921508789,3.0089571475982666,-4.652949333190918,-3.101233959197998,1.55171537399292,False,none
0,0,4.128946304321289,3.8618404865264893,-4.167072296142578,-3.953747272491455,0.21332502365112305,False,none
0,0,1.7823491096496582,1.788330078125,-1.818006157875061,-1.8804796934127808,-0.06247353553771973,False,none
0,0,7.546046257019043,6.1002726554870605,-7.584419250488281,-6.171692848205566,1.4127264022827148,False,none
0,0,2.631603956222534,2.7657241821289062,-2.6659414768218994,-2.85565185546875,-0.18971037864685059,False,none
0,0,1.5794992446899414,1.48256516456604,-1.6144657135009766,-1.580351710319519,0.03411400318145752,False,none
0,0,11.071684837341309,8.030696868896484,-11.111042022705078,-8.098462104797363,3.012579917907715,False,none
0,0,4.458535194396973,3.889888048171997,-4.495827674865723,-3.981639862060547,0.5141878128051758,False,none
0,0,10.591243743896484,7.177618503570557,-10.631447792053223,-7.244746208190918,3.3867015838623047,False,none
0,0,5.166297912597656,3.0359699726104736,-5.203007698059082,-3.1275243759155273,2.0754833221435547,False,none
0,0,3.7167510986328125,2.888232469558716,-3.7532455921173096,-2.9819326400756836,0.771312952041626,False,none
0,0,2.7949938774108887,2.6639325618743896,-2.8315844535827637,-2.7370352745056152,0.09454917907714844,False,none
0,0,8.25082015991211,7.035921573638916,-8.289155006408691,-7.111485481262207,1.1776695251464844,False,none
0,0,4.580300331115723,2.743936777114868,-4.617036819458008,-2.836195945739746,1.7808408737182617,False,none
1,1,2.156301259994507,0.5967729091644287,2.156301259994507,0.5967729091644287,-1.5595283508300781,False,none
0,0,11.364261627197266,17.90747833251953,-11.408441543579102,-17.835580825805664,-6.4271392822265625,False,none
1,1,41.19384765625,25.57762908935547,41.19384765625,25.57762908935547,-15.616218566894531,False,none
1,1,31.754472732543945,4.969642639160156,31.754472732543945,4.969642639160156,-26.78483009338379,False,none
0,0,4.744375228881836,4.075053691864014,-4.782807350158691,-4.134494304656982,0.648313045501709,False,none
0,0,3.566518545150757,6.439005374908447,-3.599503517150879,-6.513413906097412,-2.913910388946533,False,none
0,0,4.784517765045166,4.323498249053955,-4.821915626525879,-4.413942337036133,0.4079732894897461,False,none
0,0,0.2436836212873459,1.0695233345031738,-0.2783823013305664,-1.1572585105895996,-0.8788762092590332,False,none
0,0,2.658792734146118,2.672137975692749,-2.69510555267334,-2.7454800605773926,-0.050374507904052734,False,none
1,1,14.355345726013184,11.326478958129883,14.355345726013184,11.326478958129883,-3.028866767883301,False,none
1,1,3.7363803386688232,3.343022346496582,3.7363803386688232,3.343022346496582,-0.3933579921722412,False,none
0,0,4.935673713684082,3.9838922023773193,-4.972951889038086,-4.074943542480469,0.8980083465576172,False,none
0,0,5.208925724029541,3.6904542446136475,-5.245675086975098,-3.774022102355957,1.4716529846191406,False,none
0,0,7.441922664642334,5.9291887283325195,-7.4799394607543945,-6.011323928833008,1.4686155319213867,False,none
0,0,4.091999053955078,3.6347572803497314,-4.13006591796875,-3.6985135078430176,0.4315524101257324,False,none
0,0,4.489407539367676,5.230173587799072,-4.52854061126709,-5.302373886108398,-0.7738332748413086,False,none
0,0,11.970620155334473,11.792545318603516,-12.012187957763672,-11.83647632598877,0.17571163177490234,False,none
0,0,5.8729071617126465,3.9874255657196045,-5.911106109619141,-4.070987224578857,1.8401188850402832,False,none
0,0,10.376389503479004,7.241244316101074,-10.416949272155762,-7.305675983428955,3.1112732887268066,False,none
0,0,4.993808269500732,4.3956990242004395,-5.031084060668945,-4.485783576965332,0.5453004837036133,False,none
0,0,4.396651744842529,3.1416947841644287,-4.433000564575195,-3.23419189453125,1.1988086700439453,False,none
1,1,12.067118644714355,9.951756477355957,12.067118644714355,9.951756477355957,-2.1153621673583984,False,none
0,0,5.186792373657227,5.504863739013672,-5.225711822509766,-5.55080509185791,-0.32509326934814453,False,none
1,1,34.71079635620117,4.425983428955078,34.71079635620117,4.425983428955078,-30.284812927246094,False,none
0,0,5.363096714019775,3.458360433578491,-5.399855613708496,-3.552462100982666,1.84739351272583,False,none
0,0,4.59283447265625,4.208826065063477,-4.631185531616211,-4.267001152038574,0.3641843795776367,False,none
0,0,7.008164405822754,7.098905086517334,-7.047642707824707,-7.166735649108887,-0.11909294128417969,False,none
0,0,13.01634407043457,10.427411079406738,-13.05816650390625,-10.475855827331543,2.582310676574707,False,none
0,0,3.389167070388794,7.361347675323486,-3.4247334003448486,-7.436193466186523,-4.011460304260254,False,none
0,0,5.028803825378418,8.674079895019531,-5.0674638748168945,-8.689349174499512,-3.621885299682617,False,none
0,0,3.949904680252075,3.3984627723693848,-3.987823247909546,-3.4647741317749023,0.5230491161346436,False,none
0,0,4.441206455230713,1.7469756603240967,-4.478281021118164,-1.841124176979065,2.6371569633483887,False,none
0,0,6.195636749267578,4.8995184898376465,-6.2325334548950195,-4.988029479980469,1.2445039749145508,False,none
1,1,92.47513580322266,5.425110816955566,92.47513580322266,5.425110816955566,-87.0500259399414,False,none
0,0,4.706708908081055,3.9874751567840576,-4.743805885314941,-4.078352928161621,0.6654529571533203,False,none
0,0,3.7564926147460938,2.568899154663086,-3.7949061393737793,-2.6584014892578125,1.1365046501159668,False,none
0,0,7.624989986419678,7.680978298187256,-7.662702560424805,-7.753884315490723,-0.09118175506591797,False,none
1,1,3.3593292236328125,3.4816484451293945,3.3593292236328125,3.4816484451293945,0.12231922149658203,False,none
1,1,28.31102752685547,18.339366912841797,28.31102752685547,18.339366912841797,-9.971660614013672,False,none
0,0,4.199824810028076,3.293522357940674,-4.23740291595459,-3.3603734970092773,0.8770294189453125,False,none
0,0,3.603753089904785,3.1136815547943115,-3.639878034591675,-3.2050390243530273,0.43483901023864746,False,none
0,0,0.5136117935180664,1.755340814590454,-0.548477828502655,-1.847622275352478,-1.2991445064544678,False,none
0,0,5.436336517333984,4.661256313323975,-5.475615501403809,-4.748003005981445,0.7276124954223633,False,none
0,0,8.189933776855469,12.221273422241211,-8.230341911315918,-12.203669548034668,-3.97332763671875,False,none
1,1,2.80348539352417,3.8803353309631348,2.80348539352417,3.8803353309631348,1.0768499374389648,False,none
0,0,3.735934257507324,3.271375894546509,-3.771552324295044,-3.365053653717041,0.40649867057800293,False,none
0,0,5.179728031158447,5.295115947723389,-5.218659400939941,-5.3429718017578125,-0.1243124008178711,False,none
1,1,0.2692786455154419,1.33531653881073,0.2692786455154419,1.33531653881073,1.066037893295288,False,none
0,0,4.860065460205078,3.119495391845703,-4.896858215332031,-3.210960865020752,1.6858973503112793,False,none
0,0,4.577388763427734,3.2237861156463623,-4.614072799682617,-3.315080165863037,1.29899263381958,False,none
0,0,3.7563960552215576,3.186915159225464,-3.7941648960113525,-3.2555150985717773,0.5386497974395752,False,none
0,0,5.186787128448486,4.20649528503418,-5.223977088928223,-4.296497344970703,0.9274797439575195,False,none
0,0,4.806700706481934,4.3282084465026855,-4.844130516052246,-4.418524742126465,0.42560577392578125,False,none
1,1,3.838796377182007,3.329206943511963,3.838796377182007,3.329206943511963,-0.509589433670044,False,none
0,0,4.705793857574463,3.027667999267578,-4.742495536804199,-3.119046211242676,1.6234493255615234,False,none
0,0,3.6906850337982178,2.993990182876587,-3.728563070297241,-3.0866355895996094,0.6419274806976318,False,none
0,0,4.964157581329346,6.967740535736084,-5.000494956970215,-7.0362324714660645,-2.0357375144958496,False,none
0,0,4.729345321655273,3.7708089351654053,-4.7669782638549805,-3.8626184463500977,0.9043598175048828,False,none
0,0,4.939974308013916,3.154315710067749,-4.976668357849121,-3.245476245880127,1.7311921119689941,False,none
0,0,7.412594318389893,6.6157355308532715,-7.450765609741211,-6.695906162261963,0.754859447479248,False,none
0,0,4.967563152313232,3.2442023754119873,-5.0043840408325195,-3.3357391357421875,1.668644905090332,False,none
0,0,5.6253485679626465,4.95656681060791,-5.6626129150390625,-5.029433250427246,0.6331796646118164,False,none
0,0,2.8604769706726074,2.51434588432312,-2.8971383571624756,-2.5885329246520996,0.308605432510376,False,none
0,0,12.39137077331543,10.236738204956055,-12.432673454284668,-10.289050102233887,2.1436233520507812,False,none
1,0,1.304133415222168,1.2003188133239746,1.304133415222168,-1.2810914516448975,-2.5852248668670654,True,disagreement
0,0,5.111049652099609,3.5041935443878174,-5.148019790649414,-3.5715079307556152,1.5765118598937988,False,none
0,0,3.7806854248046875,3.4981706142425537,-3.818206548690796,-3.576991081237793,0.24121546745300293,False,none
0,0,3.2227561473846436,2.567124366760254,-3.258544683456421,-2.660576820373535,0.5979678630828857,False,none
0,0,4.426601886749268,4.186980724334717,-4.464265823364258,-4.277841567993164,0.18642425537109375,False,none
0,0,6.320002555847168,7.5096821784973145,-6.357780456542969,-7.583863258361816,-1.2260828018188477,False,none
0,0,4.145395278930664,3.167612314224243,-4.182665824890137,-3.259784698486328,0.9228811264038086,False,none
0,0,5.723573684692383,5.733068943023682,-5.762886047363281,-5.776893615722656,-0.014007568359375,False,none
0,0,4.863480567932129,3.842355489730835,-4.900465965270996,-3.922696590423584,0.9777693748474121,False,none
0,0,4.7055792808532715,3.2110512256622314,-4.742341041564941,-3.3023324012756348,1.4400086402893066,False,none
0,0,9.198711395263672,6.9640936851501465,-9.237772941589355,-7.0393757820129395,2.198397159576416,False,none
0,0,5.122777462005615,3.102477788925171,-5.159601211547852,-3.19455623626709,1.9650449752807617,False,none
0,0,4.625493049621582,4.275545597076416,-4.662937164306641,-4.366213798522949,0.2967233657836914,False,none
0,0,4.094658851623535,3.9357998371124268,-4.132351875305176,-4.027461051940918,0.10489082336425781,False,none
1,1,0.7633420825004578,0.7317965626716614,0.7633420825004578,0.7317965626716614,-0.03154551982879639,False,none
0,0,2.6820127964019775,3.3876893520355225,-2.7215287685394287,-3.4715847969055176,-0.7500560283660889,False,none
1,1,7.2682647705078125,1.6023321151733398,7.2682647705078125,1.6023321151733398,-5.665932655334473,False,none
0,0,4.693747520446777,3.18841290473938,-4.73048210144043,-3.2797789573669434,1.4507031440734863,False,none
0,0,4.952047824859619,4.405259609222412,-4.989292144775391,-4.495292663574219,0.4939994812011719,False,none
0,0,6.483767032623291,4.6449503898620605,-6.5212860107421875,-4.732611179351807,1.7886748313903809,False,none
0,0,3.6921613216400146,4.177412033081055,-3.7278025150299072,-4.236067771911621,-0.5082652568817139,False,none
0,0,4.969335079193115,4.39281702041626,-5.007820129394531,-4.455710411071777,0.5521097183227539,False,none
0,0,5.882370948791504,4.185222625732422,-5.9190568923950195,-4.273560047149658,1.6454968452453613,False,none
0,0,4.026509761810303,3.5243241786956787,-4.064623832702637,-3.589242458343506,0.47538137435913086,False,none
1,1,3.8999202251434326,5.108157157897949,3.8999202251434326,5.108157157897949,1.2082369327545166,False,none
0,0,4.665858745574951,3.8262150287628174,-4.703579902648926,-3.917999744415283,0.7855801582336426,False,none
0,0,4.94747257232666,3.1217963695526123,-4.984142303466797,-3.2121901512145996,1.7719521522521973,False,none
0,0,9.740204811096191,6.656651496887207,-9.779868125915527,-6.726106643676758,3.0537614822387695,False,none
0,0,3.8301258087158203,3.2272186279296875,-3.8681015968322754,-3.295030117034912,0.5730714797973633,False,none
0,0,9.74128246307373,7.3195366859436035,-9.7808837890625,-7.3931779861450195,2.3877058029174805,False,none
0,0,6.763129234313965,8.559394836425781,-6.803409576416016,-8.576316833496094,-1.7729072570800781,False,none
0,0,3.5979156494140625,2.954576015472412,-3.635673761367798,-3.0248966217041016,0.6107771396636963,False,none
0,0,4.533450126647949,4.197960376739502,-4.57089900970459,-4.288787364959717,0.28211164474487305,False,none
0,0,4.238312721252441,3.1993846893310547,-4.2747955322265625,-3.290623664855957,0.9841718673706055,False,none
0,0,5.656685829162598,5.356905460357666,-5.694401741027832,-5.440888404846191,0.2535133361816406,False,none
0,1,5.5690693855285645,0.562267541885376,-5.607834815979004,0.562267541885376,6.170102119445801,True,disagreement
0,0,4.818525314331055,4.236518859863281,-4.855766296386719,-4.326902389526367,0.5288639068603516,False,none
0,0,7.245116233825684,10.168535232543945,-7.285728454589844,-10.170393943786621,-2.8846654891967773,False,none
1,1,29.655927658081055,14.928067207336426,29.655927658081055,14.928067207336426,-14.727860450744629,False,none
0,0,4.49190616607666,4.149012088775635,-4.5294389724731445,-4.240070819854736,0.2893681526184082,False,none
1,1,19.497379302978516,12.953656196594238,19.497379302978516,12.953656196594238,-6.543723106384277,False,none
0,0,4.346348285675049,3.874829053878784,-4.384651184082031,-3.936457633972168,0.4481935501098633,False,none
1,1,6.224605560302734,4.022242546081543,6.224605560302734,4.022242546081543,-2.2023630142211914,False,none
1,1,17.160184860229492,8.933821678161621,17.160184860229492,8.933821678161621,-8.226363182067871,False,none
0,0,3.6484363079071045,2.9981777667999268,-3.684908628463745,-3.0903940200805664,0.5945146083831787,False,none
0,0,3.0667402744293213,2.4091076850891113,-3.1029107570648193,-2.5026369094848633,0.600273847579956,False,none
1,1,13.96601676940918,10.858819961547852,13.96601676940918,10.858819961547852,-3.107196807861328,False,none
0,0,4.214345932006836,3.6901237964630127,-4.252452850341797,-3.7535719871520996,0.49888086318969727,False,none
0,0,9.180094718933105,8.599264144897461,-9.219159126281738,-8.668558120727539,0.5506010055541992,False,none
0,0,10.12382698059082,15.124059677124023,-10.166926383972168,-15.078337669372559,-4.911411285400391,False,none
0,0,4.268632411956787,2.9699783325195312,-4.304805755615234,-3.061744213104248,1.2430615425109863,False,none
0,0,5.147591590881348,3.2494213581085205,-5.1843719482421875,-3.340574264526367,1.8437976837158203,False,none
0,0,5.082455158233643,3.974555253982544,-5.119536399841309,-4.05613899230957,1.0633974075317383,False,none
0,0,6.4338226318359375,7.065887928009033,-6.470956802368164,-7.139235496520996,-0.668278694152832,False,none
0,0,4.479697227478027,2.9991984367370605,-4.5159406661987305,-3.090898036956787,1.4250426292419434,False,none
0,0,8.632652282714844,9.50986099243164,-8.670916557312012,-9.570878028869629,-0.8999614715576172,False,none
1,1,2.199557065963745,1.8006839752197266,2.199557065963745,1.8006839752197266,-0.39887309074401855,False,none
0,0,4.744598388671875,3.9414303302764893,-4.781905174255371,-4.03275203704834,0.7491531372070312,False,none
1,1,2.9281623363494873,1.9158012866973877,2.9281623363494873,1.9158012866973877,-1.0123610496520996,False,none
0,0,5.494077205657959,4.499510288238525,-5.530994415283203,-4.578413009643555,0.9525814056396484,False,none
0,0,6.324581623077393,5.479401588439941,-6.363726615905762,-5.538704872131348,0.8250217437744141,False,none
0,0,4.8377604484558105,4.0975751876831055,-4.874892234802246,-4.188154220581055,0.6867380142211914,False,none
0,0,5.476986408233643,2.2311646938323975,-5.513884544372559,-2.322364330291748,3.1915202140808105,False,none
0,0,11.34367847442627,9.352923393249512,-11.383377075195312,-9.416335105895996,1.9670419692993164,False,none
0,0,4.3145599365234375,2.54072642326355,-4.35051155090332,-2.634345054626465,1.7161664962768555,False,none
0,0,4.998961448669434,3.1495816707611084,-5.035646438598633,-3.240312099456787,1.7953343391418457,False,none
0,0,3.3583743572235107,2.1923272609710693,-3.393080472946167,-2.289369583129883,1.1037108898162842,False,none
0,0,9.120922088623047,9.502095222473145,-9.159486770629883,-9.566065788269043,-0.40657901763916016,False,none
1,1,16.120208740234375,12.23244571685791,16.120208740234375,12.23244571685791,-3.887763023376465,False,none
0,0,4.507290840148926,3.26336407661438,-4.543736457824707,-3.3556599617004395,1.1880764961242676,False,none
0,0,4.433568954467773,3.396752119064331,-4.470497131347656,-3.4879465103149414,0.9825506210327148,False,none
0,0,5.45253324508667,3.6705825328826904,-5.488861083984375,-3.763622283935547,1.7252388000488281,False,none
0,0,6.812202453613281,7.917972087860107,-6.852410316467285,-7.940814018249512,-1.0884037017822266,False,none
0,0,5.25287389755249,4.486278057098389,-5.290118217468262,-4.575921058654785,0.7141971588134766,False,none
0,0,4.758569717407227,4.153163433074951,-4.795743942260742,-4.243924617767334,0.5518193244934082,False,none
0,0,8.073862075805664,5.400542736053467,-8.113259315490723,-5.476419448852539,2.6368398666381836,False,none
0,0,3.809263229370117,1.1088718175888062,-3.845576763153076,-1.2079284191131592,2.637648344039917,False,none
0,0,5.551784038543701,4.4196343421936035,-5.588292121887207,-4.509214878082275,1.0790772438049316,False,none
0,0,4.953392505645752,4.008250713348389,-4.9919538497924805,-4.070208549499512,0.9217453002929688,False,none
1,1,24.61420249938965,14.704967498779297,24.61420249938965,14.704967498779297,-9.909235000610352,False,none
0,0,4.350004196166992,3.2622087001800537,-4.3869829177856445,-3.353872299194336,1.0331106185913086,False,none
0,0,3.496424436569214,2.926438570022583,-3.5340354442596436,-2.997048854827881,0.5369865894317627,False,none
0,0,6.259289741516113,5.461862564086914,-6.296030044555664,-5.544914722442627,0.7511153221130371,False,none
0,0,5.636310577392578,3.6494288444519043,-5.673059463500977,-3.7329702377319336,1.940089225769043,False,none
0,0,6.321933269500732,4.209027290344238,-6.358819007873535,-4.298301696777344,2.0605173110961914,False,none
0,0,7.180499076843262,9.03863525390625,-7.2211456298828125,-9.051609992980957,-1.8304643630981445,False,none
0,0,4.411103248596191,4.252394676208496,-4.448719024658203,-4.34317684173584,0.10554218292236328,False,none
0,0,4.018205642700195,2.894824504852295,-4.054355621337891,-2.987560749053955,1.0667948722839355,False,none
0,0,0.637924075126648,0.9821466207504272,-0.6728796362876892,-1.0717424154281616,-0.3988627791404724,False,none
0,0,4.48131799697876,4.054577350616455,-4.5196027755737305,-4.114412307739258,0.40519046783447266,False,none
0,0,4.4586944580078125,4.2268595695495605,-4.496183395385742,-4.317755699157715,0.17842769622802734,False,none
0,0,4.883281230926514,4.29022741317749,-4.920605659484863,-4.380648612976074,0.5399570465087891,False,none
0,0,5.6849188804626465,4.701291084289551,-5.721414566040039,-4.790407180786133,0.9310073852539062,False,none
0,0,4.587632656097412,2.871915578842163,-4.624375343322754,-2.964087963104248,1.6602873802185059,False,none
1,1,6.877537727355957,6.103341579437256,6.877537727355957,6.103341579437256,-0.7741961479187012,False,none
0,0,3.1681087017059326,3.8932392597198486,-3.201234817504883,-3.9479455947875977,-0.7467107772827148,False,none
0,0,5.623281002044678,3.580029249191284,-5.661262512207031,-3.666264533996582,1.9949979782104492,False,none
0,0,7.235949516296387,6.305354595184326,-7.274266242980957,-6.386625289916992,0.8876409530639648,False,none
0,0,7.947115421295166,6.44031286239624,-7.985674858093262,-6.5120649337768555,1.4736099243164062,False,none
0,0,6.80849027633667,5.6416497230529785,-6.846546173095703,-5.71678352355957,1.1297626495361328,False,none
0,0,2.566911458969116,4.550900936126709,-2.6017370223999023,-4.6382598876953125,-2.03652286529541,False,none
0,0,4.296350002288818,4.079894542694092,-4.333205223083496,-4.160778045654297,0.17242717742919922,False,none
0,0,3.8877835273742676,3.3447935581207275,-3.925004720687866,-3.4299168586730957,0.4950878620147705,False,none
1,0,0.2797123193740845,0.476020485162735,0.2797123193740845,-0.5764585137367249,-0.8561708331108093,True,disagreement
1,1,6.833331108093262,6.59814977645874,6.833331108093262,6.59814977645874,-0.23518133163452148,False,none
0,0,9.601371765136719,13.340757369995117,-9.643937110900879,-13.311687469482422,-3.667750358581543,False,none
0,0,2.0868167877197266,6.7338128089904785,-2.119954824447632,-6.808871269226074,-4.688916206359863,False,none
0,0,4.58535099029541,4.186731815338135,-4.622597694396973,-4.277383804321289,0.3452138900756836,False,none
0,0,3.039787530899048,2.755964517593384,-3.0765295028686523,-2.8285417556762695,0.2479877471923828,False,none
0,0,2.8385422229766846,5.504578113555908,-2.872809648513794,-5.5855712890625,-2.712761640548706,False,none
0,0,4.527475833892822,4.001864433288574,-4.564968109130859,-4.092202186584473,0.4727659225463867,False,none
0,0,3.231255531311035,2.850850820541382,-3.2682721614837646,-2.921931743621826,0.3463404178619385,False,none
0,0,8.013587951660156,7.8277363777160645,-8.053767204284668,-7.88762092590332,0.16614627838134766,False,none
0,0,4.798758029937744,3.895453691482544,-4.83595085144043,-3.9868898391723633,0.8490610122680664,False,none
0,0,2.7510533332824707,3.0864641666412354,-2.7867159843444824,-3.176879405975342,-0.3901634216308594,False,none
0,0,4.717569828033447,3.776970148086548,-4.754897117614746,-3.868838310241699,0.8860588073730469,False,none
0,0,3.558264970779419,2.8147034645080566,-3.5959725379943848,-2.9074158668518066,0.6885566711425781,False,none
0,0,0.9352633953094482,1.3334743976593018,-0.970382034778595,-1.4250835180282593,-0.4547014832496643,False,none
0,0,3.2664804458618164,4.114405632019043,-3.302185535430908,-4.207032203674316,-0.9048466682434082,False,none
0,0,4.389981269836426,4.1845479011535645,-4.427556037902832,-4.275557518005371,0.15199851989746094,False,none
0,0,5.764547348022461,8.629070281982422,-5.8044538497924805,-8.645040512084961,-2.8405866622924805,False,none
0,0,8.959376335144043,6.022484302520752,-8.998810768127441,-6.094841003417969,2.9039697647094727,False,none
0,0,4.264181613922119,3.079268217086792,-4.301694869995117,-3.1713695526123047,1.1303253173828125,False,none
0,0,7.040063381195068,9.718132019042969,-7.080804824829102,-9.72375774383545,-2.6429529190063477,False,none
1,1,18.645973205566406,9.044524192810059,18.645973205566406,9.044524192810059,-9.601449012756348,False,none
0,0,4.661383628845215,3.1490962505340576,-4.698124885559082,-3.240738868713379,1.4573860168457031,False,none
0,0,5.318253993988037,4.527727127075195,-5.355369567871094,-4.6038432121276855,0.7515263557434082,False,none
1,0,0.23543775081634521,0.562531590461731,0.23543775081634521,-0.6475074291229248,-0.88294517993927,True,disagreement
0,0,4.765162467956543,2.9719011783599854,-4.801790237426758,-3.0640006065368652,1.7377896308898926,False,none
0,0,4.494148254394531,2.97481369972229,-4.530614852905273,-3.066443920135498,1.4641709327697754,False,none
0,0,2.634039878845215,2.3953607082366943,-2.6707346439361572,-2.4710288047790527,0.1997058391571045,False,none
0,0,9.033002853393555,7.8777031898498535,-9.07172679901123,-7.952083587646484,1.119643211364746,False,none
0,0,8.709364891052246,11.388528823852539,-8.751065254211426,-11.378300666809082,-2.6272354125976562,False,none
1,0,53.83305740356445,16.97255516052246,53.83305740356445,-16.84178352355957,-70.67484283447266,True,disagreement
0,0,4.737192630767822,4.287496566772461,-4.774746894836426,-4.377962589263916,0.39678430557250977,False,none
0,0,1.4418704509735107,1.3831324577331543,-1.4771281480789185,-1.469544529914856,0.0075836181640625,False,none
0,0,4.772450923919678,3.9840900897979736,-4.809470176696777,-4.064934730529785,0.7445354461669922,False,none
1,1,27.490440368652344,16.46277618408203,27.490440368652344,16.46277618408203,-11.027664184570312,False,none
0,0,4.454535484313965,5.38232421875,-4.490597724914551,-5.466127395629883,-0.975529670715332,False,none
0,0,5.658082008361816,5.870906352996826,-5.697358131408691,-5.913792610168457,-0.21643447875976562,False,none
1,1,9.300238609313965,5.032201290130615,9.300238609313965,5.032201290130615,-4.26803731918335,False,none
0,0,5.717766761779785,6.998809337615967,-5.757134437561035,-7.030606269836426,-1.2734718322753906,False,none
0,0,10.51225471496582,7.776108264923096,-10.551155090332031,-7.844607353210449,2.706547737121582,False,none
0,0,4.914546012878418,2.7750961780548096,-4.951375961303711,-2.866927146911621,2.08444881439209,False,none
0,0,5.17218017578125,4.773338794708252,-5.208576202392578,-4.86192512512207,0.3466510772705078,False,none
0,0,4.957643032073975,3.227477788925171,-4.994373321533203,-3.3186111450195312,1.6757621765136719,False,none
0,0,6.003165245056152,3.7692015171051025,-6.041170120239258,-3.8538451194763184,2.1873250007629395,False,none
1,1,13.945090293884277,9.282336235046387,13.945090293884277,9.282336235046387,-4.662754058837891,False,none
0,0,8.285539627075195,5.483336925506592,-8.324858665466309,-5.559209823608398,2.76564884185791,False,none
0,0,6.960209846496582,6.474290370941162,-6.998685836791992,-6.553555488586426,0.4451303482055664,False,none
0,0,4.129605293273926,3.3840672969818115,-4.165905952453613,-3.4776673316955566,0.6882386207580566,False,none
0,0,7.02890682220459,6.139815807342529,-7.066164016723633,-6.222858428955078,0.8433055877685547,False,none
0,0,4.691300392150879,4.232029438018799,-4.72869873046875,-4.322734832763672,0.4059638977050781,False,none
0,0,3.329129457473755,2.7210705280303955,-3.3652963638305664,-2.813493251800537,0.5518031120300293,False,none
0,0,3.2222211360931396,2.785087823867798,-3.2593696117401123,-2.856863498687744,0.40250611305236816,False,none
0,0,5.45407247543335,2.8958969116210938,-5.490804672241211,-2.9878063201904297,2.5029983520507812,False,none
0,0,4.204804420471191,3.2252471446990967,-4.242226600646973,-3.3171820640563965,0.9250445365905762,False,none
0,0,5.110642433166504,3.4758613109588623,-5.147393226623535,-3.5661845207214355,1.5812087059020996,False,none
0,0,4.490960121154785,4.190908432006836,-4.5283050537109375,-4.281946659088135,0.24635839462280273,False,none
0,0,4.755031585693359,4.2983622550964355,-4.792550086975098,-4.388794422149658,0.40375566482543945,False,none
0,0,4.4375410079956055,3.069624185562134,-4.4736785888671875,-3.161120891571045,1.3125576972961426,False,none
0,0,4.215188026428223,2.9918463230133057,-4.251190185546875,-3.083989143371582,1.167201042175293,False,none
0,0,3.153843402862549,2.779484510421753,-3.1907811164855957,-2.851687431335449,0.3390936851501465,False,none
0,0,6.086112976074219,7.330054759979248,-6.125391006469727,-7.358734607696533,-1.2333436012268066,False,none
0,0,5.383103847503662,6.242101192474365,-5.422089576721191,-6.28109073638916,-0.8590011596679688,False,none
0,0,4.487066268920898,4.234187602996826,-4.524592399597168,-4.324987888336182,0.19960451126098633,False,none
0,0,4.289051532745361,3.2685487270355225,-4.325039863586426,-3.3628005981445312,0.9622392654418945,False,none
0,0,4.4619832038879395,3.8087313175201416,-4.499646186828613,-3.9003500938415527,0.5992960929870605,False,none
0,0,4.736841201782227,3.0928046703338623,-4.773853302001953,-3.1851539611816406,1.5886993408203125,False,none
0,0,4.5221052169799805,2.8740344047546387,-4.558880805969238,-2.9666829109191895,1.5921978950500488,False,none
1,1,12.847084999084473,9.669071197509766,12.847084999084473,9.669071197509766,-3.178013801574707,False,none
0,0,3.3198325634002686,3.2977030277252197,-3.356431722640991,-3.3868021965026855,-0.030370473861694336,False,none
0,0,2.8671820163726807,2.7317540645599365,-2.903424024581909,-2.804539680480957,0.09888434410095215,False,none
1,1,1.3698163032531738,1.2077648639678955,1.3698163032531738,1.2077648639678955,-0.16205143928527832,False,none
0,0,10.660041809082031,9.975837707519531,-10.700394630432129,-10.035414695739746,0.6649799346923828,False,none
0,0,4.209445476531982,3.9943196773529053,-4.246979713439941,-4.085052967071533,0.1619267463684082,False,none
0,0,6.414113998413086,8.798761367797852,-6.453925132751465,-8.81352710723877,-2.3596019744873047,False,none
0,0,6.302923679351807,5.5005202293396,-6.340676307678223,-5.585756301879883,0.7549200057983398,False,none
0,0,2.1330111026763916,1.5504592657089233,-2.167249917984009,-1.648969292640686,0.5182806253433228,False,none
0,0,4.263208866119385,3.026934862136841,-4.301033020019531,-3.119997024536133,1.1810359954833984,False,none
0,0,2.9906904697418213,5.124955177307129,-3.0273711681365967,-5.172305583953857,-2.1449344158172607,False,none
0,0,6.905583381652832,6.518589973449707,-6.943647384643555,-6.598837375640869,0.34481000900268555,False,none
0,0,5.425826072692871,5.011248588562012,-5.462620735168457,-5.099136829376221,0.36348390579223633,False,none
0,0,7.844686508178711,6.428263187408447,-7.882749557495117,-6.506901741027832,1.3758478164672852,False,none
0,0,5.153655052185059,3.5826451778411865,-5.190499305725098,-3.672974109649658,1.5175251960754395,False,none
0,0,3.5497593879699707,2.8041908740997314,-3.587507486343384,-2.8975210189819336,0.6899864673614502,False,none
0,0,4.602745056152344,3.2110202312469482,-4.639862060546875,-3.3008227348327637,1.3390393257141113,False,none
0,0,4.961461544036865,3.916069269180298,-4.998690605163574,-4.007325172424316,0.9913654327392578,False,none
0,0,5.5349578857421875,6.240603923797607,-5.574294090270996,-6.279601573944092,-0.7053074836730957,False,none
1,1,15.275217056274414,12.946187019348145,15.275217056274414,12.946187019348145,-2.3290300369262695,False,none
0,0,2.045356512069702,1.627848505973816,-2.080949544906616,-1.710357904434204,0.3705916404724121,False,none
0,0,5.766359806060791,10.26169490814209,-5.806270599365234,-10.26170825958252,-4.455437660217285,False,none
1,1,22.04761505126953,14.701732635498047,22.04761505126953,14.701732635498047,-7.345882415771484,False,none
0,0,8.462272644042969,11.90943717956543,-8.503999710083008,-11.894613265991211,-3.390613555908203,False,none
0,0,2.075167417526245,4.023768901824951,-2.109889030456543,-4.113250732421875,-2.003361701965332,False,none
0,0,4.388921737670898,2.9060091972351074,-4.425442695617676,-2.9981274604797363,1.4273152351379395,False,none
0,0,4.889665603637695,4.21980094909668,-4.926848411560059,-4.310209274291992,0.6166391372680664,False,none
0,0,4.4198198318481445,3.0611612796783447,-4.456107139587402,-3.152738571166992,1.3033685684204102,False,none
0,0,10.273569107055664,9.671928405761719,-10.312987327575684,-9.73363971710205,0.5793476104736328,False,none
0,0,5.574766635894775,3.8125879764556885,-5.610630989074707,-3.8914318084716797,1.7191991806030273,False,none
0,0,6.3714494705200195,5.847160339355469,-6.408544540405273,-5.930678844451904,0.47786569595336914,False,none
0,0,6.186029434204102,5.447110652923584,-6.223374366760254,-5.531078338623047,0.692296028137207,False,none
0,0,4.602538108825684,3.716557741165161,-4.641018867492676,-3.7810540199279785,0.8599648475646973,False,none
0,0,6.501593589782715,5.414221286773682,-6.538579940795898,-5.496292591094971,1.0422873497009277,False,none
0,0,4.613470554351807,4.177009582519531,-4.6510210037231445,-4.26785945892334,0.3831615447998047,False,none
0,0,8.966676712036133,11.618691444396973,-9.00851821899414,-11.6061429977417,-2.5976247787475586,False,none
0,0,5.153409957885742,2.859773635864258,-5.190223693847656,-2.952141761779785,2.238081932067871,False,none
0,0,5.186053276062012,4.036029815673828,-5.223166465759277,-4.116202354431152,1.106964111328125,False,none
1,1,16.61713409423828,11.609585762023926,16.61713409423828,11.609585762023926,-5.0075483322143555,False,none
0,0,5.851283550262451,7.174725532531738,-5.890859603881836,-7.204836845397949,-1.3139772415161133,False,none
0,0,4.406162261962891,3.9784138202667236,-4.443451881408691,-4.069713592529297,0.37373828887939453,False,none
0,0,5.176422595977783,4.459750652313232,-5.21364688873291,-4.549289703369141,0.6643571853637695,False,none
0,0,4.178056240081787,3.3889667987823486,-4.214550971984863,-3.477022171020508,0.7375288009643555,False,none
1,1,7.799975395202637,4.562196254730225,7.799975395202637,4.562196254730225,-3.237779140472412,False,none
0,0,0.777247965335846,1.4387385845184326,-0.8123262524604797,-1.5241767168045044,-0.7118504643440247,False,none
0,0,6.169212818145752,6.111109256744385,-6.206967353820801,-6.1916046142578125,0.015362739562988281,False,none
0,0,4.740604400634766,3.1391115188598633,-4.777304649353027,-3.2304368019104004,1.546867847442627,False,none
0,0,4.673920154571533,3.0892763137817383,-4.71075439453125,-3.181185245513916,1.529569149017334,False,none
1,1,20.164670944213867,13.39186954498291,20.164670944213867,13.39186954498291,-6.772801399230957,False,none
0,0,4.767237663269043,3.121354818344116,-4.803919792175293,-3.2128310203552246,1.5910887718200684,False,none
0,0,7.982102394104004,5.472814083099365,-8.020419120788574,-5.552529811859131,2.4678893089294434,False,none
0,0,4.961062431335449,4.270579814910889,-4.998478889465332,-4.361088275909424,0.6373906135559082,False,none
0,0,7.576199531555176,7.418726444244385,-7.614899635314941,-7.493556976318359,0.12134265899658203,False,none
0,0,0.9670049548149109,1.6051042079925537,-1.0022385120391846,-1.7007113695144653,-0.6984728574752808,False,none
0,0,2.910856008529663,4.227238178253174,-2.9448583126068115,-4.317815780639648,-1.372957468032837,False,none
0,0,4.980324745178223,4.031008243560791,-5.017495155334473,-4.121859073638916,0.8956360816955566,False,none
1,0,1.0589983463287354,1.1686395406723022,1.0589983463287354,-1.26641047000885,-2.325408935546875,True,disagreement
0,0,4.070471286773682,3.134694814682007,-4.107059478759766,-3.2270779609680176,0.879981517791748,False,none
1,1,10.56373405456543,6.609536170959473,10.56373405456543,6.609536170959473,-3.954197883605957,False,none
1,1,27.26105308532715,18.82279396057129,27.26105308532715,18.82279396057129,-8.43825912475586,False,none
0,0,3.216721773147583,2.581151008605957,-3.253978967666626,-2.656832218170166,0.59714674949646,False,none
0,0,3.2930901050567627,3.7928764820098877,-3.326720714569092,-3.867807388305664,-0.5410866737365723,False,none
1,1,20.18252944946289,10.274311065673828,20.18252944946289,10.274311065673828,-9.908218383789062,False,none
0,0,7.869801044464111,6.866597652435303,-7.909859657287598,-6.933840751647949,0.9760189056396484,False,none
0,0,8.43887710571289,6.794288158416748,-8.47726058959961,-6.872042655944824,1.6052179336547852,False,none
0,0,4.698337554931641,2.711439371109009,-4.734808921813965,-2.8036012649536133,1.9312076568603516,False,none
0,0,2.0424387454986572,4.474896430969238,-2.076572895050049,-4.563648223876953,-2.4870753288269043,False,none
0,0,4.890771865844727,4.321688652038574,-4.927988052368164,-4.411956787109375,0.5160312652587891,False,none
0,0,5.795348167419434,4.331923961639404,-5.832249641418457,-4.409776210784912,1.422473430633545,False,none
0,0,3.5461411476135254,3.013909101486206,-3.5837628841400146,-3.0839381217956543,0.49982476234436035,False,none
0,0,4.6885666847229,3.18416428565979,-4.7253007888793945,-3.2756495475769043,1.4496512413024902,False,none
0,0,4.656319618225098,3.354489326477051,-4.693228721618652,-3.445528984069824,1.2476997375488281,False,none
0,0,6.687717437744141,7.326962947845459,-6.725577354431152,-7.402899265289307,-0.6773219108581543,False,none
1,1,1.1090129613876343,0.035106658935546875,1.1090129613876343,0.035106658935546875,-1.0739063024520874,False,none
0,0,5.256756782531738,3.263049840927124,-5.293570518493652,-3.3540987968444824,1.93947172164917,False,none
0,0,4.692466735839844,4.926513195037842,-4.729338645935059,-5.0107221603393555,-0.2813835144042969,False,none
0,0,8.523324966430664,7.227960586547852,-8.561545372009277,-7.296092987060547,1.2654523849487305,False,none
1,1,2.7577731609344482,3.1810684204101562,2.7577731609344482,3.1810684204101562,0.423295259475708,False,none
1,0,1.3138682842254639,1.3721976280212402,1.3138682842254639,-1.470309853553772,-2.7841782569885254,True,disagreement
0,0,4.2144927978515625,3.066809892654419,-4.251822471618652,-3.155421257019043,1.0964012145996094,False,none
0,0,5.050328731536865,3.119830369949341,-5.087063789367676,-3.2111449241638184,1.8759188652038574,False,none
0,0,4.227697372436523,3.614697217941284,-4.2659711837768555,-3.6784725189208984,0.587498664855957,False,none
0,0,7.016382694244385,6.561252117156982,-7.0547895431518555,-6.641018390655518,0.4137711524963379,False,none
0,0,2.343806028366089,1.7838973999023438,-2.376624822616577,-1.8758429288864136,0.5007818937301636,False,none
1,1,11.547171592712402,5.469282150268555,11.547171592712402,5.469282150268555,-6.077889442443848,False,none
0,0,3.6078410148620605,4.0518341064453125,-3.645209789276123,-4.1415629386901855,-0.4963531494140625,False,none
0,0,4.828996658325195,5.961021900177002,-4.8662109375,-6.042469024658203,-1.1762580871582031,False,none
1,1,7.89286994934082,3.8162598609924316,7.89286994934082,3.8162598609924316,-4.076610088348389,False,none
0,0,4.596512794494629,4.2519683837890625,-4.6340227127075195,-4.3426971435546875,0.29132556915283203,False,none
0,0,4.441305637359619,3.1193909645080566,-4.477614402770996,-3.210966110229492,1.266648292541504,False,none
0,1,1.9272531270980835,9.687891006469727,-1.963423490524292,9.687891006469727,11.651314735412598,True,"disagreement,high_confidence_disagreement"
0,0,3.0298025608062744,4.161618232727051,-3.0655813217163086,-4.250864505767822,-1.1852831840515137,False,none
0,0,4.644274711608887,3.1342599391937256,-4.680919647216797,-3.2258896827697754,1.4550299644470215,False,none
1,1,5.453555107116699,1.6723347902297974,5.453555107116699,1.6723347902297974,-3.7812204360961914,False,none
0,0,6.498517036437988,6.760623931884766,-6.5384016036987305,-6.795714378356934,-0.2573127746582031,False,none
0,0,5.485379219055176,4.73315954208374,-5.52249813079834,-4.8207173347473145,0.7017807960510254,False,none
0,0,4.063997745513916,3.5487847328186035,-4.102038383483887,-3.613696575164795,0.4883418083190918,False,none
0,0,9.763890266418457,11.379366874694824,-9.802902221679688,-11.434250831604004,-1.6313486099243164,False,none
0,0,4.276209831237793,3.611241579055786,-4.313259124755859,-3.6958303451538086,0.6174287796020508,False,none
0,0,3.6318628787994385,2.874985456466675,-3.669182062149048,-2.945720672607422,0.723461389541626,False,none
1,1,7.353550910949707,6.861787796020508,7.353550910949707,6.861787796020508,-0.4917631149291992,False,none
0,0,3.703582525253296,3.245502233505249,-3.7412893772125244,-3.3129072189331055,0.42838215827941895,False,none
1,1,21.99496078491211,15.001914024353027,21.99496078491211,15.001914024353027,-6.993046760559082,False,none
0,0,4.542394161224365,3.969184160232544,-4.579612731933594,-4.060194492340088,0.5194182395935059,False,none
0,1,20.676700592041016,16.320796966552734,-20.7447566986084,16.320796966552734,37.0655517578125,True,"disagreement,high_confidence_disagreement"
0,0,4.328783988952637,4.157825469970703,-4.36631965637207,-4.24725866317749,0.11906099319458008,False,none
0,0,4.499955177307129,4.284801959991455,-4.537535667419434,-4.375486850738525,0.1620488166809082,False,none
0,0,10.041685104370117,6.004184246063232,-10.08149242401123,-6.0785040855407715,4.002988338470459,False,none
0,0,4.2550272941589355,4.0551862716674805,-4.292629241943359,-4.146140098571777,0.14648914337158203,False,none
0,0,3.591003179550171,3.0018346309661865,-3.6281747817993164,-3.093783378601074,0.5343914031982422,False,none
0,0,4.145190238952637,2.7815322875976562,-4.181215286254883,-2.874162197113037,1.3070530891418457,False,none
0,0,9.456148147583008,5.244388103485107,-9.495402336120605,-5.3207783699035645,4.174623966217041,False,none
0,0,4.406395435333252,3.160404682159424,-4.442544937133789,-3.2516822814941406,1.1908626556396484,False,none
0,0,3.8677518367767334,3.032794952392578,-3.9038522243499756,-3.1243691444396973,0.7794830799102783,False,none
0,0,6.210588455200195,9.206153869628906,-6.248272895812988,-9.27071475982666,-3.022441864013672,False,none
0,0,4.273990154266357,3.1248419284820557,-4.31144905090332,-3.216586112976074,1.094862937927246,False,none
0,0,4.488065719604492,3.9274609088897705,-4.525596618652344,-4.017777919769287,0.5078186988830566,False,none
1,0,2.3969762325286865,2.154571771621704,2.3969762325286865,-2.2427000999450684,-4.639676094055176,True,disagreement
0,0,4.27049446105957,3.1327967643737793,-4.307046890258789,-3.224445343017578,1.082601547241211,False,none
0,0,5.146346569061279,4.71367073059082,-5.182767868041992,-4.803612232208252,0.37915563583374023,False,none
0,0,5.824694633483887,4.993000030517578,-5.863774299621582,-5.04594087600708,0.817833423614502,False,none
0,0,4.887263298034668,3.068162679672241,-4.9239959716796875,-3.159914970397949,1.7640810012817383,False,none
0,0,7.135386943817139,6.322535991668701,-7.175168991088867,-6.3932294845581055,0.7819395065307617,False,none
1,1,2.755336046218872,2.5308895111083984,2.755336046218872,2.5308895111083984,-0.22444653511047363,False,none
0,0,10.11011028289795,7.191547393798828,-10.149112701416016,-7.264678001403809,2.884434700012207,False,none
0,0,4.565731048583984,4.321712970733643,-4.603275299072266,-4.412224769592285,0.19105052947998047,False,none
0,0,7.657135963439941,6.288092613220215,-7.696061134338379,-6.367774963378906,1.3282861709594727,False,none
1,1,2.806194543838501,0.03458380699157715,2.806194543838501,0.03458380699157715,-2.771610736846924,False,none
1,1,5.158379554748535,5.965191841125488,5.158379554748535,5.965191841125488,0.8068122863769531,False,none
0,0,3.7010557651519775,2.997359037399292,-3.736567735671997,-3.092319965362549,0.6442477703094482,False,none
0,0,3.83579683303833,2.9665944576263428,-3.8720543384552,-3.058772563934326,0.813281774520874,False,none
0,1,2.6028800010681152,0.46219968795776367,-2.6369211673736572,0.46219968795776367,3.099120855331421,True,disagreement
0,0,6.5337114334106445,8.596128463745117,-6.573895454406738,-8.612706184387207,-2.0388107299804688,False,none
1,0,1.3285551071166992,0.22384348511695862,1.3285551071166992,-0.32264143228530884,-1.6511964797973633,True,disagreement
0,0,4.7582926750183105,3.1234748363494873,-4.795042037963867,-3.21511173248291,1.579930305480957,False,none
0,0,5.221285343170166,6.664350986480713,-5.255793571472168,-6.70184850692749,-1.4460549354553223,False,none
0,0,4.320332050323486,3.7104475498199463,-4.358564376831055,-3.7738399505615234,0.5847244262695312,False,none
0,0,2.3352906703948975,2.5337369441986084,-2.3713817596435547,-2.608086585998535,-0.23670482635498047,False,none
0,0,4.773716926574707,3.088775396347046,-4.810446739196777,-3.180379867553711,1.6300668716430664,False,none
0,0,4.831455707550049,3.936203718185425,-4.868826866149902,-4.027587890625,0.8412389755249023,False,none
1,1,3.984126329421997,3.7765684127807617,3.984126329421997,3.7765684127807617,-0.20755791664123535,False,none
0,0,4.6743245124816895,2.351543426513672,-4.710737228393555,-2.4453182220458984,2.2654190063476562,False,none
0,0,4.381111145019531,4.026944637298584,-4.418773651123047,-4.1182074546813965,0.3005661964416504,False,none
0,0,4.580992221832275,3.6203386783599854,-4.617025375366211,-3.714193344116211,0.90283203125,False,none
0,0,7.2162065505981445,9.089256286621094,-7.256139755249023,-9.138400077819824,-1.8822603225708008,False,none
0,0,4.810293197631836,3.2368059158325195,-4.847044944763184,-3.3281521797180176,1.518892765045166,False,none
0,0,8.944097518920898,7.742695331573486,-8.983067512512207,-7.816763877868652,1.1663036346435547,False,none
1,1,9.895926475524902,7.610613822937012,9.895926475524902,7.610613822937012,-2.2853126525878906,False,none
0,0,3.832752227783203,3.9544756412506104,-3.868920087814331,-4.035408020019531,-0.1664879322052002,False,none
1,1,3.2123653888702393,2.9896955490112305,3.2123653888702393,2.9896955490112305,-0.2226698398590088,False,none
0,0,6.7523274421691895,7.852951526641846,-6.790340423583984,-7.925179481506348,-1.1348390579223633,False,none
0,0,4.61848783493042,4.310584545135498,-4.656083106994629,-4.401105880737305,0.2549772262573242,False,none
0,0,4.088935852050781,3.9175875186920166,-4.126320838928223,-4.008314609527588,0.11800622940063477,False,none
0,0,4.80877685546875,4.794216632843018,-4.845054626464844,-4.882389545440674,-0.03733491897583008,False,none
0,0,2.087946891784668,0.7969242334365845,-2.1241495609283447,-0.8962924480438232,1.2278571128845215,False,none
0,0,3.907189130783081,3.3595638275146484,-3.9451546669006348,-3.4260411262512207,0.5191135406494141,False,none
0,0,4.993051052093506,3.3426403999328613,-5.029772758483887,-3.4335103034973145,1.5962624549865723,False,none
0,0,11.668195724487305,9.358180046081543,-11.707998275756836,-9.4179048538208,2.290093421936035,False,none
0,0,3.7400474548339844,3.2325563430786133,-3.777876615524292,-3.3001489639282227,0.47772765159606934,False,none
0,0,4.829380035400391,5.4642157554626465,-4.866768836975098,-5.546639919281006,-0.6798710823059082,False,none
0,0,3.6153180599212646,3.009650468826294,-3.6529738903045654,-3.0791521072387695,0.5738217830657959,False,none
0,0,2.8027584552764893,2.394883394241333,-2.839919090270996,-2.470353603363037,0.369565486907959,False,none
1,0,1.8621368408203125,2.9524059295654297,1.8621368408203125,-3.0366692543029785,-4.898806095123291,True,disagreement
0,0,5.356321811676025,5.835392951965332,-5.39548397064209,-5.878170967102051,-0.48268699645996094,False,none
0,0,6.189582824707031,4.094667911529541,-6.226951599121094,-4.170891761779785,2.0560598373413086,False,none
1,1,8.292500495910645,9.097529411315918,8.292500495910645,9.097529411315918,0.8050289154052734,False,none
0,1,4.331406593322754,4.552506446838379,-4.371649742126465,4.552506446838379,8.924156188964844,True,"disagreement,high_confidence_disagreement"
1,1,12.226250648498535,6.132114887237549,12.226250648498535,6.132114887237549,-6.094135761260986,False,none
0,0,9.861420631408691,7.8416924476623535,-9.901310920715332,-7.910292625427246,1.991018295288086,False,none
0,0,5.2723894119262695,4.118783950805664,-5.309506416320801,-4.209164619445801,1.100341796875,False,none
0,0,4.795799732208252,4.264456748962402,-4.833121299743652,-4.35509729385376,0.4780240058898926,False,none
0,0,5.920596122741699,3.6513373851776123,-5.957736968994141,-3.7316250801086426,2.226111888885498,False,none
0,0,4.876883029937744,4.668689250946045,-4.915533065795898,-4.722502708435059,0.19303035736083984,False,none
0,0,4.109230041503906,3.903148889541626,-4.147073745727539,-3.99398136138916,0.1530923843383789,False,none
0,0,2.701528549194336,2.4189975261688232,-2.737017869949341,-2.5127153396606445,0.2243025302886963,False,none
0,0,1.3581640720367432,1.7457036972045898,-1.3934320211410522,-1.8289841413497925,-0.43555212020874023,False,none
0,1,2.868976354598999,3.185944080352783,-2.9091038703918457,3.185944080352783,6.095047950744629,True,"disagreement,high_confidence_disagreement"
0,0,4.884682655334473,3.314943552017212,-4.9213972091674805,-3.405609130859375,1.5157880783081055,False,none
1,1,4.582746505737305,2.626260757446289,4.582746505737305,2.626260757446289,-1.9564857482910156,False,none
0,0,3.452991485595703,2.8861138820648193,-3.4897239208221436,-2.9787378311157227,0.5109860897064209,False,none
0,0,4.408420085906982,2.61773419380188,-4.44461727142334,-2.710294246673584,1.7343230247497559,False,none
0,0,4.144190311431885,3.1322882175445557,-4.180307388305664,-3.2235522270202637,0.9567551612854004,False,none
0,0,4.744781017303467,4.034521102905273,-4.781876564025879,-4.125253677368164,0.6566228866577148,False,none
0,0,7.451437473297119,5.108605861663818,-7.490812301635742,-5.185155391693115,2.305656909942627,False,none
1,0,8.342488288879395,4.760171890258789,8.342488288879395,-4.824969291687012,-13.167457580566406,True,disagreement
0,0,4.9097371101379395,3.1825573444366455,-4.946555137634277,-3.2741427421569824,1.672412395477295,False,none
0,0,8.404535293579102,5.741703510284424,-8.44416618347168,-5.815059661865234,2.6291065216064453,False,none
0,0,7.038510799407959,5.718252658843994,-7.078401565551758,-5.780069351196289,1.2983322143554688,False,none
1,1,3.4157111644744873,0.5259321331977844,3.4157111644744873,0.5259321331977844,-2.8897790908813477,False,none
1,1,5.794075965881348,4.641625881195068,5.794075965881348,4.641625881195068,-1.1524500846862793,False,none
0,0,4.822441101074219,3.14079213142395,-4.859200477600098,-3.232391834259033,1.6268086433410645,False,none
0,0,5.758206844329834,4.575042247772217,-5.795295715332031,-4.652098655700684,1.1431970596313477,False,none
0,0,3.2532284259796143,2.7455780506134033,-3.291034460067749,-2.8383564949035645,0.45267796516418457,False,none
0,0,2.0040640830993652,2.91829776763916,-2.0398941040039062,-3.013392925262451,-0.9734988212585449,False,none
0,0,4.229611873626709,3.9480817317962646,-4.267609596252441,-4.039065837860107,0.22854375839233398,False,none
0,0,4.951253414154053,4.320101261138916,-4.98992919921875,-4.37718391418457,0.6127452850341797,False,none
0,0,7.526527404785156,11.595138549804688,-7.566675186157227,-11.583579063415527,-4.016903877258301,False,none
0,0,5.504156112670898,6.1611738204956055,-5.543386459350586,-6.200841903686523,-0.6574554443359375,False,none
0,0,4.962270736694336,3.0182693004608154,-4.999039649963379,-3.1076197624206543,1.8914198875427246,False,none
0,0,4.762974739074707,4.314594745635986,-4.800394058227539,-4.405064582824707,0.39532947540283203,False,none
1,1,6.2656450271606445,3.087820529937744,6.2656450271606445,3.087820529937744,-3.1778244972229004,False,none
0,0,12.24691390991211,9.33893871307373,-12.28808307647705,-9.395102500915527,2.8929805755615234,False,none
0,0,4.593184471130371,6.686326026916504,-4.630762100219727,-6.720466613769531,-2.0897045135498047,False,none
0,0,4.538345813751221,4.174532413482666,-4.575812339782715,-4.265520095825195,0.31029224395751953,False,none
0,0,7.558996677398682,6.238136291503906,-7.596879005432129,-6.316403388977051,1.2804756164550781,False,none
0,1,4.045552730560303,1.6407172679901123,-4.084975242614746,1.6407172679901123,5.7256927490234375,True,"disagreement,high_confidence_disagreement"
1,1,0.873620867729187,4.086115837097168,0.873620867729187,4.086115837097168,3.2124948501586914,False,none
0,0,4.377631187438965,3.0851495265960693,-4.413866996765137,-3.1766538619995117,1.237213134765625,False,none
0,0,3.9228832721710205,3.548975944519043,-3.9606282711029053,-3.641655921936035,0.3189723491668701,False,none
0,0,4.851954936981201,3.1570708751678467,-4.888910293579102,-3.2484612464904785,1.640449047088623,False,none
0,0,3.3865396976470947,2.3621232509613037,-3.4226763248443604,-2.4378247261047363,0.984851598739624,False,none
1,1,4.446700096130371,0.5559234023094177,4.446700096130371,0.5559234023094177,-3.8907766342163086,False,none
0,0,4.124344825744629,2.869642972946167,-4.160341262817383,-2.9619951248168945,1.1983461380004883,False,none
0,0,3.2744314670562744,2.8361315727233887,-3.311621904373169,-2.907604694366455,0.40401721000671387,False,none
0,0,3.401059627532959,2.9552464485168457,-3.4383702278137207,-3.026090145111084,0.4122800827026367,False,none
1,1,0.9956916570663452,0.2520456314086914,0.9956916570663452,0.2520456314086914,-0.7436460256576538,False,none
1,1,8.026239395141602,8.760225296020508,8.026239395141602,8.760225296020508,0.7339859008789062,False,none
0,0,5.12554931640625,3.0686774253845215,-5.162284851074219,-3.1600236892700195,2.002261161804199,False,none
0,0,4.590777397155762,3.1781671047210693,-4.62753963470459,-3.2700376510620117,1.3575019836425781,False,none
0,0,2.9030091762542725,1.553131103515625,-2.938089609146118,-1.6507586240768433,1.287330985069275,False,none
0,0,5.045373439788818,3.137256383895874,-5.082127571105957,-3.2283453941345215,1.8537821769714355,False,none
0,0,4.118738651275635,4.069911956787109,-4.15627384185791,-4.161307334899902,-0.0050334930419921875,False,none
0,0,1.0916178226470947,1.9248378276824951,-1.1268686056137085,-2.0188989639282227,-0.8920303583145142,False,none
0,0,4.391467571258545,4.031069755554199,-4.429608345031738,-4.122218608856201,0.3073897361755371,False,none
0,0,4.867917537689209,3.8749125003814697,-4.905035972595215,-3.966196060180664,0.9388399124145508,False,none
0,0,4.499902248382568,3.8943917751312256,-4.537252426147461,-3.9860000610351562,0.5512523651123047,False,none
1,1,4.267156600952148,6.508278846740723,4.267156600952148,6.508278846740723,2.241122245788574,False,none
1,1,9.316389083862305,5.46460485458374,9.316389083862305,5.46460485458374,-3.8517842292785645,False,none
0,0,7.437986373901367,8.55479907989502,-7.477725028991699,-8.611077308654785,-1.133352279663086,False,none
0,0,4.897393226623535,4.3117876052856445,-4.934741020202637,-4.401815414428711,0.5329256057739258,False,none
0,0,6.220125198364258,3.9503304958343506,-6.257096290588379,-4.029493808746338,2.227602481842041,False,none
1,1,8.425337791442871,9.02794361114502,8.425337791442871,9.02794361114502,0.6026058197021484,False,none
0,0,6.5661940574646,6.255600929260254,-6.603461265563965,-6.328088760375977,0.2753725051879883,False,none
0,0,4.908426761627197,3.461387872695923,-4.945119857788086,-3.551511287689209,1.393608570098877,False,none
1,1,43.679534912109375,18.755037307739258,43.679534912109375,18.755037307739258,-24.924497604370117,False,none
1,1,7.35814094543457,3.6167922019958496,7.35814094543457,3.6167922019958496,-3.7413487434387207,False,none
1,1,18.240266799926758,8.294137001037598,18.240266799926758,8.294137001037598,-9.94612979888916,False,none
0,0,4.760782241821289,3.5691592693328857,-4.797881126403809,-3.6594033241271973,1.1384778022766113,False,none
0,1,3.8393747806549072,1.3255864381790161,-3.875541925430298,1.3255864381790161,5.2011284828186035,True,"disagreement,high_confidence_disagreement"
0,0,0.05075548589229584,1.229628324508667,-0.0845634937286377,-1.3275073766708374,-1.2429438829421997,False,none
0,0,5.576906681060791,3.9720304012298584,-5.615449905395508,-4.04643440246582,1.5690155029296875,False,none
0,0,5.157762050628662,5.252810001373291,-5.196666717529297,-5.30114221572876,-0.10447549819946289,False,none
0,0,5.036571979522705,5.175041675567627,-5.075407028198242,-5.224164962768555,-0.1487579345703125,False,none
0,0,3.8440654277801514,3.828293561935425,-3.881526231765747,-3.920073986053467,-0.03854775428771973,False,none
1,1,21.1346492767334,15.53814697265625,21.1346492767334,15.53814697265625,-5.596502304077148,False,none
0,0,0.9359791874885559,2.4942028522491455,-0.9698927998542786,-2.586409091949463,-1.616516351699829,False,none
0,0,3.661658525466919,2.979095935821533,-3.6988961696624756,-3.048830986022949,0.6500651836395264,False,none
0,0,4.053108215332031,3.176804304122925,-4.090771198272705,-3.269014835357666,0.8217563629150391,False,none
0,0,4.170196056365967,3.180304765701294,-4.206930160522461,-3.267444133758545,0.939486026763916,False,none
0,0,12.716243743896484,8.880744934082031,-12.758193969726562,-8.931635856628418,3.8265581130981445,False,none
0,0,3.432220697402954,2.8368844985961914,-3.469466209411621,-2.912707805633545,0.5567584037780762,False,none
0,0,7.748909950256348,4.663680076599121,-7.787091255187988,-4.745955467224121,3.041135787963867,False,none
0,0,4.653591156005859,4.540365695953369,-4.68955135345459,-4.628750801086426,0.06080055236816406,False,none
0,0,4.423330783843994,1.8517427444458008,-4.45977783203125,-1.9466968774795532,2.5130810737609863,False,none
1,1,22.71895408630371,14.090049743652344,22.71895408630371,14.090049743652344,-8.628904342651367,False,none
0,0,4.584742546081543,4.184986591339111,-4.623139381408691,-4.243389129638672,0.37975025177001953,False,none
0,0,4.5963921546936035,4.19262170791626,-4.634756088256836,-4.250888824462891,0.3838672637939453,False,none
0,0,6.851332187652588,5.810719013214111,-6.8886308670043945,-5.892902374267578,0.9957284927368164,False,none
0,0,7.050831317901611,10.205140113830566,-7.09117317199707,-10.206615447998047,-3.1154422760009766,False,none
0,0,7.556530952453613,10.715917587280273,-7.597516059875488,-10.712532043457031,-3.115015983581543,False,none
1,1,19.997182846069336,8.799429893493652,19.997182846069336,8.799429893493652,-11.197752952575684,False,none
0,0,9.621088027954102,6.466501712799072,-9.660157203674316,-6.538046836853027,3.122110366821289,False,none
0,0,3.861724376678467,3.2761971950531006,-3.899484395980835,-3.343869686126709,0.555614709854126,False,none
0,0,4.647325038909912,4.212264537811279,-4.685754776000977,-4.270355701446533,0.41539907455444336,False,none
0,0,4.990663528442383,3.1583292484283447,-5.027400016784668,-3.249645233154297,1.777754783630371,False,none
0,0,4.759310245513916,3.169738531112671,-4.796076774597168,-3.261369228363037,1.5347075462341309,False,none
0,0,4.703593730926514,6.229918956756592,-4.740379333496094,-6.3087944984436035,-1.5684151649475098,False,none
0,0,0.5776768326759338,0.21124276518821716,-0.612592875957489,-0.31060415506362915,0.30198872089385986,False,none
0,0,0.44793689250946045,0.1836152970790863,-0.4810856580734253,-0.28357529640197754,0.19751036167144775,False,none
1,1,7.480236053466797,6.869911193847656,7.480236053466797,6.869911193847656,-0.6103248596191406,False,none
0,0,7.721954345703125,6.959311008453369,-7.7601823806762695,-7.036144733428955,0.7240376472473145,False,none
0,0,3.9109065532684326,3.0231170654296875,-3.947075128555298,-3.1149144172668457,0.8321607112884521,False,none
0,0,1.6761460304260254,2.8272266387939453,-1.7112197875976562,-2.920781135559082,-1.2095613479614258,False,none
0,0,3.449502944946289,3.0283992290496826,-3.486849546432495,-3.0994510650634766,0.38739848136901855,False,none
0,0,9.642481803894043,7.922180652618408,-9.681363105773926,-7.993315696716309,1.6880474090576172,False,none
0,0,8.439423561096191,11.51716423034668,-8.479890823364258,-11.549039840698242,-3.0691490173339844,False,none
0,0,5.254283428192139,3.3508102893829346,-5.291827201843262,-3.438025951385498,1.8538012504577637,False,none
0,0,7.6115570068359375,5.9047064781188965,-7.649412155151367,-5.979250907897949,1.670161247253418,False,none
0,0,4.501960754394531,4.017618179321289,-4.5394287109375,-4.109034538269043,0.43039417266845703,False,none
0,0,4.441012382507324,3.7018988132476807,-4.479418754577637,-3.765310287475586,0.7141084671020508,False,none
0,0,5.515042781829834,2.874704122543335,-5.55229377746582,-2.969043254852295,2.5832505226135254,False,none
0,0,4.258113861083984,4.077009677886963,-4.295692443847656,-4.16835880279541,0.1273336410522461,False,none
0,0,5.044892311096191,3.21842885017395,-5.081643104553223,-3.3096046447753906,1.772038459777832,False,none
1,1,11.059118270874023,9.432049751281738,11.059118270874023,9.432049751281738,-1.6270685195922852,False,none
0,0,9.126387596130371,13.414968490600586,-9.166857719421387,-13.438753128051758,-4.271895408630371,False,none
0,0,3.5218262672424316,2.920877695083618,-3.5594356060028076,-2.9913716316223145,0.5680639743804932,False,none
0,0,7.586951732635498,6.056495666503906,-7.625439643859863,-6.127861022949219,1.4975786209106445,False,none
1,1,11.482760429382324,10.627963066101074,11.482760429382324,10.627963066101074,-0.85479736328125,False,none
0,0,4.587849140167236,4.2112836837768555,-4.625214576721191,-4.302175521850586,0.32303905487060547,False,none
0,0,4.874594211578369,3.988996744155884,-4.9117889404296875,-4.0801520347595215,0.831636905670166,False,none
0,0,4.861053943634033,4.314881801605225,-4.898560523986816,-4.405250549316406,0.49330997467041016,False,none
1,1,19.12837791442871,13.389666557312012,19.12837791442871,13.389666557312012,-5.738711357116699,False,none
1,1,14.90588092803955,9.882887840270996,14.90588092803955,9.882887840270996,-5.022993087768555,False,none
0,0,6.827012538909912,6.511933326721191,-6.864516258239746,-6.591434955596924,0.27308130264282227,False,none
0,0,5.159056663513184,3.917959451675415,-5.196475028991699,-4.001834869384766,1.1946401596069336,False,none
0,0,3.4351234436035156,3.008392333984375,-3.472414970397949,-3.078512668609619,0.3939023017883301,False,none
0,0,3.9432201385498047,4.186495304107666,-3.980806589126587,-4.2760210037231445,-0.2952144145965576,False,none
0,0,3.8169822692871094,3.424562931060791,-3.852727174758911,-3.518737316131592,0.33398985862731934,False,none
0,0,7.046195030212402,5.639968395233154,-7.084874153137207,-5.717822074890137,1.3670520782470703,False,none
0,0,3.8513739109039307,2.7538716793060303,-3.887481689453125,-2.846853733062744,1.0406279563903809,False,none
0,0,5.086447238922119,4.391581058502197,-5.123350143432617,-4.468345642089844,0.6550045013427734,False,none
0,0,4.7174272537231445,4.3552165031433105,-4.754705429077148,-4.445536136627197,0.30916929244995117,False,none
1,1,1.1600638628005981,0.08053833246231079,1.1600638628005981,0.08053833246231079,-1.0795254707336426,False,none
0,0,3.121819496154785,3.029327392578125,-3.1570322513580322,-3.1185641288757324,0.038468122482299805,False,none
1,1,6.136100769042969,13.000991821289062,6.136100769042969,13.000991821289062,6.864891052246094,False,none
0,0,3.7634098529815674,2.7929928302764893,-3.8011422157287598,-2.88633394241333,0.9148082733154297,False,none
1,1,4.164134979248047,1.7746611833572388,4.164134979248047,1.7746611833572388,-2.3894739151000977,False,none
0,0,3.606428861618042,2.959453821182251,-3.643803596496582,-3.052000045776367,0.5918035507202148,False,none
1,1,4.41395378112793,0.8061433434486389,4.41395378112793,0.8061433434486389,-3.6078104972839355,False,none
0,0,3.985171318054199,4.688724994659424,-4.021347999572754,-4.768377780914307,-0.7470297813415527,False,none
0,0,4.791604042053223,3.144226312637329,-4.828431129455566,-3.2359461784362793,1.592484951019287,False,none
0,0,5.171679496765137,4.57220983505249,-5.208990097045898,-4.661850929260254,0.5471391677856445,False,none
1,1,4.29177188873291,3.2223095893859863,4.29177188873291,3.2223095893859863,-1.0694622993469238,False,none
0,0,4.621768474578857,3.8771345615386963,-4.658982276916504,-3.968442916870117,0.6905393600463867,False,none
0,0,0.2312789112329483,2.0601646900177,-0.2655360698699951,-2.154162883758545,-1.8886268138885498,False,none
1,1,18.991697311401367,11.2340669631958,18.991697311401367,11.2340669631958,-7.757630348205566,False,none
0,1,0.05510668456554413,2.273690700531006,-0.0886576771736145,2.273690700531006,2.3623483180999756,True,disagreement
0,0,5.259485721588135,5.492931842803955,-5.2985029220581055,-5.53903865814209,-0.24053573608398438,False,none
0,0,3.67899227142334,3.4021689891815186,-3.715376615524292,-3.490884780883789,0.22449183464050293,False,none
0,0,7.374251842498779,5.03018045425415,-7.411877632141113,-5.107749938964844,2.3041276931762695,False,none
0,0,4.991301536560059,5.154271602630615,-5.0295515060424805,-5.2031121253967285,-0.17356061935424805,False,none
0,0,4.576985836029053,3.1202151775360107,-4.613668441772461,-3.2082724571228027,1.4053959846496582,False,none
0,0,4.804221153259277,2.9746315479278564,-4.841043472290039,-3.0669116973876953,1.7741317749023438,False,none
0,1,6.857809066772461,5.729124546051025,-6.90126895904541,5.729124546051025,12.630393981933594,True,"disagreement,high_confidence_disagreement"
1,1,24.453134536743164,12.455822944641113,24.453134536743164,12.455822944641113,-11.99731159210205,False,none
0,0,4.57196044921875,3.898890256881714,-4.608857154846191,-3.9797511100769043,0.6291060447692871,False,none
0,0,5.118286609649658,3.2532382011413574,-5.155033111572266,-3.344142436981201,1.8108906745910645,False,none
1,1,31.98307991027832,21.961246490478516,31.98307991027832,21.961246490478516,-10.021833419799805,False,none
0,0,6.452301979064941,7.942053318023682,-6.492311477661133,-7.964801788330078,-1.4724903106689453,False,none
0,0,5.0686140060424805,3.916257619857788,-5.105755805969238,-4.007298469543457,1.0984573364257812,False,none
0,0,6.389995574951172,4.242593288421631,-6.426939964294434,-4.332045555114746,2.0948944091796875,False,none
0,0,6.1808366775512695,6.161046504974365,-6.218934059143066,-6.242779731750488,-0.023845672607421875,False,none
0,0,4.621042251586914,3.9770781993865967,-4.65812873840332,-4.067812919616699,0.5903158187866211,False,none
0,0,4.853235721588135,4.338054656982422,-4.890613555908203,-4.4284467697143555,0.46216678619384766,False,none
1,1,8.048308372497559,5.686993598937988,8.048308372497559,5.686993598937988,-2.3613147735595703,False,none
0,0,1.8674982786178589,1.0926389694213867,-1.9029266834259033,-1.1916875839233398,0.7112390995025635,False,none
0,0,0.3471553325653076,2.8011322021484375,-0.3817559480667114,-2.8953919410705566,-2.5136361122131348,False,none
0,0,3.2050254344940186,2.8824121952056885,-3.2412166595458984,-2.9740676879882812,0.2671489715576172,False,none
0,0,4.840555191040039,2.43105149269104,-4.877821922302246,-2.5244789123535156,2.3533430099487305,False,none
0,0,5.975465774536133,3.9710428714752197,-6.013781547546387,-4.055303573608398,1.9584779739379883,False,none
1,1,2.517355442047119,0.9010235667228699,2.517355442047119,0.9010235667228699,-1.6163318157196045,False,none
0,0,2.432579755783081,3.9717676639556885,-2.4630277156829834,-4.036411285400391,-1.5733835697174072,False,none
0,0,4.806827545166016,3.9724080562591553,-4.844049453735352,-4.06361198425293,0.7804374694824219,False,none
0,0,3.13598370552063,2.8105101585388184,-3.1727287769317627,-2.8823118209838867,0.290416955947876,False,none
0,0,4.317941665649414,3.8792240619659424,-4.356081008911133,-3.9410696029663086,0.4150114059448242,False,none
0,0,4.4441938400268555,4.045688152313232,-4.482481002807617,-4.105399131774902,0.37708187103271484,False,none
0,0,4.63110876083374,3.4665191173553467,-4.667763710021973,-3.5563673973083496,1.111396312713623,False,none
0,0,3.733538866043091,1.9869701862335205,-3.7694900035858154,-2.0843825340270996,1.6851074695587158,False,none
0,0,3.472776412963867,3.8108441829681396,-3.507873058319092,-3.903416633605957,-0.39554357528686523,False,none
0,0,4.783546447753906,4.565272808074951,-4.822125434875488,-4.620058059692383,0.20206737518310547,False,none
0,0,4.828709602355957,3.033350706100464,-4.865421295166016,-3.124825954437256,1.7405953407287598,False,none
0,0,4.405572891235352,3.5192930698394775,-4.442724227905273,-3.608626365661621,0.8340978622436523,False,none
0,0,4.386107444763184,3.1371026039123535,-4.422757148742676,-3.2289810180664062,1.1937761306762695,False,none
0,0,3.401298761367798,2.6652021408081055,-3.437547206878662,-2.7585229873657227,0.6790242195129395,False,none
0,0,5.5673651695251465,4.013296604156494,-5.603757858276367,-4.10575008392334,1.4980077743530273,False,none
0,0,9.274765968322754,9.463058471679688,-9.313313484191895,-9.526106834411621,-0.21279335021972656,False,none
0,0,3.5184504985809326,2.9837310314178467,-3.5558881759643555,-3.053455352783203,0.5024328231811523,False,none
1,1,17.355329513549805,13.273578643798828,17.355329513549805,13.273578643798828,-4.081750869750977,False,none
1,1,10.573389053344727,5.106560230255127,10.573389053344727,5.106560230255127,-5.4668288230896,False,none
0,0,5.070605278015137,3.9163858890533447,-5.107734680175781,-4.00740909576416,1.100325584411621,False,none
0,0,6.964486122131348,10.28250503540039,-7.00433349609375,-10.28332233428955,-3.278988838195801,False,none
0,0,5.736142635345459,5.232452869415283,-5.775284767150879,-5.282297134399414,0.49298763275146484,False,none
0,0,4.44655179977417,4.08616304397583,-4.4839982986450195,-4.1774444580078125,0.30655384063720703,False,none
0,0,3.951273202896118,4.236973285675049,-3.987191915512085,-4.328351974487305,-0.3411600589752197,False,none
0,0,7.216307163238525,6.098328113555908,-7.253678321838379,-6.181440353393555,1.0722379684448242,False,none
0,0,4.780724048614502,4.321027755737305,-4.81812858581543,-4.411478519439697,0.4066500663757324,False,none
0,0,7.59270715713501,5.321061134338379,-7.630928039550781,-5.397221565246582,2.233706474304199,False,none
1,1,1.6616861820220947,0.3293621242046356,1.6616861820220947,0.3293621242046356,-1.3323240280151367,False,none
0,0,4.7417497634887695,1.6689579486846924,-4.779055595397949,-1.759032130241394,3.0200233459472656,False,none
1,1,20.3757381439209,14.402081489562988,20.3757381439209,14.402081489562988,-5.97365665435791,False,none
0,0,2.7502501010894775,3.8305327892303467,-2.7848315238952637,-3.9229869842529297,-1.138155460357666,False,none
1,1,0.399100124835968,0.6558128595352173,0.399100124835968,0.6558128595352173,0.25671273469924927,False,none
1,1,12.041102409362793,6.647796630859375,12.041102409362793,6.647796630859375,-5.393305778503418,False,none
0,0,6.977312088012695,5.8705549240112305,-7.015110969543457,-5.952792167663574,1.0623188018798828,False,none
0,0,4.415440559387207,3.220365285873413,-4.452262878417969,-3.312047004699707,1.1402158737182617,False,none
0,0,1.7027791738510132,2.8963582515716553,-1.7389259338378906,-2.9867215156555176,-1.247795581817627,False,none
0,0,3.9776909351348877,3.2651121616363525,-4.015218734741211,-3.351468086242676,0.6637506484985352,False,none
0,0,3.5912020206451416,3.0041983127593994,-3.627432346343994,-3.096194267272949,0.5312380790710449,False,none
0,0,7.117101192474365,10.179327011108398,-7.157299041748047,-10.181118965148926,-3.023819923400879,False,none
0,0,6.132762432098389,8.342671394348145,-6.170626640319824,-8.412687301635742,-2.242060661315918,False,none
0,0,3.830150604248047,0.3338331878185272,-3.8666257858276367,-0.4340273141860962,3.43259859085083,False,none
0,0,4.209568023681641,3.963111162185669,-4.2467756271362305,-4.052934646606445,0.19384098052978516,False,none
1,1,5.767083168029785,4.950253009796143,5.767083168029785,4.950253009796143,-0.8168301582336426,False,none
0,0,3.19706130027771,2.7749273777008057,-3.23403263092041,-2.846679210662842,0.38735342025756836,False,none
1,1,3.7938036918640137,-0.04429978132247925,3.7938036918640137,-0.04429978132247925,-3.8381035327911377,False,none
0,0,6.935820579528809,2.3439087867736816,-6.975653648376465,-2.4121694564819336,4.563484191894531,False,none
0,0,5.594173431396484,7.497103214263916,-5.631866455078125,-7.571475982666016,-1.9396095275878906,False,none
0,0,3.982806921005249,3.1891424655914307,-4.018909454345703,-3.280834674835205,0.738074779510498,False,none
0,0,2.895442485809326,3.3322808742523193,-2.9294204711914062,-3.425906181335449,-0.49648571014404297,False,none
0,0,3.7348568439483643,2.9331932067871094,-3.771404504776001,-3.0262794494628906,0.7451250553131104,False,none
0,0,4.675524711608887,2.7622885704040527,-4.712136268615723,-2.855201244354248,1.8569350242614746,False,none
0,0,11.929276466369629,10.27304458618164,-11.969316482543945,-10.33313274383545,1.636183738708496,False,none
0,0,4.116353511810303,3.0187337398529053,-4.152388572692871,-3.1106839179992676,1.0417046546936035,False,none
0,0,3.7743308544158936,3.2666704654693604,-3.812291145324707,-3.334300994873047,0.47799015045166016,False,none
0,0,6.452362537384033,4.080301761627197,-6.489191055297852,-4.159356594085693,2.329834461212158,False,none
0,0,4.0322089195251465,0.9464939832687378,-4.068966865539551,-1.0460790395736694,3.022887706756592,False,none
0,0,4.1424665451049805,3.59909725189209,-4.180544853210449,-3.663658618927002,0.5168862342834473,False,none
0,0,6.951742172241211,5.880467414855957,-6.989234924316406,-5.963373184204102,1.0258617401123047,False,none
0,0,8.65579605102539,8.492363929748535,-8.69443130493164,-8.563508033752441,0.13092327117919922,False,none
0,0,8.951807975769043,5.2689948081970215,-8.991368293762207,-5.345142364501953,3.646225929260254,False,none
0,0,4.877658843994141,3.218496084213257,-4.914411544799805,-3.3098974227905273,1.6045141220092773,False,none
0,0,1.5051864385604858,1.009242296218872,-1.5408275127410889,-1.097515344619751,0.4433121681213379,False,none
0,0,5.382122039794922,3.649070978164673,-5.4197235107421875,-3.734987735748291,1.6847357749938965,False,none
0,0,4.191008567810059,3.532261610031128,-4.2287397384643555,-3.612064838409424,0.6166749000549316,False,none
0,0,10.646275520324707,6.621084690093994,-10.68568229675293,-6.691877365112305,3.993804931640625,False,none
0,0,1.4158457517623901,2.1426713466644287,-1.45180344581604,-2.23526668548584,-0.7834632396697998,False,none
0,0,4.626312732696533,3.1920883655548096,-4.662971496582031,-3.2839441299438477,1.3790273666381836,False,none
1,1,21.70406723022461,11.760047912597656,21.70406723022461,11.760047912597656,-9.944019317626953,False,none
0,0,8.693830490112305,8.827156066894531,-8.732535362243652,-8.894408226013184,-0.16187286376953125,False,none
0,0,5.659931182861328,4.301146507263184,-5.696828842163086,-4.391265392303467,1.3055634498596191,False,none
0,0,2.9220855236053467,1.0044333934783936,-2.957221031188965,-1.1033666133880615,1.8538544178009033,False,none
0,0,6.208669662475586,3.758366823196411,-6.245680809020996,-3.8389344215393066,2.4067463874816895,False,none
0,0,3.6312143802642822,2.995128631591797,-3.6674416065216064,-3.082098960876465,0.5853426456451416,False,none
0,0,3.0421690940856934,2.876497983932495,-3.0776028633117676,-2.971625328063965,0.10597753524780273,False,none
0,0,4.709555149078369,3.8182947635650635,-4.746705055236816,-3.909946918487549,0.8367581367492676,False,none
0,0,4.834456920623779,3.1209471225738525,-4.871310234069824,-3.2126808166503906,1.6586294174194336,False,none
0,0,3.7276060581207275,2.647542715072632,-3.7636728286743164,-2.740264415740967,1.0234084129333496,False,none
0,0,6.409191131591797,5.952037334442139,-6.446693420410156,-6.034106254577637,0.41258716583251953,False,none
0,0,3.3271853923797607,2.3924028873443604,-3.3633768558502197,-2.486604690551758,0.8767721652984619,False,none
1,1,18.072778701782227,9.325037956237793,18.072778701782227,9.325037956237793,-8.747740745544434,False,none
0,0,3.3915607929229736,2.9060792922973633,-3.4290382862091064,-2.976928234100342,0.45211005210876465,False,none
0,0,4.334271430969238,3.0048608779907227,-4.370539665222168,-3.0963497161865234,1.2741899490356445,False,none
0,0,4.879585266113281,4.94128942489624,-4.918163299560547,-4.99251651763916,-0.07435321807861328,False,none
0,0,4.397934913635254,4.044814109802246,-4.435993194580078,-4.135748863220215,0.3002443313598633,False,none
0,0,4.59965705871582,3.7938711643218994,-4.636789321899414,-3.885725975036621,0.751063346862793,False,none
0,0,3.661027193069458,3.1165356636047363,-3.6986260414123535,-3.1855359077453613,0.5130901336669922,False,none
0,0,8.500487327575684,8.756528854370117,-8.541001319885254,-8.808648109436035,-0.26764678955078125,False,none
0,0,4.432171821594238,2.9229681491851807,-4.468850135803223,-3.015181541442871,1.4536685943603516,False,none
0,0,3.36742901802063,2.787177085876465,-3.404792308807373,-2.880222797393799,0.5245695114135742,False,none
0,0,4.542982578277588,3.8860113620758057,-4.580392837524414,-3.977677345275879,0.6027154922485352,False,none
1,1,9.436156272888184,9.391364097595215,9.436156272888184,9.391364097595215,-0.04479217529296875,False,none
0,0,9.559142112731934,6.254634380340576,-9.5986909866333,-6.325845241546631,3.27284574508667,False,none
0,0,4.1144609451293945,3.537130355834961,-4.152410507202148,-3.6024680137634277,0.5499424934387207,False,none
0,0,4.447924613952637,3.2031028270721436,-4.484374046325684,-3.294462203979492,1.1899118423461914,False,none
1,1,3.0337789058685303,2.441898822784424,3.0337789058685303,2.441898822784424,-0.5918800830841064,False,none
0,0,8.444427490234375,11.282478332519531,-8.484670639038086,-11.320076942443848,-2.8354063034057617,False,none
1,1,10.740506172180176,9.159005165100098,10.740506172180176,9.159005165100098,-1.5815010070800781,False,none
0,0,4.120377540588379,3.211369037628174,-4.156973838806152,-3.303889751434326,0.8530840873718262,False,none
0,0,4.454937934875488,3.911527395248413,-4.492948532104492,-4.0028276443481445,0.49012088775634766,False,none
1,1,4.5958147048950195,2.0979557037353516,4.5958147048950195,2.0979557037353516,-2.497859001159668,False,none
0,0,0.5325357913970947,1.0318660736083984,-0.5665140151977539,-1.1199818849563599,-0.553467869758606,False,none
1,0,0.17542463541030884,4.312203884124756,0.17542463541030884,-4.368485450744629,-4.543910026550293,True,disagreement
0,0,5.711216926574707,5.101099014282227,-5.750284194946289,-5.152646064758301,0.5976381301879883,False,none
0,0,0.03197948634624481,1.3493669033050537,-0.06654947996139526,-1.4349325895309448,-1.3683831691741943,False,none
0,0,5.812664031982422,6.1760125160217285,-5.852110862731934,-6.215837001800537,-0.3637261390686035,False,none
0,0,4.852837562561035,4.337578296661377,-4.890215873718262,-4.427971839904785,0.46224403381347656,False,none
0,0,3.877958297729492,3.7551796436309814,-3.913411855697632,-3.848245620727539,0.06516623497009277,False,none
1,1,18.743751525878906,13.716476440429688,18.743751525878906,13.716476440429688,-5.027275085449219,False,none
0,0,7.500460624694824,6.7935471534729,-7.538102149963379,-6.867297172546387,0.6708049774169922,False,none
0,0,7.540637969970703,6.454516887664795,-7.5781707763671875,-6.536165237426758,1.0420055389404297,False,none
1,1,26.413625717163086,16.1728572845459,26.413625717163086,16.1728572845459,-10.240768432617188,False,none
0,0,4.612336158752441,4.230040073394775,-4.650726318359375,-4.287995338439941,0.3627309799194336,False,none
1,0,1.6067122220993042,1.8722443580627441,1.6067122220993042,-1.956875205039978,-3.5635874271392822,True,disagreement
0,0,2.47023868560791,2.3889472484588623,-2.5066678524017334,-2.464418411254883,0.042249441146850586,False,none
1,1,5.169149398803711,2.2873191833496094,5.169149398803711,2.2873191833496094,-2.8818302154541016,False,none
0,0,4.409953594207764,4.080611705780029,-4.445965766906738,-4.172451496124268,0.2735142707824707,False,none
0,0,4.411334991455078,3.090829849243164,-4.447752952575684,-3.1839776039123535,1.26377534866333,False,none
0,0,5.663140296936035,5.330337047576904,-5.700579643249512,-5.416154384613037,0.2844252586364746,False,none
0,0,4.66914701461792,4.461126804351807,-4.703945159912109,-4.528367042541504,0.17557811737060547,False,none
0,0,4.0252299308776855,2.9003520011901855,-4.061308860778809,-2.992891311645508,1.0684175491333008,False,none
0,0,4.73919153213501,2.9310004711151123,-4.775575637817383,-3.0226645469665527,1.75291109085083,False,none
0,0,4.467470645904541,3.3365895748138428,-4.504574775695801,-3.4283156394958496,1.0762591361999512,False,none
0,0,4.624478816986084,2.7987396717071533,-4.661203384399414,-2.890754222869873,1.770449161529541,False,none
0,0,4.485166072845459,3.7443320751190186,-4.522822380065918,-3.8359484672546387,0.6868739128112793,False,none
0,0,4.977348327636719,1.8577187061309814,-5.014727592468262,-1.9477261304855347,3.0670013427734375,False,none
0,0,5.761263370513916,3.7182281017303467,-5.7984619140625,-3.8007726669311523,1.9976892471313477,False,none
0,0,8.02782154083252,10.241767883300781,-8.067892074584961,-10.286429405212402,-2.2185373306274414,False,none
0,0,4.18015193939209,2.769548177719116,-4.216060638427734,-2.8622522354125977,1.3538084030151367,False,none
0,0,4.692227363586426,3.3413279056549072,-4.728979110717773,-3.4322409629821777,1.2967381477355957,False,none
0,0,4.388969898223877,3.4031872749328613,-4.427074432373047,-3.470637798309326,0.9564366340637207,False,none
1,0,1.4892990589141846,1.437221646308899,1.4892990589141846,-1.5321426391601562,-3.021441698074341,True,disagreement
0,0,0.6196488738059998,1.225402593612671,-0.6545108556747437,-1.3210242986679077,-0.6665134429931641,False,none
0,0,3.925555467605591,3.037078857421875,-3.96225905418396,-3.12954044342041,0.8327186107635498,False,none
1,1,18.73978042602539,11.957184791564941,18.73978042602539,11.957184791564941,-6.782595634460449,False,none
1,1,11.656598091125488,9.560588836669922,11.656598091125488,9.560588836669922,-2.0960092544555664,False,none
0,0,10.323779106140137,8.419733047485352,-10.363645553588867,-8.48880672454834,1.8748388290405273,False,none
1,1,11.616584777832031,5.381622314453125,11.616584777832031,5.381622314453125,-6.234962463378906,False,none
0,0,7.952742099761963,10.5123872756958,-7.992664337158203,-10.556200981140137,-2.5635366439819336,False,none
0,0,5.377566814422607,5.8709869384765625,-5.414979934692383,-5.946010589599609,-0.5310306549072266,False,none
0,0,9.325408935546875,5.925948619842529,-9.364916801452637,-5.997320652008057,3.36759614944458,False,none
0,0,6.969120979309082,5.125857353210449,-7.006407737731934,-5.211314678192139,1.795093059539795,False,none
0,0,7.637373924255371,5.454455852508545,-7.676094055175781,-5.5294084548950195,2.1466856002807617,False,none
1,1,16.77997589111328,13.066305160522461,16.77997589111328,13.066305160522461,-3.7136707305908203,False,none
0,0,8.748137474060059,6.2813191413879395,-8.787318229675293,-6.354987144470215,2.432331085205078,False,none
0,0,7.242925643920898,8.363750457763672,-7.280620574951172,-8.433239936828613,-1.1526193618774414,False,none
1,1,25.916746139526367,13.972321510314941,25.916746139526367,13.972321510314941,-11.944424629211426,False,none
0,0,4.096126556396484,3.6306731700897217,-4.134282112121582,-3.6948795318603516,0.43940258026123047,False,none
1,1,2.8094310760498047,1.9227112531661987,2.8094310760498047,1.9227112531661987,-0.886719822883606,False,none
0,0,4.621622085571289,3.8965437412261963,-4.659063339233398,-3.9878644943237305,0.671198844909668,False,none
0,0,4.353751182556152,2.9321072101593018,-4.389888763427734,-3.0244269371032715,1.365461826324463,False,none
1,0,7.915014266967773,0.27551403641700745,7.915014266967773,-0.3751554489135742,-8.290169715881348,True,disagreement
1,1,0.3039616048336029,2.128451347351074,0.3039616048336029,2.128451347351074,1.824489712715149,False,none
0,0,10.60018539428711,8.401935577392578,-10.6405668258667,-8.465712547302246,2.174854278564453,False,none
0,0,6.094344139099121,6.426519870758057,-6.131963729858398,-6.503910064697266,-0.3719463348388672,False,none
0,0,4.644040584564209,3.0628678798675537,-4.680820465087891,-3.1552042961120605,1.52561616897583,False,none
0,0,5.955384254455566,4.438143253326416,-5.993243217468262,-4.518591403961182,1.47465181350708,False,none
1,1,10.829269409179688,10.369006156921387,10.829269409179688,10.369006156921387,-0.4602632522583008,False,none
1,1,11.485393524169922,10.196845054626465,11.485393524169922,10.196845054626465,-1.288548469543457,False,none
0,0,4.244890213012695,3.1123106479644775,-4.280994415283203,-3.204051971435547,1.0769424438476562,False,none
0,0,5.200034141540527,3.081637144088745,-5.236789703369141,-3.1731009483337402,2.0636887550354004,False,none
0,0,4.025995254516602,3.0172035694122314,-4.062822341918945,-3.1100025177001953,0.95281982421875,False,none
0,0,3.889174461364746,3.826207399368286,-3.9268534183502197,-3.9168295860290527,0.010023832321166992,False,none
0,0,4.926939964294434,3.0255320072174072,-4.963675498962402,-3.1170926094055176,1.8465828895568848,False,none
0,0,8.013084411621094,5.968818187713623,-8.051900863647461,-6.0500407218933105,2.0018601417541504,False,none
0,0,7.4381303787231445,5.0544514656066895,-7.474922180175781,-5.114253997802734,2.360668182373047,False,none
0,0,3.481300115585327,1.5086427927017212,-3.517476797103882,-1.6060785055160522,1.9113982915878296,False,none
1,1,0.4000817537307739,0.023192107677459717,0.4000817537307739,0.023192107677459717,-0.3768896460533142,False,none
0,0,4.188815116882324,3.000478506088257,-4.224953651428223,-3.0925583839416504,1.1323952674865723,False,none
0,0,3.9852428436279297,3.039311170578003,-4.02139949798584,-3.1308560371398926,0.8905434608459473,False,none
0,0,9.029083251953125,6.004292964935303,-9.068297386169434,-6.07706356048584,2.9912338256835938,False,none
0,0,3.97479510307312,3.38745379447937,-4.012889862060547,-3.4534311294555664,0.5594587326049805,False,none
0,0,2.6998612880706787,3.1927740573883057,-2.735427141189575,-3.2567129135131836,-0.5212857723236084,False,none
0,0,4.720667839050293,2.587275266647339,-4.758340835571289,-2.678159713745117,2.080181121826172,False,none
0,0,4.680181503295898,3.8589160442352295,-4.717351913452148,-3.9490647315979004,0.768287181854248,False,none
1,1,14.830896377563477,9.966057777404785,14.830896377563477,9.966057777404785,-4.864838600158691,False,none
1,1,30.919414520263672,11.763998031616211,30.919414520263672,11.763998031616211,-19.15541648864746,False,none
0,0,4.98606538772583,4.001206874847412,-5.02323055267334,-4.091662406921387,0.9315681457519531,False,none
0,0,8.368162155151367,7.241487979888916,-8.406606674194336,-7.3185577392578125,1.0880489349365234,False,none
0,0,3.592440605163574,2.677180528640747,-3.6297223567962646,-2.7708897590637207,0.858832597732544,False,none
0,0,6.75214958190918,4.857635974884033,-6.788928031921387,-4.922951698303223,1.865976333618164,False,none
0,0,10.922179222106934,8.228760719299316,-10.962350845336914,-8.292631149291992,2.669719696044922,False,none
0,0,6.908241271972656,5.743923664093018,-6.945331573486328,-5.822383880615234,1.1229476928710938,False,none
0,0,3.5994277000427246,3.039238929748535,-3.63550066947937,-3.131309986114502,0.5041906833648682,False,none
0,0,4.836285591125488,4.2896833419799805,-4.874578475952148,-4.347802639007568,0.5267758369445801,False,none
0,0,4.949709892272949,4.166806697845459,-4.986957550048828,-4.256619453430176,0.7303380966186523,False,none
1,1,7.747269630432129,4.311367511749268,7.747269630432129,4.311367511749268,-3.4359021186828613,False,none
0,0,4.766672611236572,3.8048532009124756,-4.8039960861206055,-3.890263557434082,0.9137325286865234,False,none
0,0,9.271454811096191,5.39561128616333,-9.310739517211914,-5.470341682434082,3.840397834777832,False,none
0,0,7.457245349884033,5.460358142852783,-7.494621276855469,-5.54140567779541,1.9532155990600586,False,none
1,1,29.92815589904785,8.441988945007324,29.92815589904785,8.441988945007324,-21.486167907714844,False,none
0,0,4.294454574584961,3.9257161617279053,-4.332563400268555,-4.0171990394592285,0.31536436080932617,False,none
0,0,7.426485538482666,3.799910306930542,-7.463716506958008,-3.8893375396728516,3.5743789672851562,False,none
0,0,5.125316143035889,4.132938861846924,-5.162522315979004,-4.2235188484191895,0.9390034675598145,False,none
0,0,4.971726894378662,4.0955071449279785,-5.008939743041992,-4.186194896697998,0.8227448463439941,False,none
0,0,5.056824684143066,4.068044662475586,-5.093964576721191,-4.148092746734619,0.9458718299865723,False,none
0,0,3.30646014213562,0.16626355051994324,-3.3427257537841797,-0.267752468585968,3.0749733448028564,False,none
0,1,2.5260181427001953,6.44467306137085,-2.565340995788574,6.44467306137085,9.010013580322266,True,"disagreement,high_confidence_disagreement"
0,0,5.1610612869262695,4.671992778778076,-5.197003364562988,-4.735692977905273,0.46131038665771484,False,none
0,0,4.863002777099609,4.294862270355225,-4.9002685546875,-4.385234832763672,0.5150337219238281,False,none
0,0,5.163059234619141,4.942660808563232,-5.201234817504883,-5.010808944702148,0.19042587280273438,False,none
0,0,9.615849494934082,6.345661640167236,-9.655523300170898,-6.417153358459473,3.238369941711426,False,none
0,0,7.489195346832275,4.652847766876221,-7.526578903198242,-4.739264011383057,2.7873148918151855,False,none
1,1,8.28539752960205,5.059563159942627,8.28539752960205,5.059563159942627,-3.225834369659424,False,none
1,1,1.8945844173431396,0.8767126202583313,1.8945844173431396,0.8767126202583313,-1.0178718566894531,False,none
0,0,5.760594367980957,4.351046562194824,-5.797619819641113,-4.441840171813965,1.3557796478271484,False,none
0,0,6.51326847076416,6.909432888031006,-6.550936698913574,-6.985401153564453,-0.4344644546508789,False,none
0,0,3.8720686435699463,3.080247163772583,-3.9084489345550537,-3.170072078704834,0.7383768558502197,False,none
1,0,2.1536099910736084,2.672248601913452,2.1536099910736084,-2.765085220336914,-4.918695449829102,True,disagreement
0,0,0.7556780576705933,1.3897123336791992,-0.7904731035232544,-1.4759501218795776,-0.6854770183563232,False,none
0,0,4.513427734375,3.28375506401062,-4.551050186157227,-3.3762826919555664,1.1747674942016602,False,none
0,0,4.64986515045166,3.202897787094116,-4.686594009399414,-3.2944068908691406,1.3921871185302734,False,none
0,0,7.341902732849121,10.400157928466797,-7.382693290710449,-10.399746894836426,-3.0170536041259766,False,none
1,1,7.407360076904297,6.066487789154053,7.407360076904297,6.066487789154053,-1.3408722877502441,False,none
0,0,11.382162094116211,8.711959838867188,-11.422635078430176,-8.776296615600586,2.64633846282959,False,none
1,1,19.012601852416992,11.60827922821045,19.012601852416992,11.60827922821045,-7.404322624206543,False,none
0,0,4.258995056152344,3.546252965927124,-4.297304153442383,-3.611332893371582,0.6859712600708008,False,none
0,0,5.461670398712158,6.319722652435303,-5.500893592834473,-6.357925891876221,-0.857032299041748,False,none
1,1,40.68606185913086,22.821081161499023,40.68606185913086,22.821081161499023,-17.864980697631836,False,none
0,0,9.05100154876709,5.120431423187256,-9.090252876281738,-5.1974382400512695,3.8928146362304688,False,none
0,0,9.029121398925781,13.520271301269531,-9.071124076843262,-13.490378379821777,-4.419254302978516,False,none
0,0,0.1206270307302475,1.5457524061203003,-0.15502208471298218,-1.641837477684021,-1.4868154525756836,False,none
0,0,4.855863094329834,4.127223491668701,-4.893108367919922,-4.216959476470947,0.6761488914489746,False,none
0,0,11.773494720458984,11.227313995361328,-11.814654350280762,-11.278473854064941,0.5361804962158203,False,none
0,0,4.902783393859863,5.096983909606934,-4.938998222351074,-5.184280872344971,-0.24528264999389648,False,none
0,0,4.417983531951904,3.8664114475250244,-4.455348968505859,-3.9582581520080566,0.49709081649780273,False,none
0,0,3.1542394161224365,2.7305190563201904,-3.1914894580841064,-2.8045296669006348,0.3869597911834717,False,none
0,0,8.576284408569336,6.876501560211182,-8.6146821975708,-6.951237678527832,1.6634445190429688,False,none
0,0,3.912102460861206,3.171563148498535,-3.9491679668426514,-3.2632622718811035,0.6859056949615479,False,none
0,0,4.467134475708008,4.017913818359375,-4.504514694213867,-4.107944488525391,0.39657020568847656,False,none
0,0,3.6840169429779053,3.0728378295898438,-3.721862554550171,-3.141939640045166,0.5799229145050049,False,none
0,0,4.44638204574585,4.18226957321167,-4.483787536621094,-4.2732672691345215,0.21052026748657227,False,none
1,1,3.9985978603363037,2.7407784461975098,3.9985978603363037,2.7407784461975098,-1.257819414138794,False,none
0,0,4.506635665893555,3.8736069202423096,-4.544045448303223,-3.9652962684631348,0.5787491798400879,False,none
0,0,7.232236862182617,8.14371395111084,-7.269847869873047,-8.212320327758789,-0.9424724578857422,False,none
0,0,7.878619194030762,6.266508102416992,-7.916706085205078,-6.345768451690674,1.5709376335144043,False,none
0,0,4.875744819641113,3.153216600418091,-4.912484169006348,-3.2446541786193848,1.667829990386963,False,none
0,0,4.223203182220459,4.218978404998779,-4.2609405517578125,-4.309757232666016,-0.048816680908203125,False,none
0,0,4.40003776550293,3.167100667953491,-4.436403274536133,-3.2581825256347656,1.1782207489013672,False,none
0,0,6.315545558929443,6.843301296234131,-6.353341102600098,-6.920518398284912,-0.5671772956848145,False,none
0,0,5.018139362335205,4.068417549133301,-5.055156707763672,-4.1482439041137695,0.9069128036499023,False,none
0,0,4.489720344543457,4.227802753448486,-4.527268409729004,-4.318615913391113,0.20865249633789062,False,none
0,0,4.093091011047363,4.014023780822754,-4.132326126098633,-4.0950469970703125,0.03727912902832031,False,none
0,0,4.922334671020508,3.998232126235962,-4.959575653076172,-4.089229583740234,0.8703460693359375,False,none
1,1,11.120952606201172,0.7072345018386841,11.120952606201172,0.7072345018386841,-10.413718223571777,False,none
0,0,0.5257302522659302,1.8508646488189697,-0.5605957508087158,-1.9412411451339722,-1.3806453943252563,False,none
0,0,3.444450616836548,2.8402597904205322,-3.481920003890991,-2.91156005859375,0.5703599452972412,False,none
1,0,54.01923751831055,10.303629875183105,54.01923751831055,-10.203803062438965,-64.22303771972656,True,disagreement
0,0,3.8645076751708984,3.3351211547851562,-3.9024877548217773,-3.401939868927002,0.5005478858947754,False,none
1,0,1.5298784971237183,0.4165396988391876,1.5298784971237183,-0.5058455467224121,-2.03572416305542,True,disagreement
0,0,3.9956424236297607,3.6458981037139893,-4.0323896408081055,-3.7371325492858887,0.2952570915222168,False,none
0,0,7.018360137939453,8.74814224243164,-7.058833122253418,-8.763659477233887,-1.7048263549804688,False,none
0,0,5.175849437713623,4.029519557952881,-5.213115692138672,-4.120306015014648,1.0928096771240234,False,none
0,0,4.844330787658691,4.399240016937256,-4.881778717041016,-4.4894280433654785,0.3923506736755371,False,none
0,0,4.439654350280762,3.9801671504974365,-4.478009223937988,-4.04053258895874,0.43747663497924805,False,none
0,0,8.500083923339844,9.79861068725586,-8.540416717529297,-9.845759391784668,-1.305342674255371,False,none
1,1,8.096261024475098,6.990452289581299,8.096261024475098,6.990452289581299,-1.1058087348937988,False,none
0,0,5.864231586456299,4.649384021759033,-5.901993751525879,-4.719338417053223,1.1826553344726562,False,none
0,0,4.574394702911377,3.898589849472046,-4.6117448806762695,-3.99019193649292,0.6215529441833496,False,none
1,1,25.303417205810547,12.876853942871094,25.303417205810547,12.876853942871094,-12.426563262939453,False,none
0,0,1.1136949062347412,2.0087692737579346,-1.1491492986679077,-2.088778018951416,-0.9396287202835083,False,none
0,0,4.465330600738525,4.10905122756958,-4.50270938873291,-4.200276851654053,0.3024325370788574,False,none
1,1,17.57996940612793,13.499725341796875,17.57996940612793,13.499725341796875,-4.080244064331055,False,none
0,0,12.094515800476074,11.368474006652832,-12.135497093200684,-11.420058250427246,0.7154388427734375,False,none
0,0,7.11728572845459,5.98329496383667,-7.155148506164551,-6.065624237060547,1.089524269104004,False,none
0,0,6.4547119140625,7.095768451690674,-6.492336273193359,-7.17160177230835,-0.6792654991149902,False,none
0,0,3.42106556892395,3.0473287105560303,-3.4582583904266357,-3.116466522216797,0.34179186820983887,False,none
0,0,5.410855770111084,4.074632167816162,-5.448263168334961,-4.1642584800720215,1.2840046882629395,False,none
0,0,4.927036285400391,2.6571595668792725,-4.963886260986328,-2.749870777130127,2.214015483856201,False,none
0,0,5.135320663452148,5.2258830070495605,-5.174216270446777,-5.274395942687988,-0.10017967224121094,False,none
0,0,4.207412242889404,4.813680171966553,-4.243412017822266,-4.902254104614258,-0.6588420867919922,False,none
1,1,10.127959251403809,5.961400508880615,10.127959251403809,5.961400508880615,-4.166558742523193,False,none
0,0,2.631354331970215,2.561702013015747,-2.667729139328003,-2.635603904724121,0.032125234603881836,False,none
0,0,4.999482154846191,4.7519402503967285,-5.035979270935059,-4.831658363342285,0.20432090759277344,False,none
0,0,3.0199244022369385,3.350393056869507,-3.055901527404785,-3.4443764686584473,-0.3884749412536621,False,none
0,0,4.353390693664551,2.992532968521118,-4.3894548416137695,-3.084343433380127,1.3051114082336426,False,none
0,0,6.0338454246521,3.5546059608459473,-6.070934295654297,-3.647261142730713,2.423673152923584,False,none
0,0,3.3766846656799316,2.9943530559539795,-3.411576747894287,-3.088003635406494,0.32357311248779297,False,none
0,0,4.602540016174316,2.798469305038452,-4.639087677001953,-2.8898582458496094,1.7492294311523438,False,none
1,1,6.582103729248047,3.3854732513427734,6.582103729248047,3.3854732513427734,-3.1966304779052734,False,none
0,0,4.631166458129883,3.3131256103515625,-4.667906761169434,-3.40376615524292,1.2641406059265137,False,none
0,0,9.135046005249023,10.400360107421875,-9.1757230758667,-10.442866325378418,-1.2671432495117188,False,none
0,0,4.776875019073486,3.0751476287841797,-4.813617706298828,-3.166964054107666,1.646653652191162,False,none
0,0,3.960155963897705,3.043477773666382,-3.9965224266052246,-3.1330947875976562,0.8634276390075684,False,none
0,0,3.9424362182617188,3.4364678859710693,-3.9803855419158936,-3.5019912719726562,0.4783942699432373,False,none
0,0,5.423789978027344,5.498114585876465,-5.46085262298584,-5.582157611846924,-0.12130498886108398,False,none
0,0,3.496030807495117,5.567907333374023,-3.5362162590026855,-5.636255741119385,-2.100039482116699,False,none
0,0,1.8513160943984985,2.180708169937134,-1.8873672485351562,-2.2583446502685547,-0.37097740173339844,False,none
0,1,1.4811582565307617,3.432070732116699,-1.5180262327194214,3.432070732116699,4.95009708404541,True,"disagreement,high_confidence_disagreement"
0,0,6.273680686950684,4.397055625915527,-6.311514854431152,-4.478463172912598,1.8330516815185547,False,none
1,1,20.551767349243164,17.29315185546875,20.551767349243164,17.29315185546875,-3.258615493774414,False,none
0,0,4.493341445922852,3.0819427967071533,-4.530062675476074,-3.1739325523376465,1.3561301231384277,False,none
0,0,4.192999362945557,3.5881268978118896,-4.229727745056152,-3.678027629852295,0.5517001152038574,False,none
0,0,4.665946006774902,3.1720898151397705,-4.702875137329102,-3.2642321586608887,1.438642978668213,False,none
0,0,4.282260417938232,2.8139612674713135,-4.318554878234863,-2.9057517051696777,1.4128031730651855,False,none
0,0,4.644242286682129,3.86578106880188,-4.681434631347656,-3.9574437141418457,0.7239909172058105,False,none
0,0,5.801790714263916,7.38804817199707,-5.840540885925293,-7.416162967681885,-1.5756220817565918,False,none
0,0,5.2135114669799805,4.465773105621338,-5.251126289367676,-4.553787708282471,0.6973385810852051,False,none
1,1,44.32865524291992,25.04060935974121,44.32865524291992,25.04060935974121,-19.28804588317871,False,none
0,0,4.7242937088012695,3.6117513179779053,-4.761377334594727,-3.7018322944641113,1.0595450401306152,False,none
1,1,10.659613609313965,5.732068061828613,10.659613609313965,5.732068061828613,-4.927545547485352,False,none
0,0,0.2305162400007248,1.676468849182129,-0.2651521563529968,-1.759240984916687,-1.494088888168335,False,none
0,0,5.396390914916992,3.5598440170288086,-5.43426513671875,-3.645815372467041,1.788449764251709,False,none
0,0,10.456090927124023,7.744509220123291,-10.495940208435059,-7.816152572631836,2.6797876358032227,False,none
0,0,4.330156326293945,3.9491827487945557,-4.366965293884277,-4.009855270385742,0.35711002349853516,False,none
0,0,9.422183990478516,6.939074993133545,-9.461297035217285,-7.015979290008545,2.4453177452087402,False,none
0,0,3.9493801593780518,3.3827316761016846,-3.9874298572540283,-3.449049949645996,0.5383799076080322,False,none
0,0,3.9300496578216553,3.6861093044281006,-3.96766996383667,-3.7781763076782227,0.18949365615844727,False,none
0,0,5.013994216918945,3.5349385738372803,-5.050703048706055,-3.6250123977661133,1.4256906509399414,False,none
0,0,4.668868064880371,3.1077730655670166,-4.705570220947266,-3.1992435455322266,1.506326675415039,False,none
1,1,23.062355041503906,15.285643577575684,23.062355041503906,15.285643577575684,-7.776711463928223,False,none
0,0,9.23857307434082,7.369361400604248,-9.277270317077637,-7.443964004516602,1.8333063125610352,False,none
1,1,4.362918853759766,4.550194263458252,4.362918853759766,4.550194263458252,0.18727540969848633,False,none
0,0,6.4159393310546875,6.018147945404053,-6.4535369873046875,-6.0991129875183105,0.35442399978637695,False,none
0,0,9.103815078735352,8.517597198486328,-9.143364906311035,-8.58447265625,0.5588922500610352,False,none
0,0,2.328516721725464,2.5164778232574463,-2.3649935722351074,-2.5914525985717773,-0.22645902633666992,False,none
0,0,6.379465103149414,5.7185564041137695,-6.417309761047363,-5.799475193023682,0.6178345680236816,False,none
0,0,4.122542858123779,3.070953845977783,-4.15895938873291,-3.1610498428344727,0.9979095458984375,False,none
1,1,7.246389389038086,4.52949333190918,7.246389389038086,4.52949333190918,-2.7168960571289062,False,none
0,0,3.046074867248535,4.843752861022949,-3.081636667251587,-4.928253173828125,-1.846616506576538,False,none
0,0,4.498672008514404,3.9093387126922607,-4.535848617553711,-3.999454975128174,0.5363936424255371,False,none
1,1,5.709035873413086,4.22053337097168,5.709035873413086,4.22053337097168,-1.4885025024414062,False,none
0,0,7.8657684326171875,7.477757930755615,-7.903718948364258,-7.549188613891602,0.35453033447265625,False,none
0,0,1.4206221103668213,2.0747058391571045,-1.4560699462890625,-2.1532769203186035,-0.697206974029541,False,none
1,1,1.3036816120147705,0.8910019397735596,1.3036816120147705,0.8910019397735596,-0.41267967224121094,False,none
0,0,4.558557033538818,3.119779109954834,-4.596205711364746,-3.211681365966797,1.3845243453979492,False,none
0,0,4.737377643585205,4.173023223876953,-4.774697303771973,-4.263940811157227,0.5107564926147461,False,none
0,0,4.718052864074707,4.565283298492432,-4.756746292114258,-4.65252685546875,0.10421943664550781,False,none
1,1,17.179576873779297,12.297524452209473,17.179576873779297,12.297524452209473,-4.882052421569824,False,none
0,0,4.365252494812012,4.027160167694092,-4.40280818939209,-4.117678642272949,0.2851295471191406,False,none
0,0,5.02173376083374,4.387384414672852,-5.059099197387695,-4.4773688316345215,0.5817303657531738,False,none
0,0,9.47467041015625,11.763327598571777,-9.513726234436035,-11.816780090332031,-2.303053855895996,False,none
0,0,3.492656946182251,2.5338008403778076,-3.5287983417510986,-2.6274514198303223,0.9013469219207764,False,none
0,0,5.297583103179932,3.081815481185913,-5.334485054016113,-3.172823429107666,2.1616616249084473,False,none
0,0,4.058038711547852,4.172123908996582,-4.095749855041504,-4.261972904205322,-0.16622304916381836,False,none
0,0,9.082305908203125,5.437633991241455,-9.121850967407227,-5.513339996337891,3.608510971069336,False,none
0,0,7.4505839347839355,10.351930618286133,-7.491512298583984,-10.351902961730957,-2.8603906631469727,False,none
0,0,4.933413982391357,4.225251197814941,-4.969552993774414,-4.312650680541992,0.6569023132324219,False,none
0,0,8.049203872680664,10.79652214050293,-8.087528228759766,-10.854532241821289,-2.7670040130615234,False,none
0,0,5.128053188323975,3.9915716648101807,-5.165227890014648,-4.082255840301514,1.0829720497131348,False,none
0,0,4.729378700256348,4.363800525665283,-4.767858505249023,-4.421304702758789,0.3465538024902344,False,none
0,0,3.7989799976348877,3.1231865882873535,-3.8369553089141846,-3.1916918754577637,0.6452634334564209,False,none
0,0,4.6389360427856445,4.278256416320801,-4.6763763427734375,-4.368914604187012,0.3074617385864258,False,none
0,0,2.9424901008605957,2.7850518226623535,-2.978926658630371,-2.8574533462524414,0.12147331237792969,False,none
0,0,5.211067199707031,4.003068447113037,-5.248237609863281,-4.093870639801025,1.1543669700622559,False,none
0,0,6.167160987854004,5.8094353675842285,-6.204645156860352,-5.890685558319092,0.31395959854125977,False,none
1,1,11.521037101745605,10.503852844238281,11.521037101745605,10.503852844238281,-1.0171842575073242,False,none
0,0,4.423851490020752,4.205994129180908,-4.461395263671875,-4.296947002410889,0.16444826126098633,False,none
1,1,21.60084342956543,13.655194282531738,21.60084342956543,13.655194282531738,-7.945649147033691,False,none
0,0,2.807244300842285,3.7031376361846924,-2.8416531085968018,-3.7783708572387695,-0.9367177486419678,False,none
0,0,6.760871410369873,8.537814140319824,-6.801102638244629,-8.554940223693848,-1.7538375854492188,False,none
0,0,7.749125957489014,5.966805934906006,-7.7871551513671875,-6.048115253448486,1.7390398979187012,False,none
1,1,28.778547286987305,9.239350318908691,28.778547286987305,9.239350318908691,-19.539196014404297,False,none
1,1,2.504939317703247,3.5601096153259277,2.504939317703247,3.5601096153259277,1.0551702976226807,False,none
0,0,4.021787643432617,3.9468801021575928,-4.059614181518555,-4.038506984710693,0.021107196807861328,False,none
0,0,5.172521591186523,3.2807023525238037,-5.209495544433594,-3.3659796714782715,1.8435158729553223,False,none
0,0,5.817763328552246,3.2315502166748047,-5.856198310852051,-3.3192381858825684,2.5369601249694824,False,none
0,0,2.13922381401062,0.03647366166114807,-2.1742990016937256,-0.13854116201400757,2.0357577800750732,False,none
0,0,12.825653076171875,9.551021575927734,-12.867568016052246,-9.601162910461426,3.2664051055908203,False,none
0,0,3.939906358718872,1.2526907920837402,-3.9764516353607178,-1.3510016202926636,2.6254501342773438,False,none
1,1,3.07326078414917,4.183459758758545,3.07326078414917,4.183459758758545,1.110198974609375,False,none
0,0,4.971078872680664,3.1680185794830322,-5.007806777954102,-3.259242534637451,1.7485642433166504,False,none
0,1,0.14487193524837494,2.082500457763672,-0.17968451976776123,2.082500457763672,2.2621850967407227,True,disagreement
0,0,2.7816810607910156,2.684602975845337,-2.81847882270813,-2.7584052085876465,0.0600736141204834,False,none
0,0,4.3051557540893555,5.378482341766357,-4.3425798416137695,-5.425150394439697,-1.0825705528259277,False,none
1,1,7.5986223220825195,6.215214729309082,7.5986223220825195,6.215214729309082,-1.3834075927734375,False,none
0,0,8.647160530090332,7.989746570587158,-8.68758487701416,-8.049538612365723,0.6380462646484375,False,none
1,1,3.6271004676818848,2.078672170639038,3.6271004676818848,2.078672170639038,-1.5484282970428467,False,none
0,0,6.103855133056641,5.282844066619873,-6.140961647033691,-5.3602800369262695,0.7806816101074219,False,none
1,0,32.8974609375,23.447664260864258,32.8974609375,-23.309803009033203,-56.2072639465332,True,disagreement
0,0,7.452686309814453,8.487680435180664,-7.493309020996094,-8.506436347961426,-1.013127326965332,False,none
1,1,11.959765434265137,10.005585670471191,11.959765434265137,10.005585670471191,-1.9541797637939453,False,none
0,0,3.541905641555786,2.972820281982422,-3.579374074935913,-3.065286159515381,0.5140879154205322,False,none
0,0,4.132112503051758,4.049596786499023,-4.169671058654785,-4.1407060623168945,0.028964996337890625,False,none
0,0,10.194189071655273,9.78387451171875,-10.233966827392578,-9.848650932312012,0.3853158950805664,False,none
0,0,4.617956161499023,4.523608684539795,-4.656593322753906,-4.610929489135742,0.04566383361816406,False,none
0,0,6.094020843505859,4.530670642852783,-6.13062858581543,-4.612322807312012,1.518305778503418,False,none
0,0,3.1398303508758545,2.8705339431762695,-3.1766343116760254,-2.942218780517578,0.23441553115844727,False,none
1,1,25.969337463378906,14.950034141540527,25.969337463378906,14.950034141540527,-11.019303321838379,False,none
0,0,1.2849922180175781,2.4357616901397705,-1.3209692239761353,-2.5106210708618164,-1.1896518468856812,False,none
0,0,5.581993103027344,3.9657022953033447,-5.618496894836426,-4.057561874389648,1.5609350204467773,False,none
1,1,9.901484489440918,7.068778038024902,9.901484489440918,7.068778038024902,-2.8327064514160156,False,none
0,0,7.169397830963135,5.210268497467041,-7.2080278396606445,-5.28641414642334,1.9216136932373047,False,none
0,0,3.9896857738494873,2.5921242237091064,-4.025734901428223,-2.685433864593506,1.3403010368347168,False,none
0,0,5.833870887756348,7.220522403717041,-5.873440742492676,-7.2500901222229,-1.3766493797302246,False,none
1,1,13.048140525817871,8.239380836486816,13.048140525817871,8.239380836486816,-4.808759689331055,False,none
0,0,3.5339133739471436,2.7809531688690186,-3.570101022720337,-2.872842311859131,0.697258710861206,False,none
1,1,4.375245094299316,4.109487056732178,4.375245094299316,4.109487056732178,-0.26575803756713867,False,none
0,0,6.40894079208374,5.819278240203857,-6.446329116821289,-5.903901100158691,0.5424280166625977,False,none
1,1,2.1096653938293457,1.1193115711212158,2.1096653938293457,1.1193115711212158,-0.9903538227081299,False,none
0,0,4.494014739990234,3.3192899227142334,-4.530515670776367,-3.4100379943847656,1.1204776763916016,False,none
0,0,3.874366044998169,3.2384612560272217,-3.9123754501342773,-3.3064045906066895,0.6059708595275879,False,none
0,0,3.8206536769866943,3.097831964492798,-3.8570568561553955,-3.189922332763672,0.6671345233917236,False,none
0,0,3.9901294708251953,3.0364935398101807,-4.0263261795043945,-3.128477096557617,0.8978490829467773,False,none
0,0,9.09052848815918,7.2094645500183105,-9.129825592041016,-7.284836769104004,1.8449888229370117,False,none
0,0,2.768266201019287,2.228257894515991,-2.8033299446105957,-2.3244237899780273,0.47890615463256836,False,none
0,0,2.7433888912200928,1.868356704711914,-2.7793614864349365,-1.9485570192337036,0.8308044672012329,False,none
1,1,15.673739433288574,12.316428184509277,15.673739433288574,12.316428184509277,-3.357311248779297,False,none
0,0,4.825565814971924,4.306142330169678,-4.861815452575684,-4.396698474884033,0.4651169776916504,False,none
0,0,5.995613098144531,4.022507190704346,-6.033237457275391,-4.108887672424316,1.9243497848510742,False,none
1,0,0.16586941480636597,0.987074613571167,0.16586941480636597,-1.0764051675796509,-1.242274522781372,True,disagreement
0,0,9.703840255737305,7.3405866622924805,-9.742424964904785,-7.40781307220459,2.3346118927001953,False,none
0,0,4.474485397338867,3.082751989364624,-4.511205673217773,-3.175004482269287,1.3362011909484863,False,none
1,1,11.366864204406738,4.529387474060059,11.366864204406738,4.529387474060059,-6.83747673034668,False,none
0,0,9.670633316040039,8.537961959838867,-9.709636688232422,-8.6063814163208,1.103255271911621,False,none
0,0,10.743337631225586,6.9094367027282715,-10.783814430236816,-6.975926399230957,3.8078880310058594,False,none
0,0,5.3136372566223145,5.120896339416504,-5.352470397949219,-5.171501159667969,0.18096923828125,False,none
0,0,4.306181907653809,4.08141565322876,-4.3434038162231445,-4.172334671020508,0.17106914520263672,False,none
0,0,4.874558925628662,4.3042988777160645,-4.911778450012207,-4.394787788391113,0.5169906616210938,False,none
0,0,6.628751754760742,5.5915141105651855,-6.666495323181152,-5.674126625061035,0.9923686981201172,False,none
0,0,7.2877044677734375,6.689254283905029,-7.3252763748168945,-6.768416404724121,0.5568599700927734,False,none
0,0,8.227792739868164,4.362753868103027,-8.266393661499023,-4.443794250488281,3.822599411010742,False,none
0,0,2.977616786956787,3.9327003955841064,-3.012012004852295,-4.025654315948486,-1.0136423110961914,False,none
0,0,6.362421035766602,7.123499393463135,-6.4016265869140625,-7.190708160400391,-0.7890815734863281,False,none
0,0,5.845048427581787,7.396421909332275,-5.884422302246094,-7.42442512512207,-1.5400028228759766,False,none
0,0,4.562121868133545,4.259660243988037,-4.599543571472168,-4.350454330444336,0.24908924102783203,False,none
0,0,1.270554542541504,2.2837841510772705,-1.3050577640533447,-2.377781867980957,-1.0727241039276123,False,none
0,0,4.652363300323486,4.282510280609131,-4.689794540405273,-4.373155117034912,0.31663942337036133,False,none
0,0,4.738185882568359,4.164616584777832,-4.7752180099487305,-4.253137588500977,0.5220804214477539,False,none
0,0,5.646856307983398,5.433451175689697,-5.685701370239258,-5.492867469787598,0.19283390045166016,False,none
0,0,5.335460662841797,4.481713771820068,-5.372711181640625,-4.571389675140381,0.8013215065002441,False,none
0,0,8.721888542175293,8.150760650634766,-8.760839462280273,-8.222813606262207,0.5380258560180664,False,none
0,0,4.790801525115967,3.1199655532836914,-4.827547073364258,-3.211629867553711,1.6159172058105469,False,none
0,0,4.018646717071533,3.5800564289093018,-4.056740760803223,-3.6443309783935547,0.41240978240966797,False,none
0,0,4.883443832397461,2.7439677715301514,-4.921259880065918,-2.8342766761779785,2.0869832038879395,False,none
0,0,4.714127540588379,5.423849582672119,-4.750393867492676,-5.504288673400879,-0.7538948059082031,False,none
0,0,4.840787887573242,3.8383610248565674,-4.877676963806152,-3.918984889984131,0.9586920738220215,False,none
0,0,7.822054386138916,12.405855178833008,-7.862220764160156,-12.386649131774902,-4.524428367614746,False,none
0,0,9.065361022949219,10.721663475036621,-9.104057312011719,-10.779268264770508,-1.675210952758789,False,none
0,0,3.7215540409088135,3.150791883468628,-3.7594802379608154,-3.2194552421569824,0.540024995803833,False,none
0,0,5.288999557495117,3.7820417881011963,-5.326046943664551,-3.8629679679870605,1.4630789756774902,False,none
0,1,3.363849401473999,0.6500942707061768,-3.399467706680298,0.6500942707061768,4.049561977386475,True,"disagreement,high_confidence_disagreement"
1,1,2.1600112915039062,0.12437859177589417,2.1600112915039062,0.12437859177589417,-2.035632610321045,False,none
0,0,2.6295559406280518,1.741011381149292,-2.666910409927368,-1.836356282234192,0.8305541276931763,False,none
0,0,5.03742790222168,3.2392561435699463,-5.074251174926758,-3.3302602767944336,1.7439908981323242,False,none
0,0,2.914168357849121,1.8150031566619873,-2.950403928756714,-1.912551760673523,1.037852168083191,False,none
0,0,1.718522071838379,0.8385478258132935,-1.7531013488769531,-0.9386734962463379,0.8144278526306152,False,none
0,0,4.947346210479736,3.854309320449829,-4.984776496887207,-3.9456419944763184,1.0391345024108887,False,none
0,0,4.933652877807617,4.329279899597168,-4.970510482788086,-4.4058098793029785,0.5647006034851074,False,none
0,0,3.765728235244751,2.9459495544433594,-3.801828145980835,-3.03798770904541,0.7638404369354248,False,none
0,0,7.873416900634766,6.205291271209717,-7.911502838134766,-6.284189224243164,1.6273136138916016,False,none
0,0,3.760958433151245,5.054519176483154,-3.8003017902374268,-5.127351760864258,-1.327049970626831,False,none
0,0,4.855278968811035,3.892076253890991,-4.89267635345459,-3.9832544326782227,0.9094219207763672,False,none
0,0,1.297600507736206,1.8078734874725342,-1.3329460620880127,-1.8990002870559692,-0.5660542249679565,False,none
0,0,6.418493270874023,4.6345744132995605,-6.455384254455566,-4.70363187789917,1.7517523765563965,False,none
0,0,4.777215957641602,3.0306642055511475,-4.813881874084473,-3.1216111183166504,1.6922707557678223,False,none
0,0,6.709074974060059,6.554457187652588,-6.7469482421875,-6.631958961486816,0.1149892807006836,False,none
0,0,4.129673480987549,3.5570685863494873,-4.16773796081543,-3.6224913597106934,0.5452466011047363,False,none
0,0,6.051926136016846,3.58288311958313,-6.088645935058594,-3.6762404441833496,2.412405490875244,False,none
0,0,5.3137054443359375,3.968280076980591,-5.350846290588379,-4.059010982513428,1.2918353080749512,False,none
0,0,7.830458641052246,8.772674560546875,-7.870523452758789,-8.826509475708008,-0.9559860229492188,False,none
0,0,4.819455623626709,3.0687243938446045,-4.856197357177734,-3.1605734825134277,1.6956238746643066,False,none
1,1,13.028826713562012,10.147599220275879,13.028826713562012,10.147599220275879,-2.881227493286133,False,none
1,1,18.717472076416016,14.194010734558105,18.717472076416016,14.194010734558105,-4.52346134185791,False,none
0,0,5.820711135864258,4.9081878662109375,-5.857174873352051,-4.99320125579834,0.8639736175537109,False,none
0,0,4.767618656158447,3.2098655700683594,-4.804372787475586,-3.3012962341308594,1.5030765533447266,False,none
0,0,4.515783786773682,2.768686056137085,-4.552268981933594,-2.861539363861084,1.6907296180725098,False,none
1,0,98.21864318847656,48.32572555541992,98.21864318847656,-47.917869567871094,-146.13650512695312,True,disagreement
0,0,3.587893486022949,2.9505133628845215,-3.6253747940063477,-3.042959690093994,0.5824151039123535,False,none
0,0,4.63173770904541,3.049168825149536,-4.668412208557129,-3.1406021118164062,1.5278100967407227,False,none
0,0,1.9283156394958496,1.5563836097717285,-1.964918851852417,-1.6516398191452026,0.31327903270721436,False,none
0,0,1.8558533191680908,0.8168883323669434,-1.8915480375289917,-0.9083707332611084,0.9831773042678833,False,none
0,0,6.626588821411133,4.794490337371826,-6.663822174072266,-4.87454891204834,1.7892732620239258,False,none
0,0,4.8024492263793945,2.968194007873535,-4.8392229080200195,-3.0605130195617676,1.778709888458252,False,none
0,0,4.490119934082031,3.1335980892181396,-4.528067588806152,-3.226569175720215,1.3014984130859375,False,none
0,0,6.819668769836426,9.869987487792969,-6.859598159790039,-9.874643325805664,-3.015045166015625,False,none
0,0,2.757486581802368,2.3852269649505615,-2.796865463256836,-2.472599983215332,0.3242654800415039,False,none
0,0,3.7885358333587646,3.0975182056427,-3.826502799987793,-3.1664319038391113,0.6600708961486816,False,none
0,0,4.422776699066162,4.973623275756836,-4.460780143737793,-5.024211883544922,-0.5634317398071289,False,none
1,1,5.670954704284668,2.661895751953125,5.670954704284668,2.661895751953125,-3.009058952331543,False,none
0,0,4.883217811584473,7.4346771240234375,-4.9221343994140625,-7.4615583419799805,-2.539423942565918,False,none
0,0,4.332274913787842,3.866813898086548,-4.3705339431762695,-3.928236961364746,0.44229698181152344,False,none
0,0,4.839561939239502,3.982314348220825,-4.876763343811035,-4.073486804962158,0.803276538848877,False,none
0,0,4.444888114929199,3.3255615234375,-4.481525421142578,-3.4178614616394043,1.0636639595031738,False,none
0,0,1.515195369720459,1.4855539798736572,-1.5511577129364014,-1.5826377868652344,-0.03148007392883301,False,none
0,0,4.721316337585449,2.8685853481292725,-4.758050918579102,-2.9599242210388184,1.7981266975402832,False,none
1,1,20.72833824157715,14.521466255187988,20.72833824157715,14.521466255187988,-6.20687198638916,False,none
0,0,4.5159077644348145,2.589627742767334,-4.553776741027832,-2.6702065467834473,1.8835701942443848,False,none
0,0,10.975083351135254,7.841551303863525,-11.015377044677734,-7.907231330871582,3.1081457138061523,False,none
1,1,12.756163597106934,7.078185081481934,12.756163597106934,7.078185081481934,-5.677978515625,False,none
0,0,3.9445488452911377,6.45339822769165,-3.981316328048706,-6.532199382781982,-2.5508830547332764,False,none
0,0,5.59825325012207,4.3769707679748535,-5.635394096374512,-4.454290866851807,1.181103229522705,False,none
0,0,9.734378814697266,6.344228744506836,-9.77406120300293,-6.416017055511475,3.358044147491455,False,none
0,0,5.16430139541626,5.204196453094482,-5.202105522155762,-5.289524555206299,-0.08741903305053711,False,none
0,0,7.414917945861816,4.2328200340271,-7.452256202697754,-4.319586277008057,3.1326699256896973,False,none
0,0,4.494863033294678,3.15621018409729,-4.53148078918457,-3.2477054595947266,1.2837753295898438,False,none
0,0,12.527982711791992,19.852184295654297,-12.573100090026855,-19.76174545288086,-7.188645362854004,False,none
1,1,1.699014663696289,3.975890636444092,1.699014663696289,3.975890636444092,2.2768759727478027,False,none
0,0,4.6907267570495605,4.211708068847656,-4.728180885314941,-4.302497386932373,0.42568349838256836,False,none
0,0,2.3616583347320557,2.589921712875366,-2.3979544639587402,-2.6639132499694824,-0.2659587860107422,False,none
1,1,2.369091749191284,3.75559139251709,2.369091749191284,3.75559139251709,1.3864996433258057,False,none
0,0,3.94366717338562,7.030160427093506,-3.980051279067993,-7.105731010437012,-3.1256797313690186,False,none
0,0,4.037763595581055,3.899010419845581,-4.075183868408203,-3.989358425140381,0.08582544326782227,False,none
0,0,3.592524766921997,3.0711829662323,-3.63012957572937,-3.140719413757324,0.4894101619720459,False,none
0,0,6.9870805740356445,8.463321685791016,-7.027509689331055,-8.481316566467285,-1.4538068771362305,False,none
0,0,4.690796375274658,6.333791255950928,-4.7265520095825195,-6.409235000610352,-1.682682991027832,False,none
0,0,5.173752307891846,4.316950798034668,-5.209967613220215,-4.406460285186768,0.8035073280334473,False,none
0,0,4.817061901092529,4.256476402282715,-4.854453086853027,-4.347007751464844,0.5074453353881836,False,none
0,0,5.700683116912842,4.7493085861206055,-5.737422943115234,-4.81992244720459,0.9175004959106445,False,none
0,0,4.728760719299316,4.254514217376709,-4.766081809997559,-4.345171928405762,0.4209098815917969,False,none
0,0,7.8810625076293945,5.786112308502197,-7.919027328491211,-5.864804744720459,2.054222583770752,False,none
0,0,3.9695775508880615,3.1152050495147705,-4.0048065185546875,-3.194031238555908,0.8107752799987793,False,none
1,1,13.070590019226074,10.185080528259277,13.070590019226074,10.185080528259277,-2.885509490966797,False,none
1,1,9.762042999267578,6.110662460327148,9.762042999267578,6.110662460327148,-3.6513805389404297,False,none
0,0,3.464677095413208,4.190638065338135,-3.498209238052368,-4.273643493652344,-0.7754342555999756,False,none
1,1,10.1769380569458,9.41660213470459,10.1769380569458,9.41660213470459,-0.7603359222412109,False,none
1,1,14.567933082580566,10.411492347717285,14.567933082580566,10.411492347717285,-4.156440734863281,False,none
0,0,10.310434341430664,10.510047912597656,-10.34988021850586,-10.571730613708496,-0.22185039520263672,False,none
0,0,3.0428454875946045,2.927607536315918,-3.0791592597961426,-3.018634796142578,0.06052446365356445,False,none
0,0,4.011533260345459,4.038083076477051,-4.049074172973633,-4.1295695304870605,-0.08049535751342773,False,none
1,1,1.688105821609497,0.7937643527984619,1.688105821609497,0.7937643527984619,-0.8943414688110352,False,none
0,0,4.7793869972229,4.323634147644043,-4.8167829513549805,-4.414078712463379,0.40270423889160156,False,none
0,0,5.038908004760742,4.269803524017334,-5.076117515563965,-4.360090732574463,0.716026782989502,False,none
0,0,10.875452041625977,7.564115047454834,-10.9147367477417,-7.634613990783691,3.280122756958008,False,none
0,0,2.9861576557159424,2.3219988346099854,-3.0229384899139404,-2.41650390625,0.6064345836639404,False,none
0,0,4.970017433166504,4.665775775909424,-5.0087432861328125,-4.719903945922852,0.28883934020996094,False,none
0,0,3.2127201557159424,2.76240611076355,-3.2496988773345947,-2.834583282470703,0.4151155948638916,False,none
0,0,0.041767314076423645,2.3452911376953125,-0.07272085547447205,-2.435636043548584,-2.362915277481079,False,none
0,0,3.565328598022461,6.067444324493408,-3.6000802516937256,-6.144794940948486,-2.5447146892547607,False,none
0,0,4.210497856140137,3.4351260662078857,-4.246240615844727,-3.5283355712890625,0.7179050445556641,False,none
0,0,7.536954879760742,4.31579065322876,-7.574833869934082,-4.401493549346924,3.173340320587158,False,none
0,0,4.617121696472168,3.5771291255950928,-4.653497695922852,-3.664156913757324,0.9893407821655273,False,none
0,0,7.840951919555664,10.700931549072266,-7.882177352905273,-10.697840690612793,-2.8156633377075195,False,none
0,0,5.013042449951172,3.7489969730377197,-5.050169944763184,-3.831068515777588,1.2191014289855957,False,none
0,0,5.133286952972412,4.302640438079834,-5.17048454284668,-4.392815589904785,0.7776689529418945,False,none
0,0,4.269130706787109,4.159702777862549,-4.305402755737305,-4.251648902893066,0.05375385284423828,False,none
0,0,3.074050188064575,2.009901762008667,-3.1105048656463623,-2.102329730987549,1.0081751346588135,False,none
0,0,4.564707279205322,3.384359121322632,-4.602355003356934,-3.4755096435546875,1.126845359802246,False,none
0,0,4.816692352294922,4.348890781402588,-4.8541259765625,-4.4389801025390625,0.4151458740234375,False,none
0,0,4.143948078155518,3.713841676712036,-4.182045936584473,-3.7766799926757812,0.4053659439086914,False,none
0,0,4.815689563751221,5.333178997039795,-4.8514204025268555,-5.41486930847168,-0.5634489059448242,False,none
0,0,9.477635383605957,6.732173442840576,-9.5166597366333,-6.806622505187988,2.7100372314453125,False,none
0,0,11.307456970214844,9.194559097290039,-11.346857070922852,-9.257640838623047,2.0892162322998047,False,none
0,0,4.897136688232422,3.3044445514678955,-4.933830261230469,-3.395423412322998,1.5384068489074707,False,none
0,0,8.821843147277832,4.873349666595459,-8.861001014709473,-4.9514970779418945,3.909503936767578,False,none
0,0,4.836261749267578,4.675627708435059,-4.873593330383301,-4.761390686035156,0.11220264434814453,False,none
1,1,0.1058160811662674,2.2328977584838867,0.1058160811662674,2.2328977584838867,2.1270816326141357,False,none
0,0,8.111129760742188,7.32261323928833,-8.149775505065918,-7.39825963973999,0.7515158653259277,False,none
0,0,4.971852779388428,4.1397480964660645,-5.009008407592773,-4.219876289367676,0.7891321182250977,False,none
0,0,1.7644360065460205,2.1274287700653076,-1.8005653619766235,-2.2058048248291016,-0.405239462852478,False,none
0,0,4.520267963409424,4.225086212158203,-4.557831764221191,-4.315896511077881,0.24193525314331055,False,none
0,0,7.1237616539001465,6.203258991241455,-7.161821365356445,-6.285058975219727,0.8767623901367188,False,none
0,0,4.6859540939331055,3.228161096572876,-4.722672462463379,-3.3193817138671875,1.4032907485961914,False,none
0,0,5.481857776641846,2.8616530895233154,-5.518418312072754,-2.9560494422912598,2.562368869781494,False,none
0,0,3.817234754562378,3.2853543758392334,-3.8551018238067627,-3.3527379035949707,0.502363920211792,False,none
0,0,10.0431547164917,7.763883113861084,-10.083168983459473,-7.833887100219727,2.249281883239746,False,none
1,1,6.598140716552734,6.0740509033203125,6.598140716552734,6.0740509033203125,-0.5240898132324219,False,none
1,1,3.758150577545166,2.163208484649658,3.758150577545166,2.163208484649658,-1.5949420928955078,False,none
1,1,2.2565433979034424,2.5721054077148438,2.2565433979034424,2.5721054077148438,0.31556200981140137,False,none
0,0,4.760495662689209,2.8747622966766357,-4.797243118286133,-2.9663915634155273,1.8308515548706055,False,none
1,1,3.053899049758911,3.226210594177246,3.053899049758911,3.226210594177246,0.17231154441833496,False,none
0,0,5.006548881530762,4.476935863494873,-5.043573379516602,-4.563474655151367,0.4800987243652344,False,none
0,0,9.345541954040527,11.510334014892578,-9.386252403259277,-11.54587459564209,-2.1596221923828125,False,none
0,0,4.177637100219727,3.6810643672943115,-4.215701103210449,-3.7445859909057617,0.4711151123046875,False,none
0,0,4.200676441192627,4.484315872192383,-4.237361907958984,-4.571115970611572,-0.3337540626525879,False,none
0,0,4.99993896484375,4.210899353027344,-5.037117958068848,-4.301341533660889,0.735776424407959,False,none
1,1,7.054021835327148,3.9426651000976562,7.054021835327148,3.9426651000976562,-3.111356735229492,False,none
0,0,4.459298133850098,3.963507890701294,-4.496898651123047,-4.054046630859375,0.4428520202636719,False,none
0,0,5.645222187042236,6.697555065155029,-5.684658050537109,-6.732170104980469,-1.0475120544433594,False,none
0,0,5.423543930053711,3.887345552444458,-5.46088981628418,-3.974402904510498,1.4864869117736816,False,none
0,0,4.871030807495117,3.1664178371429443,-4.907749176025391,-3.2576303482055664,1.6501188278198242,False,none
0,0,2.4685959815979004,2.5745954513549805,-2.504700183868408,-2.6494545936584473,-0.14475440979003906,False,none
0,0,9.798442840576172,7.533348560333252,-9.837141990661621,-7.602997779846191,2.2341442108154297,False,none
0,0,5.177391052246094,3.8403255939483643,-5.214276313781738,-3.932882785797119,1.2813935279846191,False,none
0,0,4.535336494445801,3.9747326374053955,-4.5729475021362305,-4.066169738769531,0.5067777633666992,False,none
0,0,5.2124786376953125,4.083370208740234,-5.249602317810059,-4.173868179321289,1.0757341384887695,False,none
0,0,4.037604331970215,4.131161212921143,-4.075201988220215,-4.220945358276367,-0.14574337005615234,False,none
0,0,5.30104923248291,5.146684169769287,-5.337677001953125,-5.2343621253967285,0.10331487655639648,False,none
0,0,5.008637428283691,3.2947585582733154,-5.0453596115112305,-3.3854990005493164,1.659860610961914,False,none
1,1,17.470605850219727,5.118316650390625,17.470605850219727,5.118316650390625,-12.352289199829102,False,none
1,1,9.797865867614746,7.50858211517334,9.797865867614746,7.50858211517334,-2.2892837524414062,False,none
0,0,3.954512357711792,2.986454486846924,-3.990678310394287,-3.07865047454834,0.9120278358459473,False,none
1,1,3.314467191696167,1.4031308889389038,3.314467191696167,1.4031308889389038,-1.9113363027572632,False,none
0,0,12.13785457611084,8.552678108215332,-12.17866039276123,-8.612069129943848,3.566591262817383,False,none
0,0,12.05594253540039,7.473872184753418,-12.096970558166504,-7.533738613128662,4.563231945037842,False,none
0,0,8.09844970703125,10.097297668457031,-8.138594627380371,-10.14256477355957,-2.003970146179199,False,none
1,1,0.4978855848312378,2.1898064613342285,0.4978855848312378,2.1898064613342285,1.6919208765029907,False,none
1,0,0.6996906399726868,2.091355562210083,0.6996906399726868,-2.1863350868225098,-2.8860256671905518,True,disagreement
1,0,0.7883478999137878,1.3568625450134277,0.7883478999137878,-1.4524531364440918,-2.2408010959625244,True,disagreement
0,0,2.8518755435943604,3.8533504009246826,-2.8857762813568115,-3.946255683898926,-1.0604794025421143,False,none
0,0,3.3229784965515137,2.746204376220703,-3.358842611312866,-2.839609146118164,0.5192334651947021,False,none
0,0,4.06443452835083,3.3236243724823,-4.102987766265869,-3.4095187187194824,0.6934690475463867,False,none
0,0,3.999284505844116,2.978727340698242,-4.035418510437012,-3.070573329925537,0.9648451805114746,False,none
0,0,4.12547492980957,3.5345191955566406,-4.163654327392578,-3.5990705490112305,0.5645837783813477,False,none
0,0,7.354028701782227,9.919059753417969,-7.394847869873047,-9.92302131652832,-2.5281734466552734,False,none
1,0,0.7746294736862183,0.18799641728401184,0.7746294736862183,-0.2806638479232788,-1.055293321609497,True,disagreement
1,1,3.6159040927886963,4.322035789489746,3.6159040927886963,4.322035789489746,0.7061316967010498,False,none
0,0,1.9368094205856323,0.7242443561553955,-1.968070387840271,-0.808106541633606,1.159963846206665,False,none
0,0,8.784370422363281,10.174294471740723,-8.823095321655273,-10.235478401184082,-1.4123830795288086,False,none
0,0,4.358115196228027,3.864466905593872,-4.395277976989746,-3.9549689292907715,0.4403090476989746,False,none
0,0,3.7343814373016357,3.8864996433258057,-3.7722256183624268,-3.978424072265625,-0.20619845390319824,False,none
0,0,4.414324760437012,4.0905442237854,-4.4520721435546875,-4.181630611419678,0.27044153213500977,False,none
1,1,1.6351429224014282,0.4291587471961975,1.6351429224014282,0.4291587471961975,-1.205984115600586,False,none
0,0,8.31497573852539,8.653251647949219,-8.355228424072266,-8.708144187927246,-0.35291576385498047,False,none
0,0,1.0100352764129639,1.4086418151855469,-1.0451786518096924,-1.4932907819747925,-0.4481121301651001,False,none
0,0,4.286440372467041,3.0892574787139893,-4.3225202560424805,-3.180492401123047,1.1420278549194336,False,none
1,1,1.4578498601913452,1.6680889129638672,1.4578498601913452,1.6680889129638672,0.21023905277252197,False,none
1,1,14.199719429016113,11.682785987854004,14.199719429016113,11.682785987854004,-2.5169334411621094,False,none
0,0,0.6751566529273987,1.2941935062408447,-0.710161030292511,-1.3903180360794067,-0.6801570057868958,False,none
1,1,18.481122970581055,9.478245735168457,18.481122970581055,9.478245735168457,-9.002877235412598,False,none
0,0,1.4670729637145996,1.7043755054473877,-1.5015029907226562,-1.7896825075149536,-0.28817951679229736,False,none
1,1,14.12070083618164,7.544720649719238,14.12070083618164,7.544720649719238,-6.575980186462402,False,none
0,0,5.424561023712158,6.194924831390381,-5.463781356811523,-6.234253883361816,-0.770472526550293,False,none
0,0,3.9676120281219482,3.0842440128326416,-4.00374698638916,-3.175640106201172,0.8281068801879883,False,none
1,1,12.394781112670898,5.968692779541016,12.394781112670898,5.968692779541016,-6.426088333129883,False,none
1,0,0.1071208119392395,0.9852257966995239,0.1071208119392395,-1.080829381942749,-1.1879501342773438,True,disagreement
1,1,19.233274459838867,11.782798767089844,19.233274459838867,11.782798767089844,-7.450475692749023,False,none
0,0,4.942010879516602,2.9567956924438477,-4.978801727294922,-3.048646926879883,1.930154800415039,False,none
1,1,1.1281825304031372,4.43898868560791,1.1281825304031372,4.43898868560791,3.3108062744140625,False,none
